original_image_id,canonical_image_id,coco_image_id,dicom_relative_path,pilot_jpg_relative_path,source_dicom_sha256,pre_jpeg_uint8_sha256,reference_png_relative_path,reference_png_byte_sha256,reference_png_decoded_pixel_sha256,reference_png_exact_pixel_match,output_jpg_sha256,decoded_jpg_uint8_sha256,protocol_version,protocol_sha256,jpeg_quality,decoder_backend,transfer_syntax_uid,sop_class_uid,modality,rows,columns,bits_allocated,bits_stored,high_bit,pixel_representation,samples_per_pixel,photometric_interpretation,number_of_frames_effective,modality_branch,voi_branch,presentation_lut_shape,presentation_lut_sequence_present,presentation_inversion_applied,presentation_inversion_count,presentation_metadata_conflict,padding_present,padding_pixel_count,pre_jpeg_channel_count,pre_jpeg_mode,model_input_channel_adaptation_applied,pixel_matrix_order_unchanged,rotation_applied,flip_applied,transpose_applied,exif_orientation_transform_applied
b3f4af84fa71fe204eb105ce430deef3,3469,3470,train/b3f4af84fa71fe204eb105ce430deef3.dicom,images_jpg_pilot/q95/train/b3f4af84fa71fe204eb105ce430deef3.jpg,c9a2466f5fb93a2b70a6651d71675c1001e230508ddc29fba2d10dcd1a0c5aee,f7f4a2135e79953c7622e6bd01b5ea896ca4bf000c8c6679848ee05e08c75801,images_jpg_pilot/reference_uint8/train/b3f4af84fa71fe204eb105ce430deef3.png,32715e984cf488e26c83db28460722a6e615b273a8b44da31534cb347996ba26,f7f4a2135e79953c7622e6bd01b5ea896ca4bf000c8c6679848ee05e08c75801,True,1ba14f0e686bb445405b5844f422c90cd93d21d8a1a3d42dc479e21636dc5642,f6c5677b04f8f1525ac80a3e2472d563d858674a547bec9317f16221615e92da,1.0.0,1528da27758d35786847141c37d0ddb754dddb146aff116a8f3a9a7b07221229,95,pillow:pillow,1.2.840.10008.1.2.4.90,ABSENT,ABSENT,1416,1320,16,12,11,0,1,MONOCHROME1,1,identity,theoretical_fallback,ABSENT,False,True,1,False,False,0,1,L,False,True,False,False,False,False
b3f4af84fa71fe204eb105ce430deef3,3469,3470,train/b3f4af84fa71fe204eb105ce430deef3.dicom,images_jpg_pilot/q100/train/b3f4af84fa71fe204eb105ce430deef3.jpg,c9a2466f5fb93a2b70a6651d71675c1001e230508ddc29fba2d10dcd1a0c5aee,f7f4a2135e79953c7622e6bd01b5ea896ca4bf000c8c6679848ee05e08c75801,images_jpg_pilot/reference_uint8/train/b3f4af84fa71fe204eb105ce430deef3.png,32715e984cf488e26c83db28460722a6e615b273a8b44da31534cb347996ba26,f7f4a2135e79953c7622e6bd01b5ea896ca4bf000c8c6679848ee05e08c75801,True,bee5542ab5e1bcd9eaf02efee4916dbc65fed9789d2063f525811d68a55c802c,22c66da4a185dbbb58cd84e6ff1bfdfa497090534e1011051b6268ebe0758222,1.0.0,1528da27758d35786847141c37d0ddb754dddb146aff116a8f3a9a7b07221229,100,pillow:pillow,1.2.840.10008.1.2.4.90,ABSENT,ABSENT,1416,1320,16,12,11,0,1,MONOCHROME1,1,identity,theoretical_fallback,ABSENT,False,True,1,False,False,0,1,L,False,True,False,False,False,False
4b001bab36d94f73c1ead3ab74690dbc,1438,1439,train/4b001bab36d94f73c1ead3ab74690dbc.dicom,images_jpg_pilot/q95/train/4b001bab36d94f73c1ead3ab74690dbc.jpg,af6d3b65205d2e481c735107899e8389b6004375dce637c650324a412dbebe2d,57a84f51b47566b8b9229e902ecdb57b1072e05e2268d85b28c744b0ffeaf017,images_jpg_pilot/reference_uint8/train/4b001bab36d94f73c1ead3ab74690dbc.png,6cd20d346024d630128db467c56fe2f93dd2f4b292102c6acb9e6a22b0627db4,57a84f51b47566b8b9229e902ecdb57b1072e05e2268d85b28c744b0ffeaf017,True,d02e5873df491a4d86a00091e2fc3e52199e7388c304a2fb281e1e0953c6b643,a18cf716649a3485e7ed434c89f451af3da98cd38e936ae6104875a59687bd1c,1.0.0,1528da27758d35786847141c37d0ddb754dddb146aff116a8f3a9a7b07221229,95,pydicom_native,1.2.840.10008.1.2,ABSENT,ABSENT,2488,1936,16,12,11,0,1,MONOCHROME1,1,identity,theoretical_fallback,ABSENT,False,True,1,False,False,0,1,L,False,True,False,False,False,False
4b001bab36d94f73c1ead3ab74690dbc,1438,1439,train/4b001bab36d94f73c1ead3ab74690dbc.dicom,images_jpg_pilot/q100/train/4b001bab36d94f73c1ead3ab74690dbc.jpg,af6d3b65205d2e481c735107899e8389b6004375dce637c650324a412dbebe2d,57a84f51b47566b8b9229e902ecdb57b1072e05e2268d85b28c744b0ffeaf017,images_jpg_pilot/reference_uint8/train/4b001bab36d94f73c1ead3ab74690dbc.png,6cd20d346024d630128db467c56fe2f93dd2f4b292102c6acb9e6a22b0627db4,57a84f51b47566b8b9229e902ecdb57b1072e05e2268d85b28c744b0ffeaf017,True,54323a37dde0f2b8f236ec669a3f66427d9cd044ebbfd1d695cd2df52f494b39,95993270bb106ac9eeadfffe352021afe99d6215c06cceb529576466f9c2ba55,1.0.0,1528da27758d35786847141c37d0ddb754dddb146aff116a8f3a9a7b07221229,100,pydicom_native,1.2.840.10008.1.2,ABSENT,ABSENT,2488,1936,16,12,11,0,1,MONOCHROME1,1,identity,theoretical_fallback,ABSENT,False,True,1,False,False,0,1,L,False,True,False,False,False,False
0d30dc1e0070e7a934f39452e3ad3b83,261,262,train/0d30dc1e0070e7a934f39452e3ad3b83.dicom,images_jpg_pilot/q95/train/0d30dc1e0070e7a934f39452e3ad3b83.jpg,d48c6a082b0b8fb462abca5e83379396a2195163b24b0dc0d8efa294bbcadcf0,698a427d2e4a641162457d7d69832569a037f238285a0a5b45a2e28a6249ca7d,images_jpg_pilot/reference_uint8/train/0d30dc1e0070e7a934f39452e3ad3b83.png,75234ffc9bb75d6d93ba7d0b924876633725f24d9704bdde38c8ad32ed014f2d,698a427d2e4a641162457d7d69832569a037f238285a0a5b45a2e28a6249ca7d,True,b87f794754d7c3f6a6336ff41624a8e78d5d085a732c6ba059ae89f8626045ba,20ce78dcd49ee230ffc8b717f18f2f34d5695009d9d6597f929ac340e7fe9f35,1.0.0,1528da27758d35786847141c37d0ddb754dddb146aff116a8f3a9a7b07221229,95,pillow:pillow,1.2.840.10008.1.2.4.90,ABSENT,ABSENT,2344,2080,16,12,11,0,1,MONOCHROME1,1,identity,theoretical_fallback,ABSENT,False,True,1,False,False,0,1,L,False,True,False,False,False,False
0d30dc1e0070e7a934f39452e3ad3b83,261,262,train/0d30dc1e0070e7a934f39452e3ad3b83.dicom,images_jpg_pilot/q100/train/0d30dc1e0070e7a934f39452e3ad3b83.jpg,d48c6a082b0b8fb462abca5e83379396a2195163b24b0dc0d8efa294bbcadcf0,698a427d2e4a641162457d7d69832569a037f238285a0a5b45a2e28a6249ca7d,images_jpg_pilot/reference_uint8/train/0d30dc1e0070e7a934f39452e3ad3b83.png,75234ffc9bb75d6d93ba7d0b924876633725f24d9704bdde38c8ad32ed014f2d,698a427d2e4a641162457d7d69832569a037f238285a0a5b45a2e28a6249ca7d,True,8adb887af72efb2f3c0ed3958a7a3f487bef514af32d5429d75f847af211a19e,6623069ce8d842169523764b13c8cef6c0b83289cab8c09e57e63249979e5b48,1.0.0,1528da27758d35786847141c37d0ddb754dddb146aff116a8f3a9a7b07221229,100,pillow:pillow,1.2.840.10008.1.2.4.90,ABSENT,ABSENT,2344,2080,16,12,11,0,1,MONOCHROME1,1,identity,theoretical_fallback,ABSENT,False,True,1,False,False,0,1,L,False,True,False,False,False,False
498ac0c4815a890629cf509446a47238,1420,1421,train/498ac0c4815a890629cf509446a47238.dicom,images_jpg_pilot/q95/train/498ac0c4815a890629cf509446a47238.jpg,6c61000cdd47791678ac0f0bebf55173276e2a71635b26f5863e57f7460db976,a6f4a3cc26ede37ab2ff2993d3278df00833959a289f63fa7fe4f1454c2cdcaa,images_jpg_pilot/reference_uint8/train/498ac0c4815a890629cf509446a47238.png,2b5900ed31e48144e3111c5ac2d99bcf4b9b0627f908f6d5a4bb78b0f7350e36,a6f4a3cc26ede37ab2ff2993d3278df00833959a289f63fa7fe4f1454c2cdcaa,True,0ed83bced7ebb2704a1d7a3c4bac65639284e501ab2526e22418bc9854536041,d4703a3f990962bb51a60be88abf7a6c30eb5c44013f70915670cf0b438b413f,1.0.0,1528da27758d35786847141c37d0ddb754dddb146aff116a8f3a9a7b07221229,95,pydicom_native,1.2.840.10008.1.2,ABSENT,ABSENT,3072,3072,16,14,13,0,1,MONOCHROME2,1,identity,windowing,ABSENT,False,False,0,False,False,0,1,L,False,True,False,False,False,False
498ac0c4815a890629cf509446a47238,1420,1421,train/498ac0c4815a890629cf509446a47238.dicom,images_jpg_pilot/q100/train/498ac0c4815a890629cf509446a47238.jpg,6c61000cdd47791678ac0f0bebf55173276e2a71635b26f5863e57f7460db976,a6f4a3cc26ede37ab2ff2993d3278df00833959a289f63fa7fe4f1454c2cdcaa,images_jpg_pilot/reference_uint8/train/498ac0c4815a890629cf509446a47238.png,2b5900ed31e48144e3111c5ac2d99bcf4b9b0627f908f6d5a4bb78b0f7350e36,a6f4a3cc26ede37ab2ff2993d3278df00833959a289f63fa7fe4f1454c2cdcaa,True,1072bde89ab412b58203c228127eb8e37cca03bbd60d5a85893e0ed9b561ac4f,90d4252bcf6d7964c5ab151307ff94173829f5ca6a493d8a47c933abb5a7f25b,1.0.0,1528da27758d35786847141c37d0ddb754dddb146aff116a8f3a9a7b07221229,100,pydicom_native,1.2.840.10008.1.2,ABSENT,ABSENT,3072,3072,16,14,13,0,1,MONOCHROME2,1,identity,windowing,ABSENT,False,False,0,False,False,0,1,L,False,True,False,False,False,False
191af4a0c5c47c05b06b88f7d6ec671d,479,480,train/191af4a0c5c47c05b06b88f7d6ec671d.dicom,images_jpg_pilot/q95/train/191af4a0c5c47c05b06b88f7d6ec671d.jpg,ee02b3a0a301adbda2530d023d0382212a9b8f911aa57ccd15a4f85ff79fc1d7,05124da8321795c18f46b4f6e9c10ccfa1e85ca555674bd6d8e2e1fd44873c8c,images_jpg_pilot/reference_uint8/train/191af4a0c5c47c05b06b88f7d6ec671d.png,a7fcc7dbbcbce65889c21acc5d1674109fe50f16fe0698a4608150a2cc6e05fe,05124da8321795c18f46b4f6e9c10ccfa1e85ca555674bd6d8e2e1fd44873c8c,True,1bd63686e3c0c5a5156faa3b8269fba804c1e3820ad4ec04f1d6961d1890edc1,21c213a9f7d132c09b4dc4745fc3ed83a3fd609f3086a2d8f5eda7942030b202,1.0.0,1528da27758d35786847141c37d0ddb754dddb146aff116a8f3a9a7b07221229,95,pydicom_native,1.2.840.10008.1.2.1,ABSENT,ABSENT,3408,3320,16,12,11,0,1,MONOCHROME2,1,rescale,windowing,ABSENT,False,False,0,False,False,0,1,L,False,True,False,False,False,False
191af4a0c5c47c05b06b88f7d6ec671d,479,480,train/191af4a0c5c47c05b06b88f7d6ec671d.dicom,images_jpg_pilot/q100/train/191af4a0c5c47c05b06b88f7d6ec671d.jpg,ee02b3a0a301adbda2530d023d0382212a9b8f911aa57ccd15a4f85ff79fc1d7,05124da8321795c18f46b4f6e9c10ccfa1e85ca555674bd6d8e2e1fd44873c8c,images_jpg_pilot/reference_uint8/train/191af4a0c5c47c05b06b88f7d6ec671d.png,a7fcc7dbbcbce65889c21acc5d1674109fe50f16fe0698a4608150a2cc6e05fe,05124da8321795c18f46b4f6e9c10ccfa1e85ca555674bd6d8e2e1fd44873c8c,True,d5c310a769068e63e55e67d0ca9a00abfa8ea5f50d98915b98eed1e4fe7c40ac,05051bcef4bbb0e0ae862054804a25138f01b008c67f23db5e138172df225b34,1.0.0,1528da27758d35786847141c37d0ddb754dddb146aff116a8f3a9a7b07221229,100,pydicom_native,1.2.840.10008.1.2.1,ABSENT,ABSENT,3408,3320,16,12,11,0,1,MONOCHROME2,1,rescale,windowing,ABSENT,False,False,0,False,False,0,1,L,False,True,False,False,False,False
3fd3aa2d64f365c666ce7de3d5352226,1246,1247,train/3fd3aa2d64f365c666ce7de3d5352226.dicom,images_jpg_pilot/q95/train/3fd3aa2d64f365c666ce7de3d5352226.jpg,bc9ef91366f8e5988d79984455b047303428abd1b1533735142ac1b35e1dc365,f05f8bbccac713f3dfbe7812aeaa9cd6f161ee8e5c2ab79c6ab00548e3198ca3,images_jpg_pilot/reference_uint8/train/3fd3aa2d64f365c666ce7de3d5352226.png,fae207666018d0f5ff875d9a4a332ae7e5c20d58467fa4c5f138d55bb9c1f753,f05f8bbccac713f3dfbe7812aeaa9cd6f161ee8e5c2ab79c6ab00548e3198ca3,True,2f16354a05367e2f6b8a3b679951856e39edf429d8475e60ac5bc2622b3b2687,3cea9f9fcc7eda09d6535ffc4c04fbb8e4ae605b95e091e13ed57a07416df140,1.0.0,1528da27758d35786847141c37d0ddb754dddb146aff116a8f3a9a7b07221229,95,pydicom_native,1.2.840.10008.1.2.1,ABSENT,ABSENT,2861,3320,16,12,11,0,1,MONOCHROME2,1,rescale,windowing,ABSENT,False,False,0,False,False,0,1,L,False,True,False,False,False,False
3fd3aa2d64f365c666ce7de3d5352226,1246,1247,train/3fd3aa2d64f365c666ce7de3d5352226.dicom,images_jpg_pilot/q100/train/3fd3aa2d64f365c666ce7de3d5352226.jpg,bc9ef91366f8e5988d79984455b047303428abd1b1533735142ac1b35e1dc365,f05f8bbccac713f3dfbe7812aeaa9cd6f161ee8e5c2ab79c6ab00548e3198ca3,images_jpg_pilot/reference_uint8/train/3fd3aa2d64f365c666ce7de3d5352226.png,fae207666018d0f5ff875d9a4a332ae7e5c20d58467fa4c5f138d55bb9c1f753,f05f8bbccac713f3dfbe7812aeaa9cd6f161ee8e5c2ab79c6ab00548e3198ca3,True,bfa2cab114d70023e0a495add7bb1f84382d820e450835f48125559c8e7928cb,adf27a85a2b619be78022d84c059c5b02ded548b2c3bc1a6b77819462dcb6e41,1.0.0,1528da27758d35786847141c37d0ddb754dddb146aff116a8f3a9a7b07221229,100,pydicom_native,1.2.840.10008.1.2.1,ABSENT,ABSENT,2861,3320,16,12,11,0,1,MONOCHROME2,1,rescale,windowing,ABSENT,False,False,0,False,False,0,1,L,False,True,False,False,False,False
b770403a1d0ab861f1944f8b896afcae,3547,3548,train/b770403a1d0ab861f1944f8b896afcae.dicom,images_jpg_pilot/q95/train/b770403a1d0ab861f1944f8b896afcae.jpg,8f3392da77352036c28a026584a5744e18a69d00ff50a8c9eb5b5106c60b0ea8,bf82ab84196fc3e46a6c2a3a399bede959cd04e31dea240b16d27cf6798c5cea,images_jpg_pilot/reference_uint8/train/b770403a1d0ab861f1944f8b896afcae.png,f96df3ae54267cb3ce92fb52b675a3538bbb850c03fcf038c973e28b27d1c4e1,bf82ab84196fc3e46a6c2a3a399bede959cd04e31dea240b16d27cf6798c5cea,True,2c007414a5ef8176b8b68b2dca562a6bacd9e82ff000a23dd57d12f148ba0036,7ae39460a5792b991757f9194c2cc4c13010f0b7190dc33a48ee2e7615d108e6,1.0.0,1528da27758d35786847141c37d0ddb754dddb146aff116a8f3a9a7b07221229,95,pydicom_native,1.2.840.10008.1.2.1,ABSENT,ABSENT,3408,2485,16,12,11,0,1,MONOCHROME2,1,rescale,windowing,ABSENT,False,False,0,False,False,0,1,L,False,True,False,False,False,False
b770403a1d0ab861f1944f8b896afcae,3547,3548,train/b770403a1d0ab861f1944f8b896afcae.dicom,images_jpg_pilot/q100/train/b770403a1d0ab861f1944f8b896afcae.jpg,8f3392da77352036c28a026584a5744e18a69d00ff50a8c9eb5b5106c60b0ea8,bf82ab84196fc3e46a6c2a3a399bede959cd04e31dea240b16d27cf6798c5cea,images_jpg_pilot/reference_uint8/train/b770403a1d0ab861f1944f8b896afcae.png,f96df3ae54267cb3ce92fb52b675a3538bbb850c03fcf038c973e28b27d1c4e1,bf82ab84196fc3e46a6c2a3a399bede959cd04e31dea240b16d27cf6798c5cea,True,69892860b9d9e2c869844977c8a522c6dd6fe5c06440a1ac44db7385b19c0a0d,f9f9f28fc4cb8f4b68d64c9d7baf38f64e593a6815d86203e1e80059edf31406,1.0.0,1528da27758d35786847141c37d0ddb754dddb146aff116a8f3a9a7b07221229,100,pydicom_native,1.2.840.10008.1.2.1,ABSENT,ABSENT,3408,2485,16,12,11,0,1,MONOCHROME2,1,rescale,windowing,ABSENT,False,False,0,False,False,0,1,L,False,True,False,False,False,False
dcb081bb5e1dac41000e96fc37c8c322,4244,4245,train/dcb081bb5e1dac41000e96fc37c8c322.dicom,images_jpg_pilot/q95/train/dcb081bb5e1dac41000e96fc37c8c322.jpg,96936396a34ec1bed80befe3d3aef371b7fc17897d7fbe36003a5a25fbbbec19,d60fd4ed693d930362cac6389d5ed49bb8c6f4396c9003f9eaac8fdf138e2f4d,images_jpg_pilot/reference_uint8/train/dcb081bb5e1dac41000e96fc37c8c322.png,cfac0333755199e20f37219f13903a6b31c60c4122b7e07eb3ebf04e728b4421,d60fd4ed693d930362cac6389d5ed49bb8c6f4396c9003f9eaac8fdf138e2f4d,True,c4cadc9043166297f3a558f40c5484a0a1149b579d23ae1d427b6ba11ca46790,5db002463877ad4df581b85d7246d3b84b9e7fd39361ee7358b77320c8dcc2b3,1.0.0,1528da27758d35786847141c37d0ddb754dddb146aff116a8f3a9a7b07221229,95,pillow:pillow,1.2.840.10008.1.2.4.90,ABSENT,ABSENT,2651,2507,16,16,15,0,1,MONOCHROME2,1,identity,windowing,ABSENT,False,False,0,False,False,0,1,L,False,True,False,False,False,False
dcb081bb5e1dac41000e96fc37c8c322,4244,4245,train/dcb081bb5e1dac41000e96fc37c8c322.dicom,images_jpg_pilot/q100/train/dcb081bb5e1dac41000e96fc37c8c322.jpg,96936396a34ec1bed80befe3d3aef371b7fc17897d7fbe36003a5a25fbbbec19,d60fd4ed693d930362cac6389d5ed49bb8c6f4396c9003f9eaac8fdf138e2f4d,images_jpg_pilot/reference_uint8/train/dcb081bb5e1dac41000e96fc37c8c322.png,cfac0333755199e20f37219f13903a6b31c60c4122b7e07eb3ebf04e728b4421,d60fd4ed693d930362cac6389d5ed49bb8c6f4396c9003f9eaac8fdf138e2f4d,True,bf9b2352f6a9e3976e4900d3cea269b44bb30bb21107cfe2ff2e15e5f267bf68,1f152d09497982ff3187cb045dc82225ab604552364381a879ee3ebb6f7e9d86,1.0.0,1528da27758d35786847141c37d0ddb754dddb146aff116a8f3a9a7b07221229,100,pillow:pillow,1.2.840.10008.1.2.4.90,ABSENT,ABSENT,2651,2507,16,16,15,0,1,MONOCHROME2,1,identity,windowing,ABSENT,False,False,0,False,False,0,1,L,False,True,False,False,False,False
ff612a13f0bf475515259b986735c4e4,4887,4888,train/ff612a13f0bf475515259b986735c4e4.dicom,images_jpg_pilot/q95/train/ff612a13f0bf475515259b986735c4e4.jpg,33bb6f251298e7423c30850554282cd9d2aac242f5bd54943eac5f92f89e17ce,ed22baa19cca4d3f9e779bbd4ba183647942717e78dc952a5d29814cb89ee225,images_jpg_pilot/reference_uint8/train/ff612a13f0bf475515259b986735c4e4.png,d5744276cb16931d8056eb7486a91994c9e3e044e0d0c3f2ae9cc8b8465f6d6a,ed22baa19cca4d3f9e779bbd4ba183647942717e78dc952a5d29814cb89ee225,True,b5fa5aee844e90e658e031ba3726066ed702674255b41614bda93ef7d1712a0e,382420871a76960ec316359cbb8ff82967893f46717706ce360895ee99eb39d3,1.0.0,1528da27758d35786847141c37d0ddb754dddb146aff116a8f3a9a7b07221229,95,pydicom_native,1.2.840.10008.1.2,ABSENT,ABSENT,2836,2336,16,10,9,0,1,MONOCHROME1,1,rescale,windowing,ABSENT,False,True,1,False,False,0,1,L,False,True,False,False,False,False
ff612a13f0bf475515259b986735c4e4,4887,4888,train/ff612a13f0bf475515259b986735c4e4.dicom,images_jpg_pilot/q100/train/ff612a13f0bf475515259b986735c4e4.jpg,33bb6f251298e7423c30850554282cd9d2aac242f5bd54943eac5f92f89e17ce,ed22baa19cca4d3f9e779bbd4ba183647942717e78dc952a5d29814cb89ee225,images_jpg_pilot/reference_uint8/train/ff612a13f0bf475515259b986735c4e4.png,d5744276cb16931d8056eb7486a91994c9e3e044e0d0c3f2ae9cc8b8465f6d6a,ed22baa19cca4d3f9e779bbd4ba183647942717e78dc952a5d29814cb89ee225,True,014ef162f7ed6fa1d8bc9bc0b7747eeb5377e797854ff246040f62895228dfeb,bb4d2c672132b310561167effb073a37b9b3012be3b4df48996f16cb3ae54b03,1.0.0,1528da27758d35786847141c37d0ddb754dddb146aff116a8f3a9a7b07221229,100,pydicom_native,1.2.840.10008.1.2,ABSENT,ABSENT,2836,2336,16,10,9,0,1,MONOCHROME1,1,rescale,windowing,ABSENT,False,True,1,False,False,0,1,L,False,True,False,False,False,False
18ca65f3991cd9e0339abe5d0dcdfc71,471,472,train/18ca65f3991cd9e0339abe5d0dcdfc71.dicom,images_jpg_pilot/q95/train/18ca65f3991cd9e0339abe5d0dcdfc71.jpg,becefdde73e7ee8b6995969f2a16d4d74f6edb9ee5a8b2fa7791b49127ae181b,4f144e460d2f18dbaaf1b550af5a9b73a2773b7ec7ef4c1a8b0ac3715f7624e6,images_jpg_pilot/reference_uint8/train/18ca65f3991cd9e0339abe5d0dcdfc71.png,3395d36abab1e3c4808fc0918c3911a5f2ddf6dc4c43707ad30d6931d16f83af,4f144e460d2f18dbaaf1b550af5a9b73a2773b7ec7ef4c1a8b0ac3715f7624e6,True,c335ad0483a09142fe125d7c5e40415f122efb75868f8ccaf243057348f7721e,d5b0c3fd7d410c60c097079e56d06cdee2015ea3015af6692aae46942ace44f7,1.0.0,1528da27758d35786847141c37d0ddb754dddb146aff116a8f3a9a7b07221229,95,pydicom_native,1.2.840.10008.1.2,ABSENT,ABSENT,2430,1994,16,12,11,0,1,MONOCHROME2,1,rescale,windowing,ABSENT,False,False,0,False,False,0,1,L,False,True,False,False,False,False
18ca65f3991cd9e0339abe5d0dcdfc71,471,472,train/18ca65f3991cd9e0339abe5d0dcdfc71.dicom,images_jpg_pilot/q100/train/18ca65f3991cd9e0339abe5d0dcdfc71.jpg,becefdde73e7ee8b6995969f2a16d4d74f6edb9ee5a8b2fa7791b49127ae181b,4f144e460d2f18dbaaf1b550af5a9b73a2773b7ec7ef4c1a8b0ac3715f7624e6,images_jpg_pilot/reference_uint8/train/18ca65f3991cd9e0339abe5d0dcdfc71.png,3395d36abab1e3c4808fc0918c3911a5f2ddf6dc4c43707ad30d6931d16f83af,4f144e460d2f18dbaaf1b550af5a9b73a2773b7ec7ef4c1a8b0ac3715f7624e6,True,7bf71d0e33d131e19a4280eed3dcf1ff239b996d37a82610d33b56768b403f47,55c6fd2b8170e7190c90277c76272e06e377a5b605419ab32e3b249fef4d9cde,1.0.0,1528da27758d35786847141c37d0ddb754dddb146aff116a8f3a9a7b07221229,100,pydicom_native,1.2.840.10008.1.2,ABSENT,ABSENT,2430,1994,16,12,11,0,1,MONOCHROME2,1,rescale,windowing,ABSENT,False,False,0,False,False,0,1,L,False,True,False,False,False,False
144e272e04daf6ac8d36548ea766da37,381,382,train/144e272e04daf6ac8d36548ea766da37.dicom,images_jpg_pilot/q95/train/144e272e04daf6ac8d36548ea766da37.jpg,2dd6604a6961b57bde5a144e2b194256b93a2a4aa92908469d3296020067cc8e,dabc92ee8dbf2b28a64ba9daca2994527eeb8cbec9f2447b3f1b1ae3ce41f056,images_jpg_pilot/reference_uint8/train/144e272e04daf6ac8d36548ea766da37.png,07666f2e76f9b61ce70061af8c83d42207d988f5803317c54bb624c94d4a4393,dabc92ee8dbf2b28a64ba9daca2994527eeb8cbec9f2447b3f1b1ae3ce41f056,True,cc57700c054f9ecd5029b3eeb4b4fc56a00594d76d95eb466d6bb60efb495cd2,f6ffbb8170ac5d3fea351bf801e5679e01aafd4475416f3eec20745f84241a62,1.0.0,1528da27758d35786847141c37d0ddb754dddb146aff116a8f3a9a7b07221229,95,pillow:pillow,1.2.840.10008.1.2.4.90,ABSENT,ABSENT,2500,2048,16,12,11,0,1,MONOCHROME2,1,rescale,windowing,ABSENT,False,False,0,False,False,0,1,L,False,True,False,False,False,False
144e272e04daf6ac8d36548ea766da37,381,382,train/144e272e04daf6ac8d36548ea766da37.dicom,images_jpg_pilot/q100/train/144e272e04daf6ac8d36548ea766da37.jpg,2dd6604a6961b57bde5a144e2b194256b93a2a4aa92908469d3296020067cc8e,dabc92ee8dbf2b28a64ba9daca2994527eeb8cbec9f2447b3f1b1ae3ce41f056,images_jpg_pilot/reference_uint8/train/144e272e04daf6ac8d36548ea766da37.png,07666f2e76f9b61ce70061af8c83d42207d988f5803317c54bb624c94d4a4393,dabc92ee8dbf2b28a64ba9daca2994527eeb8cbec9f2447b3f1b1ae3ce41f056,True,e945adabfc4903b7ec446ed4291ada3e0db2a1b09d216b88a992536cb5e581eb,7e60bc0e6a38b75bc8baeb00cb5a74e4b00ac8127b9763ca1358ff17179e8cd2,1.0.0,1528da27758d35786847141c37d0ddb754dddb146aff116a8f3a9a7b07221229,100,pillow:pillow,1.2.840.10008.1.2.4.90,ABSENT,ABSENT,2500,2048,16,12,11,0,1,MONOCHROME2,1,rescale,windowing,ABSENT,False,False,0,False,False,0,1,L,False,True,False,False,False,False
f52ec4da5edc58fc2f93c00316c38fe7,4694,4695,train/f52ec4da5edc58fc2f93c00316c38fe7.dicom,images_jpg_pilot/q95/train/f52ec4da5edc58fc2f93c00316c38fe7.jpg,dfba6ba59ac4a6d65b55e4bf6cd94f97cb8f05e2ce7e4bbf4e09d5078847549b,f2a21899781fba765cc9e1857a5350ceb7ccccf6d0cd785a4d23e10c577a02bd,images_jpg_pilot/reference_uint8/train/f52ec4da5edc58fc2f93c00316c38fe7.png,5cfd184ee93d44b3759b623a24c0aeb01f98eff602163a824652297a072c463b,f2a21899781fba765cc9e1857a5350ceb7ccccf6d0cd785a4d23e10c577a02bd,True,ef14543c9b39af0c78b92f269fd1ed5aea7458effb6506e34bb9b74daefcb507,84cc79117d3df908b0d7886e0b7060c5b308b08485e0e446d91a693397905985,1.0.0,1528da27758d35786847141c37d0ddb754dddb146aff116a8f3a9a7b07221229,95,pillow:pillow,1.2.840.10008.1.2.4.90,ABSENT,ABSENT,3000,2928,16,12,11,0,1,MONOCHROME2,1,rescale,windowing,ABSENT,False,False,0,False,False,0,1,L,False,True,False,False,False,False
f52ec4da5edc58fc2f93c00316c38fe7,4694,4695,train/f52ec4da5edc58fc2f93c00316c38fe7.dicom,images_jpg_pilot/q100/train/f52ec4da5edc58fc2f93c00316c38fe7.jpg,dfba6ba59ac4a6d65b55e4bf6cd94f97cb8f05e2ce7e4bbf4e09d5078847549b,f2a21899781fba765cc9e1857a5350ceb7ccccf6d0cd785a4d23e10c577a02bd,images_jpg_pilot/reference_uint8/train/f52ec4da5edc58fc2f93c00316c38fe7.png,5cfd184ee93d44b3759b623a24c0aeb01f98eff602163a824652297a072c463b,f2a21899781fba765cc9e1857a5350ceb7ccccf6d0cd785a4d23e10c577a02bd,True,83cdde5d32c7b3dc84f1292cb0afb3772af9fc06c97a3246c56bc7c259dba6f4,9aca353e2239cb8c5e7e4e52445f02e50f917ffde582f47052c98c5ddaf0e35f,1.0.0,1528da27758d35786847141c37d0ddb754dddb146aff116a8f3a9a7b07221229,100,pillow:pillow,1.2.840.10008.1.2.4.90,ABSENT,ABSENT,3000,2928,16,12,11,0,1,MONOCHROME2,1,rescale,windowing,ABSENT,False,False,0,False,False,0,1,L,False,True,False,False,False,False
df5aa1123fb533c8865b8eaf0bb9c5c8,4292,4293,train/df5aa1123fb533c8865b8eaf0bb9c5c8.dicom,images_jpg_pilot/q95/train/df5aa1123fb533c8865b8eaf0bb9c5c8.jpg,854ebb9e8f217b815887bd42ed2effada77dd1bb0b3fbd541366bec95ea05d67,4166705ac8cdaf2eb9f12b94f00c7ea13a824be49e2f03fbd30e70be241acd9c,images_jpg_pilot/reference_uint8/train/df5aa1123fb533c8865b8eaf0bb9c5c8.png,2aff068215b12a8222c460dfdb22c62254dc57f4aa073eba56d306c28073bb7f,4166705ac8cdaf2eb9f12b94f00c7ea13a824be49e2f03fbd30e70be241acd9c,True,3ac42266849e997a0c81f81165a36fe7fe43c1305acdf5953058f62ce6f12cbe,6ea3b881d90ec3831555b55fc31882a61e73d75129f620eb4e5952406bec71a5,1.0.0,1528da27758d35786847141c37d0ddb754dddb146aff116a8f3a9a7b07221229,95,pydicom_native,1.2.840.10008.1.2,ABSENT,ABSENT,2430,1994,16,12,11,0,1,MONOCHROME2,1,rescale,windowing,ABSENT,False,False,0,False,False,0,1,L,False,True,False,False,False,False
df5aa1123fb533c8865b8eaf0bb9c5c8,4292,4293,train/df5aa1123fb533c8865b8eaf0bb9c5c8.dicom,images_jpg_pilot/q100/train/df5aa1123fb533c8865b8eaf0bb9c5c8.jpg,854ebb9e8f217b815887bd42ed2effada77dd1bb0b3fbd541366bec95ea05d67,4166705ac8cdaf2eb9f12b94f00c7ea13a824be49e2f03fbd30e70be241acd9c,images_jpg_pilot/reference_uint8/train/df5aa1123fb533c8865b8eaf0bb9c5c8.png,2aff068215b12a8222c460dfdb22c62254dc57f4aa073eba56d306c28073bb7f,4166705ac8cdaf2eb9f12b94f00c7ea13a824be49e2f03fbd30e70be241acd9c,True,36118ba04d1efe770f2a8c5a543a7cbd5aac60e5eb00d07d867037dff67c52ef,f013eedb22587ecef618b08eb0ae4317984c8e60e2b3e5816371e73744254f1a,1.0.0,1528da27758d35786847141c37d0ddb754dddb146aff116a8f3a9a7b07221229,100,pydicom_native,1.2.840.10008.1.2,ABSENT,ABSENT,2430,1994,16,12,11,0,1,MONOCHROME2,1,rescale,windowing,ABSENT,False,False,0,False,False,0,1,L,False,True,False,False,False,False
61e0b38cea96d57adb044ac496e556ff,1863,1864,train/61e0b38cea96d57adb044ac496e556ff.dicom,images_jpg_pilot/q95/train/61e0b38cea96d57adb044ac496e556ff.jpg,266f326f0a624f39b1024722967e24e2c45a392f66d37fbeedef0560acfbb628,dcd35111b2c4b324595042262f731d65c3a4d79819c4baf68b0ac1d33b8a86b4,images_jpg_pilot/reference_uint8/train/61e0b38cea96d57adb044ac496e556ff.png,a66ffe6da798b9de10d1f54f00a934cd1ed05d102c9398cd5847dac015547495,dcd35111b2c4b324595042262f731d65c3a4d79819c4baf68b0ac1d33b8a86b4,True,c69894dbb59a213c35921977b6fca8c381b733332af3c013ac297c160adc86b3,41e1f5fed67ac3a7340ba0360814a33f91d90237ead6b6fabb88e6567d6f1686,1.0.0,1528da27758d35786847141c37d0ddb754dddb146aff116a8f3a9a7b07221229,95,pillow:pillow,1.2.840.10008.1.2.4.90,ABSENT,ABSENT,2564,2332,16,12,11,0,1,MONOCHROME2,1,rescale,windowing,ABSENT,False,False,0,False,False,0,1,L,False,True,False,False,False,False
61e0b38cea96d57adb044ac496e556ff,1863,1864,train/61e0b38cea96d57adb044ac496e556ff.dicom,images_jpg_pilot/q100/train/61e0b38cea96d57adb044ac496e556ff.jpg,266f326f0a624f39b1024722967e24e2c45a392f66d37fbeedef0560acfbb628,dcd35111b2c4b324595042262f731d65c3a4d79819c4baf68b0ac1d33b8a86b4,images_jpg_pilot/reference_uint8/train/61e0b38cea96d57adb044ac496e556ff.png,a66ffe6da798b9de10d1f54f00a934cd1ed05d102c9398cd5847dac015547495,dcd35111b2c4b324595042262f731d65c3a4d79819c4baf68b0ac1d33b8a86b4,True,1df859cbb324e74d4f880951e32e09177a4026bee898303a1f5e017c780e153e,18df5d4814a6e6211d0aa92d0a2324b72b7d7f6b4765c0810baacb91550bf496,1.0.0,1528da27758d35786847141c37d0ddb754dddb146aff116a8f3a9a7b07221229,100,pillow:pillow,1.2.840.10008.1.2.4.90,ABSENT,ABSENT,2564,2332,16,12,11,0,1,MONOCHROME2,1,rescale,windowing,ABSENT,False,False,0,False,False,0,1,L,False,True,False,False,False,False
0d0e4dbe84356f8ec4a4ff7616b4850f,258,259,train/0d0e4dbe84356f8ec4a4ff7616b4850f.dicom,images_jpg_pilot/q95/train/0d0e4dbe84356f8ec4a4ff7616b4850f.jpg,d6e7daf22bc31e633df1e89274fcbe241a917933087b195e95a9c28bbfc09506,527b3ad10f4c2ffe7bd592905339a321c6562ba2f3ad9e62b9950f05cef67d58,images_jpg_pilot/reference_uint8/train/0d0e4dbe84356f8ec4a4ff7616b4850f.png,075d02943d97da4022f2c9f882c8516c1800aad01994defb830576f1d8184e47,527b3ad10f4c2ffe7bd592905339a321c6562ba2f3ad9e62b9950f05cef67d58,True,7c0b8dbbb40d33d2be035adec8442b3c3ea15c3583844118245e9ca1ba2418d2,891bc23320886512fce8694629b3827d3d3b20bc24e8830b795e69d69f035ef8,1.0.0,1528da27758d35786847141c37d0ddb754dddb146aff116a8f3a9a7b07221229,95,pillow:pillow,1.2.840.10008.1.2.4.90,ABSENT,ABSENT,2500,2048,16,12,11,0,1,MONOCHROME2,1,rescale,windowing,ABSENT,False,False,0,False,False,0,1,L,False,True,False,False,False,False
0d0e4dbe84356f8ec4a4ff7616b4850f,258,259,train/0d0e4dbe84356f8ec4a4ff7616b4850f.dicom,images_jpg_pilot/q100/train/0d0e4dbe84356f8ec4a4ff7616b4850f.jpg,d6e7daf22bc31e633df1e89274fcbe241a917933087b195e95a9c28bbfc09506,527b3ad10f4c2ffe7bd592905339a321c6562ba2f3ad9e62b9950f05cef67d58,images_jpg_pilot/reference_uint8/train/0d0e4dbe84356f8ec4a4ff7616b4850f.png,075d02943d97da4022f2c9f882c8516c1800aad01994defb830576f1d8184e47,527b3ad10f4c2ffe7bd592905339a321c6562ba2f3ad9e62b9950f05cef67d58,True,6419ca6e45ddacb34f1e854db99dc9230d1756bdc7d4325604eefd6d7fb63b43,b915fa4103356da55f77ab5eaddb19337c61d261d455c252cffb3d97ac3ecae1,1.0.0,1528da27758d35786847141c37d0ddb754dddb146aff116a8f3a9a7b07221229,100,pillow:pillow,1.2.840.10008.1.2.4.90,ABSENT,ABSENT,2500,2048,16,12,11,0,1,MONOCHROME2,1,rescale,windowing,ABSENT,False,False,0,False,False,0,1,L,False,True,False,False,False,False
b8322e1a06179954c5b5f5ed05083c05,3561,3562,train/b8322e1a06179954c5b5f5ed05083c05.dicom,images_jpg_pilot/q95/train/b8322e1a06179954c5b5f5ed05083c05.jpg,b51086608a70f9f396dca173c56ce055ee068b502d840a368627dc7b132ef518,92efeada059790531379a902e751178e2b7970cd2462fc7eaa4db9190a9a42a7,images_jpg_pilot/reference_uint8/train/b8322e1a06179954c5b5f5ed05083c05.png,72307af79dcbfdd777dff57625acf1823610aa4db7526be372e18c8bfea40887,92efeada059790531379a902e751178e2b7970cd2462fc7eaa4db9190a9a42a7,True,7f93797268bd962a9718fc6c45de3b4cfee43f9d19562b6419938b3c3f873d40,72420ef8a2e59c52553040aa90e98833e32dd52adc08b98922e4181312827e47,1.0.0,1528da27758d35786847141c37d0ddb754dddb146aff116a8f3a9a7b07221229,95,pillow:pillow,1.2.840.10008.1.2.4.90,ABSENT,ABSENT,3000,2936,16,12,11,0,1,MONOCHROME2,1,rescale,windowing,ABSENT,False,False,0,False,False,0,1,L,False,True,False,False,False,False
b8322e1a06179954c5b5f5ed05083c05,3561,3562,train/b8322e1a06179954c5b5f5ed05083c05.dicom,images_jpg_pilot/q100/train/b8322e1a06179954c5b5f5ed05083c05.jpg,b51086608a70f9f396dca173c56ce055ee068b502d840a368627dc7b132ef518,92efeada059790531379a902e751178e2b7970cd2462fc7eaa4db9190a9a42a7,images_jpg_pilot/reference_uint8/train/b8322e1a06179954c5b5f5ed05083c05.png,72307af79dcbfdd777dff57625acf1823610aa4db7526be372e18c8bfea40887,92efeada059790531379a902e751178e2b7970cd2462fc7eaa4db9190a9a42a7,True,498414fc09212fc2f9f1c364a6fae79ddeaaadd8b94469cfb3112656d040a51e,6b3ce3cef5957b9b59df35023a3235cf40886b69afd1680d33a93cc50733b5bb,1.0.0,1528da27758d35786847141c37d0ddb754dddb146aff116a8f3a9a7b07221229,100,pillow:pillow,1.2.840.10008.1.2.4.90,ABSENT,ABSENT,3000,2936,16,12,11,0,1,MONOCHROME2,1,rescale,windowing,ABSENT,False,False,0,False,False,0,1,L,False,True,False,False,False,False
18ee5156937f823acee35e15110c6521,475,476,train/18ee5156937f823acee35e15110c6521.dicom,images_jpg_pilot/q95/train/18ee5156937f823acee35e15110c6521.jpg,5a1637f1b0f437c05e036815299f4f83ebd397581d82e3f2afaeac246fa14b8e,50c3c27999ae6d904b7e9cbc0329552d5e7a828b2d9c976a2f0211082a290a55,images_jpg_pilot/reference_uint8/train/18ee5156937f823acee35e15110c6521.png,024a75e9abd3a95309e9e31e9e6e99dfed918487122e72c6a4134b25e7396363,50c3c27999ae6d904b7e9cbc0329552d5e7a828b2d9c976a2f0211082a290a55,True,2acc89f967a00eb307035f12757b3f1e73accef3d7e2373cf50d2be3ac333a58,7c82e869c42faf32621e5c97d9b63c4d81a893d17c267f25f0a951665793ae9e,1.0.0,1528da27758d35786847141c37d0ddb754dddb146aff116a8f3a9a7b07221229,95,pillow:pillow,1.2.840.10008.1.2.4.90,ABSENT,ABSENT,2537,2249,16,14,13,0,1,MONOCHROME2,1,rescale,windowing,ABSENT,False,False,0,False,False,0,1,L,False,True,False,False,False,False
18ee5156937f823acee35e15110c6521,475,476,train/18ee5156937f823acee35e15110c6521.dicom,images_jpg_pilot/q100/train/18ee5156937f823acee35e15110c6521.jpg,5a1637f1b0f437c05e036815299f4f83ebd397581d82e3f2afaeac246fa14b8e,50c3c27999ae6d904b7e9cbc0329552d5e7a828b2d9c976a2f0211082a290a55,images_jpg_pilot/reference_uint8/train/18ee5156937f823acee35e15110c6521.png,024a75e9abd3a95309e9e31e9e6e99dfed918487122e72c6a4134b25e7396363,50c3c27999ae6d904b7e9cbc0329552d5e7a828b2d9c976a2f0211082a290a55,True,d0f30d27aad9ccc46853aafaaee2a36160548a0745876579c233dcb429793008,e2a332752fa9f4851176e59f79f56ca2f26209e310bc0664e1815619c3931533,1.0.0,1528da27758d35786847141c37d0ddb754dddb146aff116a8f3a9a7b07221229,100,pillow:pillow,1.2.840.10008.1.2.4.90,ABSENT,ABSENT,2537,2249,16,14,13,0,1,MONOCHROME2,1,rescale,windowing,ABSENT,False,False,0,False,False,0,1,L,False,True,False,False,False,False
2d6d1b01427ec2acbdbc2149559585fa,874,875,train/2d6d1b01427ec2acbdbc2149559585fa.dicom,images_jpg_pilot/q95/train/2d6d1b01427ec2acbdbc2149559585fa.jpg,f52d9fe8f742c41020eb2254739566aba9031c5aea1df425b440d04c99686417,72ac1971680120f45e6221901eaa9b7261e29bc5d564c173b6b9e3c7bf7bd7f5,images_jpg_pilot/reference_uint8/train/2d6d1b01427ec2acbdbc2149559585fa.png,3313526113710a16d9d24e091f55bf4e583d870b793fb2235cd7c65dce2788b6,72ac1971680120f45e6221901eaa9b7261e29bc5d564c173b6b9e3c7bf7bd7f5,True,678f7f824d0fb0d6cf9eae6d5bdd3cad9d8d226a31ac5fabccd25516ec4b1e88,c0aeb9673d4a3f8967caa20f6134cb31807181c95aea9678014f131974b51c00,1.0.0,1528da27758d35786847141c37d0ddb754dddb146aff116a8f3a9a7b07221229,95,pydicom_native,1.2.840.10008.1.2,ABSENT,ABSENT,3120,2698,16,12,11,0,1,MONOCHROME2,1,rescale,windowing,ABSENT,False,False,0,False,False,0,1,L,False,True,False,False,False,False
2d6d1b01427ec2acbdbc2149559585fa,874,875,train/2d6d1b01427ec2acbdbc2149559585fa.dicom,images_jpg_pilot/q100/train/2d6d1b01427ec2acbdbc2149559585fa.jpg,f52d9fe8f742c41020eb2254739566aba9031c5aea1df425b440d04c99686417,72ac1971680120f45e6221901eaa9b7261e29bc5d564c173b6b9e3c7bf7bd7f5,images_jpg_pilot/reference_uint8/train/2d6d1b01427ec2acbdbc2149559585fa.png,3313526113710a16d9d24e091f55bf4e583d870b793fb2235cd7c65dce2788b6,72ac1971680120f45e6221901eaa9b7261e29bc5d564c173b6b9e3c7bf7bd7f5,True,6156be37f303dfc3905300d706b69955fa3d2499da2197178b7614df59daa63b,c72bb39d7fe2870add6d455ee1da4437e3ef42b8e0a0ddcff3bf1c55d4bbe5a0,1.0.0,1528da27758d35786847141c37d0ddb754dddb146aff116a8f3a9a7b07221229,100,pydicom_native,1.2.840.10008.1.2,ABSENT,ABSENT,3120,2698,16,12,11,0,1,MONOCHROME2,1,rescale,windowing,ABSENT,False,False,0,False,False,0,1,L,False,True,False,False,False,False
2a3cc19a099f06f80007cceb75d43bf0,806,807,train/2a3cc19a099f06f80007cceb75d43bf0.dicom,images_jpg_pilot/q95/train/2a3cc19a099f06f80007cceb75d43bf0.jpg,fc56508ffba917b3fa44abdf06cdf8f312b5f656e7561a37385c3e5dc3574224,02c81311ca4f418d8493d3456ae4651391c13dae44b38d947d891753b49731d2,images_jpg_pilot/reference_uint8/train/2a3cc19a099f06f80007cceb75d43bf0.png,03de2dabcc26243730ebbc910dcff1323d32fab5c7547d689cbd548758ac1f63,02c81311ca4f418d8493d3456ae4651391c13dae44b38d947d891753b49731d2,True,c9e41cd6474cb99cf7b42fe3f4b60ea77aa677a5f0871f8521d045d49248c232,bead18e7946899c3fff3cacfa0fa6624e4f0398da22a77dbec524d247112d8f0,1.0.0,1528da27758d35786847141c37d0ddb754dddb146aff116a8f3a9a7b07221229,95,pydicom_native,1.2.840.10008.1.2,ABSENT,ABSENT,2940,2718,16,12,11,0,1,MONOCHROME2,1,rescale,windowing,ABSENT,False,False,0,False,False,0,1,L,False,True,False,False,False,False
2a3cc19a099f06f80007cceb75d43bf0,806,807,train/2a3cc19a099f06f80007cceb75d43bf0.dicom,images_jpg_pilot/q100/train/2a3cc19a099f06f80007cceb75d43bf0.jpg,fc56508ffba917b3fa44abdf06cdf8f312b5f656e7561a37385c3e5dc3574224,02c81311ca4f418d8493d3456ae4651391c13dae44b38d947d891753b49731d2,images_jpg_pilot/reference_uint8/train/2a3cc19a099f06f80007cceb75d43bf0.png,03de2dabcc26243730ebbc910dcff1323d32fab5c7547d689cbd548758ac1f63,02c81311ca4f418d8493d3456ae4651391c13dae44b38d947d891753b49731d2,True,54619dc1a93ad14fad06262d5f8ea094d80ec36484d941127590b07bf62dc5d5,2d5161f3b9dfb797c99e60ac5e5ef3ff087435ac6718c0aa0a35ff50a0283209,1.0.0,1528da27758d35786847141c37d0ddb754dddb146aff116a8f3a9a7b07221229,100,pydicom_native,1.2.840.10008.1.2,ABSENT,ABSENT,2940,2718,16,12,11,0,1,MONOCHROME2,1,rescale,windowing,ABSENT,False,False,0,False,False,0,1,L,False,True,False,False,False,False
7c42de6dd248ce53880debab2567b521,2371,2372,train/7c42de6dd248ce53880debab2567b521.dicom,images_jpg_pilot/q95/train/7c42de6dd248ce53880debab2567b521.jpg,d875f9fa7839d1df711ffc919dc7941333bc57d3468920f8cff9167120d3567d,1cc419101d5567d6d710307875a301dfbf939840dd6f91caef584d39fc710701,images_jpg_pilot/reference_uint8/train/7c42de6dd248ce53880debab2567b521.png,3747aea6add5e7ef5f22bea63ac69d49592254989d36cd37992d03ef88f7fc0b,1cc419101d5567d6d710307875a301dfbf939840dd6f91caef584d39fc710701,True,866d0aff53cbf65c346031630cb6433880cdac05a264214f9c4a08f9502f6c58,72964eac2bdd995844856f50e322706c169e95fc243dbe136ac2d7305d1fe934,1.0.0,1528da27758d35786847141c37d0ddb754dddb146aff116a8f3a9a7b07221229,95,pydicom_native,1.2.840.10008.1.2,ABSENT,ABSENT,3214,2656,16,12,11,0,1,MONOCHROME2,1,rescale,windowing,ABSENT,False,False,0,False,False,0,1,L,False,True,False,False,False,False
7c42de6dd248ce53880debab2567b521,2371,2372,train/7c42de6dd248ce53880debab2567b521.dicom,images_jpg_pilot/q100/train/7c42de6dd248ce53880debab2567b521.jpg,d875f9fa7839d1df711ffc919dc7941333bc57d3468920f8cff9167120d3567d,1cc419101d5567d6d710307875a301dfbf939840dd6f91caef584d39fc710701,images_jpg_pilot/reference_uint8/train/7c42de6dd248ce53880debab2567b521.png,3747aea6add5e7ef5f22bea63ac69d49592254989d36cd37992d03ef88f7fc0b,1cc419101d5567d6d710307875a301dfbf939840dd6f91caef584d39fc710701,True,4e3ea1cfe5267d214abc0cd78cc203f5d8ac76aa7af5eed1e2b88a5c12310560,98585926d0b13fdc36facebb57e748d065f6a72a9288f583ca380433de1b4e2b,1.0.0,1528da27758d35786847141c37d0ddb754dddb146aff116a8f3a9a7b07221229,100,pydicom_native,1.2.840.10008.1.2,ABSENT,ABSENT,3214,2656,16,12,11,0,1,MONOCHROME2,1,rescale,windowing,ABSENT,False,False,0,False,False,0,1,L,False,True,False,False,False,False
b1f71b5ef16dce633e4033237b761cdf,3437,3438,train/b1f71b5ef16dce633e4033237b761cdf.dicom,images_jpg_pilot/q95/train/b1f71b5ef16dce633e4033237b761cdf.jpg,14d4dc5d65cb3b275ba3cd64525af28a2549d131f32b5cd09234d4a3e2f48210,4a860fff39bfa6e4727b2b713c48f2f1153dbd8b8d2e5815fa8885b50b841a3c,images_jpg_pilot/reference_uint8/train/b1f71b5ef16dce633e4033237b761cdf.png,2946b112934bf384b375e2e274aee099889a8cdbff83dcbdb446ae51f35fb185,4a860fff39bfa6e4727b2b713c48f2f1153dbd8b8d2e5815fa8885b50b841a3c,True,5b196aef9963e417c5bfeaf28dec3d09b1478ae8e1a2bc2d2ba5446a72273a62,6e09a0d4595c0f172c00d69e3d4122d4a547718b5600fc4c5aeda51b7f9f54f9,1.0.0,1528da27758d35786847141c37d0ddb754dddb146aff116a8f3a9a7b07221229,95,pillow:pillow,1.2.840.10008.1.2.4.90,ABSENT,ABSENT,2500,2048,16,12,11,0,1,MONOCHROME2,1,rescale,windowing,ABSENT,False,False,0,False,False,0,1,L,False,True,False,False,False,False
b1f71b5ef16dce633e4033237b761cdf,3437,3438,train/b1f71b5ef16dce633e4033237b761cdf.dicom,images_jpg_pilot/q100/train/b1f71b5ef16dce633e4033237b761cdf.jpg,14d4dc5d65cb3b275ba3cd64525af28a2549d131f32b5cd09234d4a3e2f48210,4a860fff39bfa6e4727b2b713c48f2f1153dbd8b8d2e5815fa8885b50b841a3c,images_jpg_pilot/reference_uint8/train/b1f71b5ef16dce633e4033237b761cdf.png,2946b112934bf384b375e2e274aee099889a8cdbff83dcbdb446ae51f35fb185,4a860fff39bfa6e4727b2b713c48f2f1153dbd8b8d2e5815fa8885b50b841a3c,True,a008ea1931a2c3da75c561b259a912a185daaac21b92b37bc409a814b18958e6,8e1e5a45923e8318f34cd2fe207d8e89deffa96fea56f99268a1894cef66a6e7,1.0.0,1528da27758d35786847141c37d0ddb754dddb146aff116a8f3a9a7b07221229,100,pillow:pillow,1.2.840.10008.1.2.4.90,ABSENT,ABSENT,2500,2048,16,12,11,0,1,MONOCHROME2,1,rescale,windowing,ABSENT,False,False,0,False,False,0,1,L,False,True,False,False,False,False
e4dec9c7cb04e431f5c3b41430030184,4387,4388,train/e4dec9c7cb04e431f5c3b41430030184.dicom,images_jpg_pilot/q95/train/e4dec9c7cb04e431f5c3b41430030184.jpg,8f8bf98bd04e5f2935de3045f59d0b190f6f2c48017f4ab247844c9e4ca43b98,774687a9c8c6be72a1b447afc350adcf97cbf09068daa884acb541f1aa033a6b,images_jpg_pilot/reference_uint8/train/e4dec9c7cb04e431f5c3b41430030184.png,5e12824ad4991a0d9fd20496324af1f371cae4d1d2dcfd7db2148178b8bd9fb1,774687a9c8c6be72a1b447afc350adcf97cbf09068daa884acb541f1aa033a6b,True,2ade617e3e5291b3bdd4520eef17255227076f0140ab90cde74fea7a29058310,f3d9b96ba46d6e2cc2583dfa9caa55101320ff1abc8c981170ef1bbd42dddb5c,1.0.0,1528da27758d35786847141c37d0ddb754dddb146aff116a8f3a9a7b07221229,95,pydicom_native,1.2.840.10008.1.2,ABSENT,ABSENT,2909,2521,16,12,11,0,1,MONOCHROME2,1,rescale,windowing,ABSENT,False,False,0,False,False,0,1,L,False,True,False,False,False,False
e4dec9c7cb04e431f5c3b41430030184,4387,4388,train/e4dec9c7cb04e431f5c3b41430030184.dicom,images_jpg_pilot/q100/train/e4dec9c7cb04e431f5c3b41430030184.jpg,8f8bf98bd04e5f2935de3045f59d0b190f6f2c48017f4ab247844c9e4ca43b98,774687a9c8c6be72a1b447afc350adcf97cbf09068daa884acb541f1aa033a6b,images_jpg_pilot/reference_uint8/train/e4dec9c7cb04e431f5c3b41430030184.png,5e12824ad4991a0d9fd20496324af1f371cae4d1d2dcfd7db2148178b8bd9fb1,774687a9c8c6be72a1b447afc350adcf97cbf09068daa884acb541f1aa033a6b,True,d663f7a1fbcf0a64997da6843785b25c1bfcb90bd1bcee1905a26b69325aabd8,cac38310e75a26e2fc9e58cc3b87efa33dbf56f545dff3b69f32bb76c7a6b7b5,1.0.0,1528da27758d35786847141c37d0ddb754dddb146aff116a8f3a9a7b07221229,100,pydicom_native,1.2.840.10008.1.2,ABSENT,ABSENT,2909,2521,16,12,11,0,1,MONOCHROME2,1,rescale,windowing,ABSENT,False,False,0,False,False,0,1,L,False,True,False,False,False,False
781337185d4b99902d0ebfd2867feab8,2297,2298,train/781337185d4b99902d0ebfd2867feab8.dicom,images_jpg_pilot/q95/train/781337185d4b99902d0ebfd2867feab8.jpg,5fbb8e70cd370c02e64967b9d66d25e6f6328747a34161db6b9f893730c78ade,64b70812eb60f5e5b33c5b7cba63e1aa082b002f5f31f8d8634abb18c615b95a,images_jpg_pilot/reference_uint8/train/781337185d4b99902d0ebfd2867feab8.png,f0f46c914f88bc68ca32675f4c735f09e53bd179cbaa4ffb5e062e840b9cdd3a,64b70812eb60f5e5b33c5b7cba63e1aa082b002f5f31f8d8634abb18c615b95a,True,0c69b832120f507336cc5f6cdad5950bb74508cdb38bead1308dfe27106591ba,2a43ba8842de585b86369c4adf9dd3fab80bf47f956b22994c930d72a85ee7a0,1.0.0,1528da27758d35786847141c37d0ddb754dddb146aff116a8f3a9a7b07221229,95,pydicom_native,1.2.840.10008.1.2,ABSENT,ABSENT,2836,2336,16,12,11,0,1,MONOCHROME1,1,rescale,windowing,ABSENT,False,True,1,False,False,0,1,L,False,True,False,False,False,False
781337185d4b99902d0ebfd2867feab8,2297,2298,train/781337185d4b99902d0ebfd2867feab8.dicom,images_jpg_pilot/q100/train/781337185d4b99902d0ebfd2867feab8.jpg,5fbb8e70cd370c02e64967b9d66d25e6f6328747a34161db6b9f893730c78ade,64b70812eb60f5e5b33c5b7cba63e1aa082b002f5f31f8d8634abb18c615b95a,images_jpg_pilot/reference_uint8/train/781337185d4b99902d0ebfd2867feab8.png,f0f46c914f88bc68ca32675f4c735f09e53bd179cbaa4ffb5e062e840b9cdd3a,64b70812eb60f5e5b33c5b7cba63e1aa082b002f5f31f8d8634abb18c615b95a,True,961759e800b79a375d48343113daa12e74dde3188cd2c3cdb1dd4c983418ecf8,33d510affed7091f0ca2a15e0cf11974548824f11e08291375b3280976b8383a,1.0.0,1528da27758d35786847141c37d0ddb754dddb146aff116a8f3a9a7b07221229,100,pydicom_native,1.2.840.10008.1.2,ABSENT,ABSENT,2836,2336,16,12,11,0,1,MONOCHROME1,1,rescale,windowing,ABSENT,False,True,1,False,False,0,1,L,False,True,False,False,False,False
c2c54eed2dd73e20ef0e5af5a4aa1feb,3738,3739,train/c2c54eed2dd73e20ef0e5af5a4aa1feb.dicom,images_jpg_pilot/q95/train/c2c54eed2dd73e20ef0e5af5a4aa1feb.jpg,6271d7603f88105888bf9cf98099ba8a513c155a30ed6c35625621ad08ad36b5,4343b8406ca3872cecf9723b41407df3121e401048977736b1b674c9181ed729,images_jpg_pilot/reference_uint8/train/c2c54eed2dd73e20ef0e5af5a4aa1feb.png,4debebbdb79ad5f7b7ba722e1a5001a38b9e4a82a32ecdef70e0062b72313d13,4343b8406ca3872cecf9723b41407df3121e401048977736b1b674c9181ed729,True,0ba56ffe6ccbcdc96bc439a6a11820265d41b0e9c603a39a3daf8dd04f042e3a,592f9ce5bc081731f308e1f2b550dddfecdfb981e8864f033bdb0df4d15ad999,1.0.0,1528da27758d35786847141c37d0ddb754dddb146aff116a8f3a9a7b07221229,95,pydicom_native,1.2.840.10008.1.2.1,ABSENT,ABSENT,2825,2555,16,12,11,0,1,MONOCHROME2,1,rescale,windowing,ABSENT,False,False,0,False,False,0,1,L,False,True,False,False,False,False
c2c54eed2dd73e20ef0e5af5a4aa1feb,3738,3739,train/c2c54eed2dd73e20ef0e5af5a4aa1feb.dicom,images_jpg_pilot/q100/train/c2c54eed2dd73e20ef0e5af5a4aa1feb.jpg,6271d7603f88105888bf9cf98099ba8a513c155a30ed6c35625621ad08ad36b5,4343b8406ca3872cecf9723b41407df3121e401048977736b1b674c9181ed729,images_jpg_pilot/reference_uint8/train/c2c54eed2dd73e20ef0e5af5a4aa1feb.png,4debebbdb79ad5f7b7ba722e1a5001a38b9e4a82a32ecdef70e0062b72313d13,4343b8406ca3872cecf9723b41407df3121e401048977736b1b674c9181ed729,True,5bd1156b000ad899599aa0aec08de0baff70ed769ee38b08c4b2fcd067c022ad,dc0a6e62d8d3d3239cc7f9bbee2ab0b1c2c9c7d43a6a6923e3162da86aed5cc7,1.0.0,1528da27758d35786847141c37d0ddb754dddb146aff116a8f3a9a7b07221229,100,pydicom_native,1.2.840.10008.1.2.1,ABSENT,ABSENT,2825,2555,16,12,11,0,1,MONOCHROME2,1,rescale,windowing,ABSENT,False,False,0,False,False,0,1,L,False,True,False,False,False,False
9378e938afe891b372d0d7a1924c7aa5,2834,2835,train/9378e938afe891b372d0d7a1924c7aa5.dicom,images_jpg_pilot/q95/train/9378e938afe891b372d0d7a1924c7aa5.jpg,5a495c11b259ca43b267cd02069c53dd34c010535d4c2535b97135ad83ab32dd,0d95432d46be3ef1530ff992c3d64bf4f510eb7ce3c32d53a0fa2fdd6096b664,images_jpg_pilot/reference_uint8/train/9378e938afe891b372d0d7a1924c7aa5.png,6131e17639aa31eb7e1b5aac07aabbe803104d5f71880725f979865555190a94,0d95432d46be3ef1530ff992c3d64bf4f510eb7ce3c32d53a0fa2fdd6096b664,True,391205a5a632ab631ffcdbe46d6936d53b9ff8911acf88f48fc7f99bf71ebfe4,6c90d0cbe7dd476db4c2e273e13429e004788dadba89dbdd31942c273deee783,1.0.0,1528da27758d35786847141c37d0ddb754dddb146aff116a8f3a9a7b07221229,95,pydicom_native,1.2.840.10008.1.2,ABSENT,ABSENT,3072,3072,16,14,13,0,1,MONOCHROME2,1,identity,windowing,ABSENT,False,False,0,False,False,0,1,L,False,True,False,False,False,False
9378e938afe891b372d0d7a1924c7aa5,2834,2835,train/9378e938afe891b372d0d7a1924c7aa5.dicom,images_jpg_pilot/q100/train/9378e938afe891b372d0d7a1924c7aa5.jpg,5a495c11b259ca43b267cd02069c53dd34c010535d4c2535b97135ad83ab32dd,0d95432d46be3ef1530ff992c3d64bf4f510eb7ce3c32d53a0fa2fdd6096b664,images_jpg_pilot/reference_uint8/train/9378e938afe891b372d0d7a1924c7aa5.png,6131e17639aa31eb7e1b5aac07aabbe803104d5f71880725f979865555190a94,0d95432d46be3ef1530ff992c3d64bf4f510eb7ce3c32d53a0fa2fdd6096b664,True,e2a25aef80904ae8b727d6e7015897e81b7a3bdb9bf2ffde387011dfff58158e,caf5290293af305c0937cd3fd5681d3d0e4fcb72c0b0d683c7c2c55a63ae8a9c,1.0.0,1528da27758d35786847141c37d0ddb754dddb146aff116a8f3a9a7b07221229,100,pydicom_native,1.2.840.10008.1.2,ABSENT,ABSENT,3072,3072,16,14,13,0,1,MONOCHROME2,1,identity,windowing,ABSENT,False,False,0,False,False,0,1,L,False,True,False,False,False,False
324c908cb345ed14be7a468a56f1ceba,982,983,train/324c908cb345ed14be7a468a56f1ceba.dicom,images_jpg_pilot/q95/train/324c908cb345ed14be7a468a56f1ceba.jpg,c4ad1b0d115e73ccf9715fa9f1b9b39890732fa97966cf58c9772328224aa038,5c01fe4f052a6f96eed8b4e6946b16c0ae4899f573e23d0ce6a9a855a6d82b91,images_jpg_pilot/reference_uint8/train/324c908cb345ed14be7a468a56f1ceba.png,64796eecd681b316bfaa2039f8d732ffc8e4d893857eac0021cbdc1398d43942,5c01fe4f052a6f96eed8b4e6946b16c0ae4899f573e23d0ce6a9a855a6d82b91,True,a96a1fbd562770f83a93f343691dcc8ec435016e1cf5a8fb34b1e47f4090a37e,14c120dcc0b4760ed20991bc8ed0ae316b1116b5016d54fc77e9320a7aa95e0f,1.0.0,1528da27758d35786847141c37d0ddb754dddb146aff116a8f3a9a7b07221229,95,pillow:pillow,1.2.840.10008.1.2.4.90,ABSENT,ABSENT,2880,2304,16,12,11,0,1,MONOCHROME1,1,rescale,windowing,ABSENT,False,True,1,False,False,0,1,L,False,True,False,False,False,False
324c908cb345ed14be7a468a56f1ceba,982,983,train/324c908cb345ed14be7a468a56f1ceba.dicom,images_jpg_pilot/q100/train/324c908cb345ed14be7a468a56f1ceba.jpg,c4ad1b0d115e73ccf9715fa9f1b9b39890732fa97966cf58c9772328224aa038,5c01fe4f052a6f96eed8b4e6946b16c0ae4899f573e23d0ce6a9a855a6d82b91,images_jpg_pilot/reference_uint8/train/324c908cb345ed14be7a468a56f1ceba.png,64796eecd681b316bfaa2039f8d732ffc8e4d893857eac0021cbdc1398d43942,5c01fe4f052a6f96eed8b4e6946b16c0ae4899f573e23d0ce6a9a855a6d82b91,True,af3475dfd3c6286a8f80ee1c02305161b0a3034576c30d6e3c6b1a8ff01cf278,17d3ed7d85c0ed5b2e0313f29971ac680b18ef8dd73231f2299ec864e80e61cd,1.0.0,1528da27758d35786847141c37d0ddb754dddb146aff116a8f3a9a7b07221229,100,pillow:pillow,1.2.840.10008.1.2.4.90,ABSENT,ABSENT,2880,2304,16,12,11,0,1,MONOCHROME1,1,rescale,windowing,ABSENT,False,True,1,False,False,0,1,L,False,True,False,False,False,False
cb8fd53c4498aa62dd48c184beb050bd,3896,3897,train/cb8fd53c4498aa62dd48c184beb050bd.dicom,images_jpg_pilot/q95/train/cb8fd53c4498aa62dd48c184beb050bd.jpg,331d6f37c39b9d03c3452f7b1f28f11a71c0b327f3fd76592b780678a6e3608b,8de949b488d1a55766742a76b4b586ffe3c09998cd736203e616a539595732af,images_jpg_pilot/reference_uint8/train/cb8fd53c4498aa62dd48c184beb050bd.png,385d29823964919d5320a8b68f65d4dc50e828295e2c1bae611cfcae4e546a4d,8de949b488d1a55766742a76b4b586ffe3c09998cd736203e616a539595732af,True,c01c788761a671b6a909faf5064b3e5672156a5e24ea9e924197814418b8e77e,5f6be881a5f042847353d5f12af185eb5c6fba1f49406a2259e8f5f785cacb3c,1.0.0,1528da27758d35786847141c37d0ddb754dddb146aff116a8f3a9a7b07221229,95,pillow:pillow,1.2.840.10008.1.2.4.90,ABSENT,ABSENT,2880,2304,16,12,11,0,1,MONOCHROME1,1,rescale,windowing,ABSENT,False,True,1,False,False,0,1,L,False,True,False,False,False,False
cb8fd53c4498aa62dd48c184beb050bd,3896,3897,train/cb8fd53c4498aa62dd48c184beb050bd.dicom,images_jpg_pilot/q100/train/cb8fd53c4498aa62dd48c184beb050bd.jpg,331d6f37c39b9d03c3452f7b1f28f11a71c0b327f3fd76592b780678a6e3608b,8de949b488d1a55766742a76b4b586ffe3c09998cd736203e616a539595732af,images_jpg_pilot/reference_uint8/train/cb8fd53c4498aa62dd48c184beb050bd.png,385d29823964919d5320a8b68f65d4dc50e828295e2c1bae611cfcae4e546a4d,8de949b488d1a55766742a76b4b586ffe3c09998cd736203e616a539595732af,True,70101048bcd7976dad66bbe363c87424b4500d50b16607f65e6d461a4eafdd28,7844c3af20b3c5ddb004de9479757ae29196c797dcbedf66af1ac6962fde5407,1.0.0,1528da27758d35786847141c37d0ddb754dddb146aff116a8f3a9a7b07221229,100,pillow:pillow,1.2.840.10008.1.2.4.90,ABSENT,ABSENT,2880,2304,16,12,11,0,1,MONOCHROME1,1,rescale,windowing,ABSENT,False,True,1,False,False,0,1,L,False,True,False,False,False,False
1d8f4d5daf11f2b01695b71a862aa813,564,565,train/1d8f4d5daf11f2b01695b71a862aa813.dicom,images_jpg_pilot/q95/train/1d8f4d5daf11f2b01695b71a862aa813.jpg,bfe17e0e31cf7e3123778cc41e45cae2e330e0740ab1e4d2f122c313d5213ad9,739761a71c0972a95ff0ec387dd1a0bbd021a592e7c8ca0d198a2b339dd8c671,images_jpg_pilot/reference_uint8/train/1d8f4d5daf11f2b01695b71a862aa813.png,e71f819015a6edc9aab52e22ff509a41b60436a82ba4f5dd26223595faa769f7,739761a71c0972a95ff0ec387dd1a0bbd021a592e7c8ca0d198a2b339dd8c671,True,f9300f07e8f2d5f93be731d19eeb7cc1f5e2564f1004a5201c1b506a27a39932,1d6abaaa3da8c883910d6b067c45194ad0087a0b1c5072f64bc4a11069c08e46,1.0.0,1528da27758d35786847141c37d0ddb754dddb146aff116a8f3a9a7b07221229,95,pydicom_native,1.2.840.10008.1.2,ABSENT,ABSENT,3188,2575,16,12,11,0,1,MONOCHROME2,1,rescale,windowing,ABSENT,False,False,0,False,False,0,1,L,False,True,False,False,False,False
1d8f4d5daf11f2b01695b71a862aa813,564,565,train/1d8f4d5daf11f2b01695b71a862aa813.dicom,images_jpg_pilot/q100/train/1d8f4d5daf11f2b01695b71a862aa813.jpg,bfe17e0e31cf7e3123778cc41e45cae2e330e0740ab1e4d2f122c313d5213ad9,739761a71c0972a95ff0ec387dd1a0bbd021a592e7c8ca0d198a2b339dd8c671,images_jpg_pilot/reference_uint8/train/1d8f4d5daf11f2b01695b71a862aa813.png,e71f819015a6edc9aab52e22ff509a41b60436a82ba4f5dd26223595faa769f7,739761a71c0972a95ff0ec387dd1a0bbd021a592e7c8ca0d198a2b339dd8c671,True,6b1e3ee8bbb2afebce20b96c1e520020ce0fbe3866a521165ab97edd34daaf78,515df67d2504eaebd95ac72c6cae43ea5e991d0cd2f2ec6d67f147878335a78d,1.0.0,1528da27758d35786847141c37d0ddb754dddb146aff116a8f3a9a7b07221229,100,pydicom_native,1.2.840.10008.1.2,ABSENT,ABSENT,3188,2575,16,12,11,0,1,MONOCHROME2,1,rescale,windowing,ABSENT,False,False,0,False,False,0,1,L,False,True,False,False,False,False
e2de831b92a2dc7237d2b1885ee4bb9c,4352,4353,train/e2de831b92a2dc7237d2b1885ee4bb9c.dicom,images_jpg_pilot/q95/train/e2de831b92a2dc7237d2b1885ee4bb9c.jpg,04ed7583c409889587c590904a34dade5284db4e3c6acc1cfbb14302b15705de,11c072edea425b98b1458a3aa38dfbbbfeb3cb8e697a6b8b2e2e2e478ffdf202,images_jpg_pilot/reference_uint8/train/e2de831b92a2dc7237d2b1885ee4bb9c.png,2e9f093c8c6923d6ecadb237fb689988a436a0eda958112fff9a55202d8c08a0,11c072edea425b98b1458a3aa38dfbbbfeb3cb8e697a6b8b2e2e2e478ffdf202,True,93e3f47707a8f3d1bad7789a7b639689742647f9cb3931bd8b4eed0c3b9dc674,3c59330cf6cd1de70d3674623ee47799f88a0f5881decedb0615795a3896293e,1.0.0,1528da27758d35786847141c37d0ddb754dddb146aff116a8f3a9a7b07221229,95,pillow:pillow,1.2.840.10008.1.2.4.90,ABSENT,ABSENT,2424,1992,16,12,11,0,1,MONOCHROME1,1,identity,theoretical_fallback,ABSENT,False,True,1,False,False,0,1,L,False,True,False,False,False,False
e2de831b92a2dc7237d2b1885ee4bb9c,4352,4353,train/e2de831b92a2dc7237d2b1885ee4bb9c.dicom,images_jpg_pilot/q100/train/e2de831b92a2dc7237d2b1885ee4bb9c.jpg,04ed7583c409889587c590904a34dade5284db4e3c6acc1cfbb14302b15705de,11c072edea425b98b1458a3aa38dfbbbfeb3cb8e697a6b8b2e2e2e478ffdf202,images_jpg_pilot/reference_uint8/train/e2de831b92a2dc7237d2b1885ee4bb9c.png,2e9f093c8c6923d6ecadb237fb689988a436a0eda958112fff9a55202d8c08a0,11c072edea425b98b1458a3aa38dfbbbfeb3cb8e697a6b8b2e2e2e478ffdf202,True,ae5b3f14aef4d2c70651fb1fce93904293968a5c72e55b834dc4a267f620ec5c,8cc68539648b063716db70c76b99b218c22126df7d7755013f253ac842c801b0,1.0.0,1528da27758d35786847141c37d0ddb754dddb146aff116a8f3a9a7b07221229,100,pillow:pillow,1.2.840.10008.1.2.4.90,ABSENT,ABSENT,2424,1992,16,12,11,0,1,MONOCHROME1,1,identity,theoretical_fallback,ABSENT,False,True,1,False,False,0,1,L,False,True,False,False,False,False
45fad4fe08460cf9aec10986ba13c582,1362,1363,train/45fad4fe08460cf9aec10986ba13c582.dicom,images_jpg_pilot/q95/train/45fad4fe08460cf9aec10986ba13c582.jpg,2db536c81f73f89b4770ee57a7e4c44094885815221c08b0069c79e61ca94f51,61e75fe4f969490371ebcd8e97a951cb522f0352522f59e1121c175dc8feabcf,images_jpg_pilot/reference_uint8/train/45fad4fe08460cf9aec10986ba13c582.png,d73f19484992642356f92f223defbc330f51e3524e59c227923fc4356c1f46af,61e75fe4f969490371ebcd8e97a951cb522f0352522f59e1121c175dc8feabcf,True,a7ca8e88b919d988d3140cfbfdec3925df3a448f66d12114e71385398774590f,b6d29c4934d2e5a36a94c03d9a2a9169eb4fe487e1d80ad76dc360e966d1eb3a,1.0.0,1528da27758d35786847141c37d0ddb754dddb146aff116a8f3a9a7b07221229,95,pydicom_native,1.2.840.10008.1.2,ABSENT,ABSENT,3072,3072,16,14,13,0,1,MONOCHROME2,1,identity,windowing,ABSENT,False,False,0,False,False,0,1,L,False,True,False,False,False,False
45fad4fe08460cf9aec10986ba13c582,1362,1363,train/45fad4fe08460cf9aec10986ba13c582.dicom,images_jpg_pilot/q100/train/45fad4fe08460cf9aec10986ba13c582.jpg,2db536c81f73f89b4770ee57a7e4c44094885815221c08b0069c79e61ca94f51,61e75fe4f969490371ebcd8e97a951cb522f0352522f59e1121c175dc8feabcf,images_jpg_pilot/reference_uint8/train/45fad4fe08460cf9aec10986ba13c582.png,d73f19484992642356f92f223defbc330f51e3524e59c227923fc4356c1f46af,61e75fe4f969490371ebcd8e97a951cb522f0352522f59e1121c175dc8feabcf,True,e5da6509ea10826cfca6442df85750f3e602d6fe8cf741cb95ad9b0066b8f8bf,599413f78bf2f98811ef988c859fcbb02014d1ae378a7214896800ca4ef0250f,1.0.0,1528da27758d35786847141c37d0ddb754dddb146aff116a8f3a9a7b07221229,100,pydicom_native,1.2.840.10008.1.2,ABSENT,ABSENT,3072,3072,16,14,13,0,1,MONOCHROME2,1,identity,windowing,ABSENT,False,False,0,False,False,0,1,L,False,True,False,False,False,False
bd24133a5c72fdd62ad820445627b718,3641,3642,train/bd24133a5c72fdd62ad820445627b718.dicom,images_jpg_pilot/q95/train/bd24133a5c72fdd62ad820445627b718.jpg,9d37ec1a5182f2451f0798e05bb3cd94e8434bda25d52295219ce23a14d8be06,c78b2c7dfad2d458ac7257f1b37c8b27d3582549d5dec4b8d57662fdad9b4e63,images_jpg_pilot/reference_uint8/train/bd24133a5c72fdd62ad820445627b718.png,1bbae84a5ed47c804e9e355b0c5982db9f36611997952458c6625f5a400f17a0,c78b2c7dfad2d458ac7257f1b37c8b27d3582549d5dec4b8d57662fdad9b4e63,True,c0653da2bd5c7abb2aba8b39bb661cfbb5f44c9ab2fcf3ba736b771d623daed0,7ef3ca888f0b245af176f0b923b933f83163188a9c611286e5abdd7f3cdc5d3b,1.0.0,1528da27758d35786847141c37d0ddb754dddb146aff116a8f3a9a7b07221229,95,pydicom_native,1.2.840.10008.1.2,ABSENT,ABSENT,3072,2382,16,14,13,0,1,MONOCHROME2,1,identity,windowing,ABSENT,False,False,0,False,False,0,1,L,False,True,False,False,False,False
bd24133a5c72fdd62ad820445627b718,3641,3642,train/bd24133a5c72fdd62ad820445627b718.dicom,images_jpg_pilot/q100/train/bd24133a5c72fdd62ad820445627b718.jpg,9d37ec1a5182f2451f0798e05bb3cd94e8434bda25d52295219ce23a14d8be06,c78b2c7dfad2d458ac7257f1b37c8b27d3582549d5dec4b8d57662fdad9b4e63,images_jpg_pilot/reference_uint8/train/bd24133a5c72fdd62ad820445627b718.png,1bbae84a5ed47c804e9e355b0c5982db9f36611997952458c6625f5a400f17a0,c78b2c7dfad2d458ac7257f1b37c8b27d3582549d5dec4b8d57662fdad9b4e63,True,ca1514d1549ddfffec94bfee4a2d833d7877213606e1c26108a261116680322b,9887ad3afd7f989f0f1b0c0a018866d357010003470290151f894a7ce6f44358,1.0.0,1528da27758d35786847141c37d0ddb754dddb146aff116a8f3a9a7b07221229,100,pydicom_native,1.2.840.10008.1.2,ABSENT,ABSENT,3072,2382,16,14,13,0,1,MONOCHROME2,1,identity,windowing,ABSENT,False,False,0,False,False,0,1,L,False,True,False,False,False,False
c9e29220b5d0f9cfdb250f0872648a89,3876,3877,train/c9e29220b5d0f9cfdb250f0872648a89.dicom,images_jpg_pilot/q95/train/c9e29220b5d0f9cfdb250f0872648a89.jpg,da80be64ec8d0061a7ca9d4e3f77c6619542823e30dc67165047ad4f08d8a300,c5773d51b178ff2584ac4e3b364119cf01271745d62a12250c2afcce7db45f8c,images_jpg_pilot/reference_uint8/train/c9e29220b5d0f9cfdb250f0872648a89.png,258f56f135b771bc2791b38dfc99a70693147b22b3e1bb0989e7181e05551c3f,c5773d51b178ff2584ac4e3b364119cf01271745d62a12250c2afcce7db45f8c,True,bbdb3b9935b71b67a4eedbcf1b81893483d7d51240d600ec16b87baa963b06d1,afb7740d18262a20866679720bf393fd15eba85836ae800a59a5b46f3a87403b,1.0.0,1528da27758d35786847141c37d0ddb754dddb146aff116a8f3a9a7b07221229,95,pydicom_native,1.2.840.10008.1.2,ABSENT,ABSENT,3256,2800,16,14,13,0,1,MONOCHROME2,1,rescale,windowing,ABSENT,False,False,0,False,False,0,1,L,False,True,False,False,False,False
c9e29220b5d0f9cfdb250f0872648a89,3876,3877,train/c9e29220b5d0f9cfdb250f0872648a89.dicom,images_jpg_pilot/q100/train/c9e29220b5d0f9cfdb250f0872648a89.jpg,da80be64ec8d0061a7ca9d4e3f77c6619542823e30dc67165047ad4f08d8a300,c5773d51b178ff2584ac4e3b364119cf01271745d62a12250c2afcce7db45f8c,images_jpg_pilot/reference_uint8/train/c9e29220b5d0f9cfdb250f0872648a89.png,258f56f135b771bc2791b38dfc99a70693147b22b3e1bb0989e7181e05551c3f,c5773d51b178ff2584ac4e3b364119cf01271745d62a12250c2afcce7db45f8c,True,dc3e8101b3098e8768cbcd143a36a19e7c9c08c5d5c050e7dfd8e772b91f80ce,d852279b1482da60face9985ceb27cebde7a895f3fda34e8a73259d29b95bb60,1.0.0,1528da27758d35786847141c37d0ddb754dddb146aff116a8f3a9a7b07221229,100,pydicom_native,1.2.840.10008.1.2,ABSENT,ABSENT,3256,2800,16,14,13,0,1,MONOCHROME2,1,rescale,windowing,ABSENT,False,False,0,False,False,0,1,L,False,True,False,False,False,False
e99ba43b91cf30a1df2c4c4adfe7c3b1,4478,4479,train/e99ba43b91cf30a1df2c4c4adfe7c3b1.dicom,images_jpg_pilot/q95/train/e99ba43b91cf30a1df2c4c4adfe7c3b1.jpg,8c16f096cd02e5caa2611c19564afdcb6f85bdd8e2711efdf592e8e9d3cd4247,de72765ca22234ad63690b13853dd9449af7cc0d2cfae6cc6d53400c41be3ecf,images_jpg_pilot/reference_uint8/train/e99ba43b91cf30a1df2c4c4adfe7c3b1.png,2af405ce45ce2b5be2fcbcf86bdc5b86643c8e8fd29b1d23179c18f8dd5e4f62,de72765ca22234ad63690b13853dd9449af7cc0d2cfae6cc6d53400c41be3ecf,True,4ae6a4c981d6421905f9f716886fabb48ec397b2005c97078d56b401af3fa440,bc0543935439b9caf537ecbd0bacaf8bc60aec516f442db3a38b725164b938dd,1.0.0,1528da27758d35786847141c37d0ddb754dddb146aff116a8f3a9a7b07221229,95,pillow:pillow,1.2.840.10008.1.2.4.90,ABSENT,ABSENT,2632,2400,16,14,13,0,1,MONOCHROME2,1,rescale,windowing,ABSENT,False,False,0,False,False,0,1,L,False,True,False,False,False,False
e99ba43b91cf30a1df2c4c4adfe7c3b1,4478,4479,train/e99ba43b91cf30a1df2c4c4adfe7c3b1.dicom,images_jpg_pilot/q100/train/e99ba43b91cf30a1df2c4c4adfe7c3b1.jpg,8c16f096cd02e5caa2611c19564afdcb6f85bdd8e2711efdf592e8e9d3cd4247,de72765ca22234ad63690b13853dd9449af7cc0d2cfae6cc6d53400c41be3ecf,images_jpg_pilot/reference_uint8/train/e99ba43b91cf30a1df2c4c4adfe7c3b1.png,2af405ce45ce2b5be2fcbcf86bdc5b86643c8e8fd29b1d23179c18f8dd5e4f62,de72765ca22234ad63690b13853dd9449af7cc0d2cfae6cc6d53400c41be3ecf,True,2319bbfd0f992b1a4b80a1e76b9b0646653afee1a55fa61049a49adbbd9a4d89,93a5e61978d67d4885b11b1fbdcd9e9bba0584e951c33bfcd6122c48f62cc6d4,1.0.0,1528da27758d35786847141c37d0ddb754dddb146aff116a8f3a9a7b07221229,100,pillow:pillow,1.2.840.10008.1.2.4.90,ABSENT,ABSENT,2632,2400,16,14,13,0,1,MONOCHROME2,1,rescale,windowing,ABSENT,False,False,0,False,False,0,1,L,False,True,False,False,False,False
7978725e43f1b301551e0fdbc32faef5,2317,2318,train/7978725e43f1b301551e0fdbc32faef5.dicom,images_jpg_pilot/q95/train/7978725e43f1b301551e0fdbc32faef5.jpg,4d15b765febea03b3aa66efa3acfa4df6f354cc30e86b870872bcb7f6fa534e2,eafd7839e15b05339b81426622e7c3b3243e3bcefa1d31dcd3567e2e1127be03,images_jpg_pilot/reference_uint8/train/7978725e43f1b301551e0fdbc32faef5.png,1d629cb7559675ee6b8cbc936ba5cf470b9b86e0885db68f50c551a41c6bf670,eafd7839e15b05339b81426622e7c3b3243e3bcefa1d31dcd3567e2e1127be03,True,c30b0d31aa04130a18a33d8f271c5598eec275c4fb8327b12a613eab49c95010,d4b9ef855dfc3e3b4406dfd646ebdeee7661ec2e88b503d7aa72320b73a3c92b,1.0.0,1528da27758d35786847141c37d0ddb754dddb146aff116a8f3a9a7b07221229,95,pydicom_native,1.2.840.10008.1.2,ABSENT,ABSENT,3072,2540,16,14,13,0,1,MONOCHROME2,1,identity,windowing,ABSENT,False,False,0,False,False,0,1,L,False,True,False,False,False,False
7978725e43f1b301551e0fdbc32faef5,2317,2318,train/7978725e43f1b301551e0fdbc32faef5.dicom,images_jpg_pilot/q100/train/7978725e43f1b301551e0fdbc32faef5.jpg,4d15b765febea03b3aa66efa3acfa4df6f354cc30e86b870872bcb7f6fa534e2,eafd7839e15b05339b81426622e7c3b3243e3bcefa1d31dcd3567e2e1127be03,images_jpg_pilot/reference_uint8/train/7978725e43f1b301551e0fdbc32faef5.png,1d629cb7559675ee6b8cbc936ba5cf470b9b86e0885db68f50c551a41c6bf670,eafd7839e15b05339b81426622e7c3b3243e3bcefa1d31dcd3567e2e1127be03,True,7f0cf2781aab03a47a91c3558286b3ce20b6be5f8ef7bcb9a2bd786ee72b8642,2ac3c9282080849e2e38240082013a8cb136485bf52255430ac1204d5df00907,1.0.0,1528da27758d35786847141c37d0ddb754dddb146aff116a8f3a9a7b07221229,100,pydicom_native,1.2.840.10008.1.2,ABSENT,ABSENT,3072,2540,16,14,13,0,1,MONOCHROME2,1,identity,windowing,ABSENT,False,False,0,False,False,0,1,L,False,True,False,False,False,False
90294c2e98cf161d97c32633e5a67ab1,2749,2750,train/90294c2e98cf161d97c32633e5a67ab1.dicom,images_jpg_pilot/q95/train/90294c2e98cf161d97c32633e5a67ab1.jpg,41c30d746d2218c3d9e2503b34d259a9f3062a778436dca43508118e89cf8959,042094a59b856d7c9f086d06ce14e04d023ac742b59fbb544143c2930b9c110a,images_jpg_pilot/reference_uint8/train/90294c2e98cf161d97c32633e5a67ab1.png,d4bc04a2d07b9b8708d5d9a9f9c9c7344a6e1907ca2d007d6a457136280c7cd7,042094a59b856d7c9f086d06ce14e04d023ac742b59fbb544143c2930b9c110a,True,d060bc3ea9869872fdef66c1492aeb45ac5d61018b4899c6c81d5ec191e1602b,e678901273235aa28cac188c761d390d7a34c356a33ab33c7e5dac50035dfe3c,1.0.0,1528da27758d35786847141c37d0ddb754dddb146aff116a8f3a9a7b07221229,95,pydicom_native,1.2.840.10008.1.2.1,ABSENT,ABSENT,2725,2626,16,12,11,0,1,MONOCHROME2,1,rescale,windowing,ABSENT,False,False,0,False,False,0,1,L,False,True,False,False,False,False
90294c2e98cf161d97c32633e5a67ab1,2749,2750,train/90294c2e98cf161d97c32633e5a67ab1.dicom,images_jpg_pilot/q100/train/90294c2e98cf161d97c32633e5a67ab1.jpg,41c30d746d2218c3d9e2503b34d259a9f3062a778436dca43508118e89cf8959,042094a59b856d7c9f086d06ce14e04d023ac742b59fbb544143c2930b9c110a,images_jpg_pilot/reference_uint8/train/90294c2e98cf161d97c32633e5a67ab1.png,d4bc04a2d07b9b8708d5d9a9f9c9c7344a6e1907ca2d007d6a457136280c7cd7,042094a59b856d7c9f086d06ce14e04d023ac742b59fbb544143c2930b9c110a,True,012edf14ecc22035318bf9b98c360d31eb3023d7d7c6a63738597c19fa494824,e30c1399a897611142ff3eec64ac27783be6362ca6ed86fc4b2117ac9bfd6fbd,1.0.0,1528da27758d35786847141c37d0ddb754dddb146aff116a8f3a9a7b07221229,100,pydicom_native,1.2.840.10008.1.2.1,ABSENT,ABSENT,2725,2626,16,12,11,0,1,MONOCHROME2,1,rescale,windowing,ABSENT,False,False,0,False,False,0,1,L,False,True,False,False,False,False
862f0aaa5644a8a01e86ff585005a259,2570,2571,train/862f0aaa5644a8a01e86ff585005a259.dicom,images_jpg_pilot/q95/train/862f0aaa5644a8a01e86ff585005a259.jpg,7de282839cb0dc0aa4979c03b7496324f01089df9b4aa1d973223c52c2abf9ed,00467fcea4f09dabb59f8e2c6c76df4c3ae0221e521585e895e25009d5153c13,images_jpg_pilot/reference_uint8/train/862f0aaa5644a8a01e86ff585005a259.png,d65b97cf1e038d8d1fb7bbe9ad38e91234cf68c40adb101600306dc8658ac164,00467fcea4f09dabb59f8e2c6c76df4c3ae0221e521585e895e25009d5153c13,True,606eb5ddfd9360f2728806e6bb61c243b6c0fa53bf16296e55d112eca6a3e5c8,646807c83b7f7320df81bfef93235fb1b355cc191240d2affcdab905a7a58f09,1.0.0,1528da27758d35786847141c37d0ddb754dddb146aff116a8f3a9a7b07221229,95,pillow:pillow,1.2.840.10008.1.2.4.90,ABSENT,ABSENT,2880,2304,16,12,11,0,1,MONOCHROME1,1,rescale,windowing,ABSENT,False,True,1,False,False,0,1,L,False,True,False,False,False,False
862f0aaa5644a8a01e86ff585005a259,2570,2571,train/862f0aaa5644a8a01e86ff585005a259.dicom,images_jpg_pilot/q100/train/862f0aaa5644a8a01e86ff585005a259.jpg,7de282839cb0dc0aa4979c03b7496324f01089df9b4aa1d973223c52c2abf9ed,00467fcea4f09dabb59f8e2c6c76df4c3ae0221e521585e895e25009d5153c13,images_jpg_pilot/reference_uint8/train/862f0aaa5644a8a01e86ff585005a259.png,d65b97cf1e038d8d1fb7bbe9ad38e91234cf68c40adb101600306dc8658ac164,00467fcea4f09dabb59f8e2c6c76df4c3ae0221e521585e895e25009d5153c13,True,9638717bea4fb7021b52c3259c90819572a0e4b20552bf6c927dcc110636fdc6,4546e9a9374ee03d83485253a71e5c88ea25fce30d705a9844c1ffc3610b7981,1.0.0,1528da27758d35786847141c37d0ddb754dddb146aff116a8f3a9a7b07221229,100,pillow:pillow,1.2.840.10008.1.2.4.90,ABSENT,ABSENT,2880,2304,16,12,11,0,1,MONOCHROME1,1,rescale,windowing,ABSENT,False,True,1,False,False,0,1,L,False,True,False,False,False,False
d2e80d6cae14b72a824f1ac625d23472,4035,4036,train/d2e80d6cae14b72a824f1ac625d23472.dicom,images_jpg_pilot/q95/train/d2e80d6cae14b72a824f1ac625d23472.jpg,f0d4e7423e8eb8e5d38eedb09349f97f40172e71bde4af9a7afa36e8d1dc1c4f,0c1d8669b1afaa64251d264b2632cb016be2f8037c93b16d394f7c4dfb31f728,images_jpg_pilot/reference_uint8/train/d2e80d6cae14b72a824f1ac625d23472.png,4426f4c984ccc29ab5cfec49e6bd09970c763ce95c678e3dee06cb72a64acd4d,0c1d8669b1afaa64251d264b2632cb016be2f8037c93b16d394f7c4dfb31f728,True,ff0cb43c5b5c024665ba3435650878346a7d7405da5079939319b74178b11828,7a4eeb7efcc380d1f11c439a7d7574935c5312572c92b420e61452517459ffee,1.0.0,1528da27758d35786847141c37d0ddb754dddb146aff116a8f3a9a7b07221229,95,pillow:pillow,1.2.840.10008.1.2.4.90,ABSENT,ABSENT,3000,3000,16,12,11,0,1,MONOCHROME2,1,rescale,windowing,ABSENT,False,False,0,False,False,0,1,L,False,True,False,False,False,False
d2e80d6cae14b72a824f1ac625d23472,4035,4036,train/d2e80d6cae14b72a824f1ac625d23472.dicom,images_jpg_pilot/q100/train/d2e80d6cae14b72a824f1ac625d23472.jpg,f0d4e7423e8eb8e5d38eedb09349f97f40172e71bde4af9a7afa36e8d1dc1c4f,0c1d8669b1afaa64251d264b2632cb016be2f8037c93b16d394f7c4dfb31f728,images_jpg_pilot/reference_uint8/train/d2e80d6cae14b72a824f1ac625d23472.png,4426f4c984ccc29ab5cfec49e6bd09970c763ce95c678e3dee06cb72a64acd4d,0c1d8669b1afaa64251d264b2632cb016be2f8037c93b16d394f7c4dfb31f728,True,70165ba6dc26feab739a035217562af16dc5040316628f204e4b2d097592f17c,bf2e1bcf6e77f050a9d1830a6ac086cae167d5bfd5ac20b461eab8154dd134ba,1.0.0,1528da27758d35786847141c37d0ddb754dddb146aff116a8f3a9a7b07221229,100,pillow:pillow,1.2.840.10008.1.2.4.90,ABSENT,ABSENT,3000,3000,16,12,11,0,1,MONOCHROME2,1,rescale,windowing,ABSENT,False,False,0,False,False,0,1,L,False,True,False,False,False,False
8b09d4ec88d8372bded8547543dbbf24,2659,2660,train/8b09d4ec88d8372bded8547543dbbf24.dicom,images_jpg_pilot/q95/train/8b09d4ec88d8372bded8547543dbbf24.jpg,01f5ca06976af493e838c69ac4a0f8bd767e259174264a4d3cab698c03662dea,2c3212b51970cb96ee4830c4715bb28bf7d0eaab08fc23a0365a888653dcfbf2,images_jpg_pilot/reference_uint8/train/8b09d4ec88d8372bded8547543dbbf24.png,6589dcfab37d85679ca4044c32276a46e53b90c17ee0435d11369c46d051f911,2c3212b51970cb96ee4830c4715bb28bf7d0eaab08fc23a0365a888653dcfbf2,True,149431536693e7a30ff63210cdd2742e6be324e7e4cadeacbb85c259140d991a,6cde8b6ff1dc8eefcba4917170392cae66bbe6e15bb1f1540f6ec3c91779e653,1.0.0,1528da27758d35786847141c37d0ddb754dddb146aff116a8f3a9a7b07221229,95,pydicom_native,1.2.840.10008.1.2,ABSENT,ABSENT,2937,2600,16,12,11,0,1,MONOCHROME2,1,rescale,windowing,ABSENT,False,False,0,False,False,0,1,L,False,True,False,False,False,False
8b09d4ec88d8372bded8547543dbbf24,2659,2660,train/8b09d4ec88d8372bded8547543dbbf24.dicom,images_jpg_pilot/q100/train/8b09d4ec88d8372bded8547543dbbf24.jpg,01f5ca06976af493e838c69ac4a0f8bd767e259174264a4d3cab698c03662dea,2c3212b51970cb96ee4830c4715bb28bf7d0eaab08fc23a0365a888653dcfbf2,images_jpg_pilot/reference_uint8/train/8b09d4ec88d8372bded8547543dbbf24.png,6589dcfab37d85679ca4044c32276a46e53b90c17ee0435d11369c46d051f911,2c3212b51970cb96ee4830c4715bb28bf7d0eaab08fc23a0365a888653dcfbf2,True,0cdfe9a68d057fb46b61864aa125843d981b996645325ef600ce5b9166f3895b,962aa038a56106122cdb9301ebc98b9642edef5ad3da28a021d5b009e7269033,1.0.0,1528da27758d35786847141c37d0ddb754dddb146aff116a8f3a9a7b07221229,100,pydicom_native,1.2.840.10008.1.2,ABSENT,ABSENT,2937,2600,16,12,11,0,1,MONOCHROME2,1,rescale,windowing,ABSENT,False,False,0,False,False,0,1,L,False,True,False,False,False,False
b0bef1b57611726c4b0c636264fe5061,3402,3403,train/b0bef1b57611726c4b0c636264fe5061.dicom,images_jpg_pilot/q95/train/b0bef1b57611726c4b0c636264fe5061.jpg,5fa59bcff69b749b87dbfb94720a0dcae4ae0f09d984a7758d2ee13c4164ade9,ad6c0a47989576f87ca13b3a96fb09f56d166b9e2c30760b78c84b40dc507e4a,images_jpg_pilot/reference_uint8/train/b0bef1b57611726c4b0c636264fe5061.png,077650770e0e36b92fa990d812abbaca23edec1f2b316d1055603df499ae551b,ad6c0a47989576f87ca13b3a96fb09f56d166b9e2c30760b78c84b40dc507e4a,True,94d3780391eb042a46e2ba6f2c9e0d3a78f93b17256aea84e94172b19c457cdf,d103b67a184cc49703eba05bdbdd488bcc6e9932d2de6e0d5aa8ec288fb12773,1.0.0,1528da27758d35786847141c37d0ddb754dddb146aff116a8f3a9a7b07221229,95,pillow:pillow,1.2.840.10008.1.2.4.90,ABSENT,ABSENT,2356,2255,16,12,11,0,1,MONOCHROME2,1,rescale,windowing,ABSENT,False,False,0,False,False,0,1,L,False,True,False,False,False,False
b0bef1b57611726c4b0c636264fe5061,3402,3403,train/b0bef1b57611726c4b0c636264fe5061.dicom,images_jpg_pilot/q100/train/b0bef1b57611726c4b0c636264fe5061.jpg,5fa59bcff69b749b87dbfb94720a0dcae4ae0f09d984a7758d2ee13c4164ade9,ad6c0a47989576f87ca13b3a96fb09f56d166b9e2c30760b78c84b40dc507e4a,images_jpg_pilot/reference_uint8/train/b0bef1b57611726c4b0c636264fe5061.png,077650770e0e36b92fa990d812abbaca23edec1f2b316d1055603df499ae551b,ad6c0a47989576f87ca13b3a96fb09f56d166b9e2c30760b78c84b40dc507e4a,True,d51b3b3b036a6985c57a359b8ee7b1b157c00da2b1a22c04b92c8998a199d57c,ab13151cc53aa08da578e151ec2607376035b871a2b80012d705d073b133bd19,1.0.0,1528da27758d35786847141c37d0ddb754dddb146aff116a8f3a9a7b07221229,100,pillow:pillow,1.2.840.10008.1.2.4.90,ABSENT,ABSENT,2356,2255,16,12,11,0,1,MONOCHROME2,1,rescale,windowing,ABSENT,False,False,0,False,False,0,1,L,False,True,False,False,False,False
5156d69e540648eb952371ec5c80bc81,1555,1556,train/5156d69e540648eb952371ec5c80bc81.dicom,images_jpg_pilot/q95/train/5156d69e540648eb952371ec5c80bc81.jpg,1b138ca51173d234aa59f72c41b95d186760481e72c60f6b0b896adfc0a1dd30,328e96491aa980226de35a482735afc4e0af36dac73d387c8a1bca705a53a1d5,images_jpg_pilot/reference_uint8/train/5156d69e540648eb952371ec5c80bc81.png,9bfd4b52639c319b8eb7261151e203569b14ad2ff7f747a8b1ad6048b58572dc,328e96491aa980226de35a482735afc4e0af36dac73d387c8a1bca705a53a1d5,True,4befba6ffc53e349463e693f43d02b834c754a0b906efd594ea058827726a15e,eac9aafa61e3c1cd4c6d874a2ab311c4401a9731b70ff4ff5c47dcd96321c8a7,1.0.0,1528da27758d35786847141c37d0ddb754dddb146aff116a8f3a9a7b07221229,95,pydicom_native,1.2.840.10008.1.2,ABSENT,ABSENT,2551,2931,16,12,11,0,1,MONOCHROME2,1,rescale,windowing,ABSENT,False,False,0,False,False,0,1,L,False,True,False,False,False,False
5156d69e540648eb952371ec5c80bc81,1555,1556,train/5156d69e540648eb952371ec5c80bc81.dicom,images_jpg_pilot/q100/train/5156d69e540648eb952371ec5c80bc81.jpg,1b138ca51173d234aa59f72c41b95d186760481e72c60f6b0b896adfc0a1dd30,328e96491aa980226de35a482735afc4e0af36dac73d387c8a1bca705a53a1d5,images_jpg_pilot/reference_uint8/train/5156d69e540648eb952371ec5c80bc81.png,9bfd4b52639c319b8eb7261151e203569b14ad2ff7f747a8b1ad6048b58572dc,328e96491aa980226de35a482735afc4e0af36dac73d387c8a1bca705a53a1d5,True,0d26a320f710a8ee7f4396b325f64537d873d944613fbe6d45c66e62e604956c,6ce1238b76e4112a835b2fca4a29dbf32ec4ab53c33c7415d9fdc8f51282256b,1.0.0,1528da27758d35786847141c37d0ddb754dddb146aff116a8f3a9a7b07221229,100,pydicom_native,1.2.840.10008.1.2,ABSENT,ABSENT,2551,2931,16,12,11,0,1,MONOCHROME2,1,rescale,windowing,ABSENT,False,False,0,False,False,0,1,L,False,True,False,False,False,False
2fa7906cc0d122c8ef0a654409b5e1d2,916,917,train/2fa7906cc0d122c8ef0a654409b5e1d2.dicom,images_jpg_pilot/q95/train/2fa7906cc0d122c8ef0a654409b5e1d2.jpg,b363186c369ebd7d01cba903e69b9588e985710db968a6fa9d7fb51d49192b2c,6c984d73fd2cd4baf35a05f4aa46d621ba0c8c656d36dd2fb8e650a1f5c55ee3,images_jpg_pilot/reference_uint8/train/2fa7906cc0d122c8ef0a654409b5e1d2.png,3c3f9b28a3f82243e0e91dac7abe2d23c2106028a9846dd5a0a9205b21c13619,6c984d73fd2cd4baf35a05f4aa46d621ba0c8c656d36dd2fb8e650a1f5c55ee3,True,4d19006a44d7319a253b03771e832475a82bd3c659282e97279f43aae64241fc,818c55632c51d8bb816e78240a4289fd4a9e45ce80db56afcb82a9c4e736c70c,1.0.0,1528da27758d35786847141c37d0ddb754dddb146aff116a8f3a9a7b07221229,95,pydicom_native,1.2.840.10008.1.2,ABSENT,ABSENT,3072,2540,16,14,13,0,1,MONOCHROME2,1,identity,windowing,ABSENT,False,False,0,False,False,0,1,L,False,True,False,False,False,False
2fa7906cc0d122c8ef0a654409b5e1d2,916,917,train/2fa7906cc0d122c8ef0a654409b5e1d2.dicom,images_jpg_pilot/q100/train/2fa7906cc0d122c8ef0a654409b5e1d2.jpg,b363186c369ebd7d01cba903e69b9588e985710db968a6fa9d7fb51d49192b2c,6c984d73fd2cd4baf35a05f4aa46d621ba0c8c656d36dd2fb8e650a1f5c55ee3,images_jpg_pilot/reference_uint8/train/2fa7906cc0d122c8ef0a654409b5e1d2.png,3c3f9b28a3f82243e0e91dac7abe2d23c2106028a9846dd5a0a9205b21c13619,6c984d73fd2cd4baf35a05f4aa46d621ba0c8c656d36dd2fb8e650a1f5c55ee3,True,920d7978f3f1f550d783521638a2531482dbb12c70435bc3d802982e49e0f9aa,29f184bd21064116d2c00ae820ef416ddb5a47a8f0074ada3c51a73eedaf1297,1.0.0,1528da27758d35786847141c37d0ddb754dddb146aff116a8f3a9a7b07221229,100,pydicom_native,1.2.840.10008.1.2,ABSENT,ABSENT,3072,2540,16,14,13,0,1,MONOCHROME2,1,identity,windowing,ABSENT,False,False,0,False,False,0,1,L,False,True,False,False,False,False
8d6a0dcadf3c7322e146e729f4ac4ebf,2693,2694,train/8d6a0dcadf3c7322e146e729f4ac4ebf.dicom,images_jpg_pilot/q95/train/8d6a0dcadf3c7322e146e729f4ac4ebf.jpg,6d830d7fd2c184656f46c7a6303c28f80dc99bedd16ad122585d34199169787e,234650b5246f34e3caf141a79b12b786f9448e775899c935d653f9b3d3c2a945,images_jpg_pilot/reference_uint8/train/8d6a0dcadf3c7322e146e729f4ac4ebf.png,be34df9118b096db3df6e4a577ccd65bf26a9122a8f8fbcd22e8be5b4e38d4c8,234650b5246f34e3caf141a79b12b786f9448e775899c935d653f9b3d3c2a945,True,94be36cbf981005dbeae96cd050befbed708980369c9da863e9dbb62e672a139,5516f0cfd4cedadd48277a542a5fab69d4f3318cbb9a386be8e2157500d00db9,1.0.0,1528da27758d35786847141c37d0ddb754dddb146aff116a8f3a9a7b07221229,95,pydicom_native,1.2.840.10008.1.2,ABSENT,ABSENT,2336,1944,16,12,11,0,1,MONOCHROME1,1,identity,theoretical_fallback,ABSENT,False,True,1,False,False,0,1,L,False,True,False,False,False,False
8d6a0dcadf3c7322e146e729f4ac4ebf,2693,2694,train/8d6a0dcadf3c7322e146e729f4ac4ebf.dicom,images_jpg_pilot/q100/train/8d6a0dcadf3c7322e146e729f4ac4ebf.jpg,6d830d7fd2c184656f46c7a6303c28f80dc99bedd16ad122585d34199169787e,234650b5246f34e3caf141a79b12b786f9448e775899c935d653f9b3d3c2a945,images_jpg_pilot/reference_uint8/train/8d6a0dcadf3c7322e146e729f4ac4ebf.png,be34df9118b096db3df6e4a577ccd65bf26a9122a8f8fbcd22e8be5b4e38d4c8,234650b5246f34e3caf141a79b12b786f9448e775899c935d653f9b3d3c2a945,True,5d203858d130c50772aacbd42da8d24e9791eaa0a962817d45056a2defab837f,4105df5c639634bfb018add7d8ee1b7915f4ad36a16fd8054e57894268c1adad,1.0.0,1528da27758d35786847141c37d0ddb754dddb146aff116a8f3a9a7b07221229,100,pydicom_native,1.2.840.10008.1.2,ABSENT,ABSENT,2336,1944,16,12,11,0,1,MONOCHROME1,1,identity,theoretical_fallback,ABSENT,False,True,1,False,False,0,1,L,False,True,False,False,False,False
9c9f556eea533f066368e0f4a452bee7,2999,3000,train/9c9f556eea533f066368e0f4a452bee7.dicom,images_jpg_pilot/q95/train/9c9f556eea533f066368e0f4a452bee7.jpg,02a84c8fa442f22cf85b5bdf868521a5bbfc190d4a6f21ab02753281213e0a37,2723477af0f376290b14d7b98085383abaea149e80f5d076212fc65bfb73085d,images_jpg_pilot/reference_uint8/train/9c9f556eea533f066368e0f4a452bee7.png,6ef35af4d1616c6e54d8d6d2b46b245bca4d6ddffbee00e05db940e3196c0e20,2723477af0f376290b14d7b98085383abaea149e80f5d076212fc65bfb73085d,True,23994809fcbbac18366aa394acbeb50b3d4bac8443d5df9da68deaa1350f108a,338f3215f5d393a1ef024448cad4475c00f22d1b5cecd6ac3081a393591310ec,1.0.0,1528da27758d35786847141c37d0ddb754dddb146aff116a8f3a9a7b07221229,95,pillow:pillow,1.2.840.10008.1.2.4.90,ABSENT,ABSENT,2710,2381,16,14,13,0,1,MONOCHROME2,1,rescale,windowing,ABSENT,False,False,0,False,False,0,1,L,False,True,False,False,False,False
9c9f556eea533f066368e0f4a452bee7,2999,3000,train/9c9f556eea533f066368e0f4a452bee7.dicom,images_jpg_pilot/q100/train/9c9f556eea533f066368e0f4a452bee7.jpg,02a84c8fa442f22cf85b5bdf868521a5bbfc190d4a6f21ab02753281213e0a37,2723477af0f376290b14d7b98085383abaea149e80f5d076212fc65bfb73085d,images_jpg_pilot/reference_uint8/train/9c9f556eea533f066368e0f4a452bee7.png,6ef35af4d1616c6e54d8d6d2b46b245bca4d6ddffbee00e05db940e3196c0e20,2723477af0f376290b14d7b98085383abaea149e80f5d076212fc65bfb73085d,True,5a0381d2f2d2336263d37a0bf5c01617a824c8e4280e1a3608e548e3865857cf,7c6a727cb7b7b4a7cccd5c2265dcbe0cd3a44e94d6851cc07227ffb87e61a091,1.0.0,1528da27758d35786847141c37d0ddb754dddb146aff116a8f3a9a7b07221229,100,pillow:pillow,1.2.840.10008.1.2.4.90,ABSENT,ABSENT,2710,2381,16,14,13,0,1,MONOCHROME2,1,rescale,windowing,ABSENT,False,False,0,False,False,0,1,L,False,True,False,False,False,False
cdfac35a0800774db5fe8a6354df64ef,3934,3935,train/cdfac35a0800774db5fe8a6354df64ef.dicom,images_jpg_pilot/q95/train/cdfac35a0800774db5fe8a6354df64ef.jpg,55fc9408100eae715051fbe498e2d3b741de5a0aad7012265c5a3d188567c1e8,0bda70f9b7922daaf219bd605e3e2664168447e5b515e4cb8eb2c143fd6e15fc,images_jpg_pilot/reference_uint8/train/cdfac35a0800774db5fe8a6354df64ef.png,f5861ffeb6cbed68d7d47627aa9858e6e207da48e58434013180ec198efa6303,0bda70f9b7922daaf219bd605e3e2664168447e5b515e4cb8eb2c143fd6e15fc,True,9b3eb34c5a296612fbd72710132994b42f558582a3c8416e8a69e26ffeacf3c8,b760fc926b7aafeb045b9e99f5e9e78ed33526cbfa5f2b189184a62c3a7c0c91,1.0.0,1528da27758d35786847141c37d0ddb754dddb146aff116a8f3a9a7b07221229,95,pydicom_native,1.2.840.10008.1.2,ABSENT,ABSENT,3072,2540,16,14,13,0,1,MONOCHROME2,1,identity,windowing,ABSENT,False,False,0,False,False,0,1,L,False,True,False,False,False,False
cdfac35a0800774db5fe8a6354df64ef,3934,3935,train/cdfac35a0800774db5fe8a6354df64ef.dicom,images_jpg_pilot/q100/train/cdfac35a0800774db5fe8a6354df64ef.jpg,55fc9408100eae715051fbe498e2d3b741de5a0aad7012265c5a3d188567c1e8,0bda70f9b7922daaf219bd605e3e2664168447e5b515e4cb8eb2c143fd6e15fc,images_jpg_pilot/reference_uint8/train/cdfac35a0800774db5fe8a6354df64ef.png,f5861ffeb6cbed68d7d47627aa9858e6e207da48e58434013180ec198efa6303,0bda70f9b7922daaf219bd605e3e2664168447e5b515e4cb8eb2c143fd6e15fc,True,6fff504a780dc999bafa608cfad847a5a61562e783b255ddb9eb77bb2e22b323,651133a2c0540a44bddf9d5468a24646738dcad8fa0a692a371e85f9485ad6b9,1.0.0,1528da27758d35786847141c37d0ddb754dddb146aff116a8f3a9a7b07221229,100,pydicom_native,1.2.840.10008.1.2,ABSENT,ABSENT,3072,2540,16,14,13,0,1,MONOCHROME2,1,identity,windowing,ABSENT,False,False,0,False,False,0,1,L,False,True,False,False,False,False
fd80612e19d0c248b8477125cba4a350,4854,4855,train/fd80612e19d0c248b8477125cba4a350.dicom,images_jpg_pilot/q95/train/fd80612e19d0c248b8477125cba4a350.jpg,d6a4742ab849325086c962b8035fe18fd0e0761ca56a8000ad37b20783d21c03,414b8f61af565c59215befcab97150e353e347bde22e00aaf432430d7a065e2f,images_jpg_pilot/reference_uint8/train/fd80612e19d0c248b8477125cba4a350.png,0c9e2c794cc1c3be09c15bdec7966ce198a0d63e4a2deae28d5b627f2deabc4f,414b8f61af565c59215befcab97150e353e347bde22e00aaf432430d7a065e2f,True,6cffec0bbb6f8e24c133364e81318401ef265e682629fcf245c4feb847d6364e,5ffe6b16ed1854d078cb54b1c3ed588f410b3e5174b722012a9c6910cfd5eed1,1.0.0,1528da27758d35786847141c37d0ddb754dddb146aff116a8f3a9a7b07221229,95,pillow:pillow,1.2.840.10008.1.2.4.90,ABSENT,ABSENT,2880,2304,16,12,11,0,1,MONOCHROME1,1,rescale,windowing,ABSENT,False,True,1,False,False,0,1,L,False,True,False,False,False,False
fd80612e19d0c248b8477125cba4a350,4854,4855,train/fd80612e19d0c248b8477125cba4a350.dicom,images_jpg_pilot/q100/train/fd80612e19d0c248b8477125cba4a350.jpg,d6a4742ab849325086c962b8035fe18fd0e0761ca56a8000ad37b20783d21c03,414b8f61af565c59215befcab97150e353e347bde22e00aaf432430d7a065e2f,images_jpg_pilot/reference_uint8/train/fd80612e19d0c248b8477125cba4a350.png,0c9e2c794cc1c3be09c15bdec7966ce198a0d63e4a2deae28d5b627f2deabc4f,414b8f61af565c59215befcab97150e353e347bde22e00aaf432430d7a065e2f,True,2b3ee8efa7914ead67e657bb0f3bfffc236a0a7a3d89b1c72e46bcf956d16c46,5f76f2c22fba5023abb831848c6451af88ad24d5e9475b668c71271c5d068b35,1.0.0,1528da27758d35786847141c37d0ddb754dddb146aff116a8f3a9a7b07221229,100,pillow:pillow,1.2.840.10008.1.2.4.90,ABSENT,ABSENT,2880,2304,16,12,11,0,1,MONOCHROME1,1,rescale,windowing,ABSENT,False,True,1,False,False,0,1,L,False,True,False,False,False,False
18e91ea53a6b6829c70ae2d762605c21,474,475,train/18e91ea53a6b6829c70ae2d762605c21.dicom,images_jpg_pilot/q95/train/18e91ea53a6b6829c70ae2d762605c21.jpg,fa7d5f4b4214253e76431712effb32724c1ba95dbd4e51502f4f26f3283dcb76,cf567825d1cfddb3dcdec8c7182df9eaeae30e2fa86bdc2d8c02204030088f43,images_jpg_pilot/reference_uint8/train/18e91ea53a6b6829c70ae2d762605c21.png,fd61e41a3a2e07d14625432888c9c4a383a9062c1927d22f60b9c70e2b59ecbd,cf567825d1cfddb3dcdec8c7182df9eaeae30e2fa86bdc2d8c02204030088f43,True,097a131f0c46049e396851076649d59a23d9165d6c3ec98f150438e43ec1a1bb,c4e042ca31808503b718622865d2ebef4ec14b73f4181f08594703b418cbe284,1.0.0,1528da27758d35786847141c37d0ddb754dddb146aff116a8f3a9a7b07221229,95,pydicom_native,1.2.840.10008.1.2,ABSENT,ABSENT,2880,2304,16,12,11,0,1,MONOCHROME1,1,rescale,windowing,ABSENT,False,True,1,False,False,0,1,L,False,True,False,False,False,False
18e91ea53a6b6829c70ae2d762605c21,474,475,train/18e91ea53a6b6829c70ae2d762605c21.dicom,images_jpg_pilot/q100/train/18e91ea53a6b6829c70ae2d762605c21.jpg,fa7d5f4b4214253e76431712effb32724c1ba95dbd4e51502f4f26f3283dcb76,cf567825d1cfddb3dcdec8c7182df9eaeae30e2fa86bdc2d8c02204030088f43,images_jpg_pilot/reference_uint8/train/18e91ea53a6b6829c70ae2d762605c21.png,fd61e41a3a2e07d14625432888c9c4a383a9062c1927d22f60b9c70e2b59ecbd,cf567825d1cfddb3dcdec8c7182df9eaeae30e2fa86bdc2d8c02204030088f43,True,b0957c6d8598f791cc0dea8ed954a98ea39b238050f6c77b342d73c9f113ef60,b22a254da3cf9d0be5be65341f445ea304b5390ee05fa1689862d2a42fc77a1f,1.0.0,1528da27758d35786847141c37d0ddb754dddb146aff116a8f3a9a7b07221229,100,pydicom_native,1.2.840.10008.1.2,ABSENT,ABSENT,2880,2304,16,12,11,0,1,MONOCHROME1,1,rescale,windowing,ABSENT,False,True,1,False,False,0,1,L,False,True,False,False,False,False
15acee7728e6530dfa2bd01521c7148d,412,413,train/15acee7728e6530dfa2bd01521c7148d.dicom,images_jpg_pilot/q95/train/15acee7728e6530dfa2bd01521c7148d.jpg,2e1dbcc66ac427501f70b74cad5677a3d137b7c2c2a1bd6c08c699f1a91a5d1d,0967efb25938f75257ce7f609bf23908467260a6179c35a8cafaf31077eb165e,images_jpg_pilot/reference_uint8/train/15acee7728e6530dfa2bd01521c7148d.png,13585de8b048a767fad738da7bb4c2c3450a246e45660b2550a932ba25dca62f,0967efb25938f75257ce7f609bf23908467260a6179c35a8cafaf31077eb165e,True,3fd0725f7f4918cf5669e79a52887b89c903d80393353a6079d388935cf3012e,8c26b427fd22dec585ed065234b8cb721f62265d89ed6062f306db555d08327c,1.0.0,1528da27758d35786847141c37d0ddb754dddb146aff116a8f3a9a7b07221229,95,pydicom_native,1.2.840.10008.1.2.1,ABSENT,ABSENT,2920,3320,16,12,11,0,1,MONOCHROME2,1,rescale,windowing,ABSENT,False,False,0,False,False,0,1,L,False,True,False,False,False,False
15acee7728e6530dfa2bd01521c7148d,412,413,train/15acee7728e6530dfa2bd01521c7148d.dicom,images_jpg_pilot/q100/train/15acee7728e6530dfa2bd01521c7148d.jpg,2e1dbcc66ac427501f70b74cad5677a3d137b7c2c2a1bd6c08c699f1a91a5d1d,0967efb25938f75257ce7f609bf23908467260a6179c35a8cafaf31077eb165e,images_jpg_pilot/reference_uint8/train/15acee7728e6530dfa2bd01521c7148d.png,13585de8b048a767fad738da7bb4c2c3450a246e45660b2550a932ba25dca62f,0967efb25938f75257ce7f609bf23908467260a6179c35a8cafaf31077eb165e,True,cc38ff272bbc58b30d87b405714067d48413ca60e7a899d6747bfbc1281b742d,92d71e76baad129b016496cb5e87dd74117977239154dc81731fa8df68650682,1.0.0,1528da27758d35786847141c37d0ddb754dddb146aff116a8f3a9a7b07221229,100,pydicom_native,1.2.840.10008.1.2.1,ABSENT,ABSENT,2920,3320,16,12,11,0,1,MONOCHROME2,1,rescale,windowing,ABSENT,False,False,0,False,False,0,1,L,False,True,False,False,False,False
f42000d2ffb02c74c696fba7678c51a6,4676,4677,train/f42000d2ffb02c74c696fba7678c51a6.dicom,images_jpg_pilot/q95/train/f42000d2ffb02c74c696fba7678c51a6.jpg,7f6b33fd6569beeeb5d21f009328484f968ab8000a630710fc01a13fc5cdacb5,11694f0fcae7ec35b9cdfc7ab9f6783d51aee6a1df20281088cd0fa8d2214995,images_jpg_pilot/reference_uint8/train/f42000d2ffb02c74c696fba7678c51a6.png,65ae44e89c2dbf724c2705cc6da95e17a5bbf86483d9591db6de13ae1b76a296,11694f0fcae7ec35b9cdfc7ab9f6783d51aee6a1df20281088cd0fa8d2214995,True,29851d68e851bbb6e148b32f52efa0a2d12ea3fafad3eee960c3eddca4860fb6,cd89209ab19647dd330419f1a94197c583b0085609de382df63719b2d0584315,1.0.0,1528da27758d35786847141c37d0ddb754dddb146aff116a8f3a9a7b07221229,95,pillow:pillow,1.2.840.10008.1.2.4.90,ABSENT,ABSENT,2880,2304,16,12,11,0,1,MONOCHROME1,1,rescale,windowing,ABSENT,False,True,1,False,False,0,1,L,False,True,False,False,False,False
f42000d2ffb02c74c696fba7678c51a6,4676,4677,train/f42000d2ffb02c74c696fba7678c51a6.dicom,images_jpg_pilot/q100/train/f42000d2ffb02c74c696fba7678c51a6.jpg,7f6b33fd6569beeeb5d21f009328484f968ab8000a630710fc01a13fc5cdacb5,11694f0fcae7ec35b9cdfc7ab9f6783d51aee6a1df20281088cd0fa8d2214995,images_jpg_pilot/reference_uint8/train/f42000d2ffb02c74c696fba7678c51a6.png,65ae44e89c2dbf724c2705cc6da95e17a5bbf86483d9591db6de13ae1b76a296,11694f0fcae7ec35b9cdfc7ab9f6783d51aee6a1df20281088cd0fa8d2214995,True,3aa8182d392fa68b9c6fd70d3828e56d60384cc051c4c402a431053fdbea39c9,c2153e786f1a06006d259d1c75f356c122ef4c5cd57da3a684df80736d3e0168,1.0.0,1528da27758d35786847141c37d0ddb754dddb146aff116a8f3a9a7b07221229,100,pillow:pillow,1.2.840.10008.1.2.4.90,ABSENT,ABSENT,2880,2304,16,12,11,0,1,MONOCHROME1,1,rescale,windowing,ABSENT,False,True,1,False,False,0,1,L,False,True,False,False,False,False
3a59363995006fd88ee83584b1e3f6e7,1143,1144,train/3a59363995006fd88ee83584b1e3f6e7.dicom,images_jpg_pilot/q95/train/3a59363995006fd88ee83584b1e3f6e7.jpg,d97f8e7dc7c1189bea082f81053274b9fa92e699b8d68ba87d0ecfe3182dcc1b,4a14dff66ce58419709b7df1789fd1aefd1135acaf7cb863d492c8955a0169d9,images_jpg_pilot/reference_uint8/train/3a59363995006fd88ee83584b1e3f6e7.png,337c4d73154061f30ce21f924e8545731046e4790cebb8d1e68c905ba3a25837,4a14dff66ce58419709b7df1789fd1aefd1135acaf7cb863d492c8955a0169d9,True,c0e904ac2de5a3ae1752488909dabefd3eb5da338e8a6b616a06fd0c9e75e090,9ea2b02cc8ff57071a8b45b3e91da9d64532b7309b51791844e5ad6f5243abb0,1.0.0,1528da27758d35786847141c37d0ddb754dddb146aff116a8f3a9a7b07221229,95,pydicom_native,1.2.840.10008.1.2.1,ABSENT,ABSENT,3290,2377,16,12,11,0,1,MONOCHROME2,1,rescale,windowing,ABSENT,False,False,0,False,False,0,1,L,False,True,False,False,False,False
3a59363995006fd88ee83584b1e3f6e7,1143,1144,train/3a59363995006fd88ee83584b1e3f6e7.dicom,images_jpg_pilot/q100/train/3a59363995006fd88ee83584b1e3f6e7.jpg,d97f8e7dc7c1189bea082f81053274b9fa92e699b8d68ba87d0ecfe3182dcc1b,4a14dff66ce58419709b7df1789fd1aefd1135acaf7cb863d492c8955a0169d9,images_jpg_pilot/reference_uint8/train/3a59363995006fd88ee83584b1e3f6e7.png,337c4d73154061f30ce21f924e8545731046e4790cebb8d1e68c905ba3a25837,4a14dff66ce58419709b7df1789fd1aefd1135acaf7cb863d492c8955a0169d9,True,23074e4a5f6e57ee5fcf073a0d1e8c3b1c69fc5fdf619e1060bf6126f34b766f,da77202b55fbb86d191213153ef661ba1c23e56acc80ad4e466ee86170e2e5d3,1.0.0,1528da27758d35786847141c37d0ddb754dddb146aff116a8f3a9a7b07221229,100,pydicom_native,1.2.840.10008.1.2.1,ABSENT,ABSENT,3290,2377,16,12,11,0,1,MONOCHROME2,1,rescale,windowing,ABSENT,False,False,0,False,False,0,1,L,False,True,False,False,False,False
de15c0fca6c7441dd089122ad074a7f3,4269,4270,train/de15c0fca6c7441dd089122ad074a7f3.dicom,images_jpg_pilot/q95/train/de15c0fca6c7441dd089122ad074a7f3.jpg,21410745eac1b1a007d90acd57fedc886b016dd7bde0306d1c2e4f56f4390a1a,d5ac2f08f36ba63ef0101145f71592efda489c7049d585bf64e8010420b935bb,images_jpg_pilot/reference_uint8/train/de15c0fca6c7441dd089122ad074a7f3.png,ea46dae604f2c3fa14cfb169d3a8cba21a0132ed5e603d33e0b97c68be124401,d5ac2f08f36ba63ef0101145f71592efda489c7049d585bf64e8010420b935bb,True,7e430cb82ff4d0b89b2e04c93849220eaf0aa1ffeb0574d9e4cbb150f2aee20c,a03603774d801b82829874a4ca1c34cbf40c05167a6cee53b1be3214fa086b25,1.0.0,1528da27758d35786847141c37d0ddb754dddb146aff116a8f3a9a7b07221229,95,pillow:pillow,1.2.840.10008.1.2.4.90,ABSENT,ABSENT,2880,2304,16,12,11,0,1,MONOCHROME1,1,rescale,windowing,ABSENT,False,True,1,False,False,0,1,L,False,True,False,False,False,False
de15c0fca6c7441dd089122ad074a7f3,4269,4270,train/de15c0fca6c7441dd089122ad074a7f3.dicom,images_jpg_pilot/q100/train/de15c0fca6c7441dd089122ad074a7f3.jpg,21410745eac1b1a007d90acd57fedc886b016dd7bde0306d1c2e4f56f4390a1a,d5ac2f08f36ba63ef0101145f71592efda489c7049d585bf64e8010420b935bb,images_jpg_pilot/reference_uint8/train/de15c0fca6c7441dd089122ad074a7f3.png,ea46dae604f2c3fa14cfb169d3a8cba21a0132ed5e603d33e0b97c68be124401,d5ac2f08f36ba63ef0101145f71592efda489c7049d585bf64e8010420b935bb,True,a2016a01694eb416c95341a45ceb21677c851534995037c10556f315ca9a697b,b0b91006ad88da08ea2b1b15de7af1bd8ea0f82bc4d092518dc2ec168b0f9e71,1.0.0,1528da27758d35786847141c37d0ddb754dddb146aff116a8f3a9a7b07221229,100,pillow:pillow,1.2.840.10008.1.2.4.90,ABSENT,ABSENT,2880,2304,16,12,11,0,1,MONOCHROME1,1,rescale,windowing,ABSENT,False,True,1,False,False,0,1,L,False,True,False,False,False,False
472b196c9371aa9d6e9d23ccf82936c2,1377,1378,train/472b196c9371aa9d6e9d23ccf82936c2.dicom,images_jpg_pilot/q95/train/472b196c9371aa9d6e9d23ccf82936c2.jpg,905269e4820dd78c1ee3c62ed126e5480a8ddca62f7d37fd119a8694fb43137b,efeef53b646effdb255a91c9c52e1ba3bff87b13cd1d76aae72dca76e3346200,images_jpg_pilot/reference_uint8/train/472b196c9371aa9d6e9d23ccf82936c2.png,e0589f6a53a642139e459c6820120066ea93af8866ec3558217cee3ca6dd3b23,efeef53b646effdb255a91c9c52e1ba3bff87b13cd1d76aae72dca76e3346200,True,a86f079228a7f7879f7953d45ed28ec5c0b629750e6914f9a2625b1cef4aa647,c70e2dc5d92e45136a473478c842155fb3401207714d5246e7c407eef2fe94af,1.0.0,1528da27758d35786847141c37d0ddb754dddb146aff116a8f3a9a7b07221229,95,pydicom_native,1.2.840.10008.1.2,ABSENT,ABSENT,2988,2600,16,12,11,0,1,MONOCHROME2,1,rescale,windowing,ABSENT,False,False,0,False,False,0,1,L,False,True,False,False,False,False
472b196c9371aa9d6e9d23ccf82936c2,1377,1378,train/472b196c9371aa9d6e9d23ccf82936c2.dicom,images_jpg_pilot/q100/train/472b196c9371aa9d6e9d23ccf82936c2.jpg,905269e4820dd78c1ee3c62ed126e5480a8ddca62f7d37fd119a8694fb43137b,efeef53b646effdb255a91c9c52e1ba3bff87b13cd1d76aae72dca76e3346200,images_jpg_pilot/reference_uint8/train/472b196c9371aa9d6e9d23ccf82936c2.png,e0589f6a53a642139e459c6820120066ea93af8866ec3558217cee3ca6dd3b23,efeef53b646effdb255a91c9c52e1ba3bff87b13cd1d76aae72dca76e3346200,True,9ffe3f88a41fb1ec48a1881e6c453b5bd702e8bd07064e55fc25b7e94359b898,2d108a55f84e0426aab5fc5c86e4dcf7f0fff3ea47ada48dfd14925d5d05913e,1.0.0,1528da27758d35786847141c37d0ddb754dddb146aff116a8f3a9a7b07221229,100,pydicom_native,1.2.840.10008.1.2,ABSENT,ABSENT,2988,2600,16,12,11,0,1,MONOCHROME2,1,rescale,windowing,ABSENT,False,False,0,False,False,0,1,L,False,True,False,False,False,False
63236a382e8f97864ea5af5d1c7a5d5a,1887,1888,train/63236a382e8f97864ea5af5d1c7a5d5a.dicom,images_jpg_pilot/q95/train/63236a382e8f97864ea5af5d1c7a5d5a.jpg,68f6f6578d501381f5beb1624992393f31863e7a583c8c6ffe17f341a8270682,2c7a64d88cbb42910e550c8bace396945f3e0079ccafac928e26f0f180778684,images_jpg_pilot/reference_uint8/train/63236a382e8f97864ea5af5d1c7a5d5a.png,f369d83214b8f753b32d2164d198c6894cff4d812d79978e721ee480a05f86d2,2c7a64d88cbb42910e550c8bace396945f3e0079ccafac928e26f0f180778684,True,e2c7c789b3dba588c327afa1421b03081fd5b65fd9150da2856b71eec8da1a83,c7ddac528554c9b1a48e07f3ea78675cd06ee7c62369bf3f28dfb65f20c54860,1.0.0,1528da27758d35786847141c37d0ddb754dddb146aff116a8f3a9a7b07221229,95,pillow:pillow,1.2.840.10008.1.2.4.90,ABSENT,ABSENT,2519,2194,16,14,13,0,1,MONOCHROME2,1,rescale,windowing,ABSENT,False,False,0,False,False,0,1,L,False,True,False,False,False,False
63236a382e8f97864ea5af5d1c7a5d5a,1887,1888,train/63236a382e8f97864ea5af5d1c7a5d5a.dicom,images_jpg_pilot/q100/train/63236a382e8f97864ea5af5d1c7a5d5a.jpg,68f6f6578d501381f5beb1624992393f31863e7a583c8c6ffe17f341a8270682,2c7a64d88cbb42910e550c8bace396945f3e0079ccafac928e26f0f180778684,images_jpg_pilot/reference_uint8/train/63236a382e8f97864ea5af5d1c7a5d5a.png,f369d83214b8f753b32d2164d198c6894cff4d812d79978e721ee480a05f86d2,2c7a64d88cbb42910e550c8bace396945f3e0079ccafac928e26f0f180778684,True,ff50ff3dfd1ed603a86f115590d8feee5b502c2c18e4fec2b999517cef3977eb,390cd233781f14292838fbaba51b865cbcfe46a9fcd4825858888a1504c478af,1.0.0,1528da27758d35786847141c37d0ddb754dddb146aff116a8f3a9a7b07221229,100,pillow:pillow,1.2.840.10008.1.2.4.90,ABSENT,ABSENT,2519,2194,16,14,13,0,1,MONOCHROME2,1,rescale,windowing,ABSENT,False,False,0,False,False,0,1,L,False,True,False,False,False,False
c26185210303f6c638a4ac60e635df21,3734,3735,train/c26185210303f6c638a4ac60e635df21.dicom,images_jpg_pilot/q95/train/c26185210303f6c638a4ac60e635df21.jpg,83df45ac15be62141f6bd6ccbc768a7023aac41389123ef94b1a28dd8faf18dc,13a3cded32f5cfc6396926a9c8e12cd4d6379623edb929c52141e11311949723,images_jpg_pilot/reference_uint8/train/c26185210303f6c638a4ac60e635df21.png,594b3da6b64ced97547b06e46f1055ceb9ee8ac719c146b017ee88d2c9e455ac,13a3cded32f5cfc6396926a9c8e12cd4d6379623edb929c52141e11311949723,True,56ebb43a29fd4a16adad3bb3b3964288520c1d863a5448942e9bdd487f25a4ed,92b6a72e8c61008642c727fe48e7a75ab87e01e6aa4e5bf4f1168306e87ecf44,1.0.0,1528da27758d35786847141c37d0ddb754dddb146aff116a8f3a9a7b07221229,95,pillow:pillow,1.2.840.10008.1.2.4.90,ABSENT,ABSENT,2500,2048,16,12,11,0,1,MONOCHROME2,1,rescale,windowing,ABSENT,False,False,0,False,False,0,1,L,False,True,False,False,False,False
c26185210303f6c638a4ac60e635df21,3734,3735,train/c26185210303f6c638a4ac60e635df21.dicom,images_jpg_pilot/q100/train/c26185210303f6c638a4ac60e635df21.jpg,83df45ac15be62141f6bd6ccbc768a7023aac41389123ef94b1a28dd8faf18dc,13a3cded32f5cfc6396926a9c8e12cd4d6379623edb929c52141e11311949723,images_jpg_pilot/reference_uint8/train/c26185210303f6c638a4ac60e635df21.png,594b3da6b64ced97547b06e46f1055ceb9ee8ac719c146b017ee88d2c9e455ac,13a3cded32f5cfc6396926a9c8e12cd4d6379623edb929c52141e11311949723,True,0e4971717b7adefd22b6e18947ee9c94845feb2b48a17711d1cae233c3625258,2fe0704ee932add3a13b923c73631a2406919dc279af51513edcb1b0c4bb3667,1.0.0,1528da27758d35786847141c37d0ddb754dddb146aff116a8f3a9a7b07221229,100,pillow:pillow,1.2.840.10008.1.2.4.90,ABSENT,ABSENT,2500,2048,16,12,11,0,1,MONOCHROME2,1,rescale,windowing,ABSENT,False,False,0,False,False,0,1,L,False,True,False,False,False,False
aea448a9f33bf9919de6c74e0aa488e7,3369,3370,train/aea448a9f33bf9919de6c74e0aa488e7.dicom,images_jpg_pilot/q95/train/aea448a9f33bf9919de6c74e0aa488e7.jpg,fe54219e482add686d8acd671cc3089c9549f359771b03922a42259af0832516,c9e50ba5d5f1912be2cc8344f85422e4ea653c449ffb62d7942fd985ff8bd37e,images_jpg_pilot/reference_uint8/train/aea448a9f33bf9919de6c74e0aa488e7.png,4089922df3d9fa4a106715a51d773f2ec6bd72476219048b7d4cbb2df88eb5fe,c9e50ba5d5f1912be2cc8344f85422e4ea653c449ffb62d7942fd985ff8bd37e,True,3a571f71d116bf1898584d22869ffa517ea845b7a134013d62fa1147cff1ed1b,e41e194989b25e601af92ebeb2a52b0f345767e8f1c434e940263b99fc338868,1.0.0,1528da27758d35786847141c37d0ddb754dddb146aff116a8f3a9a7b07221229,95,pydicom_native,1.2.840.10008.1.2.1,ABSENT,ABSENT,3297,2893,16,12,11,0,1,MONOCHROME2,1,rescale,windowing,ABSENT,False,False,0,False,False,0,1,L,False,True,False,False,False,False
aea448a9f33bf9919de6c74e0aa488e7,3369,3370,train/aea448a9f33bf9919de6c74e0aa488e7.dicom,images_jpg_pilot/q100/train/aea448a9f33bf9919de6c74e0aa488e7.jpg,fe54219e482add686d8acd671cc3089c9549f359771b03922a42259af0832516,c9e50ba5d5f1912be2cc8344f85422e4ea653c449ffb62d7942fd985ff8bd37e,images_jpg_pilot/reference_uint8/train/aea448a9f33bf9919de6c74e0aa488e7.png,4089922df3d9fa4a106715a51d773f2ec6bd72476219048b7d4cbb2df88eb5fe,c9e50ba5d5f1912be2cc8344f85422e4ea653c449ffb62d7942fd985ff8bd37e,True,a67bf1ed3da2d2a298d23f74fdb238521e7b0876218f0e9c66de5f1fba67b658,8d3401f8899da89560e16005756ee0b27007064f9d3c3531712db8b7651c6468,1.0.0,1528da27758d35786847141c37d0ddb754dddb146aff116a8f3a9a7b07221229,100,pydicom_native,1.2.840.10008.1.2.1,ABSENT,ABSENT,3297,2893,16,12,11,0,1,MONOCHROME2,1,rescale,windowing,ABSENT,False,False,0,False,False,0,1,L,False,True,False,False,False,False
5e7edf8a5f636b67a2a854b284360cfa,1800,1801,train/5e7edf8a5f636b67a2a854b284360cfa.dicom,images_jpg_pilot/q95/train/5e7edf8a5f636b67a2a854b284360cfa.jpg,88f02e210b2fb0cf0e484d2309de04bec4829f66d27973e66c855c0ab2a9f889,90f3a68788e5199c3c5c19a4a4ab7f7584b665fc764725dde4e465a53c9edf5d,images_jpg_pilot/reference_uint8/train/5e7edf8a5f636b67a2a854b284360cfa.png,9191641b2c4a83eddabee0d37a7f25288e08e63d8205257fd276d701bc318e2c,90f3a68788e5199c3c5c19a4a4ab7f7584b665fc764725dde4e465a53c9edf5d,True,2e1238320ee77f19503d419eebf1e428067391adf4ff5afa19abd137c145b3f4,d8ef531e8ab3e84137f12ec6d08a74a332542d56ba19968fb18d721776d456ea,1.0.0,1528da27758d35786847141c37d0ddb754dddb146aff116a8f3a9a7b07221229,95,pydicom_native,1.2.840.10008.1.2,ABSENT,ABSENT,3072,2540,16,14,13,0,1,MONOCHROME2,1,identity,windowing,ABSENT,False,False,0,False,False,0,1,L,False,True,False,False,False,False
5e7edf8a5f636b67a2a854b284360cfa,1800,1801,train/5e7edf8a5f636b67a2a854b284360cfa.dicom,images_jpg_pilot/q100/train/5e7edf8a5f636b67a2a854b284360cfa.jpg,88f02e210b2fb0cf0e484d2309de04bec4829f66d27973e66c855c0ab2a9f889,90f3a68788e5199c3c5c19a4a4ab7f7584b665fc764725dde4e465a53c9edf5d,images_jpg_pilot/reference_uint8/train/5e7edf8a5f636b67a2a854b284360cfa.png,9191641b2c4a83eddabee0d37a7f25288e08e63d8205257fd276d701bc318e2c,90f3a68788e5199c3c5c19a4a4ab7f7584b665fc764725dde4e465a53c9edf5d,True,6b9dfa3c234ee06a6513caef0ea0cc1263f10f845c4fc07ba3f98b8a2eee36a5,d21d066ff881ecd02a96f487b75844295413c17954120a078b2abcea06f6387b,1.0.0,1528da27758d35786847141c37d0ddb754dddb146aff116a8f3a9a7b07221229,100,pydicom_native,1.2.840.10008.1.2,ABSENT,ABSENT,3072,2540,16,14,13,0,1,MONOCHROME2,1,identity,windowing,ABSENT,False,False,0,False,False,0,1,L,False,True,False,False,False,False
afb6230703512afc370f236e8fe98806,3386,3387,train/afb6230703512afc370f236e8fe98806.dicom,images_jpg_pilot/q95/train/afb6230703512afc370f236e8fe98806.jpg,d1063d0959fdb8ea0518c1cbc3e1b17014bccd35a91ee50c63db1ea944b38de3,01753ce8da5f9ae3137c4ca4d89977fbd546d6a613ed08b15a44e4976d758c39,images_jpg_pilot/reference_uint8/train/afb6230703512afc370f236e8fe98806.png,2896ec57a1d5772f3366bbd594b8b22572b59b74fd2ce47b0d951800995f44a7,01753ce8da5f9ae3137c4ca4d89977fbd546d6a613ed08b15a44e4976d758c39,True,5d197a8d98c363341dcaed6b169462bfd5d1d8dcf5a4ef961a5ea81bf1b46be0,1919b611788a860bc3ca78e1ce13a6446289dc30c36465f566fbb919e7c84a64,1.0.0,1528da27758d35786847141c37d0ddb754dddb146aff116a8f3a9a7b07221229,95,pydicom_native,1.2.840.10008.1.2,ABSENT,ABSENT,3072,2540,16,14,13,0,1,MONOCHROME2,1,identity,windowing,ABSENT,False,False,0,False,False,0,1,L,False,True,False,False,False,False
afb6230703512afc370f236e8fe98806,3386,3387,train/afb6230703512afc370f236e8fe98806.dicom,images_jpg_pilot/q100/train/afb6230703512afc370f236e8fe98806.jpg,d1063d0959fdb8ea0518c1cbc3e1b17014bccd35a91ee50c63db1ea944b38de3,01753ce8da5f9ae3137c4ca4d89977fbd546d6a613ed08b15a44e4976d758c39,images_jpg_pilot/reference_uint8/train/afb6230703512afc370f236e8fe98806.png,2896ec57a1d5772f3366bbd594b8b22572b59b74fd2ce47b0d951800995f44a7,01753ce8da5f9ae3137c4ca4d89977fbd546d6a613ed08b15a44e4976d758c39,True,7973b69660e4b09da67716986f93e1e334be86050863622fdfc16f9e01ed8db0,3b7a7b8028dc2e3e217bc72f3ee7dc1e4aa5e6f3720aa315e45827f3aaf39cc9,1.0.0,1528da27758d35786847141c37d0ddb754dddb146aff116a8f3a9a7b07221229,100,pydicom_native,1.2.840.10008.1.2,ABSENT,ABSENT,3072,2540,16,14,13,0,1,MONOCHROME2,1,identity,windowing,ABSENT,False,False,0,False,False,0,1,L,False,True,False,False,False,False
a330d6606525415c5e462b9e13ca8452,3122,3123,train/a330d6606525415c5e462b9e13ca8452.dicom,images_jpg_pilot/q95/train/a330d6606525415c5e462b9e13ca8452.jpg,b414456d17922436241c5209b692f7fafe81aff3541cda7e544e84a43de06d83,ab944abcede89a2b7a686b97c3be60a790254265bfd064d08fe5d76bf6cf6d29,images_jpg_pilot/reference_uint8/train/a330d6606525415c5e462b9e13ca8452.png,3b330f701109ccac8d3e0dbadef5d7bd729326aad97a0b156f801ea2f371045f,ab944abcede89a2b7a686b97c3be60a790254265bfd064d08fe5d76bf6cf6d29,True,aec52dc66ce23533bd10984b6510a2d29cf1b5cb50ac4c6820275a480e62cf8f,b35e69ef904101ae880d9e5ca3c84ed3b4583e5a227a5944dd0ff6368c141c25,1.0.0,1528da27758d35786847141c37d0ddb754dddb146aff116a8f3a9a7b07221229,95,pydicom_native,1.2.840.10008.1.2,ABSENT,ABSENT,3035,2796,16,12,11,0,1,MONOCHROME2,1,rescale,windowing,ABSENT,False,False,0,False,False,0,1,L,False,True,False,False,False,False
a330d6606525415c5e462b9e13ca8452,3122,3123,train/a330d6606525415c5e462b9e13ca8452.dicom,images_jpg_pilot/q100/train/a330d6606525415c5e462b9e13ca8452.jpg,b414456d17922436241c5209b692f7fafe81aff3541cda7e544e84a43de06d83,ab944abcede89a2b7a686b97c3be60a790254265bfd064d08fe5d76bf6cf6d29,images_jpg_pilot/reference_uint8/train/a330d6606525415c5e462b9e13ca8452.png,3b330f701109ccac8d3e0dbadef5d7bd729326aad97a0b156f801ea2f371045f,ab944abcede89a2b7a686b97c3be60a790254265bfd064d08fe5d76bf6cf6d29,True,c922a285426795ac9808219e8dcae6d15a5747ed74e25767effb11f9779925e1,4d96110d306c69ded56165aada2ce4fcca6de095026a8dfb6916f57c3ebfac1d,1.0.0,1528da27758d35786847141c37d0ddb754dddb146aff116a8f3a9a7b07221229,100,pydicom_native,1.2.840.10008.1.2,ABSENT,ABSENT,3035,2796,16,12,11,0,1,MONOCHROME2,1,rescale,windowing,ABSENT,False,False,0,False,False,0,1,L,False,True,False,False,False,False
93cb971f3c5504f1362de4367f9199d1,2841,2842,train/93cb971f3c5504f1362de4367f9199d1.dicom,images_jpg_pilot/q95/train/93cb971f3c5504f1362de4367f9199d1.jpg,3f72f85b41e2726db7903daec5cc0244455d68ce99b0932d3440ca8508953600,618f549de73d9429b228fc0aa76c344304f9705c121bd53555f2193e3bca625b,images_jpg_pilot/reference_uint8/train/93cb971f3c5504f1362de4367f9199d1.png,62b0a589262743f5188645260705ea8187df13f58056180911aacd8d617073e5,618f549de73d9429b228fc0aa76c344304f9705c121bd53555f2193e3bca625b,True,3242b61a1195ed120c3f066045cb0e76741553fba9f183ac6511e2efdd094871,cc12fabaa64b4a834b1f3491e2bb3fab59b76bda54cd83e357424a4ba67329fe,1.0.0,1528da27758d35786847141c37d0ddb754dddb146aff116a8f3a9a7b07221229,95,pillow:pillow,1.2.840.10008.1.2.4.90,ABSENT,ABSENT,2443,2208,16,16,15,0,1,MONOCHROME2,1,identity,windowing,ABSENT,False,False,0,False,False,0,1,L,False,True,False,False,False,False
93cb971f3c5504f1362de4367f9199d1,2841,2842,train/93cb971f3c5504f1362de4367f9199d1.dicom,images_jpg_pilot/q100/train/93cb971f3c5504f1362de4367f9199d1.jpg,3f72f85b41e2726db7903daec5cc0244455d68ce99b0932d3440ca8508953600,618f549de73d9429b228fc0aa76c344304f9705c121bd53555f2193e3bca625b,images_jpg_pilot/reference_uint8/train/93cb971f3c5504f1362de4367f9199d1.png,62b0a589262743f5188645260705ea8187df13f58056180911aacd8d617073e5,618f549de73d9429b228fc0aa76c344304f9705c121bd53555f2193e3bca625b,True,a60e1c1c6b9fdde3505046d30a87d43b9344bfffc7f9ceecafd163c6eb7b6330,9f7bf242cc4ca0953d4c6ba1170c0822721111d58d25731793534dd0bdbe0601,1.0.0,1528da27758d35786847141c37d0ddb754dddb146aff116a8f3a9a7b07221229,100,pillow:pillow,1.2.840.10008.1.2.4.90,ABSENT,ABSENT,2443,2208,16,16,15,0,1,MONOCHROME2,1,identity,windowing,ABSENT,False,False,0,False,False,0,1,L,False,True,False,False,False,False
21cc15968368582b548bdc50f24d1ce5,631,632,train/21cc15968368582b548bdc50f24d1ce5.dicom,images_jpg_pilot/q95/train/21cc15968368582b548bdc50f24d1ce5.jpg,9555c559dacf2fcc054a8e561d96be795b0496a37201f665628b41c8e7bf9824,ff957ae2c5597a17710528e697f33712a7f3d414f0c1342c21340c9c4c3ce8ff,images_jpg_pilot/reference_uint8/train/21cc15968368582b548bdc50f24d1ce5.png,2b3f3884cd3e0b4597259eb5000795640d1aded736c32c660ee1bf9e75a7ceb9,ff957ae2c5597a17710528e697f33712a7f3d414f0c1342c21340c9c4c3ce8ff,True,3ae475c107d3f220a3d790123d64773b1b6459bb976113d93b23a012dae23133,a4003f8b6fdab36bba0b6e881460bef7a61e7953c0652873461ddc98d348dede,1.0.0,1528da27758d35786847141c37d0ddb754dddb146aff116a8f3a9a7b07221229,95,pillow:pillow,1.2.840.10008.1.2.4.90,ABSENT,ABSENT,2880,2304,16,12,11,0,1,MONOCHROME1,1,rescale,windowing,ABSENT,False,True,1,False,False,0,1,L,False,True,False,False,False,False
21cc15968368582b548bdc50f24d1ce5,631,632,train/21cc15968368582b548bdc50f24d1ce5.dicom,images_jpg_pilot/q100/train/21cc15968368582b548bdc50f24d1ce5.jpg,9555c559dacf2fcc054a8e561d96be795b0496a37201f665628b41c8e7bf9824,ff957ae2c5597a17710528e697f33712a7f3d414f0c1342c21340c9c4c3ce8ff,images_jpg_pilot/reference_uint8/train/21cc15968368582b548bdc50f24d1ce5.png,2b3f3884cd3e0b4597259eb5000795640d1aded736c32c660ee1bf9e75a7ceb9,ff957ae2c5597a17710528e697f33712a7f3d414f0c1342c21340c9c4c3ce8ff,True,105626ab0a0fae4ac34e5cfa8e110f4ba18a5d8de0de187f6ac600655c8a22dc,399f461dcd62b6e33488531023e39932592d2aded8ce80c856ce143c400b4b0d,1.0.0,1528da27758d35786847141c37d0ddb754dddb146aff116a8f3a9a7b07221229,100,pillow:pillow,1.2.840.10008.1.2.4.90,ABSENT,ABSENT,2880,2304,16,12,11,0,1,MONOCHROME1,1,rescale,windowing,ABSENT,False,True,1,False,False,0,1,L,False,True,False,False,False,False
ba683c0053ad11332810ecc509b6c17b,3601,3602,train/ba683c0053ad11332810ecc509b6c17b.dicom,images_jpg_pilot/q95/train/ba683c0053ad11332810ecc509b6c17b.jpg,2e069285918752ee4da3ae2f02c3aa3edf3845f93298af01ae824761551f3fa6,e6586199d99f806acf630c56775c406e62c104d3da3f1686548f9edbbf8931ac,images_jpg_pilot/reference_uint8/train/ba683c0053ad11332810ecc509b6c17b.png,875a8128badcabd7317103176ceb6b35d4d16ffdaf7a47e940fc933d2c7ea15f,e6586199d99f806acf630c56775c406e62c104d3da3f1686548f9edbbf8931ac,True,742bc7352de7db2182fe8887c2c3198ce421049503cefe0900ed70f6e1f15d54,73f39a9b69a426a027843c2e58f0061549d89321aeb1d8a5842e8657ffb1cb6e,1.0.0,1528da27758d35786847141c37d0ddb754dddb146aff116a8f3a9a7b07221229,95,pillow:pillow,1.2.840.10008.1.2.4.90,ABSENT,ABSENT,2884,2616,16,14,13,0,1,MONOCHROME2,1,rescale,windowing,ABSENT,False,False,0,False,False,0,1,L,False,True,False,False,False,False
ba683c0053ad11332810ecc509b6c17b,3601,3602,train/ba683c0053ad11332810ecc509b6c17b.dicom,images_jpg_pilot/q100/train/ba683c0053ad11332810ecc509b6c17b.jpg,2e069285918752ee4da3ae2f02c3aa3edf3845f93298af01ae824761551f3fa6,e6586199d99f806acf630c56775c406e62c104d3da3f1686548f9edbbf8931ac,images_jpg_pilot/reference_uint8/train/ba683c0053ad11332810ecc509b6c17b.png,875a8128badcabd7317103176ceb6b35d4d16ffdaf7a47e940fc933d2c7ea15f,e6586199d99f806acf630c56775c406e62c104d3da3f1686548f9edbbf8931ac,True,16ae33c87ac666400df58b6f46302b358f50a65718c208e45a9b7392e8dddbfd,d9d012da355b181e1d5e5a5f28f1006361e9ebe3007188e45265e65852cf44a9,1.0.0,1528da27758d35786847141c37d0ddb754dddb146aff116a8f3a9a7b07221229,100,pillow:pillow,1.2.840.10008.1.2.4.90,ABSENT,ABSENT,2884,2616,16,14,13,0,1,MONOCHROME2,1,rescale,windowing,ABSENT,False,False,0,False,False,0,1,L,False,True,False,False,False,False
513203e29fe43941076e37a945e58c36,1553,1554,train/513203e29fe43941076e37a945e58c36.dicom,images_jpg_pilot/q95/train/513203e29fe43941076e37a945e58c36.jpg,9f6119bd2818bde0a8d500f24df9d178d906b6427ab20d50901d4a7157bc0acb,5e1c3403b1bb80139118795366cdee48d6c8f4a05d752610680835ce3f352066,images_jpg_pilot/reference_uint8/train/513203e29fe43941076e37a945e58c36.png,e71b6a170edeb576784b32c01c901cf9aac54901d5a9077e1c5241018be3c2d8,5e1c3403b1bb80139118795366cdee48d6c8f4a05d752610680835ce3f352066,True,9e876465db6c4919ccd7e481dcd2e1f6fb24b329fc0d1a6bd3bc5f8426138208,1677701c90f518f541d09b108b881841bb04f8f2b87857b3e36a67acb8083d8f,1.0.0,1528da27758d35786847141c37d0ddb754dddb146aff116a8f3a9a7b07221229,95,pillow:pillow,1.2.840.10008.1.2.4.90,ABSENT,ABSENT,2580,2674,16,16,15,0,1,MONOCHROME2,1,identity,windowing,ABSENT,False,False,0,False,False,0,1,L,False,True,False,False,False,False
513203e29fe43941076e37a945e58c36,1553,1554,train/513203e29fe43941076e37a945e58c36.dicom,images_jpg_pilot/q100/train/513203e29fe43941076e37a945e58c36.jpg,9f6119bd2818bde0a8d500f24df9d178d906b6427ab20d50901d4a7157bc0acb,5e1c3403b1bb80139118795366cdee48d6c8f4a05d752610680835ce3f352066,images_jpg_pilot/reference_uint8/train/513203e29fe43941076e37a945e58c36.png,e71b6a170edeb576784b32c01c901cf9aac54901d5a9077e1c5241018be3c2d8,5e1c3403b1bb80139118795366cdee48d6c8f4a05d752610680835ce3f352066,True,670bd1afc00aedc99889c22abaef7bb7ea308472399f9b958d1ee4e5287019ec,067272a31b2b4b4c4d9701f6c3413290219407b277c263f6e272e899aa976c7f,1.0.0,1528da27758d35786847141c37d0ddb754dddb146aff116a8f3a9a7b07221229,100,pillow:pillow,1.2.840.10008.1.2.4.90,ABSENT,ABSENT,2580,2674,16,16,15,0,1,MONOCHROME2,1,identity,windowing,ABSENT,False,False,0,False,False,0,1,L,False,True,False,False,False,False
6d80520d7518642b92a089b028407104,2099,2100,train/6d80520d7518642b92a089b028407104.dicom,images_jpg_pilot/q95/train/6d80520d7518642b92a089b028407104.jpg,fcf66dade80962e3ee24e87a2f5c1704b82796b21e59f570eb102ace42c4a02c,91f99d2986a1f00b98aa5a30e8587f99dfc9dd849517bcdc801558e10be63155,images_jpg_pilot/reference_uint8/train/6d80520d7518642b92a089b028407104.png,c236313b959052af049cc7ff0e12df040d6781e7f726f87e2aa335b96f5d2861,91f99d2986a1f00b98aa5a30e8587f99dfc9dd849517bcdc801558e10be63155,True,8971a2a40a11eeaf55fc35d6bddcd34228876ea84ba853577413358fae7d23dc,9248b3c94bd13ce19caa5692e0645b70e192712c84d5ddf95a65f1f5a4b6f2a6,1.0.0,1528da27758d35786847141c37d0ddb754dddb146aff116a8f3a9a7b07221229,95,pydicom_native,1.2.840.10008.1.2,ABSENT,ABSENT,2500,2048,16,12,11,0,1,MONOCHROME2,1,rescale,windowing,ABSENT,False,False,0,False,False,0,1,L,False,True,False,False,False,False
6d80520d7518642b92a089b028407104,2099,2100,train/6d80520d7518642b92a089b028407104.dicom,images_jpg_pilot/q100/train/6d80520d7518642b92a089b028407104.jpg,fcf66dade80962e3ee24e87a2f5c1704b82796b21e59f570eb102ace42c4a02c,91f99d2986a1f00b98aa5a30e8587f99dfc9dd849517bcdc801558e10be63155,images_jpg_pilot/reference_uint8/train/6d80520d7518642b92a089b028407104.png,c236313b959052af049cc7ff0e12df040d6781e7f726f87e2aa335b96f5d2861,91f99d2986a1f00b98aa5a30e8587f99dfc9dd849517bcdc801558e10be63155,True,3990664e39464c4522ba94624ad6fecfe2d65ab95c85e8b905c585f4569b4b4c,6cdb3b5754505d4218eeade58420419a42201fc7f99044ba8f0331226f2cba30,1.0.0,1528da27758d35786847141c37d0ddb754dddb146aff116a8f3a9a7b07221229,100,pydicom_native,1.2.840.10008.1.2,ABSENT,ABSENT,2500,2048,16,12,11,0,1,MONOCHROME2,1,rescale,windowing,ABSENT,False,False,0,False,False,0,1,L,False,True,False,False,False,False
7ac7db2d39f2342de386188e72cd0a72,2339,2340,train/7ac7db2d39f2342de386188e72cd0a72.dicom,images_jpg_pilot/q95/train/7ac7db2d39f2342de386188e72cd0a72.jpg,3c12576f2fde50e086f6662bd5f1d6b2b1ec4c3a0b95dc8b4b1d29b94ca8c818,bd751402f8d5f6eac1229c78698d30105cb4daf84594a5e12769e1f36f5582cb,images_jpg_pilot/reference_uint8/train/7ac7db2d39f2342de386188e72cd0a72.png,facc49cf493da496e7a19fde6fd9c6087464bb2b7c39c8495e2aaebbe4544b94,bd751402f8d5f6eac1229c78698d30105cb4daf84594a5e12769e1f36f5582cb,True,ec10bc608c89e43b9e4a13dc95d9c68ffe57945a82c88d4f7aa8d9133525b756,ed78ae53b94dc9b57bacd90d485cde0784f49327e2e0d80895d5bfd593b49a8a,1.0.0,1528da27758d35786847141c37d0ddb754dddb146aff116a8f3a9a7b07221229,95,pydicom_native,1.2.840.10008.1.2.1,ABSENT,ABSENT,2894,2478,16,12,11,0,1,MONOCHROME2,1,rescale,windowing,ABSENT,False,False,0,False,False,0,1,L,False,True,False,False,False,False
7ac7db2d39f2342de386188e72cd0a72,2339,2340,train/7ac7db2d39f2342de386188e72cd0a72.dicom,images_jpg_pilot/q100/train/7ac7db2d39f2342de386188e72cd0a72.jpg,3c12576f2fde50e086f6662bd5f1d6b2b1ec4c3a0b95dc8b4b1d29b94ca8c818,bd751402f8d5f6eac1229c78698d30105cb4daf84594a5e12769e1f36f5582cb,images_jpg_pilot/reference_uint8/train/7ac7db2d39f2342de386188e72cd0a72.png,facc49cf493da496e7a19fde6fd9c6087464bb2b7c39c8495e2aaebbe4544b94,bd751402f8d5f6eac1229c78698d30105cb4daf84594a5e12769e1f36f5582cb,True,9bf00eaa14f4288922da09cdca0cb6e97ca46e9b8ccab3c3f874df7e0ad48e11,6c8433a78d0070b6e2c2208cf4084d2de67d9455b4a09dc3c9e1c54538d3384f,1.0.0,1528da27758d35786847141c37d0ddb754dddb146aff116a8f3a9a7b07221229,100,pydicom_native,1.2.840.10008.1.2.1,ABSENT,ABSENT,2894,2478,16,12,11,0,1,MONOCHROME2,1,rescale,windowing,ABSENT,False,False,0,False,False,0,1,L,False,True,False,False,False,False
7b87ff45f630da27a103b7e587bc6fd1,2357,2358,train/7b87ff45f630da27a103b7e587bc6fd1.dicom,images_jpg_pilot/q95/train/7b87ff45f630da27a103b7e587bc6fd1.jpg,320bfe3678f492b88785d869d103d2c853fc0bd92f1cd8927e375f67b1b7e175,64cf153d775a55523107d061c77c4745a9b16bb5b4d34ae16616ef28895f2fdc,images_jpg_pilot/reference_uint8/train/7b87ff45f630da27a103b7e587bc6fd1.png,444c643a4d788a27433a4e0f594135cc125ff8243d5a59ed44b5eaa0d26faeca,64cf153d775a55523107d061c77c4745a9b16bb5b4d34ae16616ef28895f2fdc,True,4f9ed14e61ad66dc1559cf8ff377d2e975435da82f58b7e1dbbfb151cbf51380,05f1b9e1d5b6f761e2273a67eb2b9e3a2f86b3fa9f0c132ebc718f8a59c0e6d0,1.0.0,1528da27758d35786847141c37d0ddb754dddb146aff116a8f3a9a7b07221229,95,pydicom_native,1.2.840.10008.1.2,ABSENT,ABSENT,3072,3072,16,14,13,0,1,MONOCHROME2,1,identity,windowing,ABSENT,False,False,0,False,False,0,1,L,False,True,False,False,False,False
7b87ff45f630da27a103b7e587bc6fd1,2357,2358,train/7b87ff45f630da27a103b7e587bc6fd1.dicom,images_jpg_pilot/q100/train/7b87ff45f630da27a103b7e587bc6fd1.jpg,320bfe3678f492b88785d869d103d2c853fc0bd92f1cd8927e375f67b1b7e175,64cf153d775a55523107d061c77c4745a9b16bb5b4d34ae16616ef28895f2fdc,images_jpg_pilot/reference_uint8/train/7b87ff45f630da27a103b7e587bc6fd1.png,444c643a4d788a27433a4e0f594135cc125ff8243d5a59ed44b5eaa0d26faeca,64cf153d775a55523107d061c77c4745a9b16bb5b4d34ae16616ef28895f2fdc,True,0b24a085e5f4ade23ccabd4f44b94580a745479e38bbfb592c21a51e88e0625d,c6a4b8db0eb106002babc5b8d4c0d82195a24e4879816bf8c102e221e47ed67e,1.0.0,1528da27758d35786847141c37d0ddb754dddb146aff116a8f3a9a7b07221229,100,pydicom_native,1.2.840.10008.1.2,ABSENT,ABSENT,3072,3072,16,14,13,0,1,MONOCHROME2,1,identity,windowing,ABSENT,False,False,0,False,False,0,1,L,False,True,False,False,False,False
