coco_image_id,canonical_image_id,original_image_id,file_name,is_negative,canonical_bbox_count,coco_annotation_count,count_match
1,0,0005e8e3701dfb1dd93d53e2ff537b6e,train/0005e8e3701dfb1dd93d53e2ff537b6e.dicom,False,5,5,True
2,1,0007d316f756b3fa0baea2ff514ce945,train/0007d316f756b3fa0baea2ff514ce945.dicom,False,11,11,True
3,2,000d68e42b71d3eac10ccc077aba07c1,train/000d68e42b71d3eac10ccc077aba07c1.dicom,False,16,16,True
4,3,00150343289f317a0ad5629d5b7d9ef9,train/00150343289f317a0ad5629d5b7d9ef9.dicom,False,17,17,True
5,4,001d127bad87592efe45a5c7678f8b8d,train/001d127bad87592efe45a5c7678f8b8d.dicom,False,6,6,True
6,5,00291f7aff0123ea76a59998effef229,train/00291f7aff0123ea76a59998effef229.dicom,True,0,0,True
7,6,0046f681f078851293c4e710c4466058,train/0046f681f078851293c4e710c4466058.dicom,False,11,11,True
8,7,004d2bc2111d639f5e8441ced52d55cb,train/004d2bc2111d639f5e8441ced52d55cb.dicom,True,0,0,True
9,8,0061cf6d35e253b6e7f03940592cc35e,train/0061cf6d35e253b6e7f03940592cc35e.dicom,False,7,7,True
10,9,00675cd546313f912cadd4ad54415d69,train/00675cd546313f912cadd4ad54415d69.dicom,False,6,6,True
11,10,008b3176a7248a0a189b5731ac8d2e95,train/008b3176a7248a0a189b5731ac8d2e95.dicom,False,12,12,True
12,11,009d4c31ebf87e51c5c8c160a4bd8006,train/009d4c31ebf87e51c5c8c160a4bd8006.dicom,False,9,9,True
13,12,009d837e29ba400e03856cf8d6a5b545,train/009d837e29ba400e03856cf8d6a5b545.dicom,False,5,5,True
14,13,00a9f697d85a506d5b281f588addce4e,train/00a9f697d85a506d5b281f588addce4e.dicom,True,0,0,True
15,14,00aca42a24e4ea6066cca2546150c36e,train/00aca42a24e4ea6066cca2546150c36e.dicom,False,9,9,True
16,15,00bcb82818ea83d6a86df241762cd7d0,train/00bcb82818ea83d6a86df241762cd7d0.dicom,False,5,5,True
17,16,00e25f831ccd21bd41b558cfccbf1be7,train/00e25f831ccd21bd41b558cfccbf1be7.dicom,True,0,0,True
18,17,00f2f97f74e086e1f82acc285ee4a5c5,train/00f2f97f74e086e1f82acc285ee4a5c5.dicom,False,8,8,True
19,18,010018c93ed33ae56ed048ee54867e46,train/010018c93ed33ae56ed048ee54867e46.dicom,False,18,18,True
20,19,0108949daa13dc94634a7d650a05c0bb,train/0108949daa13dc94634a7d650a05c0bb.dicom,False,6,6,True
21,20,010a3dbb67bc37800a041866844861b1,train/010a3dbb67bc37800a041866844861b1.dicom,False,8,8,True
22,21,011244ab511b20130d846f5f8f0c3866,train/011244ab511b20130d846f5f8f0c3866.dicom,False,3,3,True
23,22,0114c5cd093c742334d5a5fa14140421,train/0114c5cd093c742334d5a5fa14140421.dicom,False,9,9,True
24,23,011ae9520e81f1efe71c9d954ec07d09,train/011ae9520e81f1efe71c9d954ec07d09.dicom,False,18,18,True
25,24,013893a5fa90241c65c3efcdbdd2cec1,train/013893a5fa90241c65c3efcdbdd2cec1.dicom,False,8,8,True
26,25,014e3dd712dc90f61da7ce8747d8c4c0,train/014e3dd712dc90f61da7ce8747d8c4c0.dicom,False,3,3,True
27,26,01546d3e6175ceaabd7d92f0c566579d,train/01546d3e6175ceaabd7d92f0c566579d.dicom,False,6,6,True
28,27,01570ee44031e4ebab6031501293bf66,train/01570ee44031e4ebab6031501293bf66.dicom,False,7,7,True
29,28,015d74d7d2667a9b93b8909283af38c8,train/015d74d7d2667a9b93b8909283af38c8.dicom,True,0,0,True
30,29,015e332b702e4829710941ab7265bd1d,train/015e332b702e4829710941ab7265bd1d.dicom,False,5,5,True
31,30,0162dad8330007f8f0daf43bcf4033f1,train/0162dad8330007f8f0daf43bcf4033f1.dicom,False,7,7,True
32,31,0187da5fd71c7a2917346bf12a67bbe4,train/0187da5fd71c7a2917346bf12a67bbe4.dicom,False,3,3,True
33,32,01892129d76aaa1f59d4b22df8a14c0b,train/01892129d76aaa1f59d4b22df8a14c0b.dicom,True,0,0,True
34,33,018a2fe44c3451281ec338c27ecc9c53,train/018a2fe44c3451281ec338c27ecc9c53.dicom,False,15,15,True
35,34,018b348fd699821cdbc5bdc0b329982c,train/018b348fd699821cdbc5bdc0b329982c.dicom,False,5,5,True
36,35,018ef9c5d5b20c5161a5c48703171c3b,train/018ef9c5d5b20c5161a5c48703171c3b.dicom,False,3,3,True
37,36,01a3c3d994d85ce5634d2d13c03fd4b0,train/01a3c3d994d85ce5634d2d13c03fd4b0.dicom,False,14,14,True
38,37,01afcfaabc406f0fe1797cb7fa6616c6,train/01afcfaabc406f0fe1797cb7fa6616c6.dicom,False,6,6,True
39,38,01b0510a8d3b0860429536653db5eb21,train/01b0510a8d3b0860429536653db5eb21.dicom,False,8,8,True
40,39,01c2b9fcb0384c84648ed76c736552a8,train/01c2b9fcb0384c84648ed76c736552a8.dicom,False,7,7,True
41,40,01cbbeab94b4d2bfd5cd8a467fee46a7,train/01cbbeab94b4d2bfd5cd8a467fee46a7.dicom,False,9,9,True
42,41,01d6446afde9fbf4332904bc331e9660,train/01d6446afde9fbf4332904bc331e9660.dicom,False,6,6,True
43,42,01ee6e560f083255a630c41bba779405,train/01ee6e560f083255a630c41bba779405.dicom,False,12,12,True
44,43,01f88c998eea22d21ee144bc3edfd261,train/01f88c998eea22d21ee144bc3edfd261.dicom,False,3,3,True
45,44,01fec681f2d698497151a88d6c5205a1,train/01fec681f2d698497151a88d6c5205a1.dicom,False,7,7,True
46,45,020717d6ab0b440b37978d9bace9f9b2,train/020717d6ab0b440b37978d9bace9f9b2.dicom,False,10,10,True
47,46,0211f9fe31142ba1e25fb6a2ea3fea38,train/0211f9fe31142ba1e25fb6a2ea3fea38.dicom,False,8,8,True
48,47,021ed4f8af985c0fc68335abb2cf2ed7,train/021ed4f8af985c0fc68335abb2cf2ed7.dicom,False,3,3,True
49,48,02222df826791117f315ecb2b58c5b69,train/02222df826791117f315ecb2b58c5b69.dicom,False,3,3,True
50,49,023a8b8557d1fd59f272c63be6f3d4c0,train/023a8b8557d1fd59f272c63be6f3d4c0.dicom,False,10,10,True
51,50,024f9140bd829c346fc91fcf4009d251,train/024f9140bd829c346fc91fcf4009d251.dicom,False,23,23,True
52,51,025534801b62d61f1c1c9e571ea74695,train/025534801b62d61f1c1c9e571ea74695.dicom,False,5,5,True
53,52,02562eb68a9c682f5f644fa7a099733f,train/02562eb68a9c682f5f644fa7a099733f.dicom,False,18,18,True
54,53,02617da0a33fe0446a508186417c2646,train/02617da0a33fe0446a508186417c2646.dicom,False,12,12,True
55,54,027c56d37095bcc595ddd429f96902ae,train/027c56d37095bcc595ddd429f96902ae.dicom,False,9,9,True
56,55,028fcc44d3104099480e897541a1ecc3,train/028fcc44d3104099480e897541a1ecc3.dicom,False,9,9,True
57,56,02957c14fee52ac6d0617e6d86275a25,train/02957c14fee52ac6d0617e6d86275a25.dicom,False,5,5,True
58,57,02a4774868d677ef8ecff2168c0161c0,train/02a4774868d677ef8ecff2168c0161c0.dicom,False,14,14,True
59,58,02acf0e7d0932f9c6a06fd4bbe1f5d90,train/02acf0e7d0932f9c6a06fd4bbe1f5d90.dicom,False,7,7,True
60,59,02cbfa27d9e4b1d8c279932cd82e0730,train/02cbfa27d9e4b1d8c279932cd82e0730.dicom,True,0,0,True
61,60,02cd1d17763c869ff3d4af5e28539456,train/02cd1d17763c869ff3d4af5e28539456.dicom,False,12,12,True
62,61,02d9d0c89022adc381c23e72add7c389,train/02d9d0c89022adc381c23e72add7c389.dicom,False,7,7,True
63,62,02de1ec3340e75fd5e7294a84a0342a1,train/02de1ec3340e75fd5e7294a84a0342a1.dicom,False,6,6,True
64,63,02efc4e2e6e71e024fbfecb404a008a4,train/02efc4e2e6e71e024fbfecb404a008a4.dicom,False,6,6,True
65,64,02fe3eea41166a1d3eb75307a12c4a63,train/02fe3eea41166a1d3eb75307a12c4a63.dicom,False,9,9,True
66,65,032111ac5bb2e0cbb9a22745a77eef8f,train/032111ac5bb2e0cbb9a22745a77eef8f.dicom,True,0,0,True
67,66,0339aac16e3dd93ee397315a224147a6,train/0339aac16e3dd93ee397315a224147a6.dicom,False,3,3,True
68,67,033dae57cec0aca171d47090f299bed2,train/033dae57cec0aca171d47090f299bed2.dicom,False,7,7,True
69,68,033e1637bed9b9f3dccac9c6c419adc2,train/033e1637bed9b9f3dccac9c6c419adc2.dicom,False,9,9,True
70,69,03431b577d1ccf075e930c4c4913c079,train/03431b577d1ccf075e930c4c4913c079.dicom,False,5,5,True
71,70,034cf2b503a9a7efe404f000fb988534,train/034cf2b503a9a7efe404f000fb988534.dicom,False,19,19,True
72,71,035480fbf46e946e21e7dce78637c329,train/035480fbf46e946e21e7dce78637c329.dicom,False,8,8,True
73,72,035b53e8aabf8763537a296c291135d1,train/035b53e8aabf8763537a296c291135d1.dicom,False,3,3,True
74,73,036161ca6aa4daa43cc3bc55602e8960,train/036161ca6aa4daa43cc3bc55602e8960.dicom,True,0,0,True
75,74,036b9096b099f0f6c5611da078f73e43,train/036b9096b099f0f6c5611da078f73e43.dicom,False,5,5,True
76,75,03810755ae5721d65884360e3bccbf9b,train/03810755ae5721d65884360e3bccbf9b.dicom,False,6,6,True
77,76,038a7c88fcd819549f430c1fd907658c,train/038a7c88fcd819549f430c1fd907658c.dicom,False,5,5,True
78,77,038fc325ff4aa0a21c76d5dd7c740c89,train/038fc325ff4aa0a21c76d5dd7c740c89.dicom,False,15,15,True
79,78,0391d2388a2442f14d055d5089a747c6,train/0391d2388a2442f14d055d5089a747c6.dicom,False,5,5,True
80,79,039c6997248b3a6ba3c909af35fce0eb,train/039c6997248b3a6ba3c909af35fce0eb.dicom,False,5,5,True
81,80,03a6078c0c12fb076b50ae017e590e19,train/03a6078c0c12fb076b50ae017e590e19.dicom,False,10,10,True
82,81,03cd593a310656563a5aa3886ff30380,train/03cd593a310656563a5aa3886ff30380.dicom,False,9,9,True
83,82,03dd99aa091caee7b0ce8efdf7f274d5,train/03dd99aa091caee7b0ce8efdf7f274d5.dicom,False,6,6,True
84,83,03e6ecfa6f6fb33dfeac6ca4f9b459c9,train/03e6ecfa6f6fb33dfeac6ca4f9b459c9.dicom,False,57,57,True
85,84,03f0bf0a7403c050a7ce574f98fd8ab6,train/03f0bf0a7403c050a7ce574f98fd8ab6.dicom,False,7,7,True
86,85,04031e57794b9e8861e3c65e935f11d2,train/04031e57794b9e8861e3c65e935f11d2.dicom,False,3,3,True
87,86,041081d11262c5f150e655f5e5ff0a2c,train/041081d11262c5f150e655f5e5ff0a2c.dicom,False,3,3,True
88,87,041664dfb960a15686d7e9c4c7b4fd73,train/041664dfb960a15686d7e9c4c7b4fd73.dicom,True,0,0,True
89,88,041762ff7fe435f22ea7541e77bfeafa,train/041762ff7fe435f22ea7541e77bfeafa.dicom,False,8,8,True
90,89,0424e80c4f0cae6ea9e65efeed75d5d0,train/0424e80c4f0cae6ea9e65efeed75d5d0.dicom,True,0,0,True
91,90,044c53b3fd48fc029318fbcee70ae0d1,train/044c53b3fd48fc029318fbcee70ae0d1.dicom,False,8,8,True
92,91,0452d38f45e4e79f91821e88bb812608,train/0452d38f45e4e79f91821e88bb812608.dicom,False,6,6,True
93,92,0453de2faeb8d349af739a68d9dee1cb,train/0453de2faeb8d349af739a68d9dee1cb.dicom,False,6,6,True
94,93,0464251a01ee7eeedd2a537dafc82844,train/0464251a01ee7eeedd2a537dafc82844.dicom,False,3,3,True
95,94,046ad82db74a4155eaff3586b0d1e068,train/046ad82db74a4155eaff3586b0d1e068.dicom,False,17,17,True
96,95,047182a6e86808669f896307dcd550c7,train/047182a6e86808669f896307dcd550c7.dicom,False,4,4,True
97,96,0491b08361fdfb9359cad9d6a078f275,train/0491b08361fdfb9359cad9d6a078f275.dicom,False,5,5,True
98,97,04923676c5e29c25966fbd07fa12e2e8,train/04923676c5e29c25966fbd07fa12e2e8.dicom,False,6,6,True
99,98,04994993c9e416f32ce24c7e7501d3be,train/04994993c9e416f32ce24c7e7501d3be.dicom,False,6,6,True
100,99,04aed38b30c4de9461c8a9940e99d811,train/04aed38b30c4de9461c8a9940e99d811.dicom,False,8,8,True
101,100,04bb8bd7ee6f88a16623fe5c6dd4da91,train/04bb8bd7ee6f88a16623fe5c6dd4da91.dicom,False,9,9,True
102,101,04d1f1f8f52b15520f5895be87884fbd,train/04d1f1f8f52b15520f5895be87884fbd.dicom,False,5,5,True
103,102,04d3efc7a608c4d58edb8c1b7f90a708,train/04d3efc7a608c4d58edb8c1b7f90a708.dicom,False,8,8,True
104,103,04d462de5e02b54e3756875caebda95c,train/04d462de5e02b54e3756875caebda95c.dicom,False,3,3,True
105,104,04e78baf5f049a01b6b4f9a14f0b7c78,train/04e78baf5f049a01b6b4f9a14f0b7c78.dicom,True,0,0,True
106,105,04fbba5834f2abd713e66b3d0e6a678e,train/04fbba5834f2abd713e66b3d0e6a678e.dicom,False,8,8,True
107,106,0501d62912b9a6ff04eae4ffc56affc2,train/0501d62912b9a6ff04eae4ffc56affc2.dicom,False,9,9,True
108,107,0508d7ea85ba9be425657cc04c24a4f8,train/0508d7ea85ba9be425657cc04c24a4f8.dicom,False,4,4,True
109,108,051132a778e61a86eb147c7c6f564dfe,train/051132a778e61a86eb147c7c6f564dfe.dicom,False,7,7,True
110,109,05154c0bdf203a2bd583d95532d0297d,train/05154c0bdf203a2bd583d95532d0297d.dicom,False,5,5,True
111,110,051c2436c0acdb5e09d085c7e4a764f3,train/051c2436c0acdb5e09d085c7e4a764f3.dicom,False,8,8,True
112,111,051d112b55e4c9f9dfa53307cc2ffb62,train/051d112b55e4c9f9dfa53307cc2ffb62.dicom,False,8,8,True
113,112,052cf8f6cb59da96df7386adf8d5f6a0,train/052cf8f6cb59da96df7386adf8d5f6a0.dicom,False,3,3,True
114,113,053700069ddf3c4f1f6c477a48337836,train/053700069ddf3c4f1f6c477a48337836.dicom,False,6,6,True
115,114,053cf0f0a75926ebd53f0265bad6aee4,train/053cf0f0a75926ebd53f0265bad6aee4.dicom,False,14,14,True
116,115,055ea315ae13148aae178aed27fa980d,train/055ea315ae13148aae178aed27fa980d.dicom,False,3,3,True
117,116,05721adb43ab7c061733568b274c006b,train/05721adb43ab7c061733568b274c006b.dicom,False,9,9,True
118,117,059412ad34b2c48179f178e3138b5022,train/059412ad34b2c48179f178e3138b5022.dicom,False,5,5,True
119,118,059ec0fc0d6840cff6e268e46f85faa0,train/059ec0fc0d6840cff6e268e46f85faa0.dicom,False,17,17,True
120,119,05c0c802db4f100de8e2a9fa4aa62d14,train/05c0c802db4f100de8e2a9fa4aa62d14.dicom,False,10,10,True
121,120,05d45c0a96b2c363f8b9a34a1f181c58,train/05d45c0a96b2c363f8b9a34a1f181c58.dicom,False,5,5,True
122,121,05d676834dbed1639cb5eea70c1e307b,train/05d676834dbed1639cb5eea70c1e307b.dicom,False,9,9,True
123,122,05dfd35f424da60897dfafc2340e0891,train/05dfd35f424da60897dfafc2340e0891.dicom,False,9,9,True
124,123,05e0b2465053b685ca37849eac3dd62f,train/05e0b2465053b685ca37849eac3dd62f.dicom,False,21,21,True
125,124,05e64c5b1e5f246ae6e8bc109e557bf4,train/05e64c5b1e5f246ae6e8bc109e557bf4.dicom,False,6,6,True
126,125,05f202ee95a17a4b1e6dbe1916ffe8bf,train/05f202ee95a17a4b1e6dbe1916ffe8bf.dicom,False,5,5,True
127,126,05f4911da872a51502a16e8807ee673f,train/05f4911da872a51502a16e8807ee673f.dicom,False,5,5,True
128,127,06014542a807dabcf30867a2414b5e83,train/06014542a807dabcf30867a2414b5e83.dicom,False,5,5,True
129,128,0608fb82e9965a0a6f3607f93e304d2a,train/0608fb82e9965a0a6f3607f93e304d2a.dicom,False,9,9,True
130,129,061fa33f6ba0028fbbad8caaeac8d145,train/061fa33f6ba0028fbbad8caaeac8d145.dicom,False,16,16,True
131,130,0622cd29e4e0e4f198abf15614819ae8,train/0622cd29e4e0e4f198abf15614819ae8.dicom,False,6,6,True
132,131,063319de25ce7edb9b1c6b8881290140,train/063319de25ce7edb9b1c6b8881290140.dicom,True,0,0,True
133,132,064023f1ff95962a1eee46b9f05f7309,train/064023f1ff95962a1eee46b9f05f7309.dicom,False,19,19,True
134,133,0686521b0b8cf9426f253601b805fb52,train/0686521b0b8cf9426f253601b805fb52.dicom,False,4,4,True
135,134,0690821a2e255ce175bfa7f36e308f63,train/0690821a2e255ce175bfa7f36e308f63.dicom,False,3,3,True
136,135,0697473448bb5e83ac926fe92271e7d8,train/0697473448bb5e83ac926fe92271e7d8.dicom,False,6,6,True
137,136,06b04918044786c36584a86273d72747,train/06b04918044786c36584a86273d72747.dicom,False,5,5,True
138,137,06b2ff94bd0270f543deb7074c2a006a,train/06b2ff94bd0270f543deb7074c2a006a.dicom,False,6,6,True
139,138,06dfb2b996464c7b0e4c5177d433edbe,train/06dfb2b996464c7b0e4c5177d433edbe.dicom,False,9,9,True
140,139,06e523e21ac668629092e85928b176a3,train/06e523e21ac668629092e85928b176a3.dicom,False,6,6,True
141,140,06efcd37617307118fd48b3a493c133b,train/06efcd37617307118fd48b3a493c133b.dicom,False,3,3,True
142,141,06f3c1a8441d61da08aac07558ab5f05,train/06f3c1a8441d61da08aac07558ab5f05.dicom,False,8,8,True
143,142,070d087c1badb18ee110e19cbe158a40,train/070d087c1badb18ee110e19cbe158a40.dicom,False,8,8,True
144,143,070d372757bfbb0cee7d68fd50369fc4,train/070d372757bfbb0cee7d68fd50369fc4.dicom,False,6,6,True
145,144,0710fe2b90ee68e54b84e795abb018df,train/0710fe2b90ee68e54b84e795abb018df.dicom,False,4,4,True
146,145,0712b4f7b21e2a06eacece3cf35e3059,train/0712b4f7b21e2a06eacece3cf35e3059.dicom,False,8,8,True
147,146,071ff9c782ead87dfa9b1c025c25e769,train/071ff9c782ead87dfa9b1c025c25e769.dicom,False,8,8,True
148,147,074db6a4ab3aebd54fa0f628eb0e9b0e,train/074db6a4ab3aebd54fa0f628eb0e9b0e.dicom,False,8,8,True
149,148,0760a14308badcbd370c6866c9db3a0a,train/0760a14308badcbd370c6866c9db3a0a.dicom,False,8,8,True
150,149,0777120fdd60f6a3cf8eaf3b8cf3585a,train/0777120fdd60f6a3cf8eaf3b8cf3585a.dicom,False,6,6,True
151,150,077c76dffde69c0b90c28d78ef2ac31e,train/077c76dffde69c0b90c28d78ef2ac31e.dicom,False,6,6,True
152,151,0797fa5e2725c9b801e6d01cfa9a09da,train/0797fa5e2725c9b801e6d01cfa9a09da.dicom,False,6,6,True
153,152,07ab6d47d868962851d22d4d1249593d,train/07ab6d47d868962851d22d4d1249593d.dicom,False,4,4,True
154,153,07ac9545dcc585901865f7f958a7857d,train/07ac9545dcc585901865f7f958a7857d.dicom,False,7,7,True
155,154,07bedc010fd13a8e5903473ebcf39cd1,train/07bedc010fd13a8e5903473ebcf39cd1.dicom,False,9,9,True
156,155,07c12d0f562f17579aabc18c11e2ad54,train/07c12d0f562f17579aabc18c11e2ad54.dicom,False,7,7,True
157,156,07d004fabfd7246f9ed4283dd5237deb,train/07d004fabfd7246f9ed4283dd5237deb.dicom,False,7,7,True
158,157,07d82e7e5749cbc21633134f489a7fbf,train/07d82e7e5749cbc21633134f489a7fbf.dicom,False,9,9,True
159,158,07db76e6cc063ce8bb90de18216e8ccf,train/07db76e6cc063ce8bb90de18216e8ccf.dicom,False,3,3,True
160,159,07e5378ad3928091c08dded1f6b5353d,train/07e5378ad3928091c08dded1f6b5353d.dicom,True,0,0,True
161,160,081d1700020b6bf0099f1e4d8aeec0f3,train/081d1700020b6bf0099f1e4d8aeec0f3.dicom,False,9,9,True
162,161,083a89dfc9a74a3f809035f886634ee2,train/083a89dfc9a74a3f809035f886634ee2.dicom,False,9,9,True
163,162,0844f274f2a388e70231d3133754ac35,train/0844f274f2a388e70231d3133754ac35.dicom,False,7,7,True
164,163,0853ab3a3dbadae1e6f28b933ddff809,train/0853ab3a3dbadae1e6f28b933ddff809.dicom,False,11,11,True
165,164,08726b7ba2f04a33ff1b878b75498776,train/08726b7ba2f04a33ff1b878b75498776.dicom,False,4,4,True
166,165,088006f2453c4183b1ef46fb607bc31c,train/088006f2453c4183b1ef46fb607bc31c.dicom,False,4,4,True
167,166,088d83359d1a00ba24251220ace42edc,train/088d83359d1a00ba24251220ace42edc.dicom,False,6,6,True
168,167,089a1c26766c10e2d8c4cdb86ed769dc,train/089a1c26766c10e2d8c4cdb86ed769dc.dicom,True,0,0,True
169,168,08ce56202e44175674fc5f5517e74db4,train/08ce56202e44175674fc5f5517e74db4.dicom,False,16,16,True
170,169,08e3d3783927a15d35137c756c1a7e0b,train/08e3d3783927a15d35137c756c1a7e0b.dicom,False,5,5,True
171,170,0905c0dc82fb8fe621c43f53719a55ca,train/0905c0dc82fb8fe621c43f53719a55ca.dicom,False,6,6,True
172,171,0906a09b04f8d82c2cad5b820602a403,train/0906a09b04f8d82c2cad5b820602a403.dicom,False,8,8,True
173,172,090b30ca55ab2a592cd3b24c9407a2bf,train/090b30ca55ab2a592cd3b24c9407a2bf.dicom,False,7,7,True
174,173,09175449df9374e0f6afe517f7b6249f,train/09175449df9374e0f6afe517f7b6249f.dicom,False,5,5,True
175,174,091ce012ed7cb036288d2abdb32504c2,train/091ce012ed7cb036288d2abdb32504c2.dicom,False,16,16,True
176,175,09376dd7b6deaec0aaf1a2feb7833245,train/09376dd7b6deaec0aaf1a2feb7833245.dicom,False,7,7,True
177,176,095c13d937c0dd9f547035344ba6c6c4,train/095c13d937c0dd9f547035344ba6c6c4.dicom,False,4,4,True
178,177,096688dacee6b1a1a5660ad15024a6f9,train/096688dacee6b1a1a5660ad15024a6f9.dicom,False,5,5,True
179,178,09790cae0f405ce0fe4b003dadfc18c7,train/09790cae0f405ce0fe4b003dadfc18c7.dicom,False,5,5,True
180,179,097c63f9c6d46cfe5bd4937f277fbdbd,train/097c63f9c6d46cfe5bd4937f277fbdbd.dicom,False,11,11,True
181,180,098d7923f09b8f6f163143ad97dacc12,train/098d7923f09b8f6f163143ad97dacc12.dicom,False,5,5,True
182,181,09afc85ef67340016e0c8a1c70163769,train/09afc85ef67340016e0c8a1c70163769.dicom,False,3,3,True
183,182,09b85abab0d2b7f151815538100717b2,train/09b85abab0d2b7f151815538100717b2.dicom,False,9,9,True
184,183,09b9674023305cb9a0acb367600efffa,train/09b9674023305cb9a0acb367600efffa.dicom,False,8,8,True
185,184,09c9887c189f99704b452f193a40eaf7,train/09c9887c189f99704b452f193a40eaf7.dicom,False,4,4,True
186,185,09d6b99ffec66ae485de851924187bfe,train/09d6b99ffec66ae485de851924187bfe.dicom,False,8,8,True
187,186,09df460412ce705d0f634436f518f46d,train/09df460412ce705d0f634436f518f46d.dicom,False,7,7,True
188,187,09ebaedff630f8fa4d5d752f0beb34f2,train/09ebaedff630f8fa4d5d752f0beb34f2.dicom,True,0,0,True
189,188,09ee91a2120006e587d2e63c7bf0230f,train/09ee91a2120006e587d2e63c7bf0230f.dicom,False,5,5,True
190,189,09f0b00bd079304f72c079d369925aee,train/09f0b00bd079304f72c079d369925aee.dicom,False,13,13,True
191,190,09f9a62fceffacc4d062a7fe24a626b8,train/09f9a62fceffacc4d062a7fe24a626b8.dicom,False,26,26,True
192,191,09fca09845746d28dcda4981a8632bd7,train/09fca09845746d28dcda4981a8632bd7.dicom,False,3,3,True
193,192,0a072917005494298d153c01bbd8f689,train/0a072917005494298d153c01bbd8f689.dicom,False,10,10,True
194,193,0a0ac65c40a9ac441651e4bfbde03c4e,train/0a0ac65c40a9ac441651e4bfbde03c4e.dicom,False,3,3,True
195,194,0a114862f10f4021fa7fd916b93aea94,train/0a114862f10f4021fa7fd916b93aea94.dicom,False,4,4,True
196,195,0a14aeaf02d42990d8bb5d55270b7274,train/0a14aeaf02d42990d8bb5d55270b7274.dicom,False,13,13,True
197,196,0a16dc6491142ff8c7c36f3b3f4ebd02,train/0a16dc6491142ff8c7c36f3b3f4ebd02.dicom,False,6,6,True
198,197,0a1aef5326b7b24378c6692f7a454e52,train/0a1aef5326b7b24378c6692f7a454e52.dicom,False,3,3,True
199,198,0a2d01ecb9e01cf972c1e1d31ccacb98,train/0a2d01ecb9e01cf972c1e1d31ccacb98.dicom,False,4,4,True
200,199,0a411e44ec67f3d5d80a5b3d5a3edca3,train/0a411e44ec67f3d5d80a5b3d5a3edca3.dicom,False,10,10,True
201,200,0a425edf1164ad0a73e8b092c4cc8b3b,train/0a425edf1164ad0a73e8b092c4cc8b3b.dicom,False,22,22,True
202,201,0a475ad0b37bba0c638bbbe2ee5d355d,train/0a475ad0b37bba0c638bbbe2ee5d355d.dicom,True,0,0,True
203,202,0a4fbc9ade84a7abd1680eb8ba031a9d,train/0a4fbc9ade84a7abd1680eb8ba031a9d.dicom,False,13,13,True
204,203,0a50d4ee79163edbf6f2d5c3082c2f51,train/0a50d4ee79163edbf6f2d5c3082c2f51.dicom,False,6,6,True
205,204,0a61578e3d77b1cebc86d13a41efa31b,train/0a61578e3d77b1cebc86d13a41efa31b.dicom,False,6,6,True
206,205,0a678538e529b9f1089c47bb2ffcda9b,train/0a678538e529b9f1089c47bb2ffcda9b.dicom,False,6,6,True
207,206,0a695a94168b32705b91779586c6b2e7,train/0a695a94168b32705b91779586c6b2e7.dicom,True,0,0,True
208,207,0a9909b1cd924cd593151ba2d3d3dd55,train/0a9909b1cd924cd593151ba2d3d3dd55.dicom,False,6,6,True
209,208,0aa05f2d84af7e6e733730afa17eac2d,train/0aa05f2d84af7e6e733730afa17eac2d.dicom,False,3,3,True
210,209,0aad4ac2ea24742e3f9de3d29fae6d95,train/0aad4ac2ea24742e3f9de3d29fae6d95.dicom,False,8,8,True
211,210,0abd4fc2425edd5c2efb2c149e9319c6,train/0abd4fc2425edd5c2efb2c149e9319c6.dicom,False,15,15,True
212,211,0ac383fcdc6f1957b3ecceaf0acec909,train/0ac383fcdc6f1957b3ecceaf0acec909.dicom,False,13,13,True
213,212,0ad98c531de3616cc63a92d6cf871494,train/0ad98c531de3616cc63a92d6cf871494.dicom,True,0,0,True
214,213,0b0e106a53f9dc3b28a9b15f94510b7a,train/0b0e106a53f9dc3b28a9b15f94510b7a.dicom,False,27,27,True
215,214,0b1b897b1e1e170f1b5fd7aeff553afa,train/0b1b897b1e1e170f1b5fd7aeff553afa.dicom,False,9,9,True
216,215,0b22826cc68b8d3177c5be2f4e1ae720,train/0b22826cc68b8d3177c5be2f4e1ae720.dicom,False,5,5,True
217,216,0b36cce0b170c34b8c11fd15b42324b2,train/0b36cce0b170c34b8c11fd15b42324b2.dicom,True,0,0,True
218,217,0b3f09a003f9cbc1e8c54f230be2ba2d,train/0b3f09a003f9cbc1e8c54f230be2ba2d.dicom,False,4,4,True
219,218,0b4c3cb187f7582fa482b8f0fded6bd7,train/0b4c3cb187f7582fa482b8f0fded6bd7.dicom,False,10,10,True
220,219,0b5213c456c26b48ca011b9865c4e6ce,train/0b5213c456c26b48ca011b9865c4e6ce.dicom,False,9,9,True
221,220,0b6006be69ea1764f9bf80e5091b1e8e,train/0b6006be69ea1764f9bf80e5091b1e8e.dicom,False,6,6,True
222,221,0b62bc6644be72ce4dfa5ea77a77f311,train/0b62bc6644be72ce4dfa5ea77a77f311.dicom,False,9,9,True
223,222,0b630100496870b457008b0f7dae1ea5,train/0b630100496870b457008b0f7dae1ea5.dicom,False,4,4,True
224,223,0b7995c5e532803dc1bd077eaa4d2a01,train/0b7995c5e532803dc1bd077eaa4d2a01.dicom,False,7,7,True
225,224,0b98b21145a9425bf3eeea4b0de425e7,train/0b98b21145a9425bf3eeea4b0de425e7.dicom,False,14,14,True
226,225,0bb76fb5f7cfb1dd4c3760f7481a1d05,train/0bb76fb5f7cfb1dd4c3760f7481a1d05.dicom,False,3,3,True
227,226,0bdf902cc4ac4ad2c49059960f572ab2,train/0bdf902cc4ac4ad2c49059960f572ab2.dicom,False,3,3,True
228,227,0be2bdac4e84982ad1b24830d2cce470,train/0be2bdac4e84982ad1b24830d2cce470.dicom,False,6,6,True
229,228,0be45114544283beb4f6d371f946e889,train/0be45114544283beb4f6d371f946e889.dicom,False,8,8,True
230,229,0bed7f179df709d35aef763544ebfebf,train/0bed7f179df709d35aef763544ebfebf.dicom,False,6,6,True
231,230,0bee0cde729de2d82b39527c37f11934,train/0bee0cde729de2d82b39527c37f11934.dicom,False,8,8,True
232,231,0bef06d948ac1fe20ade505ba9960885,train/0bef06d948ac1fe20ade505ba9960885.dicom,False,7,7,True
233,232,0bffe44ef7636e7b4a7b9fd883e8e6ea,train/0bffe44ef7636e7b4a7b9fd883e8e6ea.dicom,False,4,4,True
234,233,0c0e47b7e0ebd10209a81d01e3c889a6,train/0c0e47b7e0ebd10209a81d01e3c889a6.dicom,False,3,3,True
235,234,0c11bc2eb3de5bd737ae186aea0d0306,train/0c11bc2eb3de5bd737ae186aea0d0306.dicom,False,5,5,True
236,235,0c2079e62ddfb06a8a5300cefaa3a970,train/0c2079e62ddfb06a8a5300cefaa3a970.dicom,False,13,13,True
237,236,0c25b330d5b20498108b343c644f2a1c,train/0c25b330d5b20498108b343c644f2a1c.dicom,False,6,6,True
238,237,0c31081e8ada2990bcbef0f12ea60b07,train/0c31081e8ada2990bcbef0f12ea60b07.dicom,False,15,15,True
239,238,0c4a6bc602d1d207f217212c68a7131b,train/0c4a6bc602d1d207f217212c68a7131b.dicom,True,0,0,True
240,239,0c577dc6594dab44ebbd6964de673eaa,train/0c577dc6594dab44ebbd6964de673eaa.dicom,False,11,11,True
241,240,0c5ef740a9befbf439439f0b8e652a0c,train/0c5ef740a9befbf439439f0b8e652a0c.dicom,False,3,3,True
242,241,0c5ff01c7bfb4362fcd98f36e555b08c,train/0c5ff01c7bfb4362fcd98f36e555b08c.dicom,False,17,17,True
243,242,0c684171749ce2c0c601b9d69b882edb,train/0c684171749ce2c0c601b9d69b882edb.dicom,False,7,7,True
244,243,0c6a7e3c733bd4f4d89443ca16615fc6,train/0c6a7e3c733bd4f4d89443ca16615fc6.dicom,False,28,28,True
245,244,0c76c19b3f015e0387dd2adcbef86182,train/0c76c19b3f015e0387dd2adcbef86182.dicom,False,8,8,True
246,245,0c7a38f293d5f5e4846aa4ca6db4daf1,train/0c7a38f293d5f5e4846aa4ca6db4daf1.dicom,False,5,5,True
247,246,0c7d2e66dd63fca8b98c38146ba96f6c,train/0c7d2e66dd63fca8b98c38146ba96f6c.dicom,False,4,4,True
248,247,0c8447ce02d73c505a90a9c7af8c83ce,train/0c8447ce02d73c505a90a9c7af8c83ce.dicom,False,9,9,True
249,248,0ca39409412cb8e473da701a1418e4dc,train/0ca39409412cb8e473da701a1418e4dc.dicom,False,6,6,True
250,249,0ca7c951e2298b9aad37ae0deb4d2a92,train/0ca7c951e2298b9aad37ae0deb4d2a92.dicom,False,7,7,True
251,250,0cb91b8fe14a6d51725371b1956750a0,train/0cb91b8fe14a6d51725371b1956750a0.dicom,False,6,6,True
252,251,0cd291c189895fbdcc14f4d36e1abc81,train/0cd291c189895fbdcc14f4d36e1abc81.dicom,True,0,0,True
253,252,0ce7d050a48ce1462cabcd2310e9fb1e,train/0ce7d050a48ce1462cabcd2310e9fb1e.dicom,False,3,3,True
254,253,0cf83a19a8281e4a281dece9854008ac,train/0cf83a19a8281e4a281dece9854008ac.dicom,False,5,5,True
255,254,0cf8dd905fb4f2f876eb241bf67add40,train/0cf8dd905fb4f2f876eb241bf67add40.dicom,True,0,0,True
256,255,0cfae3f740f87ca3b96dec765d06fad0,train/0cfae3f740f87ca3b96dec765d06fad0.dicom,False,5,5,True
257,256,0d03df2e9ed557d0c9edcec777056c1f,train/0d03df2e9ed557d0c9edcec777056c1f.dicom,False,28,28,True
258,257,0d0a7a1b8c1495d66ac9c427a36d9f6f,train/0d0a7a1b8c1495d66ac9c427a36d9f6f.dicom,False,7,7,True
259,258,0d0e4dbe84356f8ec4a4ff7616b4850f,train/0d0e4dbe84356f8ec4a4ff7616b4850f.dicom,True,0,0,True
260,259,0d266f5353352d86d3c092da96dc67f5,train/0d266f5353352d86d3c092da96dc67f5.dicom,False,6,6,True
261,260,0d26f6ebf87258f502f8fba529fe3079,train/0d26f6ebf87258f502f8fba529fe3079.dicom,False,4,4,True
262,261,0d30dc1e0070e7a934f39452e3ad3b83,train/0d30dc1e0070e7a934f39452e3ad3b83.dicom,False,17,17,True
263,262,0d3b1464574b7db3d664dc0aa0b66549,train/0d3b1464574b7db3d664dc0aa0b66549.dicom,False,5,5,True
264,263,0d5597f8b17330d498fc5e13893e3081,train/0d5597f8b17330d498fc5e13893e3081.dicom,False,10,10,True
265,264,0d6231a3ed3eefc3ba60353b9ad00816,train/0d6231a3ed3eefc3ba60353b9ad00816.dicom,False,11,11,True
266,265,0d94045f9e16f077bc6bbdea9f6c561b,train/0d94045f9e16f077bc6bbdea9f6c561b.dicom,False,4,4,True
267,266,0d96a4bffbd85c60c4eec095f4c6d34b,train/0d96a4bffbd85c60c4eec095f4c6d34b.dicom,False,4,4,True
268,267,0da97c2c8c5192e678faf9290f25d5c0,train/0da97c2c8c5192e678faf9290f25d5c0.dicom,False,6,6,True
269,268,0dbdb924a9140849abd4ff650c5356da,train/0dbdb924a9140849abd4ff650c5356da.dicom,False,7,7,True
270,269,0dc30d30a14a6a68c9bec20ee32331c2,train/0dc30d30a14a6a68c9bec20ee32331c2.dicom,False,6,6,True
271,270,0dc7b1615100b4f5d3ae294bae0d5d43,train/0dc7b1615100b4f5d3ae294bae0d5d43.dicom,False,3,3,True
272,271,0df187b5072103a0919c1a34be03e7ed,train/0df187b5072103a0919c1a34be03e7ed.dicom,False,13,13,True
273,272,0e093fa90e5be5666cd396d722cc84ac,train/0e093fa90e5be5666cd396d722cc84ac.dicom,False,7,7,True
274,273,0e1cfc5b78d1a67bd41974ea2be8bc4c,train/0e1cfc5b78d1a67bd41974ea2be8bc4c.dicom,False,5,5,True
275,274,0e21abbef40e569be72ab0ad90544f87,train/0e21abbef40e569be72ab0ad90544f87.dicom,False,6,6,True
276,275,0e5734a5483002be04b734d7c88058be,train/0e5734a5483002be04b734d7c88058be.dicom,False,4,4,True
277,276,0e6af94d17007c94d858b3bb7adb7dac,train/0e6af94d17007c94d858b3bb7adb7dac.dicom,False,13,13,True
278,277,0e6da52d629393b3bcf24d8e99c1ea3f,train/0e6da52d629393b3bcf24d8e99c1ea3f.dicom,False,10,10,True
279,278,0e8291c45a5ef61d2d9ecfcf3224899d,train/0e8291c45a5ef61d2d9ecfcf3224899d.dicom,False,5,5,True
280,279,0e87195ff59d4294d61b8bffddb3c03c,train/0e87195ff59d4294d61b8bffddb3c03c.dicom,False,4,4,True
281,280,0e88612bd294e249382b9e64d222cdf4,train/0e88612bd294e249382b9e64d222cdf4.dicom,False,12,12,True
282,281,0e8b19dc3af06aaed4718cd664a896bf,train/0e8b19dc3af06aaed4718cd664a896bf.dicom,False,4,4,True
283,282,0e8d3736396b615c0798033f37e4a481,train/0e8d3736396b615c0798033f37e4a481.dicom,False,17,17,True
284,283,0e91263f0b1925ff01d5ebde3ce65e1a,train/0e91263f0b1925ff01d5ebde3ce65e1a.dicom,False,6,6,True
285,284,0ea0bf774e0436aec7d1a1e62074c9cd,train/0ea0bf774e0436aec7d1a1e62074c9cd.dicom,False,6,6,True
286,285,0ea4221d568ab487af7c433a3df6307e,train/0ea4221d568ab487af7c433a3df6307e.dicom,False,7,7,True
287,286,0eac4cf8618d5e582c336217d0291f25,train/0eac4cf8618d5e582c336217d0291f25.dicom,False,9,9,True
288,287,0ec4947d689af2a94cc913b312368279,train/0ec4947d689af2a94cc913b312368279.dicom,True,0,0,True
289,288,0ecc5a44cb8163dedbdf8d9049e92344,train/0ecc5a44cb8163dedbdf8d9049e92344.dicom,False,7,7,True
290,289,0ed4c066492aaa2e6f1772b84417e20f,train/0ed4c066492aaa2e6f1772b84417e20f.dicom,False,10,10,True
291,290,0ee6114a53757f4531d42e8b19b4751c,train/0ee6114a53757f4531d42e8b19b4751c.dicom,False,6,6,True
292,291,0f186e3eba8d9ebd51feed957204ddbf,train/0f186e3eba8d9ebd51feed957204ddbf.dicom,False,15,15,True
293,292,0f1eba57237922d0f9ec0dee62793435,train/0f1eba57237922d0f9ec0dee62793435.dicom,False,6,6,True
294,293,0f26e889539ff64afd23927ee40436b8,train/0f26e889539ff64afd23927ee40436b8.dicom,False,3,3,True
295,294,0f27846dfa86e51c27db5fe4ea5a52ad,train/0f27846dfa86e51c27db5fe4ea5a52ad.dicom,False,3,3,True
296,295,0f389422bffe0f96dc3da175550e0c5b,train/0f389422bffe0f96dc3da175550e0c5b.dicom,False,6,6,True
297,296,0f45742c4d100eeee221f8853d79c9d4,train/0f45742c4d100eeee221f8853d79c9d4.dicom,False,4,4,True
298,297,0f4fd2b86df83111f83444ee90edbea1,train/0f4fd2b86df83111f83444ee90edbea1.dicom,False,5,5,True
299,298,0f5f23a027345ba0f0a63f1eca460b0c,train/0f5f23a027345ba0f0a63f1eca460b0c.dicom,False,6,6,True
300,299,0f76d35a022a7188cad9a83e283fdc8f,train/0f76d35a022a7188cad9a83e283fdc8f.dicom,False,4,4,True
301,300,0f81902a673f0d826b55ea9dc9da297b,train/0f81902a673f0d826b55ea9dc9da297b.dicom,False,3,3,True
302,301,0f8a78e1090c840b4455772fe92d7586,train/0f8a78e1090c840b4455772fe92d7586.dicom,True,0,0,True
303,302,0fafbbfb67745f8c29351f9f7263b82f,train/0fafbbfb67745f8c29351f9f7263b82f.dicom,False,9,9,True
304,303,0fb6d9a425117670ba7c249b35523434,train/0fb6d9a425117670ba7c249b35523434.dicom,True,0,0,True
305,304,0fca086ebe001f784d428aa9973ba691,train/0fca086ebe001f784d428aa9973ba691.dicom,False,9,9,True
306,305,0fd981034f74251d4a5d72891940d585,train/0fd981034f74251d4a5d72891940d585.dicom,False,7,7,True
307,306,0ffa24230f7064bcdb313507dce02ae3,train/0ffa24230f7064bcdb313507dce02ae3.dicom,False,7,7,True
308,307,101d984c4172312c93efdd42e37e203b,train/101d984c4172312c93efdd42e37e203b.dicom,True,0,0,True
309,308,101f2420808891cab10b4b2f0c1d2875,train/101f2420808891cab10b4b2f0c1d2875.dicom,True,0,0,True
310,309,103fb193578933a2d53ae31ff0fc3319,train/103fb193578933a2d53ae31ff0fc3319.dicom,False,4,4,True
311,310,104b915269077619e2b3bbf641506327,train/104b915269077619e2b3bbf641506327.dicom,False,7,7,True
312,311,105c3102661ee24684dc180a32dc7119,train/105c3102661ee24684dc180a32dc7119.dicom,False,5,5,True
313,312,1060e455b64eea9e29ca4a3e05b47557,train/1060e455b64eea9e29ca4a3e05b47557.dicom,False,4,4,True
314,313,1066a058b5bae597f2dbb33780c2577d,train/1066a058b5bae597f2dbb33780c2577d.dicom,False,19,19,True
315,314,106a3da41d2e3d9f508c09b28e8abdaf,train/106a3da41d2e3d9f508c09b28e8abdaf.dicom,False,3,3,True
316,315,1070b419b62a9b7b1a8e71cd9504ffb8,train/1070b419b62a9b7b1a8e71cd9504ffb8.dicom,False,5,5,True
317,316,1071b3b85121012c5061894bf3b8704b,train/1071b3b85121012c5061894bf3b8704b.dicom,False,6,6,True
318,317,107d7671377160a4a5d708849ed5d331,train/107d7671377160a4a5d708849ed5d331.dicom,True,0,0,True
319,318,1085585ceaf60941fd14db7ad3bb2f49,train/1085585ceaf60941fd14db7ad3bb2f49.dicom,False,6,6,True
320,319,10ab7eaa1ef08dea7a899cc893564838,train/10ab7eaa1ef08dea7a899cc893564838.dicom,False,5,5,True
321,320,10e7dac260f11046164aa94f2d8add9f,train/10e7dac260f11046164aa94f2d8add9f.dicom,False,5,5,True
322,321,10e8248185760938d4cae1f0462af88a,train/10e8248185760938d4cae1f0462af88a.dicom,False,8,8,True
323,322,10f28558b1667b3d30d9e4c44f7a5bc6,train/10f28558b1667b3d30d9e4c44f7a5bc6.dicom,False,6,6,True
324,323,110cd42557499b2bcfe84732b281172c,train/110cd42557499b2bcfe84732b281172c.dicom,False,6,6,True
325,324,1125f1da5766f0392d45630133c7bed6,train/1125f1da5766f0392d45630133c7bed6.dicom,False,6,6,True
326,325,112cf0367dd8b6aa14b4e384439d9eb7,train/112cf0367dd8b6aa14b4e384439d9eb7.dicom,False,8,8,True
327,326,112db7d495906f3358852756a87a4bbf,train/112db7d495906f3358852756a87a4bbf.dicom,True,0,0,True
328,327,113274a4ca3c2e72b7ff1bd3ce5006b6,train/113274a4ca3c2e72b7ff1bd3ce5006b6.dicom,False,7,7,True
329,328,1133414000e82176ab7852aeacc762eb,train/1133414000e82176ab7852aeacc762eb.dicom,False,5,5,True
330,329,1138649f25528f0ab76c93ac60279ca3,train/1138649f25528f0ab76c93ac60279ca3.dicom,False,5,5,True
331,330,1146548e94da58c6989a1a6408dfc886,train/1146548e94da58c6989a1a6408dfc886.dicom,False,4,4,True
332,331,1148a27d6ea1ec7669de022fe2480890,train/1148a27d6ea1ec7669de022fe2480890.dicom,False,7,7,True
333,332,11570cdc6847610ab7ff58a076dad709,train/11570cdc6847610ab7ff58a076dad709.dicom,False,3,3,True
334,333,116c19c289e285a60ab20cf72090c9fa,train/116c19c289e285a60ab20cf72090c9fa.dicom,False,8,8,True
335,334,11750f2005f2f50d592c5c5cc145fdfe,train/11750f2005f2f50d592c5c5cc145fdfe.dicom,False,6,6,True
336,335,117c218c2534e3d40a6ca0b3d724eb24,train/117c218c2534e3d40a6ca0b3d724eb24.dicom,False,7,7,True
337,336,119bc2dba30b0ba7995e189504126ed1,train/119bc2dba30b0ba7995e189504126ed1.dicom,False,5,5,True
338,337,11b3a0fe7f25bbe7643c60bcb14c35f5,train/11b3a0fe7f25bbe7643c60bcb14c35f5.dicom,False,22,22,True
339,338,11b47878746ba8728eda0f9eed048639,train/11b47878746ba8728eda0f9eed048639.dicom,True,0,0,True
340,339,11cfa1a5b04bd1eaa319d08cdb308bb9,train/11cfa1a5b04bd1eaa319d08cdb308bb9.dicom,True,0,0,True
341,340,11d5cd186965cfe8e615157e492e34bb,train/11d5cd186965cfe8e615157e492e34bb.dicom,False,4,4,True
342,341,11dbd33fc77075c94a202362ed8e197e,train/11dbd33fc77075c94a202362ed8e197e.dicom,False,13,13,True
343,342,11e41fba7056177c8654b7b7408a4ed3,train/11e41fba7056177c8654b7b7408a4ed3.dicom,False,4,4,True
344,343,1224f07d895107573588225f692e94f9,train/1224f07d895107573588225f692e94f9.dicom,False,3,3,True
345,344,12268c1ea761140eafee75acabc44fb0,train/12268c1ea761140eafee75acabc44fb0.dicom,False,6,6,True
346,345,12399d5b08e5342ade37a56b9c9e5ac5,train/12399d5b08e5342ade37a56b9c9e5ac5.dicom,False,5,5,True
347,346,1245f853816564c0ee3f1b9e93521ff0,train/1245f853816564c0ee3f1b9e93521ff0.dicom,False,13,13,True
348,347,124ec853c372fcf7f4428b26b32be62f,train/124ec853c372fcf7f4428b26b32be62f.dicom,False,3,3,True
349,348,1250c704cc9307bf84b43f1aca4d997b,train/1250c704cc9307bf84b43f1aca4d997b.dicom,False,4,4,True
350,349,1254518b2893f58324e93f375cffbd6c,train/1254518b2893f58324e93f375cffbd6c.dicom,False,10,10,True
351,350,1259ee6feb64a552e3521ddcb395888c,train/1259ee6feb64a552e3521ddcb395888c.dicom,False,10,10,True
352,351,126ae7336c7776a82bf3c15c0c6751c0,train/126ae7336c7776a82bf3c15c0c6751c0.dicom,False,7,7,True
353,352,12735a3e6ae44fe59babe2a618dbc450,train/12735a3e6ae44fe59babe2a618dbc450.dicom,True,0,0,True
354,353,127f66766091998a72268caf4ec34bef,train/127f66766091998a72268caf4ec34bef.dicom,False,14,14,True
355,354,1280dc55c1ff852024be232c2942e3fd,train/1280dc55c1ff852024be232c2942e3fd.dicom,False,10,10,True
356,355,1283d5ba97663aef3b97ee4f1884e9f9,train/1283d5ba97663aef3b97ee4f1884e9f9.dicom,False,5,5,True
357,356,128f55a981d4192a2990946431a7469b,train/128f55a981d4192a2990946431a7469b.dicom,False,12,12,True
358,357,1296335140a042ff0270825cdae2fa09,train/1296335140a042ff0270825cdae2fa09.dicom,False,18,18,True
359,358,129a1e7753432edd052a2cdbfbaee00e,train/129a1e7753432edd052a2cdbfbaee00e.dicom,False,11,11,True
360,359,12bd4c85000b33c532fb9d57b5f2a08e,train/12bd4c85000b33c532fb9d57b5f2a08e.dicom,False,6,6,True
361,360,12ccbda1f9c224e5d5496cd7fe3d26d7,train/12ccbda1f9c224e5d5496cd7fe3d26d7.dicom,False,6,6,True
362,361,12d8de45e35e8b8c896109bfb46f8a82,train/12d8de45e35e8b8c896109bfb46f8a82.dicom,False,6,6,True
363,362,12e0e910766f2d1b1ccda7c32051643f,train/12e0e910766f2d1b1ccda7c32051643f.dicom,False,6,6,True
364,363,12eb6f4552609edfddfc69189e7c891e,train/12eb6f4552609edfddfc69189e7c891e.dicom,False,6,6,True
365,364,12ede510c82b53705e33fa758ff03131,train/12ede510c82b53705e33fa758ff03131.dicom,False,11,11,True
366,365,1302aab3d9d19f6bcb9db728e3ce6306,train/1302aab3d9d19f6bcb9db728e3ce6306.dicom,False,6,6,True
367,366,13088cbf40717bace59ef0961554c08f,train/13088cbf40717bace59ef0961554c08f.dicom,False,13,13,True
368,367,13183cb48b0aae02e88c3f45547d393a,train/13183cb48b0aae02e88c3f45547d393a.dicom,True,0,0,True
369,368,131adb006bb6b9dcc365b3e645f8a47e,train/131adb006bb6b9dcc365b3e645f8a47e.dicom,False,11,11,True
370,369,133a63179438173357f3c4a705c59c06,train/133a63179438173357f3c4a705c59c06.dicom,False,6,6,True
371,370,133e82d124d799fedca8146107d2c5e7,train/133e82d124d799fedca8146107d2c5e7.dicom,False,4,4,True
372,371,133ed9054828b0e75987e00217aef89d,train/133ed9054828b0e75987e00217aef89d.dicom,False,4,4,True
373,372,134cd4124bd1d75563cb47732742e331,train/134cd4124bd1d75563cb47732742e331.dicom,False,9,9,True
374,373,135101b508a998968ea963ebacd63ecb,train/135101b508a998968ea963ebacd63ecb.dicom,False,7,7,True
375,374,1374c483d258203eadf6c6a525899d51,train/1374c483d258203eadf6c6a525899d51.dicom,False,19,19,True
376,375,13776ecb39222a7aaace2d9721abebbe,train/13776ecb39222a7aaace2d9721abebbe.dicom,False,7,7,True
377,376,13ceff5f3d113919c224c8b42d3c2411,train/13ceff5f3d113919c224c8b42d3c2411.dicom,False,9,9,True
378,377,13dbf07cb1c5273a89053346f7acf0f1,train/13dbf07cb1c5273a89053346f7acf0f1.dicom,False,7,7,True
379,378,13df80547c48fd7d14d22e9322f4a17d,train/13df80547c48fd7d14d22e9322f4a17d.dicom,False,5,5,True
380,379,144b76b191aa1e02065903ee1cc3d578,train/144b76b191aa1e02065903ee1cc3d578.dicom,False,19,19,True
381,380,144d37bbd2dea37c4b1286207f4ba909,train/144d37bbd2dea37c4b1286207f4ba909.dicom,False,5,5,True
382,381,144e272e04daf6ac8d36548ea766da37,train/144e272e04daf6ac8d36548ea766da37.dicom,True,0,0,True
383,382,145177b578f321dbf3016984059384d7,train/145177b578f321dbf3016984059384d7.dicom,False,5,5,True
384,383,1451cd2c3fcfc23f5ae219814bb27e77,train/1451cd2c3fcfc23f5ae219814bb27e77.dicom,False,7,7,True
385,384,145691883baff4df3e4863ca6354c44e,train/145691883baff4df3e4863ca6354c44e.dicom,False,17,17,True
386,385,145bbf5912e81c52ceac691693dfc716,train/145bbf5912e81c52ceac691693dfc716.dicom,False,8,8,True
387,386,14600a97b1c302343b1b5850ed53ae13,train/14600a97b1c302343b1b5850ed53ae13.dicom,False,16,16,True
388,387,14629917f69e21145d1e662ef6c0dc2e,train/14629917f69e21145d1e662ef6c0dc2e.dicom,False,3,3,True
389,388,146584f4913fd351785bf9159fd17617,train/146584f4913fd351785bf9159fd17617.dicom,False,8,8,True
390,389,14742737297b34ac440a0338877663ac,train/14742737297b34ac440a0338877663ac.dicom,False,8,8,True
391,390,14783d2f57f9c689d827892bbe112cb8,train/14783d2f57f9c689d827892bbe112cb8.dicom,True,0,0,True
392,391,14877acfaf8e3b25d9f089e15887c20d,train/14877acfaf8e3b25d9f089e15887c20d.dicom,True,0,0,True
393,392,14a097373f1e4e57878c3929fd2f3b4e,train/14a097373f1e4e57878c3929fd2f3b4e.dicom,False,12,12,True
394,393,14c5c3e0782fd77750815c5d2b565e72,train/14c5c3e0782fd77750815c5d2b565e72.dicom,False,8,8,True
395,394,14f8770d112738119f0f31ee75e8fc41,train/14f8770d112738119f0f31ee75e8fc41.dicom,False,8,8,True
396,395,14fbd0bf63f33188f29e54275fb7cafb,train/14fbd0bf63f33188f29e54275fb7cafb.dicom,False,7,7,True
397,396,14fcb6bd9c455b96a9c5f1a7b1229001,train/14fcb6bd9c455b96a9c5f1a7b1229001.dicom,False,5,5,True
398,397,150cfe73d6dd162e02e1bc799a9d71e0,train/150cfe73d6dd162e02e1bc799a9d71e0.dicom,False,8,8,True
399,398,150d9b226334d9f3471d088307cdc5fd,train/150d9b226334d9f3471d088307cdc5fd.dicom,False,7,7,True
400,399,1516651227a420f879b4cea1500ee7db,train/1516651227a420f879b4cea1500ee7db.dicom,False,6,6,True
401,400,151893dad65d5077f5a377fc9d0e6881,train/151893dad65d5077f5a377fc9d0e6881.dicom,False,19,19,True
402,401,151a8ce59aa6e414ee8a9c9d711cee61,train/151a8ce59aa6e414ee8a9c9d711cee61.dicom,False,9,9,True
403,402,151aade5871241a6deb39da83b9d2c47,train/151aade5871241a6deb39da83b9d2c47.dicom,False,6,6,True
404,403,152cc961492edc9e778b6c337f971258,train/152cc961492edc9e778b6c337f971258.dicom,False,7,7,True
405,404,153da4dfa81a43cdf1176f7859a567e5,train/153da4dfa81a43cdf1176f7859a567e5.dicom,False,5,5,True
406,405,153fd46b282d26c98f85a5886214535e,train/153fd46b282d26c98f85a5886214535e.dicom,False,6,6,True
407,406,1547a22e323240aa623eaa8dcf86d126,train/1547a22e323240aa623eaa8dcf86d126.dicom,False,3,3,True
408,407,156620bd19b7dee86079be71d26bd87e,train/156620bd19b7dee86079be71d26bd87e.dicom,False,4,4,True
409,408,157f5f6e3b028ef503ff946b28afaa92,train/157f5f6e3b028ef503ff946b28afaa92.dicom,False,3,3,True
410,409,159c46115f7d74337f83074f1b99114d,train/159c46115f7d74337f83074f1b99114d.dicom,False,8,8,True
411,410,15a12089e9c773cb200ee8959740e1b3,train/15a12089e9c773cb200ee8959740e1b3.dicom,False,19,19,True
412,411,15a71d5f1e9a0221e14cde0e0d1a2ccd,train/15a71d5f1e9a0221e14cde0e0d1a2ccd.dicom,False,5,5,True
413,412,15acee7728e6530dfa2bd01521c7148d,train/15acee7728e6530dfa2bd01521c7148d.dicom,False,8,8,True
414,413,15b164c54f0bf0baac308b47a45a1468,train/15b164c54f0bf0baac308b47a45a1468.dicom,False,14,14,True
415,414,15c3fc505c414c69ba757cb3be3ed213,train/15c3fc505c414c69ba757cb3be3ed213.dicom,False,24,24,True
416,415,15edc6ae9aebe34220472aa7fcf34b08,train/15edc6ae9aebe34220472aa7fcf34b08.dicom,False,4,4,True
417,416,15f016248709de49e2b725bda5cdd787,train/15f016248709de49e2b725bda5cdd787.dicom,True,0,0,True
418,417,15f023463d88b8f8bc852a9a7b72e6e3,train/15f023463d88b8f8bc852a9a7b72e6e3.dicom,False,14,14,True
419,418,16041095041e6b5afb13e8da17bf45b4,train/16041095041e6b5afb13e8da17bf45b4.dicom,False,5,5,True
420,419,1606093b9d036cda7e30316ada6ea2cf,train/1606093b9d036cda7e30316ada6ea2cf.dicom,False,19,19,True
421,420,161166af30d6753f31cffc4d28a6f31d,train/161166af30d6753f31cffc4d28a6f31d.dicom,False,4,4,True
422,421,16241940f17e8c7aae3e6236b25a7c84,train/16241940f17e8c7aae3e6236b25a7c84.dicom,False,3,3,True
423,422,1625249b80df13df89d06b2c30877a1e,train/1625249b80df13df89d06b2c30877a1e.dicom,False,9,9,True
424,423,163898fbc57f00f58ad27e72031a541f,train/163898fbc57f00f58ad27e72031a541f.dicom,False,6,6,True
425,424,16565752b931dfbec4b042b26786401a,train/16565752b931dfbec4b042b26786401a.dicom,False,4,4,True
426,425,1659dcad9ea4f12c3c91b5702e800669,train/1659dcad9ea4f12c3c91b5702e800669.dicom,False,8,8,True
427,426,167a1190bb99a8d01efdd75802745376,train/167a1190bb99a8d01efdd75802745376.dicom,False,22,22,True
428,427,1688c69504b9fd2179225d4b03e677c0,train/1688c69504b9fd2179225d4b03e677c0.dicom,True,0,0,True
429,428,168ff8ed5a696e2b1270b6449a996cd5,train/168ff8ed5a696e2b1270b6449a996cd5.dicom,False,10,10,True
430,429,1691ab3a82040297355b59a34c1e3fa9,train/1691ab3a82040297355b59a34c1e3fa9.dicom,False,20,20,True
431,430,16b02dc3b4e8deb6c1cc686c9ef911dd,train/16b02dc3b4e8deb6c1cc686c9ef911dd.dicom,False,15,15,True
432,431,16bd4511e7391b3e3d7da90b6c2653d0,train/16bd4511e7391b3e3d7da90b6c2653d0.dicom,False,17,17,True
433,432,16edfb76036ad3b10d9479e16ad7e92a,train/16edfb76036ad3b10d9479e16ad7e92a.dicom,False,8,8,True
434,433,16f1b7bb98b1a38f6fee5caf9460e4e1,train/16f1b7bb98b1a38f6fee5caf9460e4e1.dicom,False,5,5,True
435,434,16fbd1b86994c47ddd120cf5d410033e,train/16fbd1b86994c47ddd120cf5d410033e.dicom,False,6,6,True
436,435,1700104c53dad4e23980cc44dfec1b64,train/1700104c53dad4e23980cc44dfec1b64.dicom,False,7,7,True
437,436,170709246c0ac68fa305fb3acc2cfb77,train/170709246c0ac68fa305fb3acc2cfb77.dicom,False,6,6,True
438,437,171c5e2bbf7f95d2fb60a8bd81dc9d37,train/171c5e2bbf7f95d2fb60a8bd81dc9d37.dicom,True,0,0,True
439,438,1720ee54631aff23784053fe1719dfdb,train/1720ee54631aff23784053fe1719dfdb.dicom,False,5,5,True
440,439,1722c7262a821be25de56e351d641993,train/1722c7262a821be25de56e351d641993.dicom,False,6,6,True
441,440,1725b46578ff86f1a8d21b10d4d4699a,train/1725b46578ff86f1a8d21b10d4d4699a.dicom,False,8,8,True
442,441,17285d4b3bcac950397f548d1d715043,train/17285d4b3bcac950397f548d1d715043.dicom,False,6,6,True
443,442,1730d2ebd1cc96e9e5656cdf916ac7f8,train/1730d2ebd1cc96e9e5656cdf916ac7f8.dicom,False,8,8,True
444,443,1734a9172a7aa8106b1f32bf7b280e28,train/1734a9172a7aa8106b1f32bf7b280e28.dicom,True,0,0,True
445,444,17381ffc2b43778487e782dbb5cb963a,train/17381ffc2b43778487e782dbb5cb963a.dicom,False,8,8,True
446,445,1756a285d1bc917bbe55024b0727a836,train/1756a285d1bc917bbe55024b0727a836.dicom,False,10,10,True
447,446,175e3663cc06a6d4ee39f8f9fa7f9183,train/175e3663cc06a6d4ee39f8f9fa7f9183.dicom,False,4,4,True
448,447,17791317b59d89c03ce7a15826e1b876,train/17791317b59d89c03ce7a15826e1b876.dicom,False,9,9,True
449,448,178fec733e92dffa7bdf5b6a0b0d54b7,train/178fec733e92dffa7bdf5b6a0b0d54b7.dicom,False,12,12,True
450,449,179c892993a09dd56d4d09be53489d74,train/179c892993a09dd56d4d09be53489d74.dicom,True,0,0,True
451,450,179caec60f7bf3c620c28350354861a1,train/179caec60f7bf3c620c28350354861a1.dicom,False,11,11,True
452,451,17a34d586de2a9e5a440755ea530ce5d,train/17a34d586de2a9e5a440755ea530ce5d.dicom,False,7,7,True
453,452,17a43dc27cccda142f5d54d378f4aed7,train/17a43dc27cccda142f5d54d378f4aed7.dicom,False,8,8,True
454,453,17b6cfad0ea2ecd3b9511743a608bcb7,train/17b6cfad0ea2ecd3b9511743a608bcb7.dicom,False,7,7,True
455,454,17c2cd33dd23c4ae46c9738e3c346531,train/17c2cd33dd23c4ae46c9738e3c346531.dicom,True,0,0,True
456,455,17c980696d1aa513ab00665f1eff7bd6,train/17c980696d1aa513ab00665f1eff7bd6.dicom,True,0,0,True
457,456,17d5b60d0b5decddb51eba55dc4a514b,train/17d5b60d0b5decddb51eba55dc4a514b.dicom,False,3,3,True
458,457,17dc4a83558d835efd5f7d6f110f07f3,train/17dc4a83558d835efd5f7d6f110f07f3.dicom,False,9,9,True
459,458,17eea018beec6ef78ec675919080e6a1,train/17eea018beec6ef78ec675919080e6a1.dicom,True,0,0,True
460,459,1812172c7ad3771c05d1238bb3066217,train/1812172c7ad3771c05d1238bb3066217.dicom,False,28,28,True
461,460,181a28291c7bc0a6a721a5759c01fd34,train/181a28291c7bc0a6a721a5759c01fd34.dicom,False,22,22,True
462,461,1820dac3aa7e69930923b2f7a7bb14c1,train/1820dac3aa7e69930923b2f7a7bb14c1.dicom,False,3,3,True
463,462,183015e171f5159d7e60d43578632a3f,train/183015e171f5159d7e60d43578632a3f.dicom,False,6,6,True
464,463,1831b088f3a62617cb5cacc3d852cd3c,train/1831b088f3a62617cb5cacc3d852cd3c.dicom,False,6,6,True
465,464,18384bcf54af7c121723805cbd00f44d,train/18384bcf54af7c121723805cbd00f44d.dicom,False,7,7,True
466,465,18533a53425600e4da1e36085cbad104,train/18533a53425600e4da1e36085cbad104.dicom,False,6,6,True
467,466,18759bb253200a7c5fef22b00d05496b,train/18759bb253200a7c5fef22b00d05496b.dicom,False,4,4,True
468,467,18a3dd5dcbabc9484be39f9f2f6c0756,train/18a3dd5dcbabc9484be39f9f2f6c0756.dicom,False,11,11,True
469,468,18a5c8860abc63dbef3627d3e5efd951,train/18a5c8860abc63dbef3627d3e5efd951.dicom,False,9,9,True
470,469,18a61a07e6f5f13ebfee57fa36cd8b6f,train/18a61a07e6f5f13ebfee57fa36cd8b6f.dicom,False,10,10,True
471,470,18b362567e282e3ada32ee486ea6bad1,train/18b362567e282e3ada32ee486ea6bad1.dicom,False,13,13,True
472,471,18ca65f3991cd9e0339abe5d0dcdfc71,train/18ca65f3991cd9e0339abe5d0dcdfc71.dicom,True,0,0,True
473,472,18d37c314615dede5fb25722c8b2ee04,train/18d37c314615dede5fb25722c8b2ee04.dicom,False,3,3,True
474,473,18e5f8a372c20c95b78d49ce1ab39f16,train/18e5f8a372c20c95b78d49ce1ab39f16.dicom,False,4,4,True
475,474,18e91ea53a6b6829c70ae2d762605c21,train/18e91ea53a6b6829c70ae2d762605c21.dicom,False,6,6,True
476,475,18ee5156937f823acee35e15110c6521,train/18ee5156937f823acee35e15110c6521.dicom,True,0,0,True
477,476,18ee9ef3baea468de2087e0edd85e919,train/18ee9ef3baea468de2087e0edd85e919.dicom,False,10,10,True
478,477,1912296cce436028085697480121b4eb,train/1912296cce436028085697480121b4eb.dicom,False,4,4,True
479,478,1915f70378cedb6947df0126db6e8aad,train/1915f70378cedb6947df0126db6e8aad.dicom,False,4,4,True
480,479,191af4a0c5c47c05b06b88f7d6ec671d,train/191af4a0c5c47c05b06b88f7d6ec671d.dicom,False,3,3,True
481,480,1932e3ca2084c4ef9ee98c747cd21f16,train/1932e3ca2084c4ef9ee98c747cd21f16.dicom,False,10,10,True
482,481,19417bae94986e8c122ae6efd92e3997,train/19417bae94986e8c122ae6efd92e3997.dicom,False,9,9,True
483,482,1951e0eba7c68aa1fbd6d723f19ee7c4,train/1951e0eba7c68aa1fbd6d723f19ee7c4.dicom,False,9,9,True
484,483,1981a0c4cdbb5d4eeb9c2572813a453f,train/1981a0c4cdbb5d4eeb9c2572813a453f.dicom,False,4,4,True
485,484,198302ef60405a8889da8fedd5a98ebc,train/198302ef60405a8889da8fedd5a98ebc.dicom,False,6,6,True
486,485,19850eb0ba7a72faf4b329254ab42828,train/19850eb0ba7a72faf4b329254ab42828.dicom,False,14,14,True
487,486,19b1cd4c282515de8cc36d61c45e096d,train/19b1cd4c282515de8cc36d61c45e096d.dicom,False,3,3,True
488,487,19b90a86dccdc11c785cc955ee22db2f,train/19b90a86dccdc11c785cc955ee22db2f.dicom,False,6,6,True
489,488,19c193dfd9cd25eaaed6196a21ccafda,train/19c193dfd9cd25eaaed6196a21ccafda.dicom,True,0,0,True
490,489,19da7247b897983617e17c69636620ad,train/19da7247b897983617e17c69636620ad.dicom,False,13,13,True
491,490,19f915a7d8d00addb6a4846e623b4bfc,train/19f915a7d8d00addb6a4846e623b4bfc.dicom,True,0,0,True
492,491,1a1502956162c21302d1601668a7f565,train/1a1502956162c21302d1601668a7f565.dicom,False,3,3,True
493,492,1a2d61ed3ccdc6c3a230ef73ae6adc4a,train/1a2d61ed3ccdc6c3a230ef73ae6adc4a.dicom,False,6,6,True
494,493,1a39c8cd556ab64679d04d440466a2f5,train/1a39c8cd556ab64679d04d440466a2f5.dicom,False,9,9,True
495,494,1a414a1cb6b545c2ee4de4abede481c7,train/1a414a1cb6b545c2ee4de4abede481c7.dicom,False,13,13,True
496,495,1a4a1dfe32d84179b5ab03e56532bcde,train/1a4a1dfe32d84179b5ab03e56532bcde.dicom,False,9,9,True
497,496,1a4b73e47f99ce15af33427cc16ecc74,train/1a4b73e47f99ce15af33427cc16ecc74.dicom,False,6,6,True
498,497,1a4f3604083f0bb00c748cd1c19236c2,train/1a4f3604083f0bb00c748cd1c19236c2.dicom,False,9,9,True
499,498,1a6380efb810f2c8fbae25143ab93773,train/1a6380efb810f2c8fbae25143ab93773.dicom,False,7,7,True
500,499,1a85266eec98f756269a91a56d5fb1a8,train/1a85266eec98f756269a91a56d5fb1a8.dicom,False,6,6,True
501,500,1aaa4b217affae30113bd3a7a384a4c7,train/1aaa4b217affae30113bd3a7a384a4c7.dicom,False,15,15,True
502,501,1aaab6baefab214419016ad2f3175120,train/1aaab6baefab214419016ad2f3175120.dicom,False,6,6,True
503,502,1ac1cb704bf021b7f462182beb082291,train/1ac1cb704bf021b7f462182beb082291.dicom,False,9,9,True
504,503,1ac82901d20fd381f9aee67859846cef,train/1ac82901d20fd381f9aee67859846cef.dicom,True,0,0,True
505,504,1acd93cf651789703cd37ab249f58580,train/1acd93cf651789703cd37ab249f58580.dicom,False,11,11,True
506,505,1ad1420c6bf26f67e1f0d1140e938efd,train/1ad1420c6bf26f67e1f0d1140e938efd.dicom,False,6,6,True
507,506,1ad9acab15f15722dada12e90242178c,train/1ad9acab15f15722dada12e90242178c.dicom,False,7,7,True
508,507,1adfe6d01589ad3a646a459bb360d5c4,train/1adfe6d01589ad3a646a459bb360d5c4.dicom,False,4,4,True
509,508,1aebe196c344ddae48ec99b142bcf4c2,train/1aebe196c344ddae48ec99b142bcf4c2.dicom,False,4,4,True
510,509,1aef7fa409ee0cb4579032577e02e9cb,train/1aef7fa409ee0cb4579032577e02e9cb.dicom,False,24,24,True
511,510,1b0adf573618b9d4c94b1890852179a0,train/1b0adf573618b9d4c94b1890852179a0.dicom,False,7,7,True
512,511,1b10ae5a7c9530537364360383fa6667,train/1b10ae5a7c9530537364360383fa6667.dicom,False,7,7,True
513,512,1b2a7adb5705d9e3f5b63939046d93c7,train/1b2a7adb5705d9e3f5b63939046d93c7.dicom,False,22,22,True
514,513,1b3379be7c72c3ae5404df423ed74388,train/1b3379be7c72c3ae5404df423ed74388.dicom,False,9,9,True
515,514,1b420f79b18aeb2c7644d4998d313f37,train/1b420f79b18aeb2c7644d4998d313f37.dicom,False,9,9,True
516,515,1b44e26dcb2892268d5326bf44ccd2b3,train/1b44e26dcb2892268d5326bf44ccd2b3.dicom,False,8,8,True
517,516,1b4daa200fc8f2a3c792ca61b7c8857d,train/1b4daa200fc8f2a3c792ca61b7c8857d.dicom,True,0,0,True
518,517,1b5f927abb8fd8e0800d2ad31a5620c1,train/1b5f927abb8fd8e0800d2ad31a5620c1.dicom,False,13,13,True
519,518,1b6b4e0d7f5f7d7ad2bf8b70783244be,train/1b6b4e0d7f5f7d7ad2bf8b70783244be.dicom,False,7,7,True
520,519,1b6c09c247c93d8fd21adf55814476fb,train/1b6c09c247c93d8fd21adf55814476fb.dicom,False,4,4,True
521,520,1b6fbfb87455d2145db222bc4c3e9875,train/1b6fbfb87455d2145db222bc4c3e9875.dicom,False,7,7,True
522,521,1b7fbab20af688131ddebff7bf473879,train/1b7fbab20af688131ddebff7bf473879.dicom,False,5,5,True
523,522,1b90f72310730c8e045e85e8b60c308d,train/1b90f72310730c8e045e85e8b60c308d.dicom,False,5,5,True
524,523,1b95d6b2be1f6e89e865704024d1944b,train/1b95d6b2be1f6e89e865704024d1944b.dicom,True,0,0,True
525,524,1ba0b6688726a0efd3641d086a4dee35,train/1ba0b6688726a0efd3641d086a4dee35.dicom,False,7,7,True
526,525,1bb134a3fb426b7a805ad086164ed865,train/1bb134a3fb426b7a805ad086164ed865.dicom,False,4,4,True
527,526,1bbd7232924e951e7fa87ffa0f62ec3d,train/1bbd7232924e951e7fa87ffa0f62ec3d.dicom,False,8,8,True
528,527,1bc4c3008d6a7144722daa35a7ff2b00,train/1bc4c3008d6a7144722daa35a7ff2b00.dicom,False,6,6,True
529,528,1bcf6203521944e6222a000fec9fab38,train/1bcf6203521944e6222a000fec9fab38.dicom,True,0,0,True
530,529,1be94a4e06067c5ecd66488cad60a087,train/1be94a4e06067c5ecd66488cad60a087.dicom,False,6,6,True
531,530,1bf0c30ec9cf3abe34938787e5f9fc28,train/1bf0c30ec9cf3abe34938787e5f9fc28.dicom,True,0,0,True
532,531,1bf31ecce06f5cab7b82b36daea676b6,train/1bf31ecce06f5cab7b82b36daea676b6.dicom,False,8,8,True
533,532,1c1a57cb8b3893348ecfb6e704a1b87e,train/1c1a57cb8b3893348ecfb6e704a1b87e.dicom,False,3,3,True
534,533,1c1ef26e3b3323f74041f6dd2371cd24,train/1c1ef26e3b3323f74041f6dd2371cd24.dicom,False,6,6,True
535,534,1c2621f624311e2ab55fb909b3b53d19,train/1c2621f624311e2ab55fb909b3b53d19.dicom,False,10,10,True
536,535,1c291f2d783a88bb29d4f0973d820cb0,train/1c291f2d783a88bb29d4f0973d820cb0.dicom,True,0,0,True
537,536,1c2edaf3f7c1867f34d76dafe8f53d80,train/1c2edaf3f7c1867f34d76dafe8f53d80.dicom,False,11,11,True
538,537,1c32170b4af4ce1a3030eb8167753b06,train/1c32170b4af4ce1a3030eb8167753b06.dicom,False,9,9,True
539,538,1c3e88d7eb1849e80d109ab2f059a2e1,train/1c3e88d7eb1849e80d109ab2f059a2e1.dicom,True,0,0,True
540,539,1c42e4e14355bfa790794d44e3a1a4d2,train/1c42e4e14355bfa790794d44e3a1a4d2.dicom,False,3,3,True
541,540,1c4d23bf90d9e32947d50b5e01ce4d78,train/1c4d23bf90d9e32947d50b5e01ce4d78.dicom,False,14,14,True
542,541,1c4d37f9cbacdce0f114ed4c3fd94dd5,train/1c4d37f9cbacdce0f114ed4c3fd94dd5.dicom,False,7,7,True
543,542,1c572f5c1b3f2d9dfb23b48f25a7ace0,train/1c572f5c1b3f2d9dfb23b48f25a7ace0.dicom,False,9,9,True
544,543,1c62f00b3228d2e131a84d1889e213cc,train/1c62f00b3228d2e131a84d1889e213cc.dicom,True,0,0,True
545,544,1c9e6dbfe347fb693c6c9e0cd82113c8,train/1c9e6dbfe347fb693c6c9e0cd82113c8.dicom,True,0,0,True
546,545,1ca93fdd77fb7e2caab2608094201385,train/1ca93fdd77fb7e2caab2608094201385.dicom,False,5,5,True
547,546,1caa3fd2d741bbb50cc3fdcc32b6f0cd,train/1caa3fd2d741bbb50cc3fdcc32b6f0cd.dicom,False,24,24,True
548,547,1cb2f31d6914dbb6550d2ed5538fc184,train/1cb2f31d6914dbb6550d2ed5538fc184.dicom,False,10,10,True
549,548,1cec183870c936178be89a81da2cc7fc,train/1cec183870c936178be89a81da2cc7fc.dicom,False,8,8,True
550,549,1cfebd799d9854a50bfa74e0271f358e,train/1cfebd799d9854a50bfa74e0271f358e.dicom,True,0,0,True
551,550,1d0b8741c4689494aed1c1859eb891dc,train/1d0b8741c4689494aed1c1859eb891dc.dicom,False,6,6,True
552,551,1d170ae6d3f174b88d55b7a44e1b8963,train/1d170ae6d3f174b88d55b7a44e1b8963.dicom,True,0,0,True
553,552,1d1b26e179d9394bc1d9971ec50d1aaf,train/1d1b26e179d9394bc1d9971ec50d1aaf.dicom,False,6,6,True
554,553,1d21c69075630b741fe0629e696fa167,train/1d21c69075630b741fe0629e696fa167.dicom,False,16,16,True
555,554,1d2c0ac10d4b141cda8b549c34848b4f,train/1d2c0ac10d4b141cda8b549c34848b4f.dicom,False,12,12,True
556,555,1d2cef0157f477b7b635a86a85b6f9e4,train/1d2cef0157f477b7b635a86a85b6f9e4.dicom,False,18,18,True
557,556,1d36704fc4f9a8f997128b92551bbc4d,train/1d36704fc4f9a8f997128b92551bbc4d.dicom,False,13,13,True
558,557,1d378b37e94c96925d6e96d281825519,train/1d378b37e94c96925d6e96d281825519.dicom,False,5,5,True
559,558,1d37efa5bcce26d6cc9a224f99db3f0e,train/1d37efa5bcce26d6cc9a224f99db3f0e.dicom,False,10,10,True
560,559,1d63eea24a9f69bc17f1da7af4ffa19a,train/1d63eea24a9f69bc17f1da7af4ffa19a.dicom,True,0,0,True
561,560,1d730f10402fbb1de01aa617b80a8242,train/1d730f10402fbb1de01aa617b80a8242.dicom,False,12,12,True
562,561,1d74c92a1e6adfcb63162f9b72edfc56,train/1d74c92a1e6adfcb63162f9b72edfc56.dicom,False,4,4,True
563,562,1d7ba4000ddf7f707822b2aab9ed4b36,train/1d7ba4000ddf7f707822b2aab9ed4b36.dicom,False,18,18,True
564,563,1d7f85337975dded50e1414cef194deb,train/1d7f85337975dded50e1414cef194deb.dicom,False,6,6,True
565,564,1d8f4d5daf11f2b01695b71a862aa813,train/1d8f4d5daf11f2b01695b71a862aa813.dicom,False,4,4,True
566,565,1dafb16f8c69e188cf2152200e0cb2ef,train/1dafb16f8c69e188cf2152200e0cb2ef.dicom,False,13,13,True
567,566,1dbb725a05c9543e9bd2593ac079f970,train/1dbb725a05c9543e9bd2593ac079f970.dicom,True,0,0,True
568,567,1dc3bbcc437933158a734f7e28547bb5,train/1dc3bbcc437933158a734f7e28547bb5.dicom,False,11,11,True
569,568,1dca2f734825798b81f034da81d257f4,train/1dca2f734825798b81f034da81d257f4.dicom,False,11,11,True
570,569,1dd24b51bb2c4e67bf02641925881174,train/1dd24b51bb2c4e67bf02641925881174.dicom,False,5,5,True
571,570,1dd77edddd2212d41e34dd004d3e26df,train/1dd77edddd2212d41e34dd004d3e26df.dicom,False,6,6,True
572,571,1de1fb0878055fe44cd99abcbde7bfc4,train/1de1fb0878055fe44cd99abcbde7bfc4.dicom,False,6,6,True
573,572,1e0186710c1b727da188c139c83a820b,train/1e0186710c1b727da188c139c83a820b.dicom,True,0,0,True
574,573,1e019d951139255f4ca9200aee4129c6,train/1e019d951139255f4ca9200aee4129c6.dicom,False,6,6,True
575,574,1e1dcf1ea1d974a5fea81b7616a11723,train/1e1dcf1ea1d974a5fea81b7616a11723.dicom,False,10,10,True
576,575,1e380cbe7d0d59de0527d31486a24fa2,train/1e380cbe7d0d59de0527d31486a24fa2.dicom,False,9,9,True
577,576,1e47f8b7036defda2d0191401e1e05d6,train/1e47f8b7036defda2d0191401e1e05d6.dicom,False,3,3,True
578,577,1e584da1fcf0c0297a22f0e36ce86732,train/1e584da1fcf0c0297a22f0e36ce86732.dicom,False,7,7,True
579,578,1e58fd00852763634630540c1d09621d,train/1e58fd00852763634630540c1d09621d.dicom,False,7,7,True
580,579,1e58fd034ba68a69df2b13cccb9ab317,train/1e58fd034ba68a69df2b13cccb9ab317.dicom,False,4,4,True
581,580,1e685beca49d62411bb69bc4ddf7ad11,train/1e685beca49d62411bb69bc4ddf7ad11.dicom,False,7,7,True
582,581,1e717af900c3f539f967ad27b1ce905f,train/1e717af900c3f539f967ad27b1ce905f.dicom,False,8,8,True
583,582,1e78773b772343629858fee07ab051ec,train/1e78773b772343629858fee07ab051ec.dicom,False,8,8,True
584,583,1e8892e58834c2a38f8d0b574327ed81,train/1e8892e58834c2a38f8d0b574327ed81.dicom,False,12,12,True
585,584,1e942d9666eb7b3cd0bf4e2bedae5fd6,train/1e942d9666eb7b3cd0bf4e2bedae5fd6.dicom,False,9,9,True
586,585,1e96e84ac07738cd2f019b1c1d1aac5c,train/1e96e84ac07738cd2f019b1c1d1aac5c.dicom,False,10,10,True
587,586,1ec44d3bc379cf915de2c69bcb325cc2,train/1ec44d3bc379cf915de2c69bcb325cc2.dicom,False,8,8,True
588,587,1ec5b9d1af1a295a5e0d1da32d4ed835,train/1ec5b9d1af1a295a5e0d1da32d4ed835.dicom,False,7,7,True
589,588,1ed4cf45940bbfbcdc31cf4289c1c1e4,train/1ed4cf45940bbfbcdc31cf4289c1c1e4.dicom,False,16,16,True
590,589,1ed597069acd8f4b77174148664e84d8,train/1ed597069acd8f4b77174148664e84d8.dicom,False,7,7,True
591,590,1ee608f4c2322489c730271c6ef7caba,train/1ee608f4c2322489c730271c6ef7caba.dicom,False,4,4,True
592,591,1ee72c7f5de164530f9efa3c2d04bffc,train/1ee72c7f5de164530f9efa3c2d04bffc.dicom,False,7,7,True
593,592,1ee956f957e7b9ec0787e07fe2b76135,train/1ee956f957e7b9ec0787e07fe2b76135.dicom,False,8,8,True
594,593,1f13fb95804f83251401097b2bb4aacf,train/1f13fb95804f83251401097b2bb4aacf.dicom,True,0,0,True
595,594,1f1abf0df154e4d455bd3f93fa8ef1f0,train/1f1abf0df154e4d455bd3f93fa8ef1f0.dicom,False,6,6,True
596,595,1f1b451ebe38481d18a61961c9435a64,train/1f1b451ebe38481d18a61961c9435a64.dicom,True,0,0,True
597,596,1f5a95707791ca66198f87bf0d11e89e,train/1f5a95707791ca66198f87bf0d11e89e.dicom,False,6,6,True
598,597,1f60588926146538eeb34cd3215b4848,train/1f60588926146538eeb34cd3215b4848.dicom,False,16,16,True
599,598,1f68a73472d32146d1cbe3bcd9355337,train/1f68a73472d32146d1cbe3bcd9355337.dicom,False,3,3,True
600,599,1f6cae728b0bab822a84b2014feff03d,train/1f6cae728b0bab822a84b2014feff03d.dicom,False,8,8,True
601,600,1f80202df9f9ee45002ea22f2f29d31f,train/1f80202df9f9ee45002ea22f2f29d31f.dicom,False,12,12,True
602,601,1f897eadcbbca4e2104e7a2d7fd3e0f9,train/1f897eadcbbca4e2104e7a2d7fd3e0f9.dicom,False,5,5,True
603,602,1fc71d17e68259b0ae13b884ccce7309,train/1fc71d17e68259b0ae13b884ccce7309.dicom,False,7,7,True
604,603,1fcceea02142af619405d89b9ee156fc,train/1fcceea02142af619405d89b9ee156fc.dicom,False,6,6,True
605,604,1fce42f55a0de66eb161fc831cd33cc3,train/1fce42f55a0de66eb161fc831cd33cc3.dicom,False,13,13,True
606,605,1fec2347206230bc4721f66d8e90971a,train/1fec2347206230bc4721f66d8e90971a.dicom,False,6,6,True
607,606,1fec989e95cea875cef982129f8e9097,train/1fec989e95cea875cef982129f8e9097.dicom,False,8,8,True
608,607,2016c404039deb1d04073250fa84a328,train/2016c404039deb1d04073250fa84a328.dicom,False,4,4,True
609,608,2033bbf90fa9b91519bac29eb334673a,train/2033bbf90fa9b91519bac29eb334673a.dicom,True,0,0,True
610,609,20374abc6a6d82a106212cddd740a99c,train/20374abc6a6d82a106212cddd740a99c.dicom,True,0,0,True
611,610,20394e709ffb7128e582a7b0901dca2d,train/20394e709ffb7128e582a7b0901dca2d.dicom,False,6,6,True
612,611,206f64789c8237b16ef4da5a38d74cdc,train/206f64789c8237b16ef4da5a38d74cdc.dicom,False,5,5,True
613,612,2072e55e4f38ef869fc492b5e282057b,train/2072e55e4f38ef869fc492b5e282057b.dicom,False,17,17,True
614,613,2077dfb717706d5ce9a373f1672e869c,train/2077dfb717706d5ce9a373f1672e869c.dicom,True,0,0,True
615,614,208cddf534a1bc9c35f5faa6a6c51f94,train/208cddf534a1bc9c35f5faa6a6c51f94.dicom,False,5,5,True
616,615,2094cd7cf01e7e283818e836115596c4,train/2094cd7cf01e7e283818e836115596c4.dicom,True,0,0,True
617,616,20d9e4989fab7ecae4243324d81ad309,train/20d9e4989fab7ecae4243324d81ad309.dicom,False,6,6,True
618,617,20e27597c972c6e7fdb4d1e7638e227e,train/20e27597c972c6e7fdb4d1e7638e227e.dicom,False,11,11,True
619,618,20e88cb9beaf2949c3fdd01827404235,train/20e88cb9beaf2949c3fdd01827404235.dicom,False,4,4,True
620,619,20eb3cf0d35e7ed1616139edbe04bcfc,train/20eb3cf0d35e7ed1616139edbe04bcfc.dicom,False,3,3,True
621,620,21042debbedcf41f16302df107a594a2,train/21042debbedcf41f16302df107a594a2.dicom,False,4,4,True
622,621,21086ab046da90a4526e5604670a96ce,train/21086ab046da90a4526e5604670a96ce.dicom,False,7,7,True
623,622,2116aa83dd20261a1c6f4b13ea3eafbc,train/2116aa83dd20261a1c6f4b13ea3eafbc.dicom,False,5,5,True
624,623,2121782e288bb5fccf342938ce4faee2,train/2121782e288bb5fccf342938ce4faee2.dicom,False,5,5,True
625,624,2139901070c5471f0e289e216bc90198,train/2139901070c5471f0e289e216bc90198.dicom,True,0,0,True
626,625,215ebc513445e8e809addf6029df970c,train/215ebc513445e8e809addf6029df970c.dicom,False,6,6,True
627,626,21992194880ed480bd0232be383b8268,train/21992194880ed480bd0232be383b8268.dicom,False,6,6,True
628,627,21ab6bc8c66330a258b3513c2ab738fd,train/21ab6bc8c66330a258b3513c2ab738fd.dicom,False,3,3,True
629,628,21b7ceae06bcc8d0a4b30debc5570e57,train/21b7ceae06bcc8d0a4b30debc5570e57.dicom,False,3,3,True
630,629,21b9ef8dedf84d02366305c87a6328d1,train/21b9ef8dedf84d02366305c87a6328d1.dicom,False,12,12,True
631,630,21bdb7a46e19c697209064855102859e,train/21bdb7a46e19c697209064855102859e.dicom,False,5,5,True
632,631,21cc15968368582b548bdc50f24d1ce5,train/21cc15968368582b548bdc50f24d1ce5.dicom,False,4,4,True
633,632,21cf533a9fe77bdbee21babd427a0d1f,train/21cf533a9fe77bdbee21babd427a0d1f.dicom,False,11,11,True
634,633,21d0e0bb639ebec0b2a2ce0c5c805344,train/21d0e0bb639ebec0b2a2ce0c5c805344.dicom,False,13,13,True
635,634,21d5465ffc737f2c94f66cc5b740614e,train/21d5465ffc737f2c94f66cc5b740614e.dicom,False,5,5,True
636,635,21f596b4f75fd3d0ff54f55ad760272b,train/21f596b4f75fd3d0ff54f55ad760272b.dicom,False,9,9,True
637,636,2201904fdc9c81df726cb626bf58edeb,train/2201904fdc9c81df726cb626bf58edeb.dicom,False,7,7,True
638,637,221c92d2718f1f49ee483ab4afbc7238,train/221c92d2718f1f49ee483ab4afbc7238.dicom,False,4,4,True
639,638,221d68705e17ec11935e410fcc483b0f,train/221d68705e17ec11935e410fcc483b0f.dicom,False,4,4,True
640,639,2229148faa205e881cf0d932755c9e40,train/2229148faa205e881cf0d932755c9e40.dicom,False,12,12,True
641,640,222b7757f55bee221e7aba69fc9928d0,train/222b7757f55bee221e7aba69fc9928d0.dicom,False,8,8,True
642,641,222beb3cd839eacd08d35c2785e48265,train/222beb3cd839eacd08d35c2785e48265.dicom,False,9,9,True
643,642,222cd825ec14127cfb030b84780c30d5,train/222cd825ec14127cfb030b84780c30d5.dicom,False,7,7,True
644,643,224ad5cca3b13b0a820052fe0491699a,train/224ad5cca3b13b0a820052fe0491699a.dicom,False,16,16,True
645,644,2254df0c59c659c6eec67a73327bc857,train/2254df0c59c659c6eec67a73327bc857.dicom,False,15,15,True
646,645,22576c31ecae86e2e6d580b4bebb5d77,train/22576c31ecae86e2e6d580b4bebb5d77.dicom,False,6,6,True
647,646,226452107c14a6218e9c4d582025110b,train/226452107c14a6218e9c4d582025110b.dicom,False,17,17,True
648,647,22672ab82c290c20b86863291e25ef6c,train/22672ab82c290c20b86863291e25ef6c.dicom,False,22,22,True
649,648,2271647c6cb51cd088392c184f8be135,train/2271647c6cb51cd088392c184f8be135.dicom,False,4,4,True
650,649,22807ea675967a02baf8f510543a4a95,train/22807ea675967a02baf8f510543a4a95.dicom,False,6,6,True
651,650,2285e92d66a166fa72444a73f4c5fc52,train/2285e92d66a166fa72444a73f4c5fc52.dicom,False,4,4,True
652,651,228d41a874a5536d83b62b9161da1d61,train/228d41a874a5536d83b62b9161da1d61.dicom,False,8,8,True
653,652,228f1394daba97a4ce03ae7e866ec2ac,train/228f1394daba97a4ce03ae7e866ec2ac.dicom,False,5,5,True
654,653,22b8e616a61bbc4caaed0cf23b7159df,train/22b8e616a61bbc4caaed0cf23b7159df.dicom,False,6,6,True
655,654,22c9f6b6888cce9bad89c72a2f87e56f,train/22c9f6b6888cce9bad89c72a2f87e56f.dicom,False,7,7,True
656,655,22ca7192ef23cf85a365a0e68ad6f9c7,train/22ca7192ef23cf85a365a0e68ad6f9c7.dicom,False,7,7,True
657,656,22d12a2c3610060793453d39c4330429,train/22d12a2c3610060793453d39c4330429.dicom,False,4,4,True
658,657,22d7fb75b2d533f5fda002cd41721884,train/22d7fb75b2d533f5fda002cd41721884.dicom,False,5,5,True
659,658,22f45bf04169a43d02dea6df008de68a,train/22f45bf04169a43d02dea6df008de68a.dicom,False,6,6,True
660,659,2300d60e735d646de5632275313f9c95,train/2300d60e735d646de5632275313f9c95.dicom,True,0,0,True
661,660,230ffa646a0bec6bce8b027cd4c66832,train/230ffa646a0bec6bce8b027cd4c66832.dicom,False,5,5,True
662,661,231a4b73de5ac7e0218f736b6b6ff1f2,train/231a4b73de5ac7e0218f736b6b6ff1f2.dicom,False,10,10,True
663,662,231eceaec9e603e7cdb2021bd2ccbe02,train/231eceaec9e603e7cdb2021bd2ccbe02.dicom,False,7,7,True
664,663,231f7662ddb1e997de7ae4e11840960f,train/231f7662ddb1e997de7ae4e11840960f.dicom,False,6,6,True
665,664,23687f2e75cfb173dbfe0a785326d6b3,train/23687f2e75cfb173dbfe0a785326d6b3.dicom,False,3,3,True
666,665,236c84dba2293e1afd669eee1b6511c6,train/236c84dba2293e1afd669eee1b6511c6.dicom,False,5,5,True
667,666,238b1299945de447d94124e14734edab,train/238b1299945de447d94124e14734edab.dicom,False,17,17,True
668,667,23976276263082c45eec8db02176a30b,train/23976276263082c45eec8db02176a30b.dicom,False,7,7,True
669,668,23ada7eb0d82a360190e77da2edfcf8f,train/23ada7eb0d82a360190e77da2edfcf8f.dicom,True,0,0,True
670,669,23b0639cd035140def992b0ee7fc34f2,train/23b0639cd035140def992b0ee7fc34f2.dicom,False,6,6,True
671,670,23b8b9881d7effc2a5aa2b7372f01d7f,train/23b8b9881d7effc2a5aa2b7372f01d7f.dicom,False,8,8,True
672,671,23c9516db65572bae3125bcaead302d3,train/23c9516db65572bae3125bcaead302d3.dicom,False,22,22,True
673,672,23ca1279bcbf10d8dc39e769e145a516,train/23ca1279bcbf10d8dc39e769e145a516.dicom,False,11,11,True
674,673,23cc21ad490ea10045c00fba3a208b3f,train/23cc21ad490ea10045c00fba3a208b3f.dicom,False,8,8,True
675,674,23d1c67775a1f20404642b6086b74cc8,train/23d1c67775a1f20404642b6086b74cc8.dicom,False,9,9,True
676,675,23e3c7a5073d74c1d2daed5ad73fb254,train/23e3c7a5073d74c1d2daed5ad73fb254.dicom,False,14,14,True
677,676,23f267e42a7e9f496aa143fe11f241ff,train/23f267e42a7e9f496aa143fe11f241ff.dicom,False,12,12,True
678,677,23f29659e174d2c4651857bf304a5d75,train/23f29659e174d2c4651857bf304a5d75.dicom,False,5,5,True
679,678,23f29ee2101fa421afeb84cf923ee9b6,train/23f29ee2101fa421afeb84cf923ee9b6.dicom,False,9,9,True
680,679,23fcdb51ca6f2495a08911d8bd8f19e8,train/23fcdb51ca6f2495a08911d8bd8f19e8.dicom,False,8,8,True
681,680,2400efb8ccb698992e54ec03286d35ef,train/2400efb8ccb698992e54ec03286d35ef.dicom,False,5,5,True
682,681,24051b6c68ac93e887c70b671d9197cb,train/24051b6c68ac93e887c70b671d9197cb.dicom,False,9,9,True
683,682,2415d19465e30def974fc2c9747692d4,train/2415d19465e30def974fc2c9747692d4.dicom,False,9,9,True
684,683,2458bd52db3e463b43967723e0f802b4,train/2458bd52db3e463b43967723e0f802b4.dicom,False,3,3,True
685,684,2461bde97f5dad74ca07c6a5e6ce56c1,train/2461bde97f5dad74ca07c6a5e6ce56c1.dicom,False,7,7,True
686,685,2461ca359068b06237e93aae140a25f3,train/2461ca359068b06237e93aae140a25f3.dicom,False,9,9,True
687,686,2469a8efd790f12eb9304f5c013a966e,train/2469a8efd790f12eb9304f5c013a966e.dicom,False,6,6,True
688,687,247af0fcdbe53ade2def3f79e4eb9345,train/247af0fcdbe53ade2def3f79e4eb9345.dicom,False,7,7,True
689,688,24986a34a5f97ddeb44a999d245b949b,train/24986a34a5f97ddeb44a999d245b949b.dicom,False,6,6,True
690,689,24aae4c9a587c5f0440e6d305bebd26e,train/24aae4c9a587c5f0440e6d305bebd26e.dicom,False,7,7,True
691,690,24b3b89454ece6db0ba1a5cb83f3421a,train/24b3b89454ece6db0ba1a5cb83f3421a.dicom,False,10,10,True
692,691,24b3c4ccc0e19044935c8f40ab37fc18,train/24b3c4ccc0e19044935c8f40ab37fc18.dicom,False,13,13,True
693,692,24b77560428d23bcaf7c06a536fbb287,train/24b77560428d23bcaf7c06a536fbb287.dicom,False,9,9,True
694,693,24bf0f138643ee4141ebefba54fb6843,train/24bf0f138643ee4141ebefba54fb6843.dicom,False,5,5,True
695,694,24c408efe011f2d27322e93440221aa1,train/24c408efe011f2d27322e93440221aa1.dicom,False,7,7,True
696,695,24c7e3233b6ebe3d1159f81ae97daed1,train/24c7e3233b6ebe3d1159f81ae97daed1.dicom,False,6,6,True
697,696,24d6b814577360fb4d11e0e6aecfefb0,train/24d6b814577360fb4d11e0e6aecfefb0.dicom,False,4,4,True
698,697,24dd3c2b634ac8b951b5aa1b24a536c8,train/24dd3c2b634ac8b951b5aa1b24a536c8.dicom,False,13,13,True
699,698,24e9b243d734e26d9de71aa3e08ef9b0,train/24e9b243d734e26d9de71aa3e08ef9b0.dicom,False,8,8,True
700,699,25207f1f73016eb9d84327860e5c9b49,train/25207f1f73016eb9d84327860e5c9b49.dicom,False,12,12,True
701,700,2534b21e1fcdf7748a07109999952840,train/2534b21e1fcdf7748a07109999952840.dicom,False,14,14,True
702,701,2534b84ffceb627618e684cb037fdf74,train/2534b84ffceb627618e684cb037fdf74.dicom,False,6,6,True
703,702,253760c0117371987f0cbc8b20e684de,train/253760c0117371987f0cbc8b20e684de.dicom,False,6,6,True
704,703,2546f825d7846960568c710eab2cbbd3,train/2546f825d7846960568c710eab2cbbd3.dicom,False,5,5,True
705,704,2550db13e3e4174fb2980fbc965c4856,train/2550db13e3e4174fb2980fbc965c4856.dicom,True,0,0,True
706,705,255f4987d211d413e7823dea2ac6642c,train/255f4987d211d413e7823dea2ac6642c.dicom,False,4,4,True
707,706,25673b843469af61ad711cdd1d920a8b,train/25673b843469af61ad711cdd1d920a8b.dicom,False,3,3,True
708,707,256b0ad89e73b03f15635e647c2bdb02,train/256b0ad89e73b03f15635e647c2bdb02.dicom,False,4,4,True
709,708,2583527ca7c4a6e278fb4506ba8637ab,train/2583527ca7c4a6e278fb4506ba8637ab.dicom,False,16,16,True
710,709,25897fa85891d5fcf7c65d520628cf20,train/25897fa85891d5fcf7c65d520628cf20.dicom,False,8,8,True
711,710,258b0025af766aa2a485e3221da4b46e,train/258b0025af766aa2a485e3221da4b46e.dicom,False,15,15,True
712,711,258d918ebb5b4e4d13e381f0df399b5a,train/258d918ebb5b4e4d13e381f0df399b5a.dicom,False,8,8,True
713,712,2592036272857648c597c9045a6588d1,train/2592036272857648c597c9045a6588d1.dicom,False,7,7,True
714,713,2596fb668f0ec31ac6622ea546e600cf,train/2596fb668f0ec31ac6622ea546e600cf.dicom,False,18,18,True
715,714,25a73bf0f701b9275c74fc23aa30e681,train/25a73bf0f701b9275c74fc23aa30e681.dicom,False,8,8,True
716,715,25b123c53b8d9f39e9e29e4ee34c9906,train/25b123c53b8d9f39e9e29e4ee34c9906.dicom,False,12,12,True
717,716,25c278c9f3eac8a0f53780aa5e615e23,train/25c278c9f3eac8a0f53780aa5e615e23.dicom,False,9,9,True
718,717,25e383a85bad2e00064e7be23d745f50,train/25e383a85bad2e00064e7be23d745f50.dicom,False,6,6,True
719,718,25e47d32d64f7f416d6fb1bf497b4b1a,train/25e47d32d64f7f416d6fb1bf497b4b1a.dicom,True,0,0,True
720,719,25e4fa50ffa395dd163a97ca6bef8fe0,train/25e4fa50ffa395dd163a97ca6bef8fe0.dicom,False,5,5,True
721,720,25e99dd3d0a8e45529b0c04f28a31313,train/25e99dd3d0a8e45529b0c04f28a31313.dicom,False,9,9,True
722,721,25f0621dae8874aac9985c4034a565ea,train/25f0621dae8874aac9985c4034a565ea.dicom,False,6,6,True
723,722,25f2c7b53a6ed09a9aaf73c30357aaf6,train/25f2c7b53a6ed09a9aaf73c30357aaf6.dicom,False,6,6,True
724,723,25fca74811355266a2c7a0bc442db4e3,train/25fca74811355266a2c7a0bc442db4e3.dicom,False,14,14,True
725,724,26045d6e5c9397d08825496593fbc291,train/26045d6e5c9397d08825496593fbc291.dicom,True,0,0,True
726,725,262cd3e70a033d61a7236aa971be339a,train/262cd3e70a033d61a7236aa971be339a.dicom,True,0,0,True
727,726,264fdebe57965c3292ce07c7b4be8c39,train/264fdebe57965c3292ce07c7b4be8c39.dicom,True,0,0,True
728,727,26555d1abc4576ef9e235aba96f4429e,train/26555d1abc4576ef9e235aba96f4429e.dicom,False,5,5,True
729,728,26562944ced2c6e1eea7abaf0e5a6e5d,train/26562944ced2c6e1eea7abaf0e5a6e5d.dicom,False,4,4,True
730,729,26585204e3c296a3b105bd5bd1c537ee,train/26585204e3c296a3b105bd5bd1c537ee.dicom,False,14,14,True
731,730,26603f3c325594b0a07a9fd73d74bbce,train/26603f3c325594b0a07a9fd73d74bbce.dicom,False,5,5,True
732,731,26697f6b3b73c564a0dd92b2fa1a8b0b,train/26697f6b3b73c564a0dd92b2fa1a8b0b.dicom,False,4,4,True
733,732,267d32594c86cba886ed0733e946c1df,train/267d32594c86cba886ed0733e946c1df.dicom,False,9,9,True
734,733,267e7d6c78b3bc498461b69668eb44f8,train/267e7d6c78b3bc498461b69668eb44f8.dicom,True,0,0,True
735,734,26814fc54bbb41c62e1fc2c2646f3288,train/26814fc54bbb41c62e1fc2c2646f3288.dicom,False,7,7,True
736,735,268521c3c47990c84e7175a31d8c509c,train/268521c3c47990c84e7175a31d8c509c.dicom,False,7,7,True
737,736,268ed28c6d57f5d5383cd5cf8e62e457,train/268ed28c6d57f5d5383cd5cf8e62e457.dicom,False,5,5,True
738,737,269fc38670939729787d740e47145028,train/269fc38670939729787d740e47145028.dicom,False,5,5,True
739,738,269fe47164da086b729babc8225ea116,train/269fe47164da086b729babc8225ea116.dicom,False,8,8,True
740,739,26a2c28022c4eb76848703d3bd669562,train/26a2c28022c4eb76848703d3bd669562.dicom,False,5,5,True
741,740,26be9cde1a3d1a38f19c6753cc9ed40d,train/26be9cde1a3d1a38f19c6753cc9ed40d.dicom,False,7,7,True
742,741,26cff5d4eedc6c89172888ea18b09893,train/26cff5d4eedc6c89172888ea18b09893.dicom,False,11,11,True
743,742,26d1d5a0ef2e692c6340e74859ffdc53,train/26d1d5a0ef2e692c6340e74859ffdc53.dicom,False,15,15,True
744,743,26d9a51c0e889911fadbfd7219c6540a,train/26d9a51c0e889911fadbfd7219c6540a.dicom,False,6,6,True
745,744,26e6b6009db476d5b90c4a7e279ba50f,train/26e6b6009db476d5b90c4a7e279ba50f.dicom,False,7,7,True
746,745,26fcfa2a147cabce7658e1ea656e1efe,train/26fcfa2a147cabce7658e1ea656e1efe.dicom,False,6,6,True
747,746,26fd27f25c4c5329c224f75f5f94d96c,train/26fd27f25c4c5329c224f75f5f94d96c.dicom,False,3,3,True
748,747,27128ae2af0e160293897cd55c02993b,train/27128ae2af0e160293897cd55c02993b.dicom,False,7,7,True
749,748,27179c32f1a5d2b20d5a289372823554,train/27179c32f1a5d2b20d5a289372823554.dicom,False,13,13,True
750,749,271f9008a6ac0c2fbed2ee6d40ff8750,train/271f9008a6ac0c2fbed2ee6d40ff8750.dicom,False,7,7,True
751,750,2728492d9333328da0ccd73d76d6c00d,train/2728492d9333328da0ccd73d76d6c00d.dicom,False,4,4,True
752,751,273a53879b3ba9afa3d6d1e3aea0a453,train/273a53879b3ba9afa3d6d1e3aea0a453.dicom,False,6,6,True
753,752,2752b250ca52cd0afe8b4b980e82310b,train/2752b250ca52cd0afe8b4b980e82310b.dicom,True,0,0,True
754,753,27689b23167e89e1142f6fa265921a3a,train/27689b23167e89e1142f6fa265921a3a.dicom,True,0,0,True
755,754,276eab8db40adc114124d1383afeba5c,train/276eab8db40adc114124d1383afeba5c.dicom,False,4,4,True
756,755,277b457e1e341a9194249937b68cd2c2,train/277b457e1e341a9194249937b68cd2c2.dicom,False,5,5,True
757,756,27849a742242ed68910ae7592904db7c,train/27849a742242ed68910ae7592904db7c.dicom,False,5,5,True
758,757,27ae5a2982f9ef772cccfbd14332f965,train/27ae5a2982f9ef772cccfbd14332f965.dicom,False,6,6,True
759,758,27b61449ef8109cb45c3ba3b7642d746,train/27b61449ef8109cb45c3ba3b7642d746.dicom,False,3,3,True
760,759,27b822c5d3b354f096dfb788fd3fa636,train/27b822c5d3b354f096dfb788fd3fa636.dicom,False,33,33,True
761,760,27c2bfe6ab94022f4137c7e421af973c,train/27c2bfe6ab94022f4137c7e421af973c.dicom,False,6,6,True
762,761,27c69745b5ba6930e94b9b29bd1965ad,train/27c69745b5ba6930e94b9b29bd1965ad.dicom,False,5,5,True
763,762,27c831fee072b232499541b0aca58d9c,train/27c831fee072b232499541b0aca58d9c.dicom,False,5,5,True
764,763,27ca6b9bd9b4c1f284e450201cfc4613,train/27ca6b9bd9b4c1f284e450201cfc4613.dicom,False,5,5,True
765,764,27e113d3d158dbdd548b534c26164e55,train/27e113d3d158dbdd548b534c26164e55.dicom,False,13,13,True
766,765,27e1d29f27cfe7f88225f4660e75615e,train/27e1d29f27cfe7f88225f4660e75615e.dicom,True,0,0,True
767,766,27e6678a92ac10ed461ddc9f04bd3fcf,train/27e6678a92ac10ed461ddc9f04bd3fcf.dicom,False,6,6,True
768,767,27ea40d58f6894394fc2990d739a8c0e,train/27ea40d58f6894394fc2990d739a8c0e.dicom,False,14,14,True
769,768,27eeacb2cf6ea95a95e0c60a914d45a3,train/27eeacb2cf6ea95a95e0c60a914d45a3.dicom,True,0,0,True
770,769,280266b12a3ac75cac7066556997e865,train/280266b12a3ac75cac7066556997e865.dicom,False,7,7,True
771,770,281070333d103fe4a02065d7f986b062,train/281070333d103fe4a02065d7f986b062.dicom,False,6,6,True
772,771,281ea309fd2fd61c9955f9d29c88a092,train/281ea309fd2fd61c9955f9d29c88a092.dicom,False,15,15,True
773,772,28439c0a4f24e1319b22dd12b8a56a14,train/28439c0a4f24e1319b22dd12b8a56a14.dicom,False,11,11,True
774,773,285c4b227a6c923d674fa58fdfdd2eca,train/285c4b227a6c923d674fa58fdfdd2eca.dicom,False,7,7,True
775,774,285cdfec4d725d327266833adf3ba9d5,train/285cdfec4d725d327266833adf3ba9d5.dicom,False,5,5,True
776,775,2860567dbd5d3f2597072e0b0e45ccd6,train/2860567dbd5d3f2597072e0b0e45ccd6.dicom,False,22,22,True
777,776,2866813d0d8eeae54af11160adb68731,train/2866813d0d8eeae54af11160adb68731.dicom,False,9,9,True
778,777,286d4f7bc4282b7dd5fae43ee06cfb8d,train/286d4f7bc4282b7dd5fae43ee06cfb8d.dicom,False,5,5,True
779,778,28711a5bb20257be65943b9374dfb3c3,train/28711a5bb20257be65943b9374dfb3c3.dicom,False,7,7,True
780,779,2877640e69c0276243177a341ed74742,train/2877640e69c0276243177a341ed74742.dicom,True,0,0,True
781,780,28896771fc2f06e7fe9444b125644731,train/28896771fc2f06e7fe9444b125644731.dicom,False,5,5,True
782,781,28936b1a86428a44f356135a896b8627,train/28936b1a86428a44f356135a896b8627.dicom,False,9,9,True
783,782,2895afe060760a377fea0d6c8fcbf9d1,train/2895afe060760a377fea0d6c8fcbf9d1.dicom,False,6,6,True
784,783,28c18bf8fcb6c11c5fbc7c00d9f5bacc,train/28c18bf8fcb6c11c5fbc7c00d9f5bacc.dicom,True,0,0,True
785,784,28c8730ff1714318eeabad15e3ae5c51,train/28c8730ff1714318eeabad15e3ae5c51.dicom,False,6,6,True
786,785,28d769becacfbdeebab6d3fda7322cf7,train/28d769becacfbdeebab6d3fda7322cf7.dicom,False,19,19,True
787,786,28eb28a9feba4a3fd37327417aba1ed7,train/28eb28a9feba4a3fd37327417aba1ed7.dicom,False,3,3,True
788,787,28ff3d4ede34ff71de27c9091b25fc44,train/28ff3d4ede34ff71de27c9091b25fc44.dicom,False,6,6,True
789,788,292cf1b34afba18402da0662070919cf,train/292cf1b34afba18402da0662070919cf.dicom,False,7,7,True
790,789,294c1b068fb6ecfd27f5106e744ddb4b,train/294c1b068fb6ecfd27f5106e744ddb4b.dicom,True,0,0,True
791,790,2954986a6bc846398d3cc9bc2297ed84,train/2954986a6bc846398d3cc9bc2297ed84.dicom,False,21,21,True
792,791,2988c0540fad8e078a609d7672525d5a,train/2988c0540fad8e078a609d7672525d5a.dicom,True,0,0,True
793,792,299057220a9508923d271ac70bff843b,train/299057220a9508923d271ac70bff843b.dicom,False,6,6,True
794,793,299278f67dc5e40ee4fd003595c6e8d7,train/299278f67dc5e40ee4fd003595c6e8d7.dicom,False,9,9,True
795,794,2998cdc708e79055543eb95842261f57,train/2998cdc708e79055543eb95842261f57.dicom,False,8,8,True
796,795,29c96058b2c5a8222b87dcaee1730469,train/29c96058b2c5a8222b87dcaee1730469.dicom,False,7,7,True
797,796,29cf3341c2f0195c0faddcf2e640045b,train/29cf3341c2f0195c0faddcf2e640045b.dicom,True,0,0,True
798,797,29df463304de180282f55d13d254b409,train/29df463304de180282f55d13d254b409.dicom,False,4,4,True
799,798,29fd996e134b7e6658edb78f41022878,train/29fd996e134b7e6658edb78f41022878.dicom,False,5,5,True
800,799,2a176d08f99af402c877cde732008c46,train/2a176d08f99af402c877cde732008c46.dicom,False,8,8,True
801,800,2a180035c17769657f1d89651ff4babd,train/2a180035c17769657f1d89651ff4babd.dicom,False,9,9,True
802,801,2a18e11f1134a84a141b5d2f8284112c,train/2a18e11f1134a84a141b5d2f8284112c.dicom,False,6,6,True
803,802,2a2d24f9e9397ea669cf6ec9f850c367,train/2a2d24f9e9397ea669cf6ec9f850c367.dicom,False,8,8,True
804,803,2a3308874776a5824f84b6ec3fee10b1,train/2a3308874776a5824f84b6ec3fee10b1.dicom,False,8,8,True
805,804,2a335bf71ad32a097557e379b6113ce9,train/2a335bf71ad32a097557e379b6113ce9.dicom,False,6,6,True
806,805,2a364dea24600221fb6208567bda008b,train/2a364dea24600221fb6208567bda008b.dicom,False,11,11,True
807,806,2a3cc19a099f06f80007cceb75d43bf0,train/2a3cc19a099f06f80007cceb75d43bf0.dicom,True,0,0,True
808,807,2a3def0aa2b27bea4235348e5d4cf345,train/2a3def0aa2b27bea4235348e5d4cf345.dicom,False,12,12,True
809,808,2a5abc6af72d3329b7155f17154132f9,train/2a5abc6af72d3329b7155f17154132f9.dicom,False,6,6,True
810,809,2a6d1ced2d75a229ea936e5f2dbbbe32,train/2a6d1ced2d75a229ea936e5f2dbbbe32.dicom,False,8,8,True
811,810,2a7a75a118e112a3b655617f77a3009a,train/2a7a75a118e112a3b655617f77a3009a.dicom,False,7,7,True
812,811,2a7e782ce2b8c998858e184637c3e9dd,train/2a7e782ce2b8c998858e184637c3e9dd.dicom,False,3,3,True
813,812,2a848e44e179f5e9b7d708835cfa5109,train/2a848e44e179f5e9b7d708835cfa5109.dicom,False,8,8,True
814,813,2a8be2bd51a3851ed0ce9c84e9a62426,train/2a8be2bd51a3851ed0ce9c84e9a62426.dicom,False,3,3,True
815,814,2a96255deafcf2f24bf9f266e1c12633,train/2a96255deafcf2f24bf9f266e1c12633.dicom,False,9,9,True
816,815,2aae4700188dd1842bb1851d714d7f38,train/2aae4700188dd1842bb1851d714d7f38.dicom,False,6,6,True
817,816,2ab378a7f2524b5b5a7ea85b86f0b4ee,train/2ab378a7f2524b5b5a7ea85b86f0b4ee.dicom,False,8,8,True
818,817,2ad18a594cbaf3c6d6145a7775829554,train/2ad18a594cbaf3c6d6145a7775829554.dicom,False,28,28,True
819,818,2ae73f853f1f9c23c2c9e200046665d1,train/2ae73f853f1f9c23c2c9e200046665d1.dicom,False,5,5,True
820,819,2aeb88a0d7394443e815a4b3e15399d4,train/2aeb88a0d7394443e815a4b3e15399d4.dicom,False,5,5,True
821,820,2b0d2503cdaa8d34ad9a82cf4fdb546e,train/2b0d2503cdaa8d34ad9a82cf4fdb546e.dicom,False,5,5,True
822,821,2b0fb0afde2742c14c1c967cdcb20969,train/2b0fb0afde2742c14c1c967cdcb20969.dicom,False,6,6,True
823,822,2b24fc9d451749e2edfc5ff60be60192,train/2b24fc9d451749e2edfc5ff60be60192.dicom,False,11,11,True
824,823,2b49559acd55fecfe38a55ca0ed0bf68,train/2b49559acd55fecfe38a55ca0ed0bf68.dicom,False,5,5,True
825,824,2b4d362bb4e5eb4c37b13b9eaa1ca079,train/2b4d362bb4e5eb4c37b13b9eaa1ca079.dicom,False,6,6,True
826,825,2b5284b043c6459e1e1e0a4a328cad79,train/2b5284b043c6459e1e1e0a4a328cad79.dicom,False,22,22,True
827,826,2b55e75bee255de5460976f84d18b76f,train/2b55e75bee255de5460976f84d18b76f.dicom,True,0,0,True
828,827,2b5b141ce31a62f9b997052a3ca73128,train/2b5b141ce31a62f9b997052a3ca73128.dicom,False,6,6,True
829,828,2b658b536fb15c22f623c3d6672b64d0,train/2b658b536fb15c22f623c3d6672b64d0.dicom,False,23,23,True
830,829,2b6b881ebefa187a82a2a51ea677298c,train/2b6b881ebefa187a82a2a51ea677298c.dicom,False,6,6,True
831,830,2b6ec0aa221b1f430e8f5cb1696844dd,train/2b6ec0aa221b1f430e8f5cb1696844dd.dicom,False,9,9,True
832,831,2b8a0c8760862e0bd6dbac062d421396,train/2b8a0c8760862e0bd6dbac062d421396.dicom,False,11,11,True
833,832,2b8cead1c95f1a83f7ea7f7b92f398e4,train/2b8cead1c95f1a83f7ea7f7b92f398e4.dicom,True,0,0,True
834,833,2b8d23b406077cd35596765abe6930c8,train/2b8d23b406077cd35596765abe6930c8.dicom,False,3,3,True
835,834,2ba459709d0d25824e0baf9f6d4f94e6,train/2ba459709d0d25824e0baf9f6d4f94e6.dicom,False,7,7,True
836,835,2ba839f1e3d3c2d8760c11ccb7e3f01c,train/2ba839f1e3d3c2d8760c11ccb7e3f01c.dicom,False,6,6,True
837,836,2bac12b65fe143e0d0a4b56b320782e8,train/2bac12b65fe143e0d0a4b56b320782e8.dicom,False,10,10,True
838,837,2bcbeee6ac875c40fd3adc070a35f46b,train/2bcbeee6ac875c40fd3adc070a35f46b.dicom,False,9,9,True
839,838,2be0cff9073424bcaf946885d1c1adf5,train/2be0cff9073424bcaf946885d1c1adf5.dicom,False,6,6,True
840,839,2be93a3c2bd9a086a39c3806e1811356,train/2be93a3c2bd9a086a39c3806e1811356.dicom,False,8,8,True
841,840,2beb474652da324c06ca0267cc903c1e,train/2beb474652da324c06ca0267cc903c1e.dicom,False,6,6,True
842,841,2bec7ab41bfb8b797483fb5af80ace2e,train/2bec7ab41bfb8b797483fb5af80ace2e.dicom,False,6,6,True
843,842,2c0ecdf04ffe35c6031fe2ae2b3a36f4,train/2c0ecdf04ffe35c6031fe2ae2b3a36f4.dicom,True,0,0,True
844,843,2c2551cc5f69dc282a7dea8202492a85,train/2c2551cc5f69dc282a7dea8202492a85.dicom,True,0,0,True
845,844,2c3979232fe659fb46d4ca12263e75d0,train/2c3979232fe659fb46d4ca12263e75d0.dicom,False,5,5,True
846,845,2c42c054b21c3a7ff91f13e3b43e5418,train/2c42c054b21c3a7ff91f13e3b43e5418.dicom,False,8,8,True
847,846,2c475d89c90a50567ba0cf5ddd62f68a,train/2c475d89c90a50567ba0cf5ddd62f68a.dicom,False,13,13,True
848,847,2c535167a6a1466c54bc62eb6100f577,train/2c535167a6a1466c54bc62eb6100f577.dicom,False,3,3,True
849,848,2c5d9c4fdfc633cb9a6af8ead0c45f19,train/2c5d9c4fdfc633cb9a6af8ead0c45f19.dicom,False,5,5,True
850,849,2c6c48665c4d007b795cbcb57da481bd,train/2c6c48665c4d007b795cbcb57da481bd.dicom,True,0,0,True
851,850,2c74f4196862f688266048d27224464d,train/2c74f4196862f688266048d27224464d.dicom,False,4,4,True
852,851,2c7fbcdc37fba555a38a39db3d9e41a5,train/2c7fbcdc37fba555a38a39db3d9e41a5.dicom,True,0,0,True
853,852,2c8015354af1a7509937c82f2979ba49,train/2c8015354af1a7509937c82f2979ba49.dicom,False,8,8,True
854,853,2c892bb46e4187bddce8fe179d7225dc,train/2c892bb46e4187bddce8fe179d7225dc.dicom,False,6,6,True
855,854,2c8f7823a733497e98add3125db370cf,train/2c8f7823a733497e98add3125db370cf.dicom,False,13,13,True
856,855,2cb170e77545abd5b7992c83865eb690,train/2cb170e77545abd5b7992c83865eb690.dicom,False,3,3,True
857,856,2cb21c7b25708742a6eed6ba4a59e6eb,train/2cb21c7b25708742a6eed6ba4a59e6eb.dicom,False,8,8,True
858,857,2cb442312ff65f3255923b38dc6dc2fa,train/2cb442312ff65f3255923b38dc6dc2fa.dicom,False,8,8,True
859,858,2cb59fe7e250f3e883c884e726719115,train/2cb59fe7e250f3e883c884e726719115.dicom,False,5,5,True
860,859,2cd31f05e3d0a2ebdf33e7a90fdc95ac,train/2cd31f05e3d0a2ebdf33e7a90fdc95ac.dicom,False,3,3,True
861,860,2ce046da31101c578df3349c36f325a1,train/2ce046da31101c578df3349c36f325a1.dicom,False,10,10,True
862,861,2ceaa4c6e93b4496df1831cccc3e433a,train/2ceaa4c6e93b4496df1831cccc3e433a.dicom,False,6,6,True
863,862,2cf24e4b4380252c4dc94a0e63bed062,train/2cf24e4b4380252c4dc94a0e63bed062.dicom,False,5,5,True
864,863,2d063af5457785f5c76ae1e6c06c0037,train/2d063af5457785f5c76ae1e6c06c0037.dicom,False,15,15,True
865,864,2d13fc4ff7c24e1110fa0c5593e7c3e7,train/2d13fc4ff7c24e1110fa0c5593e7c3e7.dicom,False,3,3,True
866,865,2d377f5b2bd10b8ead268046859d939a,train/2d377f5b2bd10b8ead268046859d939a.dicom,False,8,8,True
867,866,2d4076277667dd84c623c7877ceeefff,train/2d4076277667dd84c623c7877ceeefff.dicom,False,4,4,True
868,867,2d40e0cc7dca11e4b2d8574532096c31,train/2d40e0cc7dca11e4b2d8574532096c31.dicom,True,0,0,True
869,868,2d4a3f928bbd1cf6cec20fc617af2fa3,train/2d4a3f928bbd1cf6cec20fc617af2fa3.dicom,False,10,10,True
870,869,2d5241a2f2800671da3f56606fe86d60,train/2d5241a2f2800671da3f56606fe86d60.dicom,True,0,0,True
871,870,2d530b729f6935d54ca504c92ffeaa3c,train/2d530b729f6935d54ca504c92ffeaa3c.dicom,False,6,6,True
872,871,2d56555f99586d0c8c6e31ab33297c25,train/2d56555f99586d0c8c6e31ab33297c25.dicom,False,6,6,True
873,872,2d64ca640df9686f4d2f6152b6ca74ab,train/2d64ca640df9686f4d2f6152b6ca74ab.dicom,False,6,6,True
874,873,2d6c36cb32352b891ef90fb11f3215f7,train/2d6c36cb32352b891ef90fb11f3215f7.dicom,False,6,6,True
875,874,2d6d1b01427ec2acbdbc2149559585fa,train/2d6d1b01427ec2acbdbc2149559585fa.dicom,True,0,0,True
876,875,2d817e7d481f611ed33a74e5cba97550,train/2d817e7d481f611ed33a74e5cba97550.dicom,False,8,8,True
877,876,2d914572fd6d5cd4b158067b5a1eda1e,train/2d914572fd6d5cd4b158067b5a1eda1e.dicom,False,3,3,True
878,877,2d9dbcfad0e6a4bfeae0c6fe1f780d98,train/2d9dbcfad0e6a4bfeae0c6fe1f780d98.dicom,False,4,4,True
879,878,2da795e38db0e7086e2479f7aaf1e631,train/2da795e38db0e7086e2479f7aaf1e631.dicom,False,5,5,True
880,879,2dae0b56a64f3708706e63711d970243,train/2dae0b56a64f3708706e63711d970243.dicom,False,10,10,True
881,880,2dd5e1ec060f1389e24a4caffa6d534e,train/2dd5e1ec060f1389e24a4caffa6d534e.dicom,False,18,18,True
882,881,2de0585a5eea24c7e8672fcd70da26b4,train/2de0585a5eea24c7e8672fcd70da26b4.dicom,False,3,3,True
883,882,2df96190b0062c04b4dad588079c4caf,train/2df96190b0062c04b4dad588079c4caf.dicom,False,12,12,True
884,883,2e02414c9f4b2b23a7761fe8c2b3bc93,train/2e02414c9f4b2b23a7761fe8c2b3bc93.dicom,False,4,4,True
885,884,2e14a1d545fe84fb87891640ba990781,train/2e14a1d545fe84fb87891640ba990781.dicom,False,8,8,True
886,885,2e1571fc9e41f68fcc84b6094d664416,train/2e1571fc9e41f68fcc84b6094d664416.dicom,False,21,21,True
887,886,2e285b95faad220e17e6cbfbe514733e,train/2e285b95faad220e17e6cbfbe514733e.dicom,False,28,28,True
888,887,2e31b4459572dee5881ec70c7b46dcab,train/2e31b4459572dee5881ec70c7b46dcab.dicom,False,11,11,True
889,888,2e37a70ea49570b31cb4b83e5a109a7e,train/2e37a70ea49570b31cb4b83e5a109a7e.dicom,False,9,9,True
890,889,2e426ab34288f1f7edba1c73feb45a05,train/2e426ab34288f1f7edba1c73feb45a05.dicom,False,5,5,True
891,890,2e4419b8c1f923cff2781be045f4e0d5,train/2e4419b8c1f923cff2781be045f4e0d5.dicom,True,0,0,True
892,891,2e4b0a0fb7faf81bc42b46c3247ae8ad,train/2e4b0a0fb7faf81bc42b46c3247ae8ad.dicom,False,6,6,True
893,892,2e62a91d3bdb8e212af2518125eb9dbc,train/2e62a91d3bdb8e212af2518125eb9dbc.dicom,False,7,7,True
894,893,2e6afc683a445f6e88ab4a101618f718,train/2e6afc683a445f6e88ab4a101618f718.dicom,False,6,6,True
895,894,2e7b51cf120ec59d369331d09bba34b8,train/2e7b51cf120ec59d369331d09bba34b8.dicom,False,14,14,True
896,895,2e846b1cde620c95fbb326a4bae3d9df,train/2e846b1cde620c95fbb326a4bae3d9df.dicom,False,5,5,True
897,896,2e968b23fc1bc1150bf1943e1b53b031,train/2e968b23fc1bc1150bf1943e1b53b031.dicom,True,0,0,True
898,897,2e9caf35e4c86be7006e6588b6e56985,train/2e9caf35e4c86be7006e6588b6e56985.dicom,True,0,0,True
899,898,2e9cb16d1950ad82347cade9cacedc8b,train/2e9cb16d1950ad82347cade9cacedc8b.dicom,False,5,5,True
900,899,2ea80a706ffc413d3c8d8c666e869c43,train/2ea80a706ffc413d3c8d8c666e869c43.dicom,True,0,0,True
901,900,2ebb05b4c603d590854c621fa4f1fd5c,train/2ebb05b4c603d590854c621fa4f1fd5c.dicom,False,8,8,True
902,901,2f04c078e7bb7c23addf7464f7c4e925,train/2f04c078e7bb7c23addf7464f7c4e925.dicom,False,9,9,True
903,902,2f111f79e145a2062200644c1e77dbd4,train/2f111f79e145a2062200644c1e77dbd4.dicom,False,5,5,True
904,903,2f1d0d633adb6d339736aa2bb9e2fcb7,train/2f1d0d633adb6d339736aa2bb9e2fcb7.dicom,False,6,6,True
905,904,2f3264d3c0a52bb2e280855bcfd35733,train/2f3264d3c0a52bb2e280855bcfd35733.dicom,False,3,3,True
906,905,2f35a721ceb1f89cbbd33ade57b32f4e,train/2f35a721ceb1f89cbbd33ade57b32f4e.dicom,False,11,11,True
907,906,2f3bb25eb6ae1a19b982c6ba56f725e2,train/2f3bb25eb6ae1a19b982c6ba56f725e2.dicom,False,9,9,True
908,907,2f3f84ed97b4ae346a990e843d929f9d,train/2f3f84ed97b4ae346a990e843d929f9d.dicom,False,14,14,True
909,908,2f4573aa154b6ee5f4ba4dc90626f5ec,train/2f4573aa154b6ee5f4ba4dc90626f5ec.dicom,False,16,16,True
910,909,2f479f67c2228f246b889508f794b785,train/2f479f67c2228f246b889508f794b785.dicom,False,3,3,True
911,910,2f4adab67a67f3ee8322175840092fe5,train/2f4adab67a67f3ee8322175840092fe5.dicom,False,14,14,True
912,911,2f4bc0f22545fa58a89bfa13cc083191,train/2f4bc0f22545fa58a89bfa13cc083191.dicom,False,4,4,True
913,912,2f4f119515e7a3c9b76c704caf75976f,train/2f4f119515e7a3c9b76c704caf75976f.dicom,False,6,6,True
914,913,2f5a3aa315379bb01b8b4c9a1ece8e2e,train/2f5a3aa315379bb01b8b4c9a1ece8e2e.dicom,False,13,13,True
915,914,2f5a677d35532e18388a9993ca166a80,train/2f5a677d35532e18388a9993ca166a80.dicom,False,3,3,True
916,915,2fa41afdcc3955d6ab0bdc5656caa0d1,train/2fa41afdcc3955d6ab0bdc5656caa0d1.dicom,False,4,4,True
917,916,2fa7906cc0d122c8ef0a654409b5e1d2,train/2fa7906cc0d122c8ef0a654409b5e1d2.dicom,False,7,7,True
918,917,2fd3d0e3b5de5535994ac58f2bd175da,train/2fd3d0e3b5de5535994ac58f2bd175da.dicom,False,5,5,True
919,918,2fd65c3d2a4c8d35293784167c7a2348,train/2fd65c3d2a4c8d35293784167c7a2348.dicom,False,3,3,True
920,919,2fdd72337c9a875cf679564355b4bef2,train/2fdd72337c9a875cf679564355b4bef2.dicom,False,6,6,True
921,920,2ffbc003cbd77857cd7ec7a69d8f6ce8,train/2ffbc003cbd77857cd7ec7a69d8f6ce8.dicom,False,3,3,True
922,921,3005e709b7711027df25c715b6ebff02,train/3005e709b7711027df25c715b6ebff02.dicom,False,6,6,True
923,922,300f0557394e4f85b5704774106a2067,train/300f0557394e4f85b5704774106a2067.dicom,False,3,3,True
924,923,30174f91133f986dd4f8f95d2b2d92b2,train/30174f91133f986dd4f8f95d2b2d92b2.dicom,False,8,8,True
925,924,3024b7dc8e38999c16ab20ed51c7aa2e,train/3024b7dc8e38999c16ab20ed51c7aa2e.dicom,False,13,13,True
926,925,30303a4b9ba969bea4e676cbd4a2496c,train/30303a4b9ba969bea4e676cbd4a2496c.dicom,False,10,10,True
927,926,3033cf4aadc4811b5e714fb3fe295a4e,train/3033cf4aadc4811b5e714fb3fe295a4e.dicom,False,7,7,True
928,927,303e0a9c848a6f2697622543d6de3364,train/303e0a9c848a6f2697622543d6de3364.dicom,False,8,8,True
929,928,30466896de60f54644199811cfb542f1,train/30466896de60f54644199811cfb542f1.dicom,True,0,0,True
930,929,3052424d097d8b94d387a20248639d47,train/3052424d097d8b94d387a20248639d47.dicom,False,27,27,True
931,930,305c85dddfdddac905f288a8106ca371,train/305c85dddfdddac905f288a8106ca371.dicom,False,17,17,True
932,931,305e4add9c72c91e9984305bf4e85aee,train/305e4add9c72c91e9984305bf4e85aee.dicom,False,14,14,True
933,932,306d35d649f4fe90bec5b21eb3d8c42f,train/306d35d649f4fe90bec5b21eb3d8c42f.dicom,False,4,4,True
934,933,306ed332a8e21425894424f73c17b11f,train/306ed332a8e21425894424f73c17b11f.dicom,False,9,9,True
935,934,30732ad387fb4f2429a6c5b965910869,train/30732ad387fb4f2429a6c5b965910869.dicom,False,3,3,True
936,935,3095cc822fe5a15e277499c62b74d58e,train/3095cc822fe5a15e277499c62b74d58e.dicom,True,0,0,True
937,936,309ca3d3a6991e2a001d75f734d88099,train/309ca3d3a6991e2a001d75f734d88099.dicom,False,3,3,True
938,937,30a08276cab4bd3ba231b2307341b987,train/30a08276cab4bd3ba231b2307341b987.dicom,False,12,12,True
939,938,30c105116d347c2f1107e206362dd949,train/30c105116d347c2f1107e206362dd949.dicom,False,4,4,True
940,939,30c34393c4ba548104b8a65aa2fd76bb,train/30c34393c4ba548104b8a65aa2fd76bb.dicom,False,5,5,True
941,940,30cf440566432d0f579a2a10bb3f3bf3,train/30cf440566432d0f579a2a10bb3f3bf3.dicom,False,10,10,True
942,941,30d01b42c2a0495ceea5873455e4c4e4,train/30d01b42c2a0495ceea5873455e4c4e4.dicom,False,12,12,True
943,942,30d24189cf005a9baf02929afd518832,train/30d24189cf005a9baf02929afd518832.dicom,False,4,4,True
944,943,30d70dcb9b7a5d7e9028326954feaa35,train/30d70dcb9b7a5d7e9028326954feaa35.dicom,False,8,8,True
945,944,3105bf6d00f6c2164ea9285b20692df5,train/3105bf6d00f6c2164ea9285b20692df5.dicom,False,6,6,True
946,945,310a5c5df24cacd7bfc923cf0ce2f310,train/310a5c5df24cacd7bfc923cf0ce2f310.dicom,False,17,17,True
947,946,310c786eccfed6cb9c04cf9e2d31a5fa,train/310c786eccfed6cb9c04cf9e2d31a5fa.dicom,False,6,6,True
948,947,3115c1b6368f91b45f691edbd63f1a78,train/3115c1b6368f91b45f691edbd63f1a78.dicom,False,11,11,True
949,948,3116e8acc9b97d7a581ea891ae9bed80,train/3116e8acc9b97d7a581ea891ae9bed80.dicom,False,4,4,True
950,949,3122e82023dd28ef2ab4595f948e0e17,train/3122e82023dd28ef2ab4595f948e0e17.dicom,False,6,6,True
951,950,3124a602cb56b2a41271a8b658410457,train/3124a602cb56b2a41271a8b658410457.dicom,False,11,11,True
952,951,3126f384167edfe4650413888feb60f1,train/3126f384167edfe4650413888feb60f1.dicom,False,6,6,True
953,952,3140eff61d10b2a6f29512a73f9f8022,train/3140eff61d10b2a6f29512a73f9f8022.dicom,False,4,4,True
954,953,3143c4090b404863d57a355e61585d0b,train/3143c4090b404863d57a355e61585d0b.dicom,False,6,6,True
955,954,314517b694426a160b93fcdf447fa355,train/314517b694426a160b93fcdf447fa355.dicom,False,6,6,True
956,955,3145bee8f1346fa89938289eedd7b05c,train/3145bee8f1346fa89938289eedd7b05c.dicom,False,8,8,True
957,956,314b28b21a620ea16d0de1103157b37d,train/314b28b21a620ea16d0de1103157b37d.dicom,False,12,12,True
958,957,315677bd3e1ac182188b6a16490695d2,train/315677bd3e1ac182188b6a16490695d2.dicom,False,7,7,True
959,958,3156a168acb759ef3257ea5a5d788a91,train/3156a168acb759ef3257ea5a5d788a91.dicom,False,3,3,True
960,959,3156b5feb62ed8cfdafef21f1f82a6c1,train/3156b5feb62ed8cfdafef21f1f82a6c1.dicom,False,11,11,True
961,960,315749c6f7397c42913f97db8388f4c2,train/315749c6f7397c42913f97db8388f4c2.dicom,False,8,8,True
962,961,3167f8c1907895bbfcd0effb6b25ce5a,train/3167f8c1907895bbfcd0effb6b25ce5a.dicom,False,8,8,True
963,962,316b07c8233162f6c57b23d94b823ea8,train/316b07c8233162f6c57b23d94b823ea8.dicom,False,19,19,True
964,963,316ce67a6c95d104d5864cf2f30786bc,train/316ce67a6c95d104d5864cf2f30786bc.dicom,False,12,12,True
965,964,316f325969fa2dfb24fb9706c34fa0a8,train/316f325969fa2dfb24fb9706c34fa0a8.dicom,False,6,6,True
966,965,317507bb22f6c10f4f08e8666c0f6ff8,train/317507bb22f6c10f4f08e8666c0f6ff8.dicom,False,6,6,True
967,966,31873abb42a5af56c33d1681971d014b,train/31873abb42a5af56c33d1681971d014b.dicom,False,24,24,True
968,967,31901b2d1d2eb92c235f47f498b907c0,train/31901b2d1d2eb92c235f47f498b907c0.dicom,False,5,5,True
969,968,319781be30659abddca9230f0bca5311,train/319781be30659abddca9230f0bca5311.dicom,False,6,6,True
970,969,31a2b39d2a73f406dbef13c7cd023eb0,train/31a2b39d2a73f406dbef13c7cd023eb0.dicom,False,11,11,True
971,970,31ab750de5cb0c76b49d45ab1d2186a6,train/31ab750de5cb0c76b49d45ab1d2186a6.dicom,False,5,5,True
972,971,31b94fc39e55c2494665e6a7ffde03b1,train/31b94fc39e55c2494665e6a7ffde03b1.dicom,False,3,3,True
973,972,31bdfdc7f6e09f2df77cefac8e857518,train/31bdfdc7f6e09f2df77cefac8e857518.dicom,False,13,13,True
974,973,31ffa866e091965da25a408b4cc7d0db,train/31ffa866e091965da25a408b4cc7d0db.dicom,False,8,8,True
975,974,320636f4d907fe2a72073b7b5fe33f86,train/320636f4d907fe2a72073b7b5fe33f86.dicom,False,4,4,True
976,975,320ec834b1f64d745ebb19de0cfc184d,train/320ec834b1f64d745ebb19de0cfc184d.dicom,False,8,8,True
977,976,321c111713c3ee5385db0effb54ff568,train/321c111713c3ee5385db0effb54ff568.dicom,False,5,5,True
978,977,321f7e75a35ff3b3cb8a4cfb0ab266c2,train/321f7e75a35ff3b3cb8a4cfb0ab266c2.dicom,True,0,0,True
979,978,322976528934fc60a595afd9a1bc656d,train/322976528934fc60a595afd9a1bc656d.dicom,False,8,8,True
980,979,322c95c6c1933b38440b167705248747,train/322c95c6c1933b38440b167705248747.dicom,True,0,0,True
981,980,323029b8a64431ac83ea6c71804f42c9,train/323029b8a64431ac83ea6c71804f42c9.dicom,False,5,5,True
982,981,32459f62247d44d5da83192aa03400e4,train/32459f62247d44d5da83192aa03400e4.dicom,False,10,10,True
983,982,324c908cb345ed14be7a468a56f1ceba,train/324c908cb345ed14be7a468a56f1ceba.dicom,False,13,13,True
984,983,325fece9273ff0bf0ea08a42fe24626d,train/325fece9273ff0bf0ea08a42fe24626d.dicom,False,11,11,True
985,984,326f5799de625f4fddd67b9c7827bfe5,train/326f5799de625f4fddd67b9c7827bfe5.dicom,False,4,4,True
986,985,32712661995a66ff7b5193dd351ce5d3,train/32712661995a66ff7b5193dd351ce5d3.dicom,True,0,0,True
987,986,3283c0e38a77249f38ca0c949862726a,train/3283c0e38a77249f38ca0c949862726a.dicom,False,6,6,True
988,987,328a03f1cf631960207c6f6f3026bdb1,train/328a03f1cf631960207c6f6f3026bdb1.dicom,False,15,15,True
989,988,328c2e4790fad49004a3bf14be3a51c6,train/328c2e4790fad49004a3bf14be3a51c6.dicom,False,12,12,True
990,989,32c05ef69ce090ebbdaa6741c21afc01,train/32c05ef69ce090ebbdaa6741c21afc01.dicom,False,11,11,True
991,990,32c5e37a0c5d6cc1eb4b9d23c46dab55,train/32c5e37a0c5d6cc1eb4b9d23c46dab55.dicom,False,3,3,True
992,991,32d7d0b779485be0f92e8ef0f90cccdf,train/32d7d0b779485be0f92e8ef0f90cccdf.dicom,True,0,0,True
993,992,32e735ff23d1c5bf5d2d1aa51937ca82,train/32e735ff23d1c5bf5d2d1aa51937ca82.dicom,False,5,5,True
994,993,32ed4f132b9f0077a309b0d91fc944e2,train/32ed4f132b9f0077a309b0d91fc944e2.dicom,False,11,11,True
995,994,32f643fbd7e99181193edf3720888743,train/32f643fbd7e99181193edf3720888743.dicom,True,0,0,True
996,995,330056253f0b74a0808722e9f38ab46b,train/330056253f0b74a0808722e9f38ab46b.dicom,False,5,5,True
997,996,330423a5c20c1fab3ba43d966bd6e2e5,train/330423a5c20c1fab3ba43d966bd6e2e5.dicom,False,10,10,True
998,997,330b3939ea1fe042ad347e8d02abc393,train/330b3939ea1fe042ad347e8d02abc393.dicom,False,11,11,True
999,998,3312ab0661750f9899b4589eae97731a,train/3312ab0661750f9899b4589eae97731a.dicom,False,15,15,True
1000,999,332f505a735ca0961e7128fc0f166a5c,train/332f505a735ca0961e7128fc0f166a5c.dicom,False,6,6,True
1001,1000,333a3070db2ef61c7b621e92d370d5c0,train/333a3070db2ef61c7b621e92d370d5c0.dicom,False,9,9,True
1002,1001,333e2b073ea86a0bd0273a7a60ac0dbe,train/333e2b073ea86a0bd0273a7a60ac0dbe.dicom,False,6,6,True
1003,1002,33403064ce25caa5fda270e6158c6b03,train/33403064ce25caa5fda270e6158c6b03.dicom,False,6,6,True
1004,1003,3349c0d8861ff59db82c4e6f1d10705a,train/3349c0d8861ff59db82c4e6f1d10705a.dicom,False,17,17,True
1005,1004,335c54cca869510a063780bc0fba7ede,train/335c54cca869510a063780bc0fba7ede.dicom,False,5,5,True
1006,1005,3362408dd6a238f4bc0660e763f37e94,train/3362408dd6a238f4bc0660e763f37e94.dicom,False,6,6,True
1007,1006,3368f56c5e66bc4f6111b5cf5d701f30,train/3368f56c5e66bc4f6111b5cf5d701f30.dicom,False,6,6,True
1008,1007,336b63df1d774eb3f819e5405feb4fa5,train/336b63df1d774eb3f819e5405feb4fa5.dicom,False,5,5,True
1009,1008,3378210c38d195ff5a7e3b612cded052,train/3378210c38d195ff5a7e3b612cded052.dicom,True,0,0,True
1010,1009,3387caf8482024c8887d0a95b4fa0245,train/3387caf8482024c8887d0a95b4fa0245.dicom,False,6,6,True
1011,1010,33911feed1282c67d5096d50d9070592,train/33911feed1282c67d5096d50d9070592.dicom,False,12,12,True
1012,1011,339bd65420300e35fa74ef9a042cb778,train/339bd65420300e35fa74ef9a042cb778.dicom,False,11,11,True
1013,1012,33a32faebb8177b05000fd34659f0ed6,train/33a32faebb8177b05000fd34659f0ed6.dicom,False,5,5,True
1014,1013,33b032af243d6b7db06155b99964cbd2,train/33b032af243d6b7db06155b99964cbd2.dicom,False,4,4,True
1015,1014,33bcd2002f1d92524e489a70b48aaf38,train/33bcd2002f1d92524e489a70b48aaf38.dicom,False,7,7,True
1016,1015,33c856f133a5a726ffc26fe36d451518,train/33c856f133a5a726ffc26fe36d451518.dicom,False,5,5,True
1017,1016,33cf3f2f72ca3c8480456091f6ccedfb,train/33cf3f2f72ca3c8480456091f6ccedfb.dicom,False,8,8,True
1018,1017,33d11e9c98ade6b3937407364fd07103,train/33d11e9c98ade6b3937407364fd07103.dicom,False,16,16,True
1019,1018,33db2b371f7527ae2cd349abe5a7c062,train/33db2b371f7527ae2cd349abe5a7c062.dicom,False,7,7,True
1020,1019,343e1bdfaa62eb9f0148e3cd32aab124,train/343e1bdfaa62eb9f0148e3cd32aab124.dicom,False,10,10,True
1021,1020,3441c644b35ade894f7a773095219d4f,train/3441c644b35ade894f7a773095219d4f.dicom,False,8,8,True
1022,1021,34557d39d42d74a3355d509f340cfc8a,train/34557d39d42d74a3355d509f340cfc8a.dicom,False,16,16,True
1023,1022,345639c3ba00cacecffade02ebad61ba,train/345639c3ba00cacecffade02ebad61ba.dicom,False,6,6,True
1024,1023,345eb9bedef2fdd0d6d16380ca43005e,train/345eb9bedef2fdd0d6d16380ca43005e.dicom,True,0,0,True
1025,1024,3460c8020f8edd51b37ebc33f350d914,train/3460c8020f8edd51b37ebc33f350d914.dicom,True,0,0,True
1026,1025,3469b1b71a43ca0b62f45805f80231b2,train/3469b1b71a43ca0b62f45805f80231b2.dicom,False,5,5,True
1027,1026,347180362348e522905047dde655b6d7,train/347180362348e522905047dde655b6d7.dicom,False,5,5,True
1028,1027,3479c81736f275a848b74d952ebfab29,train/3479c81736f275a848b74d952ebfab29.dicom,False,8,8,True
1029,1028,34b63ee871b59cc84249bc3c3ec8a4bf,train/34b63ee871b59cc84249bc3c3ec8a4bf.dicom,False,6,6,True
1030,1029,34bc3d49ab74c913ee2517f5e0f4e09e,train/34bc3d49ab74c913ee2517f5e0f4e09e.dicom,False,7,7,True
1031,1030,34c1f477c3cdd534ef53de3c832f1ac4,train/34c1f477c3cdd534ef53de3c832f1ac4.dicom,False,13,13,True
1032,1031,34c80ab45be6a7d01ee5ee230967f3e1,train/34c80ab45be6a7d01ee5ee230967f3e1.dicom,False,19,19,True
1033,1032,34c83a38559d01f09ab25ee8ffc79511,train/34c83a38559d01f09ab25ee8ffc79511.dicom,False,7,7,True
1034,1033,34df7bfc75ed0a71f5fea716bdb421f8,train/34df7bfc75ed0a71f5fea716bdb421f8.dicom,True,0,0,True
1035,1034,34e22877dc637c756273febcdd660178,train/34e22877dc637c756273febcdd660178.dicom,False,7,7,True
1036,1035,34e635f644f6d4853776e2d74357b239,train/34e635f644f6d4853776e2d74357b239.dicom,True,0,0,True
1037,1036,34e730b3de639d75296d635521489b39,train/34e730b3de639d75296d635521489b39.dicom,False,6,6,True
1038,1037,34e932d09ab7cbec0edaaf188dc8a407,train/34e932d09ab7cbec0edaaf188dc8a407.dicom,False,3,3,True
1039,1038,34fa4687fe0cb1a46f70f407ef9c134b,train/34fa4687fe0cb1a46f70f407ef9c134b.dicom,False,4,4,True
1040,1039,3527884ce43d577c1cc449fc0f17f646,train/3527884ce43d577c1cc449fc0f17f646.dicom,False,9,9,True
1041,1040,352ab0683046ce107942e9e477007b72,train/352ab0683046ce107942e9e477007b72.dicom,False,13,13,True
1042,1041,3531c673ad643e73b007a9e9a0a2aadf,train/3531c673ad643e73b007a9e9a0a2aadf.dicom,False,4,4,True
1043,1042,353564207b9d09b26db607c43d99ce18,train/353564207b9d09b26db607c43d99ce18.dicom,False,20,20,True
1044,1043,35388720c654dc329d698234c3205892,train/35388720c654dc329d698234c3205892.dicom,False,6,6,True
1045,1044,354bad318bdc4946fbb261867157901f,train/354bad318bdc4946fbb261867157901f.dicom,False,6,6,True
1046,1045,354fc9f443af86eebc10e9b06a22481b,train/354fc9f443af86eebc10e9b06a22481b.dicom,False,14,14,True
1047,1046,355d1c27824a343cde65516686c0a425,train/355d1c27824a343cde65516686c0a425.dicom,False,5,5,True
1048,1047,35666a43bb8105a07d1020d9a4839f2f,train/35666a43bb8105a07d1020d9a4839f2f.dicom,False,8,8,True
1049,1048,357b22f02be38869ae859f0add02b898,train/357b22f02be38869ae859f0add02b898.dicom,False,16,16,True
1050,1049,357f8f4587f096c180f701f450fffcfa,train/357f8f4587f096c180f701f450fffcfa.dicom,False,9,9,True
1051,1050,35815525d36333e4253234cc83fd666c,train/35815525d36333e4253234cc83fd666c.dicom,True,0,0,True
1052,1051,3583d368951a896ea95b498bb4efaec4,train/3583d368951a896ea95b498bb4efaec4.dicom,False,11,11,True
1053,1052,359d3ca7c71e4d786af7380c78fea10d,train/359d3ca7c71e4d786af7380c78fea10d.dicom,False,6,6,True
1054,1053,35d86694979dba2c3cade3f87924385a,train/35d86694979dba2c3cade3f87924385a.dicom,False,7,7,True
1055,1054,35de6aea3a75c405b780f3c1d2db38e0,train/35de6aea3a75c405b780f3c1d2db38e0.dicom,False,7,7,True
1056,1055,35e38672875ff60d5a131d91b4db5a6d,train/35e38672875ff60d5a131d91b4db5a6d.dicom,False,7,7,True
1057,1056,3623eea22ab15bd3cc7901e3c00695de,train/3623eea22ab15bd3cc7901e3c00695de.dicom,False,10,10,True
1058,1057,3633b8a8cffa248a55bab4084f4ff5e9,train/3633b8a8cffa248a55bab4084f4ff5e9.dicom,False,8,8,True
1059,1058,363999879bc614085397f192124c23b0,train/363999879bc614085397f192124c23b0.dicom,False,14,14,True
1060,1059,363dc405e14ed95659d88707f54730de,train/363dc405e14ed95659d88707f54730de.dicom,False,13,13,True
1061,1060,36429387a098976713296f2beae8063a,train/36429387a098976713296f2beae8063a.dicom,False,3,3,True
1062,1061,364a18cd8e445fdcb63e3692393e6854,train/364a18cd8e445fdcb63e3692393e6854.dicom,False,9,9,True
1063,1062,367134c4e20c2058bc154bfa25e22e98,train/367134c4e20c2058bc154bfa25e22e98.dicom,False,6,6,True
1064,1063,367465e5c96651ee8dac93a11fe7c0c0,train/367465e5c96651ee8dac93a11fe7c0c0.dicom,False,6,6,True
1065,1064,368befaff55745e30b3f200b298b2fd6,train/368befaff55745e30b3f200b298b2fd6.dicom,False,5,5,True
1066,1065,369bf7d495f4a800910764a6f9a9a071,train/369bf7d495f4a800910764a6f9a9a071.dicom,False,3,3,True
1067,1066,36a0490889068162384a000b02d37ad4,train/36a0490889068162384a000b02d37ad4.dicom,False,11,11,True
1068,1067,36cf5300d146ed2c232acd54b45f317e,train/36cf5300d146ed2c232acd54b45f317e.dicom,False,7,7,True
1069,1068,36d12290ed702e358cabe1d85657dafb,train/36d12290ed702e358cabe1d85657dafb.dicom,False,16,16,True
1070,1069,36e495b7888099453ba79ff57a2c4334,train/36e495b7888099453ba79ff57a2c4334.dicom,False,9,9,True
1071,1070,36f9f3166dc757f415e384e69b0a2447,train/36f9f3166dc757f415e384e69b0a2447.dicom,False,7,7,True
1072,1071,36fb4eaf5da9525924d1b4ff5bdbd52f,train/36fb4eaf5da9525924d1b4ff5bdbd52f.dicom,False,8,8,True
1073,1072,36fb9803c515de8b2b44028af25662ec,train/36fb9803c515de8b2b44028af25662ec.dicom,False,9,9,True
1074,1073,37029ba2468f77989cae221948b772ae,train/37029ba2468f77989cae221948b772ae.dicom,False,5,5,True
1075,1074,37054193bd4e6a2f3ca764088913b0f0,train/37054193bd4e6a2f3ca764088913b0f0.dicom,False,10,10,True
1076,1075,37111bde86ae8d81aa66f2f46f89c03b,train/37111bde86ae8d81aa66f2f46f89c03b.dicom,False,3,3,True
1077,1076,371b40dcd28695d56f820de513906913,train/371b40dcd28695d56f820de513906913.dicom,False,7,7,True
1078,1077,371d6f540ac601affe81e547b05c551a,train/371d6f540ac601affe81e547b05c551a.dicom,False,3,3,True
1079,1078,371f686aebbbe6929b4bd3b86ab58873,train/371f686aebbbe6929b4bd3b86ab58873.dicom,False,12,12,True
1080,1079,37233691ba64ed88b4e05882d7e41d61,train/37233691ba64ed88b4e05882d7e41d61.dicom,False,9,9,True
1081,1080,3727a613e597811aee451370fde09c49,train/3727a613e597811aee451370fde09c49.dicom,False,8,8,True
1082,1081,372dfcb677a2d0799d2f6e14d2177f1a,train/372dfcb677a2d0799d2f6e14d2177f1a.dicom,True,0,0,True
1083,1082,373c57c281c8b4476ee2603757fde26a,train/373c57c281c8b4476ee2603757fde26a.dicom,False,5,5,True
1084,1083,3759c5c3b6dd31e4f79dad538500928c,train/3759c5c3b6dd31e4f79dad538500928c.dicom,False,12,12,True
1085,1084,378c7f385c547e5e7dc632510939a551,train/378c7f385c547e5e7dc632510939a551.dicom,True,0,0,True
1086,1085,37906d71bae225a2f676c84164224140,train/37906d71bae225a2f676c84164224140.dicom,False,4,4,True
1087,1086,37969967243726a9e231291224502076,train/37969967243726a9e231291224502076.dicom,False,5,5,True
1088,1087,379aef556ea6744aa51174e342fabcef,train/379aef556ea6744aa51174e342fabcef.dicom,False,13,13,True
1089,1088,379da637859b61609c15e1f4ed2a5e7f,train/379da637859b61609c15e1f4ed2a5e7f.dicom,False,11,11,True
1090,1089,379f083410e64a2fb74761b795bd0a41,train/379f083410e64a2fb74761b795bd0a41.dicom,True,0,0,True
1091,1090,37a64f131e20057e6649e0cf60a3efce,train/37a64f131e20057e6649e0cf60a3efce.dicom,False,4,4,True
1092,1091,37c54c4ca8994215c1ae389f1f4adfd2,train/37c54c4ca8994215c1ae389f1f4adfd2.dicom,False,3,3,True
1093,1092,37c55613c78c7775df0514fb0c804f4a,train/37c55613c78c7775df0514fb0c804f4a.dicom,False,12,12,True
1094,1093,37d00f2fdb0521a0f3fd6c7ec458ff61,train/37d00f2fdb0521a0f3fd6c7ec458ff61.dicom,False,6,6,True
1095,1094,37d313251f4a6ca33fc7e428389cb9c1,train/37d313251f4a6ca33fc7e428389cb9c1.dicom,True,0,0,True
1096,1095,37ec1f4e30acc60a1dd892ab9036274a,train/37ec1f4e30acc60a1dd892ab9036274a.dicom,False,12,12,True
1097,1096,37f7e5fce42c1b3d1acc91e9ff43fe02,train/37f7e5fce42c1b3d1acc91e9ff43fe02.dicom,False,6,6,True
1098,1097,380d07a94cc4b012812119370de47192,train/380d07a94cc4b012812119370de47192.dicom,False,3,3,True
1099,1098,381e9c224c892d437f498779e349469e,train/381e9c224c892d437f498779e349469e.dicom,False,8,8,True
1100,1099,3827e2d25e931b294811ad92ae898887,train/3827e2d25e931b294811ad92ae898887.dicom,False,3,3,True
1101,1100,382d4d167434016c3e049eae87439759,train/382d4d167434016c3e049eae87439759.dicom,False,5,5,True
1102,1101,382fde0b4f36b498850d79b00cf5593d,train/382fde0b4f36b498850d79b00cf5593d.dicom,False,5,5,True
1103,1102,3845b3f74a2a76ef0b58310d61d03e6a,train/3845b3f74a2a76ef0b58310d61d03e6a.dicom,False,3,3,True
1104,1103,3853062c38f4f0888baef9b1ec0a2331,train/3853062c38f4f0888baef9b1ec0a2331.dicom,False,9,9,True
1105,1104,3875a7e4eb1bdb443470a1abbe93cb58,train/3875a7e4eb1bdb443470a1abbe93cb58.dicom,False,6,6,True
1106,1105,38791e51fbea01ae3935f311e8878f1c,train/38791e51fbea01ae3935f311e8878f1c.dicom,False,6,6,True
1107,1106,389de59ab4c4dd2b0a4f94d33966b12d,train/389de59ab4c4dd2b0a4f94d33966b12d.dicom,False,9,9,True
1108,1107,389f167c16b70e1eb1aa219fedc373b7,train/389f167c16b70e1eb1aa219fedc373b7.dicom,False,6,6,True
1109,1108,38ab2d3283b496d60dc137e94d16b7c6,train/38ab2d3283b496d60dc137e94d16b7c6.dicom,False,15,15,True
1110,1109,38b3d1f6264e82239b563119ff33df07,train/38b3d1f6264e82239b563119ff33df07.dicom,False,6,6,True
1111,1110,38c145abf52f301575550953e6aaa009,train/38c145abf52f301575550953e6aaa009.dicom,False,6,6,True
1112,1111,38d4443729e3b217cb38e78df6694dd7,train/38d4443729e3b217cb38e78df6694dd7.dicom,False,4,4,True
1113,1112,38d59aef0ecbc73f365767bc09692283,train/38d59aef0ecbc73f365767bc09692283.dicom,False,11,11,True
1114,1113,38d7d44f0a3b6c7129851d7ec6d9c001,train/38d7d44f0a3b6c7129851d7ec6d9c001.dicom,True,0,0,True
1115,1114,38dc1745e9aedd829a5c4989ad2f0758,train/38dc1745e9aedd829a5c4989ad2f0758.dicom,False,6,6,True
1116,1115,38e4156d00946746696b72f9bfa791de,train/38e4156d00946746696b72f9bfa791de.dicom,False,7,7,True
1117,1116,38e8d0a7c6e90bb221619d0d8836b3a8,train/38e8d0a7c6e90bb221619d0d8836b3a8.dicom,False,6,6,True
1118,1117,38e987ce7d99adc13adeebb0ca3e3182,train/38e987ce7d99adc13adeebb0ca3e3182.dicom,False,6,6,True
1119,1118,38ec375050f7c2bedcb4d1e1e7bb4e12,train/38ec375050f7c2bedcb4d1e1e7bb4e12.dicom,False,5,5,True
1120,1119,39095bfc67751891aebabdeeb8b89f5a,train/39095bfc67751891aebabdeeb8b89f5a.dicom,False,11,11,True
1121,1120,3911f0e97683eb279550e59ad3213da0,train/3911f0e97683eb279550e59ad3213da0.dicom,False,14,14,True
1122,1121,392910e2001c7d9710d1e11f1bf4bd73,train/392910e2001c7d9710d1e11f1bf4bd73.dicom,False,4,4,True
1123,1122,3929f29e01d98f3666da7114c4e554ed,train/3929f29e01d98f3666da7114c4e554ed.dicom,False,3,3,True
1124,1123,393407def518a76fc2b7e8dbaeafa0ce,train/393407def518a76fc2b7e8dbaeafa0ce.dicom,False,9,9,True
1125,1124,393909c0d12d67fd08703d36970014e8,train/393909c0d12d67fd08703d36970014e8.dicom,False,20,20,True
1126,1125,39394c845e092472bfff78c26ce9feb4,train/39394c845e092472bfff78c26ce9feb4.dicom,False,5,5,True
1127,1126,393cb25dab7a972a55af7269c046ab4e,train/393cb25dab7a972a55af7269c046ab4e.dicom,False,4,4,True
1128,1127,394138b182cad5c9af7cac9bd1649a24,train/394138b182cad5c9af7cac9bd1649a24.dicom,False,5,5,True
1129,1128,394ea2732452334954cf83c6e5b41951,train/394ea2732452334954cf83c6e5b41951.dicom,False,6,6,True
1130,1129,395a89a6041167d0254dc826ddfe7110,train/395a89a6041167d0254dc826ddfe7110.dicom,False,7,7,True
1131,1130,397b7968bbdf2db72e34625ad8e874c2,train/397b7968bbdf2db72e34625ad8e874c2.dicom,False,7,7,True
1132,1131,397feff0fc86964d91046470e50273e0,train/397feff0fc86964d91046470e50273e0.dicom,False,4,4,True
1133,1132,398ca3c2cf798b9483dde58ef6887a31,train/398ca3c2cf798b9483dde58ef6887a31.dicom,False,3,3,True
1134,1133,39a043040baac31c12db628415939f3e,train/39a043040baac31c12db628415939f3e.dicom,False,8,8,True
1135,1134,39c0cec7df2082421f852bc79cb333a1,train/39c0cec7df2082421f852bc79cb333a1.dicom,False,9,9,True
1136,1135,39e1084eccfc3b7961eb19ea7ecaa8b7,train/39e1084eccfc3b7961eb19ea7ecaa8b7.dicom,False,5,5,True
1137,1136,39eaf0dbdf50b88ac6b3f02b918ac86a,train/39eaf0dbdf50b88ac6b3f02b918ac86a.dicom,False,6,6,True
1138,1137,39fba09b48f252efaa54f0d093a8294d,train/39fba09b48f252efaa54f0d093a8294d.dicom,False,7,7,True
1139,1138,3a302fbbbf3364aa1a7731b59e6b98ec,train/3a302fbbbf3364aa1a7731b59e6b98ec.dicom,False,46,46,True
1140,1139,3a328d66387d59be8793ee8b4f4bdc1b,train/3a328d66387d59be8793ee8b4f4bdc1b.dicom,False,3,3,True
1141,1140,3a334de1df19d35fd8d303df42a90468,train/3a334de1df19d35fd8d303df42a90468.dicom,False,3,3,True
1142,1141,3a377dcc1d8747ccd388578f46c0d405,train/3a377dcc1d8747ccd388578f46c0d405.dicom,False,4,4,True
1143,1142,3a57be55d3cf1302f582fb95c86e9446,train/3a57be55d3cf1302f582fb95c86e9446.dicom,False,7,7,True
1144,1143,3a59363995006fd88ee83584b1e3f6e7,train/3a59363995006fd88ee83584b1e3f6e7.dicom,False,9,9,True
1145,1144,3a6264c66e1ccad3f67960d50a152708,train/3a6264c66e1ccad3f67960d50a152708.dicom,False,14,14,True
1146,1145,3a813bd68c097cb009e6ef9d5f884489,train/3a813bd68c097cb009e6ef9d5f884489.dicom,False,5,5,True
1147,1146,3a813d584b7e746b4baeb1e9a2002cfa,train/3a813d584b7e746b4baeb1e9a2002cfa.dicom,False,9,9,True
1148,1147,3a9cdb601e0845a3e6b45c808fb75bc4,train/3a9cdb601e0845a3e6b45c808fb75bc4.dicom,False,10,10,True
1149,1148,3abc9bc2967d1891119ae82511e479b3,train/3abc9bc2967d1891119ae82511e479b3.dicom,False,8,8,True
1150,1149,3aefb8dc3f0615131c0dc1477b4e3133,train/3aefb8dc3f0615131c0dc1477b4e3133.dicom,False,9,9,True
1151,1150,3af25684534b7791434f7dfff22f9550,train/3af25684534b7791434f7dfff22f9550.dicom,False,10,10,True
1152,1151,3b100a95644ac8ab01f261f2edd6f5e2,train/3b100a95644ac8ab01f261f2edd6f5e2.dicom,True,0,0,True
1153,1152,3b2087f26637d64244ec11da41770aad,train/3b2087f26637d64244ec11da41770aad.dicom,False,9,9,True
1154,1153,3b37f8d28d0153cedc41acb8020a0a6f,train/3b37f8d28d0153cedc41acb8020a0a6f.dicom,False,5,5,True
1155,1154,3b4323fc59f8c80fd69a6748d4d92eaa,train/3b4323fc59f8c80fd69a6748d4d92eaa.dicom,False,7,7,True
1156,1155,3b464abb85ca7ca83a105e6057afab52,train/3b464abb85ca7ca83a105e6057afab52.dicom,False,5,5,True
1157,1156,3b520a6957e4c70f34da759e82784125,train/3b520a6957e4c70f34da759e82784125.dicom,False,15,15,True
1158,1157,3b684bf9b1beb9744ac598bb19b6dd6f,train/3b684bf9b1beb9744ac598bb19b6dd6f.dicom,False,8,8,True
1159,1158,3b7b733541b21f511d7d5be899070488,train/3b7b733541b21f511d7d5be899070488.dicom,False,7,7,True
1160,1159,3b7f1edb2129713f1ddd570c48d6ace1,train/3b7f1edb2129713f1ddd570c48d6ace1.dicom,True,0,0,True
1161,1160,3b84fad11366b42cf32c96c2d0fa84d4,train/3b84fad11366b42cf32c96c2d0fa84d4.dicom,False,5,5,True
1162,1161,3b887c0550e9722c9b86b7c22ad09e11,train/3b887c0550e9722c9b86b7c22ad09e11.dicom,False,16,16,True
1163,1162,3b8e32e6bb1f8849af9fde0925b2761a,train/3b8e32e6bb1f8849af9fde0925b2761a.dicom,False,11,11,True
1164,1163,3bb06e20b2595be65d7a95e948b2169c,train/3bb06e20b2595be65d7a95e948b2169c.dicom,False,12,12,True
1165,1164,3bc2e1cb9a227c162900a57fb5acd0cf,train/3bc2e1cb9a227c162900a57fb5acd0cf.dicom,False,9,9,True
1166,1165,3bd262a356f149e12cab2c957d79fbde,train/3bd262a356f149e12cab2c957d79fbde.dicom,False,4,4,True
1167,1166,3bf462b3f48c0a1c35912a77a84f318d,train/3bf462b3f48c0a1c35912a77a84f318d.dicom,False,5,5,True
1168,1167,3bf8346b7d5b0743713624143004772f,train/3bf8346b7d5b0743713624143004772f.dicom,False,16,16,True
1169,1168,3c022a8f6192af3d7ca567e509d44801,train/3c022a8f6192af3d7ca567e509d44801.dicom,False,6,6,True
1170,1169,3c0343764fd0e6b3edb40b15740a597e,train/3c0343764fd0e6b3edb40b15740a597e.dicom,False,12,12,True
1171,1170,3c2064ec0c7fbd9873601524016c9d97,train/3c2064ec0c7fbd9873601524016c9d97.dicom,False,4,4,True
1172,1171,3c3050b54b5ffefafd7d144497cf04d4,train/3c3050b54b5ffefafd7d144497cf04d4.dicom,False,3,3,True
1173,1172,3c314b1dd87505c653cd66939582a0aa,train/3c314b1dd87505c653cd66939582a0aa.dicom,False,8,8,True
1174,1173,3c3977477c6ca3ea8a3d18ba0e4afed4,train/3c3977477c6ca3ea8a3d18ba0e4afed4.dicom,False,19,19,True
1175,1174,3c4863368b0bf5c811a52e24fa2cd2d8,train/3c4863368b0bf5c811a52e24fa2cd2d8.dicom,False,13,13,True
1176,1175,3c4b09bd2eab548d9f86223ccb905deb,train/3c4b09bd2eab548d9f86223ccb905deb.dicom,False,9,9,True
1177,1176,3c58145fc5651bd028aaee3d5f3d6c40,train/3c58145fc5651bd028aaee3d5f3d6c40.dicom,False,21,21,True
1178,1177,3c5e999bcc6ac19f375f201c27546de1,train/3c5e999bcc6ac19f375f201c27546de1.dicom,False,5,5,True
1179,1178,3c63e58fcda26e02fdd6619515399985,train/3c63e58fcda26e02fdd6619515399985.dicom,False,11,11,True
1180,1179,3c72da81a8c464b9a804b757363291c7,train/3c72da81a8c464b9a804b757363291c7.dicom,False,7,7,True
1181,1180,3c7949b75bb527c91a6518e4f40fc87a,train/3c7949b75bb527c91a6518e4f40fc87a.dicom,False,4,4,True
1182,1181,3c7f79f9a904282f9dbe9b625216cffc,train/3c7f79f9a904282f9dbe9b625216cffc.dicom,False,9,9,True
1183,1182,3c98c90840a9290511ae8192107f8250,train/3c98c90840a9290511ae8192107f8250.dicom,False,5,5,True
1184,1183,3ca77fab496427204152c5bd079ea9ce,train/3ca77fab496427204152c5bd079ea9ce.dicom,False,9,9,True
1185,1184,3cac0eba7aff674db58e5e7d5cebe985,train/3cac0eba7aff674db58e5e7d5cebe985.dicom,False,17,17,True
1186,1185,3cd58e860993b9e6a8c79bfa71ec66c3,train/3cd58e860993b9e6a8c79bfa71ec66c3.dicom,False,5,5,True
1187,1186,3cd8187f824b95bd1d21945cbce7a15a,train/3cd8187f824b95bd1d21945cbce7a15a.dicom,False,7,7,True
1188,1187,3cdcd43f230d185be9a3ea2463f348dc,train/3cdcd43f230d185be9a3ea2463f348dc.dicom,False,4,4,True
1189,1188,3cdce1131cdbbbc959330bb08be55a3d,train/3cdce1131cdbbbc959330bb08be55a3d.dicom,False,15,15,True
1190,1189,3ce8e5fe27fc9db53129cdbdd8de89de,train/3ce8e5fe27fc9db53129cdbdd8de89de.dicom,False,6,6,True
1191,1190,3cf29ab62dd4b9866c7e055c59098d3e,train/3cf29ab62dd4b9866c7e055c59098d3e.dicom,False,21,21,True
1192,1191,3cf65c76b376cba244af23e119d705b9,train/3cf65c76b376cba244af23e119d705b9.dicom,False,6,6,True
1193,1192,3d100048eee5507768634d2733c59b6a,train/3d100048eee5507768634d2733c59b6a.dicom,False,3,3,True
1194,1193,3d10382c3359b2e799d0bc45306e146c,train/3d10382c3359b2e799d0bc45306e146c.dicom,False,14,14,True
1195,1194,3d3781571117f65ceac27dfbf2979b21,train/3d3781571117f65ceac27dfbf2979b21.dicom,True,0,0,True
1196,1195,3d4cff7ec8b3e2fe5b3f606880b45e7c,train/3d4cff7ec8b3e2fe5b3f606880b45e7c.dicom,False,7,7,True
1197,1196,3d51d381e84870cd453748be166fb7ce,train/3d51d381e84870cd453748be166fb7ce.dicom,False,10,10,True
1198,1197,3d592a653c8fefc7c85a43cf64c3c0f0,train/3d592a653c8fefc7c85a43cf64c3c0f0.dicom,False,5,5,True
1199,1198,3d6be0fd234f4be9a57ea0ec00d1e6b6,train/3d6be0fd234f4be9a57ea0ec00d1e6b6.dicom,False,7,7,True
1200,1199,3daa0e551477dbb5c10280fd744c4087,train/3daa0e551477dbb5c10280fd744c4087.dicom,False,5,5,True
1201,1200,3dae58e1cf69a2284f2a44ded5c7405a,train/3dae58e1cf69a2284f2a44ded5c7405a.dicom,False,17,17,True
1202,1201,3db920cfa1955efefa82e2f46d2c7519,train/3db920cfa1955efefa82e2f46d2c7519.dicom,False,10,10,True
1203,1202,3dc3da07371be408d6313bd5d04bceec,train/3dc3da07371be408d6313bd5d04bceec.dicom,True,0,0,True
1204,1203,3dd04efbb7f8f0e2757e8e588350f8e0,train/3dd04efbb7f8f0e2757e8e588350f8e0.dicom,True,0,0,True
1205,1204,3ddadcb081c3779b4b569d9ec57f5208,train/3ddadcb081c3779b4b569d9ec57f5208.dicom,False,8,8,True
1206,1205,3ddd8b00908543e9d8a60f528452e59d,train/3ddd8b00908543e9d8a60f528452e59d.dicom,False,8,8,True
1207,1206,3dead8495b3fdcdde5912953e520b303,train/3dead8495b3fdcdde5912953e520b303.dicom,False,9,9,True
1208,1207,3df005a70ab162381374fd43655aa145,train/3df005a70ab162381374fd43655aa145.dicom,False,8,8,True
1209,1208,3dfb420f4634c36fde566f04e6d69651,train/3dfb420f4634c36fde566f04e6d69651.dicom,False,7,7,True
1210,1209,3e02670c9c691dbbd7f9aaa851bb70ae,train/3e02670c9c691dbbd7f9aaa851bb70ae.dicom,False,5,5,True
1211,1210,3e2c52e066e6bc9e28a58d7f13c64296,train/3e2c52e066e6bc9e28a58d7f13c64296.dicom,True,0,0,True
1212,1211,3e2dac4065ec2fa64f4650a95e3edfa2,train/3e2dac4065ec2fa64f4650a95e3edfa2.dicom,False,4,4,True
1213,1212,3e300793e970e7916c36a57fe350f688,train/3e300793e970e7916c36a57fe350f688.dicom,True,0,0,True
1214,1213,3e5c0424caa46a69a36024deb828d5de,train/3e5c0424caa46a69a36024deb828d5de.dicom,False,4,4,True
1215,1214,3e6dc1696e378ed55ea60091c620af4d,train/3e6dc1696e378ed55ea60091c620af4d.dicom,False,3,3,True
1216,1215,3e79b43f7eacf45268bef2a513f7759a,train/3e79b43f7eacf45268bef2a513f7759a.dicom,False,13,13,True
1217,1216,3e802de7dd2a052ff980de1ff50262ee,train/3e802de7dd2a052ff980de1ff50262ee.dicom,False,6,6,True
1218,1217,3e81b168a5ed4f4419d9ef7aa61fab04,train/3e81b168a5ed4f4419d9ef7aa61fab04.dicom,False,6,6,True
1219,1218,3e81b83d1b4cd8333b3c5986419baff7,train/3e81b83d1b4cd8333b3c5986419baff7.dicom,False,6,6,True
1220,1219,3e8719d1ba69b36c24ad3e39a8dd83ed,train/3e8719d1ba69b36c24ad3e39a8dd83ed.dicom,False,4,4,True
1221,1220,3ea334ae927f1feeaf80e59b5d937c31,train/3ea334ae927f1feeaf80e59b5d937c31.dicom,False,4,4,True
1222,1221,3eaab50f6e8eb3229e752d546e41979b,train/3eaab50f6e8eb3229e752d546e41979b.dicom,False,9,9,True
1223,1222,3eafbfc0db1b4bfa5bfa963b6fe465a8,train/3eafbfc0db1b4bfa5bfa963b6fe465a8.dicom,False,7,7,True
1224,1223,3eb4d8c855c884225e771d77c18e6215,train/3eb4d8c855c884225e771d77c18e6215.dicom,False,7,7,True
1225,1224,3ed4693bf10d9e6067d6f1ef88485bb7,train/3ed4693bf10d9e6067d6f1ef88485bb7.dicom,False,6,6,True
1226,1225,3ee425093210d7bb252a277e4788f18f,train/3ee425093210d7bb252a277e4788f18f.dicom,False,7,7,True
1227,1226,3ee674202cc0887b7b43db270ca54555,train/3ee674202cc0887b7b43db270ca54555.dicom,False,10,10,True
1228,1227,3ee8d416f1b67797ce0495b4393b2aaf,train/3ee8d416f1b67797ce0495b4393b2aaf.dicom,False,5,5,True
1229,1228,3ee9f520c0a31c20b9851fb79dccec09,train/3ee9f520c0a31c20b9851fb79dccec09.dicom,True,0,0,True
1230,1229,3ef799c210c419c0319cd2555eaa3abe,train/3ef799c210c419c0319cd2555eaa3abe.dicom,True,0,0,True
1231,1230,3f0621a867476fca9f51e5eaec666aca,train/3f0621a867476fca9f51e5eaec666aca.dicom,False,4,4,True
1232,1231,3f0efef8e4a56b73d2b82e83e50c0b90,train/3f0efef8e4a56b73d2b82e83e50c0b90.dicom,False,4,4,True
1233,1232,3f1c30152e33358e5830f3b59bd0c41d,train/3f1c30152e33358e5830f3b59bd0c41d.dicom,True,0,0,True
1234,1233,3f2468ef0b5526f0e33834fa4e0fd85d,train/3f2468ef0b5526f0e33834fa4e0fd85d.dicom,False,3,3,True
1235,1234,3f2673ee39dc21448dcf80ed2a6f128f,train/3f2673ee39dc21448dcf80ed2a6f128f.dicom,False,8,8,True
1236,1235,3f3acd7f9f383c01b4392b8dd8bb8f10,train/3f3acd7f9f383c01b4392b8dd8bb8f10.dicom,False,9,9,True
1237,1236,3f3e0555c409d655b5c28669b2f8cf5d,train/3f3e0555c409d655b5c28669b2f8cf5d.dicom,False,3,3,True
1238,1237,3f444025d87aeacdc84c8cc7d0bf50f6,train/3f444025d87aeacdc84c8cc7d0bf50f6.dicom,False,6,6,True
1239,1238,3f59f95dab9548ad6cbbd7eec034bd57,train/3f59f95dab9548ad6cbbd7eec034bd57.dicom,False,10,10,True
1240,1239,3f7f3d2e14e41602ac1f5909ce5e4be0,train/3f7f3d2e14e41602ac1f5909ce5e4be0.dicom,False,9,9,True
1241,1240,3fad3a7c3d91d5d5eca2c522ac7df822,train/3fad3a7c3d91d5d5eca2c522ac7df822.dicom,False,3,3,True
1242,1241,3fb03f39fb2232e19b6de537731aa5ad,train/3fb03f39fb2232e19b6de537731aa5ad.dicom,True,0,0,True
1243,1242,3fbf5ad0dc91fdb688ec53aceaa2bcac,train/3fbf5ad0dc91fdb688ec53aceaa2bcac.dicom,True,0,0,True
1244,1243,3fcd92fe8e56a1867bb6c72d87a3025d,train/3fcd92fe8e56a1867bb6c72d87a3025d.dicom,False,6,6,True
1245,1244,3fcf06bf3f3395ba65a8b648b68e98d4,train/3fcf06bf3f3395ba65a8b648b68e98d4.dicom,False,9,9,True
1246,1245,3fd0af8df0d247cb4d3c4a89fad6936d,train/3fd0af8df0d247cb4d3c4a89fad6936d.dicom,False,5,5,True
1247,1246,3fd3aa2d64f365c666ce7de3d5352226,train/3fd3aa2d64f365c666ce7de3d5352226.dicom,False,6,6,True
1248,1247,3fd5a48543be08bc92fbcaa0971cf50e,train/3fd5a48543be08bc92fbcaa0971cf50e.dicom,False,6,6,True
1249,1248,3fd9727ab2ea76dac5770130661a738d,train/3fd9727ab2ea76dac5770130661a738d.dicom,False,4,4,True
1250,1249,3fe37d132711f84805405defb3673681,train/3fe37d132711f84805405defb3673681.dicom,False,6,6,True
1251,1250,3fea0b91a09533ea4c546cb1e49b8234,train/3fea0b91a09533ea4c546cb1e49b8234.dicom,True,0,0,True
1252,1251,3ff22a602b26d804863daaf6b7230d47,train/3ff22a602b26d804863daaf6b7230d47.dicom,False,6,6,True
1253,1252,3ffaeb3a9eb495e0a59bd62b09bdf319,train/3ffaeb3a9eb495e0a59bd62b09bdf319.dicom,False,7,7,True
1254,1253,3ffb156c2d5e299fb0b69c542862f832,train/3ffb156c2d5e299fb0b69c542862f832.dicom,False,3,3,True
1255,1254,4004f114ab2ecb224ac7484957b79ea4,train/4004f114ab2ecb224ac7484957b79ea4.dicom,False,17,17,True
1256,1255,4010817f919544f7c1c7eef1858ce071,train/4010817f919544f7c1c7eef1858ce071.dicom,False,23,23,True
1257,1256,4016b176eaf40d514b0559a0aeb48f21,train/4016b176eaf40d514b0559a0aeb48f21.dicom,False,10,10,True
1258,1257,401aee86de220c3e1fd9baae09f6f7e4,train/401aee86de220c3e1fd9baae09f6f7e4.dicom,False,11,11,True
1259,1258,402499b5db5c7e4d68f3024f6a43d819,train/402499b5db5c7e4d68f3024f6a43d819.dicom,False,5,5,True
1260,1259,402e634d189693e887ccd6e488a4b29d,train/402e634d189693e887ccd6e488a4b29d.dicom,False,15,15,True
1261,1260,4032f3f1ead75a0d12137f73c6a653d8,train/4032f3f1ead75a0d12137f73c6a653d8.dicom,False,6,6,True
1262,1261,40365f729045dde403d39546afc573a2,train/40365f729045dde403d39546afc573a2.dicom,False,6,6,True
1263,1262,403867d85b6e84c2ffe7ada4ec656b5c,train/403867d85b6e84c2ffe7ada4ec656b5c.dicom,False,4,4,True
1264,1263,4068af795c7cb80fec0883dab82f4fbf,train/4068af795c7cb80fec0883dab82f4fbf.dicom,False,19,19,True
1265,1264,407530901f066b6b5b5d486495617fc8,train/407530901f066b6b5b5d486495617fc8.dicom,False,13,13,True
1266,1265,4085e7c5e44d4bc75213131a8a6aee47,train/4085e7c5e44d4bc75213131a8a6aee47.dicom,False,5,5,True
1267,1266,40946078a25a73b1cf8ad53d4497b4ca,train/40946078a25a73b1cf8ad53d4497b4ca.dicom,False,6,6,True
1268,1267,40956f021a2759da665c4497ca71ea5c,train/40956f021a2759da665c4497ca71ea5c.dicom,False,5,5,True
1269,1268,40b51daeb48afacaaa3efca42bcaaf9c,train/40b51daeb48afacaaa3efca42bcaaf9c.dicom,False,9,9,True
1270,1269,40b734f156870865282a367fb8e3621f,train/40b734f156870865282a367fb8e3621f.dicom,False,5,5,True
1271,1270,40b9a833fd7bc494e9803286d9349ca6,train/40b9a833fd7bc494e9803286d9349ca6.dicom,True,0,0,True
1272,1271,40c5bb0fb2daacf73f49b8cdfc278a27,train/40c5bb0fb2daacf73f49b8cdfc278a27.dicom,True,0,0,True
1273,1272,40e4e25dffe7079e7523117ca5579aa4,train/40e4e25dffe7079e7523117ca5579aa4.dicom,False,5,5,True
1274,1273,40e919b188ff9c41cf2e3f9c37a4b808,train/40e919b188ff9c41cf2e3f9c37a4b808.dicom,False,3,3,True
1275,1274,4113bf958daeb1b468c147801007dfc3,train/4113bf958daeb1b468c147801007dfc3.dicom,False,6,6,True
1276,1275,4117133a86ed741c387d404a8ffe5581,train/4117133a86ed741c387d404a8ffe5581.dicom,False,11,11,True
1277,1276,411720e11033999fe479d1c1a66819e9,train/411720e11033999fe479d1c1a66819e9.dicom,False,8,8,True
1278,1277,4127fa1e8bcb9931cc8b49367eecef78,train/4127fa1e8bcb9931cc8b49367eecef78.dicom,False,20,20,True
1279,1278,412c4d81ec9510492343169ea6fc6a68,train/412c4d81ec9510492343169ea6fc6a68.dicom,False,13,13,True
1280,1279,412fc134e3193cefce521a751c3b254f,train/412fc134e3193cefce521a751c3b254f.dicom,True,0,0,True
1281,1280,413010bcfa8857cbd34a99f115926686,train/413010bcfa8857cbd34a99f115926686.dicom,False,4,4,True
1282,1281,4134e5340d245866991f98a73310358f,train/4134e5340d245866991f98a73310358f.dicom,False,8,8,True
1283,1282,413a167473cba4db44ee7be8359d1546,train/413a167473cba4db44ee7be8359d1546.dicom,True,0,0,True
1284,1283,4142e0645234ffd87a9fa0b8aaa6bbb5,train/4142e0645234ffd87a9fa0b8aaa6bbb5.dicom,False,5,5,True
1285,1284,414615baf78e32f3405cbcf5b742895d,train/414615baf78e32f3405cbcf5b742895d.dicom,False,9,9,True
1286,1285,414ae85a6ec97db19ed913bde0062b11,train/414ae85a6ec97db19ed913bde0062b11.dicom,False,15,15,True
1287,1286,415f0f58066bad3d69bd5fac2c80574b,train/415f0f58066bad3d69bd5fac2c80574b.dicom,False,10,10,True
1288,1287,4170940c52599e7c3bb9b4088bb3d884,train/4170940c52599e7c3bb9b4088bb3d884.dicom,False,6,6,True
1289,1288,417de085be6029490ca2690608d65e57,train/417de085be6029490ca2690608d65e57.dicom,False,10,10,True
1290,1289,418f63372f9d6d1e2e37dcfb466d6740,train/418f63372f9d6d1e2e37dcfb466d6740.dicom,True,0,0,True
1291,1290,41981decf2f67490e917ab06a55a677c,train/41981decf2f67490e917ab06a55a677c.dicom,False,5,5,True
1292,1291,41a3987fef185ed06ea962df3493f57a,train/41a3987fef185ed06ea962df3493f57a.dicom,False,6,6,True
1293,1292,41a85f4b0d6836e24334e29b3d952e76,train/41a85f4b0d6836e24334e29b3d952e76.dicom,False,3,3,True
1294,1293,41bce02542a90273d79a8cc6d214170d,train/41bce02542a90273d79a8cc6d214170d.dicom,False,9,9,True
1295,1294,41c40fd3bd0719e48290cd6f3485ca77,train/41c40fd3bd0719e48290cd6f3485ca77.dicom,False,8,8,True
1296,1295,41cee81dbe9886a56b6c3ee56fb23448,train/41cee81dbe9886a56b6c3ee56fb23448.dicom,False,30,30,True
1297,1296,41d514ff20e011d114c57e8a5058fe61,train/41d514ff20e011d114c57e8a5058fe61.dicom,False,9,9,True
1298,1297,41d642577ada2969ece3637f6c800139,train/41d642577ada2969ece3637f6c800139.dicom,False,4,4,True
1299,1298,41ebb4e4b4434bb495434e6a4026c9d7,train/41ebb4e4b4434bb495434e6a4026c9d7.dicom,False,13,13,True
1300,1299,41fb428a3813d4efe0f1031d9bff16df,train/41fb428a3813d4efe0f1031d9bff16df.dicom,False,6,6,True
1301,1300,4203ea234a2b4f10be4bd90cddc64347,train/4203ea234a2b4f10be4bd90cddc64347.dicom,True,0,0,True
1302,1301,420e72f8ebc531f2eaed5ee48a3203b4,train/420e72f8ebc531f2eaed5ee48a3203b4.dicom,False,4,4,True
1303,1302,421a769663792125e8d7d05459a01efb,train/421a769663792125e8d7d05459a01efb.dicom,False,4,4,True
1304,1303,42288fde1946f3c9261a97405741979c,train/42288fde1946f3c9261a97405741979c.dicom,False,4,4,True
1305,1304,4230309aa0f542050321fe2be02554d7,train/4230309aa0f542050321fe2be02554d7.dicom,False,7,7,True
1306,1305,4248a80a016d3bb7c12544e32d97330f,train/4248a80a016d3bb7c12544e32d97330f.dicom,True,0,0,True
1307,1306,424c14b6f0a526ca2e8b4e9be9f70e03,train/424c14b6f0a526ca2e8b4e9be9f70e03.dicom,False,4,4,True
1308,1307,425a34be84f439353a9d4a2f54212e8c,train/425a34be84f439353a9d4a2f54212e8c.dicom,False,4,4,True
1309,1308,4268985caaa0bb4145dd056d5aa84b27,train/4268985caaa0bb4145dd056d5aa84b27.dicom,False,14,14,True
1310,1309,427693347c93b01e186e65ddabcc01b0,train/427693347c93b01e186e65ddabcc01b0.dicom,False,9,9,True
1311,1310,427db646765e399ae43ccd98c50effdc,train/427db646765e399ae43ccd98c50effdc.dicom,False,6,6,True
1312,1311,427f538105c4b3e67683731e4cb6eacf,train/427f538105c4b3e67683731e4cb6eacf.dicom,True,0,0,True
1313,1312,429ce8e289547fe54bb229c3091cedbf,train/429ce8e289547fe54bb229c3091cedbf.dicom,False,4,4,True
1314,1313,429f8dfd3cd4748c67b8395f9e8d678e,train/429f8dfd3cd4748c67b8395f9e8d678e.dicom,False,8,8,True
1315,1314,42a0e01edabc44f812173bb07fa5bb09,train/42a0e01edabc44f812173bb07fa5bb09.dicom,False,6,6,True
1316,1315,42aa1ebd4dbf93efaeb7442f6484ed00,train/42aa1ebd4dbf93efaeb7442f6484ed00.dicom,False,10,10,True
1317,1316,42c049fd05428f7d606e9da4a95a8c3b,train/42c049fd05428f7d606e9da4a95a8c3b.dicom,False,12,12,True
1318,1317,42d2ad470aec5b121fb71822abcecd69,train/42d2ad470aec5b121fb71822abcecd69.dicom,False,4,4,True
1319,1318,42e45c17b9e92a9108ef6f2f47804d8a,train/42e45c17b9e92a9108ef6f2f47804d8a.dicom,False,8,8,True
1320,1319,42fba4329860d5995fea57553104907a,train/42fba4329860d5995fea57553104907a.dicom,False,10,10,True
1321,1320,43042c8224a4438b1ce2bb0695976182,train/43042c8224a4438b1ce2bb0695976182.dicom,False,6,6,True
1322,1321,4308b795084095f21117491e3b07f2a7,train/4308b795084095f21117491e3b07f2a7.dicom,False,27,27,True
1323,1322,430e3d75b2b3924e82d5fcf9bec84e8b,train/430e3d75b2b3924e82d5fcf9bec84e8b.dicom,False,15,15,True
1324,1323,4334f287e7a843348a24c4dfa9718d6f,train/4334f287e7a843348a24c4dfa9718d6f.dicom,False,11,11,True
1325,1324,4350258eb4d7ec91137c01233fe0a51c,train/4350258eb4d7ec91137c01233fe0a51c.dicom,False,7,7,True
1326,1325,4361c97e29d8614a2b2a539beaf8aef0,train/4361c97e29d8614a2b2a539beaf8aef0.dicom,False,7,7,True
1327,1326,4376c4766028d6873001b6653c5b6a13,train/4376c4766028d6873001b6653c5b6a13.dicom,False,6,6,True
1328,1327,43947f72e5d1a4998606a193af8b7a69,train/43947f72e5d1a4998606a193af8b7a69.dicom,False,11,11,True
1329,1328,43a9edf6cea5fec0b63f8a6d9e2a50d7,train/43a9edf6cea5fec0b63f8a6d9e2a50d7.dicom,False,12,12,True
1330,1329,43b12f96beff0400ddc04da244e69983,train/43b12f96beff0400ddc04da244e69983.dicom,False,4,4,True
1331,1330,43c1e275bc208f31cc3b1a6c8fda1ea7,train/43c1e275bc208f31cc3b1a6c8fda1ea7.dicom,False,7,7,True
1332,1331,43cbc92d48a9318036e947277c3981fd,train/43cbc92d48a9318036e947277c3981fd.dicom,False,15,15,True
1333,1332,43d3137e74ebd344636228e786cb91b0,train/43d3137e74ebd344636228e786cb91b0.dicom,False,7,7,True
1334,1333,43d5a4a18c3228cf1060d24a9407036c,train/43d5a4a18c3228cf1060d24a9407036c.dicom,False,4,4,True
1335,1334,43d6a61fac5fb77bbf83e0070b914c82,train/43d6a61fac5fb77bbf83e0070b914c82.dicom,False,11,11,True
1336,1335,43e11813c6d7bcef779a1a287edc02c4,train/43e11813c6d7bcef779a1a287edc02c4.dicom,False,6,6,True
1337,1336,43e96bafa84091eec856901f949efa05,train/43e96bafa84091eec856901f949efa05.dicom,False,3,3,True
1338,1337,440d5de43270006800efa1caecede2f1,train/440d5de43270006800efa1caecede2f1.dicom,False,5,5,True
1339,1338,44227b3ea199ef4a06524f5c843e2608,train/44227b3ea199ef4a06524f5c843e2608.dicom,False,11,11,True
1340,1339,442c07cd30e5e5acb538377be3dd4051,train/442c07cd30e5e5acb538377be3dd4051.dicom,False,3,3,True
1341,1340,4462595f31d1a2c5aac2b3a8a49536d4,train/4462595f31d1a2c5aac2b3a8a49536d4.dicom,False,7,7,True
1342,1341,4479ab54ba10a7609e2baaf28f04a5cb,train/4479ab54ba10a7609e2baaf28f04a5cb.dicom,True,0,0,True
1343,1342,4492c069f7ada2a19b95a740e9af64e4,train/4492c069f7ada2a19b95a740e9af64e4.dicom,False,7,7,True
1344,1343,44999de3c6dd3312011578cdbfc7116e,train/44999de3c6dd3312011578cdbfc7116e.dicom,False,13,13,True
1345,1344,44bee0141a26e62f08e6da00b0dbf165,train/44bee0141a26e62f08e6da00b0dbf165.dicom,False,6,6,True
1346,1345,44ca3d27effe04ec7ac6e46ef63099b5,train/44ca3d27effe04ec7ac6e46ef63099b5.dicom,False,11,11,True
1347,1346,44e0f233a3ade73cab164079b182bf41,train/44e0f233a3ade73cab164079b182bf41.dicom,False,4,4,True
1348,1347,44e4be82a8acb16906b5398bc464b472,train/44e4be82a8acb16906b5398bc464b472.dicom,False,6,6,True
1349,1348,44ff83f86f81c54ed2540ccddcc68263,train/44ff83f86f81c54ed2540ccddcc68263.dicom,False,10,10,True
1350,1349,4500dc880a0978a7a1f91a0be2756806,train/4500dc880a0978a7a1f91a0be2756806.dicom,False,6,6,True
1351,1350,4524f9b0da0eb546173210ef937b583c,train/4524f9b0da0eb546173210ef937b583c.dicom,False,9,9,True
1352,1351,4529b87e145b07c60ef3c4e3c914dc78,train/4529b87e145b07c60ef3c4e3c914dc78.dicom,False,10,10,True
1353,1352,45398cfbf0d0f364c24b5d4458df4c8e,train/45398cfbf0d0f364c24b5d4458df4c8e.dicom,False,5,5,True
1354,1353,454d4b20bb55eb38f90fd51706531b9e,train/454d4b20bb55eb38f90fd51706531b9e.dicom,False,7,7,True
1355,1354,4552f5fcf83d643416d9da169bfbba67,train/4552f5fcf83d643416d9da169bfbba67.dicom,False,7,7,True
1356,1355,457e53f750c2f152033022e7918cc296,train/457e53f750c2f152033022e7918cc296.dicom,False,9,9,True
1357,1356,458a8766b1f96850e9f893e382058988,train/458a8766b1f96850e9f893e382058988.dicom,False,6,6,True
1358,1357,458c16f2648bd04054649d10a11b9fdf,train/458c16f2648bd04054649d10a11b9fdf.dicom,False,10,10,True
1359,1358,458dac26200d54d8be49a43e001dc7da,train/458dac26200d54d8be49a43e001dc7da.dicom,False,4,4,True
1360,1359,45be6be8ef7817787b00be04c6fd5286,train/45be6be8ef7817787b00be04c6fd5286.dicom,True,0,0,True
1361,1360,45d77bbb17ed1131a96b6fa31327a9de,train/45d77bbb17ed1131a96b6fa31327a9de.dicom,False,14,14,True
1362,1361,45f8fd11d471cfb910172d26f8157ee5,train/45f8fd11d471cfb910172d26f8157ee5.dicom,False,17,17,True
1363,1362,45fad4fe08460cf9aec10986ba13c582,train/45fad4fe08460cf9aec10986ba13c582.dicom,False,6,6,True
1364,1363,45fe7f662e03438dcf15144ae9d74ce5,train/45fe7f662e03438dcf15144ae9d74ce5.dicom,False,6,6,True
1365,1364,46355182cba3399f341d1cd6474f45ac,train/46355182cba3399f341d1cd6474f45ac.dicom,False,5,5,True
1366,1365,464c4f4d94d999777e09aca18e381926,train/464c4f4d94d999777e09aca18e381926.dicom,False,5,5,True
1367,1366,4652edceea12613caef68322a7fddec0,train/4652edceea12613caef68322a7fddec0.dicom,False,11,11,True
1368,1367,466b5b5f21f766aecb22148002ff865a,train/466b5b5f21f766aecb22148002ff865a.dicom,False,3,3,True
1369,1368,46b92bf299d677ff131e33dc85a5b8f2,train/46b92bf299d677ff131e33dc85a5b8f2.dicom,True,0,0,True
1370,1369,46ddca654164928e6c422e3e2eb24f9e,train/46ddca654164928e6c422e3e2eb24f9e.dicom,False,9,9,True
1371,1370,46e487b18e0988c53bf9056bd3689a6d,train/46e487b18e0988c53bf9056bd3689a6d.dicom,False,9,9,True
1372,1371,46f3ff375571079569284a232627d27c,train/46f3ff375571079569284a232627d27c.dicom,False,4,4,True
1373,1372,47062412df3d5cbfe56f5753cfc45035,train/47062412df3d5cbfe56f5753cfc45035.dicom,False,8,8,True
1374,1373,47110277377a779131d0e08d4389a503,train/47110277377a779131d0e08d4389a503.dicom,False,11,11,True
1375,1374,47188d0c91088558e62b52f1c9f06b0d,train/47188d0c91088558e62b52f1c9f06b0d.dicom,False,13,13,True
1376,1375,4719de7513996807940aa3b1bbbb9610,train/4719de7513996807940aa3b1bbbb9610.dicom,False,3,3,True
1377,1376,4726c4907566b5876c5c1fc7c5e876f1,train/4726c4907566b5876c5c1fc7c5e876f1.dicom,False,10,10,True
1378,1377,472b196c9371aa9d6e9d23ccf82936c2,train/472b196c9371aa9d6e9d23ccf82936c2.dicom,False,5,5,True
1379,1378,47322c3b3510df3e395773eca7e06dc8,train/47322c3b3510df3e395773eca7e06dc8.dicom,False,3,3,True
1380,1379,473e37c62215eca1498bf0584e59b69a,train/473e37c62215eca1498bf0584e59b69a.dicom,True,0,0,True
1381,1380,47413ec6c79b4795ea7849cea26ece84,train/47413ec6c79b4795ea7849cea26ece84.dicom,False,9,9,True
1382,1381,474bbe6ff1f8b29f0e274dc459d95f70,train/474bbe6ff1f8b29f0e274dc459d95f70.dicom,True,0,0,True
1383,1382,474f5063494b22e24a8a4855b080a640,train/474f5063494b22e24a8a4855b080a640.dicom,False,7,7,True
1384,1383,475705a8adf676e4f6d9db5296ed2b71,train/475705a8adf676e4f6d9db5296ed2b71.dicom,False,6,6,True
1385,1384,4758f12fa97db882fa8b7142014cefb4,train/4758f12fa97db882fa8b7142014cefb4.dicom,False,6,6,True
1386,1385,476d64deaa4b32e9de9a508d3541f5a9,train/476d64deaa4b32e9de9a508d3541f5a9.dicom,False,3,3,True
1387,1386,477085017102d1d52b49984eb8b65a0c,train/477085017102d1d52b49984eb8b65a0c.dicom,False,4,4,True
1388,1387,479f688143635e866da68da5dcd88efc,train/479f688143635e866da68da5dcd88efc.dicom,True,0,0,True
1389,1388,47a50643e0ffee2204984ca1ac6bccf0,train/47a50643e0ffee2204984ca1ac6bccf0.dicom,False,15,15,True
1390,1389,47b5f7251d5c95b57e1fd1263587c2bb,train/47b5f7251d5c95b57e1fd1263587c2bb.dicom,False,5,5,True
1391,1390,47c3488b2b2c3cc1fe426ba89c5ea057,train/47c3488b2b2c3cc1fe426ba89c5ea057.dicom,False,9,9,True
1392,1391,47d1e25eede8a23cc44fda5c031127d6,train/47d1e25eede8a23cc44fda5c031127d6.dicom,False,5,5,True
1393,1392,47d5d77dd3faf937362a6a8c44c3df6d,train/47d5d77dd3faf937362a6a8c44c3df6d.dicom,False,15,15,True
1394,1393,47ed17dcb2cbeec15182ed335a8b5a9e,train/47ed17dcb2cbeec15182ed335a8b5a9e.dicom,False,8,8,True
1395,1394,480fba9f814cae86968210673cab2c61,train/480fba9f814cae86968210673cab2c61.dicom,False,4,4,True
1396,1395,481d58f636bb1d5b6d568e190b172a57,train/481d58f636bb1d5b6d568e190b172a57.dicom,False,6,6,True
1397,1396,4849b3d33dee7a3644c2e5d8b69ebf47,train/4849b3d33dee7a3644c2e5d8b69ebf47.dicom,False,6,6,True
1398,1397,484ac8b02e7fdf5807e95774da5f625f,train/484ac8b02e7fdf5807e95774da5f625f.dicom,False,7,7,True
1399,1398,485c87f489b33281e4a49e4ac0ceded3,train/485c87f489b33281e4a49e4ac0ceded3.dicom,False,5,5,True
1400,1399,485d22df0c99d17579ec2b44799ffb50,train/485d22df0c99d17579ec2b44799ffb50.dicom,False,3,3,True
1401,1400,4869a847a5271f2eeffe65ff1db8a9b1,train/4869a847a5271f2eeffe65ff1db8a9b1.dicom,False,5,5,True
1402,1401,48774729b8921e024731f773e541d248,train/48774729b8921e024731f773e541d248.dicom,False,9,9,True
1403,1402,4899401111bd09c261554c3b55009e08,train/4899401111bd09c261554c3b55009e08.dicom,False,6,6,True
1404,1403,48a92383d627a10126b46b6bfae2bdb5,train/48a92383d627a10126b46b6bfae2bdb5.dicom,False,3,3,True
1405,1404,48bb4ad46a1a86fd959ddb23e5bf3618,train/48bb4ad46a1a86fd959ddb23e5bf3618.dicom,False,6,6,True
1406,1405,48c44319fb3ad32555821ee0c74e6719,train/48c44319fb3ad32555821ee0c74e6719.dicom,False,17,17,True
1407,1406,48e1b4c86146132c1e3b514ab99050d9,train/48e1b4c86146132c1e3b514ab99050d9.dicom,False,7,7,True
1408,1407,48e258ce61a71b27f93233e021024be8,train/48e258ce61a71b27f93233e021024be8.dicom,False,7,7,True
1409,1408,48e62136c5671259ad62877dfb5339d6,train/48e62136c5671259ad62877dfb5339d6.dicom,False,4,4,True
1410,1409,48f3a35fcd6c76d5d0ee2d475b3f1f51,train/48f3a35fcd6c76d5d0ee2d475b3f1f51.dicom,False,5,5,True
1411,1410,49067626b247a6e8b9bd7e5b1d776c38,train/49067626b247a6e8b9bd7e5b1d776c38.dicom,False,6,6,True
1412,1411,49124d28f1789656d1da791c8f60b17a,train/49124d28f1789656d1da791c8f60b17a.dicom,False,5,5,True
1413,1412,491c13b1c12bb702181d4795d3dd5083,train/491c13b1c12bb702181d4795d3dd5083.dicom,True,0,0,True
1414,1413,492c436c00725c4c909ec6fbc9223b92,train/492c436c00725c4c909ec6fbc9223b92.dicom,False,28,28,True
1415,1414,494ff71dc671dfe9fa10126064b9ce15,train/494ff71dc671dfe9fa10126064b9ce15.dicom,False,4,4,True
1416,1415,495111db9d791a4667f35da65361aec5,train/495111db9d791a4667f35da65361aec5.dicom,False,6,6,True
1417,1416,495fcdab0b3ae4e0856700741d4ff17b,train/495fcdab0b3ae4e0856700741d4ff17b.dicom,False,6,6,True
1418,1417,4972b3b12340e6f5b302c45ac60a1f75,train/4972b3b12340e6f5b302c45ac60a1f75.dicom,False,6,6,True
1419,1418,497a208d6060186f0bf3d7ebcf57fc02,train/497a208d6060186f0bf3d7ebcf57fc02.dicom,False,5,5,True
1420,1419,4987937425ec6478ba2f1c7549cb5369,train/4987937425ec6478ba2f1c7549cb5369.dicom,False,8,8,True
1421,1420,498ac0c4815a890629cf509446a47238,train/498ac0c4815a890629cf509446a47238.dicom,False,39,39,True
1422,1421,499bf22f9d6aba3f7da0609d935c9e1d,train/499bf22f9d6aba3f7da0609d935c9e1d.dicom,False,17,17,True
1423,1422,49c28afe8b399952b27ba05c8dd9cc04,train/49c28afe8b399952b27ba05c8dd9cc04.dicom,False,6,6,True
1424,1423,49c6238789bcdf8f37303fb8f70b7a9d,train/49c6238789bcdf8f37303fb8f70b7a9d.dicom,False,5,5,True
1425,1424,49c82483ac000168b60056b1153c1afd,train/49c82483ac000168b60056b1153c1afd.dicom,False,6,6,True
1426,1425,49d5b90070caab91081e5e3b26b1a0f5,train/49d5b90070caab91081e5e3b26b1a0f5.dicom,False,8,8,True
1427,1426,49ded6fae1ab18e9200f9d9cbf26e884,train/49ded6fae1ab18e9200f9d9cbf26e884.dicom,False,12,12,True
1428,1427,49eebefcfec20d1e94df3fe97f3464fa,train/49eebefcfec20d1e94df3fe97f3464fa.dicom,False,6,6,True
1429,1428,49ffdc3f7a8d0fc1f91335975ac6b44f,train/49ffdc3f7a8d0fc1f91335975ac6b44f.dicom,False,9,9,True
1430,1429,4a24da485b9550c8df8b19caff945cdc,train/4a24da485b9550c8df8b19caff945cdc.dicom,False,9,9,True
1431,1430,4a2dec8f7163be64ef67f0d09056c921,train/4a2dec8f7163be64ef67f0d09056c921.dicom,False,8,8,True
1432,1431,4a300e435a3290c70193efd5d89c033e,train/4a300e435a3290c70193efd5d89c033e.dicom,False,5,5,True
1433,1432,4a46cdf01cee2a200f00daedf11576a9,train/4a46cdf01cee2a200f00daedf11576a9.dicom,False,10,10,True
1434,1433,4a5732c7b9983cc84c987f27de556a9a,train/4a5732c7b9983cc84c987f27de556a9a.dicom,False,7,7,True
1435,1434,4a67efd541f3149e52fc543a33abd332,train/4a67efd541f3149e52fc543a33abd332.dicom,True,0,0,True
1436,1435,4ac56d1d9d015150191e49197b8ed15e,train/4ac56d1d9d015150191e49197b8ed15e.dicom,False,5,5,True
1437,1436,4ac9c86c8538aadbcd05f36516562692,train/4ac9c86c8538aadbcd05f36516562692.dicom,False,3,3,True
1438,1437,4adeb5e5837fa7187535346c27d1afa6,train/4adeb5e5837fa7187535346c27d1afa6.dicom,False,3,3,True
1439,1438,4b001bab36d94f73c1ead3ab74690dbc,train/4b001bab36d94f73c1ead3ab74690dbc.dicom,False,32,32,True
1440,1439,4b33db392748079f75a5250a15840b74,train/4b33db392748079f75a5250a15840b74.dicom,False,8,8,True
1441,1440,4b4502be77b11e64bf31e62dc098da41,train/4b4502be77b11e64bf31e62dc098da41.dicom,False,6,6,True
1442,1441,4b56bc6d22b192f075f13231419dfcc8,train/4b56bc6d22b192f075f13231419dfcc8.dicom,False,12,12,True
1443,1442,4b6420b930df7a0b2b4d64fb1be5a796,train/4b6420b930df7a0b2b4d64fb1be5a796.dicom,False,8,8,True
1444,1443,4b6ca2a1a046bd045ea254e6550c8b5c,train/4b6ca2a1a046bd045ea254e6550c8b5c.dicom,False,9,9,True
1445,1444,4b8c24a1eaeabd898c28a92d25cc3632,train/4b8c24a1eaeabd898c28a92d25cc3632.dicom,False,5,5,True
1446,1445,4b91d54f3170a9c8a757e6acd6c25588,train/4b91d54f3170a9c8a757e6acd6c25588.dicom,False,17,17,True
1447,1446,4b9ee23b2f17c3621158a9bef81cf86b,train/4b9ee23b2f17c3621158a9bef81cf86b.dicom,False,8,8,True
1448,1447,4ba255d801f2e52fd54a67d79bd3da8a,train/4ba255d801f2e52fd54a67d79bd3da8a.dicom,False,6,6,True
1449,1448,4ba445edf32750faf59f06cb09f1ed93,train/4ba445edf32750faf59f06cb09f1ed93.dicom,False,4,4,True
1450,1449,4bb91fbeec0e58edace928f8b991cdbb,train/4bb91fbeec0e58edace928f8b991cdbb.dicom,False,3,3,True
1451,1450,4bbfa8505b7fbc0685c14d1003763f9e,train/4bbfa8505b7fbc0685c14d1003763f9e.dicom,False,6,6,True
1452,1451,4bbfc3389565fc0e2617678317127940,train/4bbfc3389565fc0e2617678317127940.dicom,False,3,3,True
1453,1452,4bbfe3f248e318444c6628c28c2dbfae,train/4bbfe3f248e318444c6628c28c2dbfae.dicom,False,5,5,True
1454,1453,4bd2c3d9e7b1e62d3b55d858b5dca1a0,train/4bd2c3d9e7b1e62d3b55d858b5dca1a0.dicom,False,14,14,True
1455,1454,4bd71829299b65b9ba7a01ce24387427,train/4bd71829299b65b9ba7a01ce24387427.dicom,False,17,17,True
1456,1455,4bdaa2947c7003aff2cd158ae9e186dc,train/4bdaa2947c7003aff2cd158ae9e186dc.dicom,False,6,6,True
1457,1456,4bdb9e0eb858b60bb9cf97656c5d6130,train/4bdb9e0eb858b60bb9cf97656c5d6130.dicom,False,26,26,True
1458,1457,4befb68953c8c713258a3e676d3df30d,train/4befb68953c8c713258a3e676d3df30d.dicom,True,0,0,True
1459,1458,4bfa2fa5fbcaf56ac690ad40fd74b260,train/4bfa2fa5fbcaf56ac690ad40fd74b260.dicom,True,0,0,True
1460,1459,4c029c4f3deed9414b157053867709b0,train/4c029c4f3deed9414b157053867709b0.dicom,False,5,5,True
1461,1460,4c02da7cd2dc7415b226103114e5aaf0,train/4c02da7cd2dc7415b226103114e5aaf0.dicom,False,14,14,True
1462,1461,4c08ca0e2bce2f1fc972f5b0b10312c7,train/4c08ca0e2bce2f1fc972f5b0b10312c7.dicom,False,4,4,True
1463,1462,4c127b111ebdba8c59de22a06ca00a7f,train/4c127b111ebdba8c59de22a06ca00a7f.dicom,True,0,0,True
1464,1463,4c136dc24756a39edd30f610a01029df,train/4c136dc24756a39edd30f610a01029df.dicom,False,7,7,True
1465,1464,4c27e9e5e1f0eccd8fbda6137e6d29d3,train/4c27e9e5e1f0eccd8fbda6137e6d29d3.dicom,True,0,0,True
1466,1465,4c343392ba20dd751dab3f9178bf01af,train/4c343392ba20dd751dab3f9178bf01af.dicom,False,6,6,True
1467,1466,4c4a83fb016a133dcc7a868e7eb229e7,train/4c4a83fb016a133dcc7a868e7eb229e7.dicom,False,7,7,True
1468,1467,4c4cf43e7c8529c430c1d1295fee1784,train/4c4cf43e7c8529c430c1d1295fee1784.dicom,False,14,14,True
1469,1468,4c5bf28c7cdb9d7c5ac93c78bbd7bdef,train/4c5bf28c7cdb9d7c5ac93c78bbd7bdef.dicom,False,6,6,True
1470,1469,4c68b98043a1d2f7215d0db1a761bab3,train/4c68b98043a1d2f7215d0db1a761bab3.dicom,False,6,6,True
1471,1470,4c6b4bdeeca13b091e52dd6d674b90f8,train/4c6b4bdeeca13b091e52dd6d674b90f8.dicom,False,4,4,True
1472,1471,4c7d33b4c5bf485af4df30bb8500a002,train/4c7d33b4c5bf485af4df30bb8500a002.dicom,False,5,5,True
1473,1472,4c8b34b2b49560459f55016cc28a9b4e,train/4c8b34b2b49560459f55016cc28a9b4e.dicom,False,6,6,True
1474,1473,4ccc63ecf9efef91deef0f5849e3ad34,train/4ccc63ecf9efef91deef0f5849e3ad34.dicom,False,13,13,True
1475,1474,4cccd244506af875fc9d2a32ad2b4b96,train/4cccd244506af875fc9d2a32ad2b4b96.dicom,False,10,10,True
1476,1475,4cd6ce29c3b6bab1f3f23509644cd626,train/4cd6ce29c3b6bab1f3f23509644cd626.dicom,True,0,0,True
1477,1476,4cdc062257b3f9570bef2afe986605a8,train/4cdc062257b3f9570bef2afe986605a8.dicom,True,0,0,True
1478,1477,4ce311cd58824cdd3b6ca3e0878bb9c1,train/4ce311cd58824cdd3b6ca3e0878bb9c1.dicom,False,3,3,True
1479,1478,4cf1b1d76ab89d36c71bb2c1cbd4335b,train/4cf1b1d76ab89d36c71bb2c1cbd4335b.dicom,False,9,9,True
1480,1479,4cfcd0c0e7dcd3236b98e3361af8b324,train/4cfcd0c0e7dcd3236b98e3361af8b324.dicom,True,0,0,True
1481,1480,4d01d09027d1d1e0513de4c8b4fc20e1,train/4d01d09027d1d1e0513de4c8b4fc20e1.dicom,False,5,5,True
1482,1481,4d0acfb4200c0153173d5d9997e6fe43,train/4d0acfb4200c0153173d5d9997e6fe43.dicom,False,4,4,True
1483,1482,4d314293037f079e4916231d262212d3,train/4d314293037f079e4916231d262212d3.dicom,False,5,5,True
1484,1483,4d382aae3f8589c113589533ffdb3545,train/4d382aae3f8589c113589533ffdb3545.dicom,True,0,0,True
1485,1484,4d3a1fe62d0df7015482f6c8429ed5a8,train/4d3a1fe62d0df7015482f6c8429ed5a8.dicom,False,6,6,True
1486,1485,4d8a51ab3ebdb9b9f91c373b56b5d7f3,train/4d8a51ab3ebdb9b9f91c373b56b5d7f3.dicom,False,6,6,True
1487,1486,4d8fb15d5bf045d6fb3809b305ce9d42,train/4d8fb15d5bf045d6fb3809b305ce9d42.dicom,False,6,6,True
1488,1487,4d911f55a3576833aa411f5718c8021e,train/4d911f55a3576833aa411f5718c8021e.dicom,False,9,9,True
1489,1488,4da6d92e1eeeed4658aaa52ce11fe8f4,train/4da6d92e1eeeed4658aaa52ce11fe8f4.dicom,False,13,13,True
1490,1489,4db4ecf3e2d32c92cf3f10c7b1643a5b,train/4db4ecf3e2d32c92cf3f10c7b1643a5b.dicom,False,15,15,True
1491,1490,4db77a5ffb5fa45be829a1cb9f6bc281,train/4db77a5ffb5fa45be829a1cb9f6bc281.dicom,False,6,6,True
1492,1491,4db7b12c1770b0aef3a1ea88bb95d97a,train/4db7b12c1770b0aef3a1ea88bb95d97a.dicom,False,8,8,True
1493,1492,4dba0415612e40d5f6351068afec5188,train/4dba0415612e40d5f6351068afec5188.dicom,False,8,8,True
1494,1493,4dc920678507b8b1f441b541c5f7d8a6,train/4dc920678507b8b1f441b541c5f7d8a6.dicom,False,3,3,True
1495,1494,4dd2565b70e524eeabe9a1c6ce75a3a3,train/4dd2565b70e524eeabe9a1c6ce75a3a3.dicom,False,3,3,True
1496,1495,4ddc546539907c6884564c6711e6e8f6,train/4ddc546539907c6884564c6711e6e8f6.dicom,False,4,4,True
1497,1496,4de0046df0947c59999ff9fc24c8f1f8,train/4de0046df0947c59999ff9fc24c8f1f8.dicom,False,9,9,True
1498,1497,4de285a2425fae1e19bb809500afb721,train/4de285a2425fae1e19bb809500afb721.dicom,False,8,8,True
1499,1498,4df989ed5a8e07614c7121e0f57ab881,train/4df989ed5a8e07614c7121e0f57ab881.dicom,False,6,6,True
1500,1499,4e05e0eb20d51d18764289ce2c240942,train/4e05e0eb20d51d18764289ce2c240942.dicom,False,3,3,True
1501,1500,4e0856fe29f4d2eecc45dcac43c39c1e,train/4e0856fe29f4d2eecc45dcac43c39c1e.dicom,False,8,8,True
1502,1501,4e1c7c8139ca923967f318edb0fec0e6,train/4e1c7c8139ca923967f318edb0fec0e6.dicom,False,7,7,True
1503,1502,4e29508a919faf1d425a6a8c14d7a08d,train/4e29508a919faf1d425a6a8c14d7a08d.dicom,False,3,3,True
1504,1503,4e39db9ee3a3fa04e219e4649581708a,train/4e39db9ee3a3fa04e219e4649581708a.dicom,False,11,11,True
1505,1504,4e3a3b03cf00a9060ac139f57843a241,train/4e3a3b03cf00a9060ac139f57843a241.dicom,False,10,10,True
1506,1505,4e64cec5f0f214dd6ab9eb488fe6ddb9,train/4e64cec5f0f214dd6ab9eb488fe6ddb9.dicom,False,3,3,True
1507,1506,4e67e6bf89bc680a13cdf9f72cf99423,train/4e67e6bf89bc680a13cdf9f72cf99423.dicom,False,9,9,True
1508,1507,4e768f77541065c7e5465fc8e049e2d0,train/4e768f77541065c7e5465fc8e049e2d0.dicom,False,8,8,True
1509,1508,4e7a534c72ee26ef1610dd6e5c94d246,train/4e7a534c72ee26ef1610dd6e5c94d246.dicom,False,10,10,True
1510,1509,4e7fe9cc13468517b324743c8c8b7b40,train/4e7fe9cc13468517b324743c8c8b7b40.dicom,False,12,12,True
1511,1510,4e8ff7aae833d90a392038e0469a580b,train/4e8ff7aae833d90a392038e0469a580b.dicom,False,6,6,True
1512,1511,4ea43f30fdd925340ad598bb10028c97,train/4ea43f30fdd925340ad598bb10028c97.dicom,False,18,18,True
1513,1512,4eba4a7398dcb610dfc7bd794e52b9e4,train/4eba4a7398dcb610dfc7bd794e52b9e4.dicom,False,5,5,True
1514,1513,4ec0857964d6c66165927a14b9b7f26f,train/4ec0857964d6c66165927a14b9b7f26f.dicom,False,9,9,True
1515,1514,4ec2fcd26cb91d4d33596c69c46e0816,train/4ec2fcd26cb91d4d33596c69c46e0816.dicom,False,8,8,True
1516,1515,4ed68446e699393eee15c57b87ab6f14,train/4ed68446e699393eee15c57b87ab6f14.dicom,True,0,0,True
1517,1516,4eed7a6bb03888eade13343f141dd5c8,train/4eed7a6bb03888eade13343f141dd5c8.dicom,False,9,9,True
1518,1517,4ef1312ec852f7b0da904d5c023dd763,train/4ef1312ec852f7b0da904d5c023dd763.dicom,False,4,4,True
1519,1518,4ef589fee1b30a47d9955e4613cf901c,train/4ef589fee1b30a47d9955e4613cf901c.dicom,False,13,13,True
1520,1519,4f15e82336d2e7505d4c9d757d6b1e68,train/4f15e82336d2e7505d4c9d757d6b1e68.dicom,False,7,7,True
1521,1520,4f1aea7b3a7d3d3af2a5367565bc4f37,train/4f1aea7b3a7d3d3af2a5367565bc4f37.dicom,False,7,7,True
1522,1521,4f3f489a6b0257782ee57deaba29b0d8,train/4f3f489a6b0257782ee57deaba29b0d8.dicom,False,7,7,True
1523,1522,4f3f5460ae80ab6ec1bf00b33087a828,train/4f3f5460ae80ab6ec1bf00b33087a828.dicom,False,20,20,True
1524,1523,4f55eff35e0c162fcde67c36b159e6c2,train/4f55eff35e0c162fcde67c36b159e6c2.dicom,False,13,13,True
1525,1524,4f6ce4d52f883da96b68389f0c86a3f5,train/4f6ce4d52f883da96b68389f0c86a3f5.dicom,False,5,5,True
1526,1525,4f85a3489a50abf87136c4544ce8b2ba,train/4f85a3489a50abf87136c4544ce8b2ba.dicom,True,0,0,True
1527,1526,4f88ef0610cf30530d9492bf9980ffdd,train/4f88ef0610cf30530d9492bf9980ffdd.dicom,True,0,0,True
1528,1527,4fa30afdf5d4bbfcfd9071e2a56e7a4b,train/4fa30afdf5d4bbfcfd9071e2a56e7a4b.dicom,False,10,10,True
1529,1528,4fb8b42ce575d32e3bc864ac4b72b46f,train/4fb8b42ce575d32e3bc864ac4b72b46f.dicom,True,0,0,True
1530,1529,4fc9e9141f0c5a009cc703c2390a1206,train/4fc9e9141f0c5a009cc703c2390a1206.dicom,False,7,7,True
1531,1530,4fd945bbe2d065ec9f58c2e86de2e1f9,train/4fd945bbe2d065ec9f58c2e86de2e1f9.dicom,False,3,3,True
1532,1531,4fea09c4066a754deae204145651ba66,train/4fea09c4066a754deae204145651ba66.dicom,False,10,10,True
1533,1532,4ffd7c077cbf6ac90d95669b7cb314cc,train/4ffd7c077cbf6ac90d95669b7cb314cc.dicom,False,12,12,True
1534,1533,5020b0b92309c84c4db2b6efb0c16e98,train/5020b0b92309c84c4db2b6efb0c16e98.dicom,False,5,5,True
1535,1534,50297e864bd40ca2a8102013e0a899cd,train/50297e864bd40ca2a8102013e0a899cd.dicom,False,5,5,True
1536,1535,503b8d4fecc9a637a1bb1f088d66b496,train/503b8d4fecc9a637a1bb1f088d66b496.dicom,True,0,0,True
1537,1536,50625148e666a338a8588bd1b1e0b7f3,train/50625148e666a338a8588bd1b1e0b7f3.dicom,False,7,7,True
1538,1537,50708867ca7d310f7a521c99e8404366,train/50708867ca7d310f7a521c99e8404366.dicom,False,15,15,True
1539,1538,50723f9ca4e3cc4b33cac5970f8c442f,train/50723f9ca4e3cc4b33cac5970f8c442f.dicom,False,4,4,True
1540,1539,5076848df8fa698b517a34f6a8246d43,train/5076848df8fa698b517a34f6a8246d43.dicom,False,5,5,True
1541,1540,508083b00dfef2ea10fe2aebee580990,train/508083b00dfef2ea10fe2aebee580990.dicom,False,20,20,True
1542,1541,508c4c30d17b6c425cecaaa7121c578a,train/508c4c30d17b6c425cecaaa7121c578a.dicom,False,5,5,True
1543,1542,50937a47ccac712f2dd7e750207c16ba,train/50937a47ccac712f2dd7e750207c16ba.dicom,False,8,8,True
1544,1543,50b13defc76ed84a3b775856bfda2dfb,train/50b13defc76ed84a3b775856bfda2dfb.dicom,False,8,8,True
1545,1544,50d427f8dcf1ce69704b69db12d52192,train/50d427f8dcf1ce69704b69db12d52192.dicom,False,6,6,True
1546,1545,50e578a1af0cba03c513965993b9e5fa,train/50e578a1af0cba03c513965993b9e5fa.dicom,False,4,4,True
1547,1546,50f315c754b3530ac3c9bac3e96b22ac,train/50f315c754b3530ac3c9bac3e96b22ac.dicom,False,10,10,True
1548,1547,510de55463812cc7e80f16d523892408,train/510de55463812cc7e80f16d523892408.dicom,False,4,4,True
1549,1548,5110151fc236f15afffe7a5f8b9d7173,train/5110151fc236f15afffe7a5f8b9d7173.dicom,False,5,5,True
1550,1549,511b2a7296990326bdc26ed3ca30a329,train/511b2a7296990326bdc26ed3ca30a329.dicom,False,5,5,True
1551,1550,511e8b50c9a7ecee4e1a8621f262e9ad,train/511e8b50c9a7ecee4e1a8621f262e9ad.dicom,False,6,6,True
1552,1551,51252d90beb12e47b0684e8673080ee0,train/51252d90beb12e47b0684e8673080ee0.dicom,False,8,8,True
1553,1552,512e7a3cb8427dccc274f5425a3121dd,train/512e7a3cb8427dccc274f5425a3121dd.dicom,True,0,0,True
1554,1553,513203e29fe43941076e37a945e58c36,train/513203e29fe43941076e37a945e58c36.dicom,False,3,3,True
1555,1554,51422a086cffde581d437b25a71f2b20,train/51422a086cffde581d437b25a71f2b20.dicom,False,7,7,True
1556,1555,5156d69e540648eb952371ec5c80bc81,train/5156d69e540648eb952371ec5c80bc81.dicom,False,13,13,True
1557,1556,515fa6a2f756494eb4b19d7248989268,train/515fa6a2f756494eb4b19d7248989268.dicom,False,6,6,True
1558,1557,5161ae032f0552603b6de965b2bb3e09,train/5161ae032f0552603b6de965b2bb3e09.dicom,False,11,11,True
1559,1558,5164a68ca025b37b2ee9525b66c01071,train/5164a68ca025b37b2ee9525b66c01071.dicom,False,18,18,True
1560,1559,5170326726acc5b2f50c4426417f3b23,train/5170326726acc5b2f50c4426417f3b23.dicom,False,14,14,True
1561,1560,517f3939a9628db4475c2c0ae39b2d1b,train/517f3939a9628db4475c2c0ae39b2d1b.dicom,False,12,12,True
1562,1561,5184bc9a54adf7c8cb707c45f21fd741,train/5184bc9a54adf7c8cb707c45f21fd741.dicom,False,8,8,True
1563,1562,5186303faebc722fd30549bffab17d28,train/5186303faebc722fd30549bffab17d28.dicom,True,0,0,True
1564,1563,51866523926ef3d4f2e969f0c6efb13c,train/51866523926ef3d4f2e969f0c6efb13c.dicom,False,5,5,True
1565,1564,51a8a2d913f12d2b39d9fe43fe27aa2d,train/51a8a2d913f12d2b39d9fe43fe27aa2d.dicom,False,4,4,True
1566,1565,51a8d7259a0a6deac20b7c4979a7e847,train/51a8d7259a0a6deac20b7c4979a7e847.dicom,False,6,6,True
1567,1566,51b168d29879c8972aa29d9f31f4b00c,train/51b168d29879c8972aa29d9f31f4b00c.dicom,False,9,9,True
1568,1567,51b32791c77b71fca56fc28f10ce770c,train/51b32791c77b71fca56fc28f10ce770c.dicom,False,15,15,True
1569,1568,51cc7892a363b3d3479c7b801f7ca53e,train/51cc7892a363b3d3479c7b801f7ca53e.dicom,False,6,6,True
1570,1569,51cce256c4d5b81a6b65a24cfe7b3ba2,train/51cce256c4d5b81a6b65a24cfe7b3ba2.dicom,False,11,11,True
1571,1570,51d1cf3040cca32ccbfdb70b95168fbb,train/51d1cf3040cca32ccbfdb70b95168fbb.dicom,False,6,6,True
1572,1571,51df5eca07ab2ddb3be2eeee9a52c605,train/51df5eca07ab2ddb3be2eeee9a52c605.dicom,False,6,6,True
1573,1572,51eb9c41906d5d46d35740f53d37ab49,train/51eb9c41906d5d46d35740f53d37ab49.dicom,False,17,17,True
1574,1573,520d974129f659b2ac9588b4f19bc58a,train/520d974129f659b2ac9588b4f19bc58a.dicom,False,4,4,True
1575,1574,5227d616111561c6fa23dbc07cf46929,train/5227d616111561c6fa23dbc07cf46929.dicom,False,6,6,True
1576,1575,522dea0833b59836405679f464299eac,train/522dea0833b59836405679f464299eac.dicom,False,26,26,True
1577,1576,52448f4ee36620bad15bf4c097c6f17e,train/52448f4ee36620bad15bf4c097c6f17e.dicom,False,11,11,True
1578,1577,5260bd9fff6293f51f50232b2f0ebdcb,train/5260bd9fff6293f51f50232b2f0ebdcb.dicom,False,9,9,True
1579,1578,52637c1cd09bb2655f4c08aaa698a270,train/52637c1cd09bb2655f4c08aaa698a270.dicom,False,11,11,True
1580,1579,5268b1ff61505e50ac05fd430cc45276,train/5268b1ff61505e50ac05fd430cc45276.dicom,False,23,23,True
1581,1580,528b0f9791c96c9cb1b2e4f510223f8e,train/528b0f9791c96c9cb1b2e4f510223f8e.dicom,False,10,10,True
1582,1581,52951d7de2485aba8ed62629eee4d254,train/52951d7de2485aba8ed62629eee4d254.dicom,False,3,3,True
1583,1582,52979eadb9adb0c1dc9a64fa0d3c4d26,train/52979eadb9adb0c1dc9a64fa0d3c4d26.dicom,False,3,3,True
1584,1583,529d855ec524ddf484434d90da0e3f4a,train/529d855ec524ddf484434d90da0e3f4a.dicom,False,15,15,True
1585,1584,52a4ee5944586edccdb0e1f25b7a9ef8,train/52a4ee5944586edccdb0e1f25b7a9ef8.dicom,False,19,19,True
1586,1585,52ad48bb3bd43f207c56972dbc29ce4e,train/52ad48bb3bd43f207c56972dbc29ce4e.dicom,False,8,8,True
1587,1586,52c85584532b1c23d447ab91ac1787ef,train/52c85584532b1c23d447ab91ac1787ef.dicom,False,9,9,True
1588,1587,52d44d46feb0f3aa85e55476860b3ba7,train/52d44d46feb0f3aa85e55476860b3ba7.dicom,False,9,9,True
1589,1588,52e2c09b396b3591287d7040a9df8177,train/52e2c09b396b3591287d7040a9df8177.dicom,False,13,13,True
1590,1589,52fe2f01573413223b1f7edee17de341,train/52fe2f01573413223b1f7edee17de341.dicom,False,3,3,True
1591,1590,53023065af5f5dbdc581ae1d01c707ba,train/53023065af5f5dbdc581ae1d01c707ba.dicom,False,4,4,True
1592,1591,5308d2b6f06e98bd8e7c16ed6124aff1,train/5308d2b6f06e98bd8e7c16ed6124aff1.dicom,False,19,19,True
1593,1592,5318f62ea80235a9cc82ad475d79ee96,train/5318f62ea80235a9cc82ad475d79ee96.dicom,False,4,4,True
1594,1593,5325bdc682cf5b460a489405dc2369f0,train/5325bdc682cf5b460a489405dc2369f0.dicom,False,5,5,True
1595,1594,53385a96b1681676153e5e8900eaac66,train/53385a96b1681676153e5e8900eaac66.dicom,False,9,9,True
1596,1595,534b124253b5513add03cd3c64d9b5cc,train/534b124253b5513add03cd3c64d9b5cc.dicom,False,7,7,True
1597,1596,5386660b78d301f69d170f83885aafe6,train/5386660b78d301f69d170f83885aafe6.dicom,False,3,3,True
1598,1597,53b1a490cd7e3a30e94014bdfd314d14,train/53b1a490cd7e3a30e94014bdfd314d14.dicom,False,21,21,True
1599,1598,53b894bd3ec511ae4bec7b5b47ce260a,train/53b894bd3ec511ae4bec7b5b47ce260a.dicom,False,10,10,True
1600,1599,53be245b32ccb6e9cfd1bee68969fcd5,train/53be245b32ccb6e9cfd1bee68969fcd5.dicom,False,20,20,True
1601,1600,53c5f82af2582e61a0d2c47c851cc246,train/53c5f82af2582e61a0d2c47c851cc246.dicom,True,0,0,True
1602,1601,53ccff63f08af78b59278f65fa89ab77,train/53ccff63f08af78b59278f65fa89ab77.dicom,False,5,5,True
1603,1602,53d0c95f346e365f81fb95c5c6a6d027,train/53d0c95f346e365f81fb95c5c6a6d027.dicom,False,9,9,True
1604,1603,53d4fbf11ca8be107a343df37ca9eddc,train/53d4fbf11ca8be107a343df37ca9eddc.dicom,False,5,5,True
1605,1604,53e2a10eb9969b0e336a51d11dda17f9,train/53e2a10eb9969b0e336a51d11dda17f9.dicom,False,12,12,True
1606,1605,53e93d9f8cf885a55e00079256595a86,train/53e93d9f8cf885a55e00079256595a86.dicom,False,28,28,True
1607,1606,53f24abf8ff03943c9a413462606cb39,train/53f24abf8ff03943c9a413462606cb39.dicom,True,0,0,True
1608,1607,53f8a8327590a490890d3d2acfb08dea,train/53f8a8327590a490890d3d2acfb08dea.dicom,False,7,7,True
1609,1608,53fd81f25545667511f292625f390087,train/53fd81f25545667511f292625f390087.dicom,True,0,0,True
1610,1609,54122627c6aeed581fde506562a73b2e,train/54122627c6aeed581fde506562a73b2e.dicom,False,21,21,True
1611,1610,54220e92c21a62705bf7a124f88f952b,train/54220e92c21a62705bf7a124f88f952b.dicom,False,4,4,True
1612,1611,542f4583f097667ad5f691085f1da789,train/542f4583f097667ad5f691085f1da789.dicom,True,0,0,True
1613,1612,543278633eea00a31aa950d65ad504c3,train/543278633eea00a31aa950d65ad504c3.dicom,False,5,5,True
1614,1613,543c0591a8706112a0e71620509a398f,train/543c0591a8706112a0e71620509a398f.dicom,False,9,9,True
1615,1614,54402d9750c85f0e06e3d9464f6c2363,train/54402d9750c85f0e06e3d9464f6c2363.dicom,False,6,6,True
1616,1615,5448e1c9dcfbf590e62b7e862754fbac,train/5448e1c9dcfbf590e62b7e862754fbac.dicom,False,5,5,True
1617,1616,5450f21b06e8ee3fcdc1375711bc28ee,train/5450f21b06e8ee3fcdc1375711bc28ee.dicom,False,4,4,True
1618,1617,54513c2ba05c261ea2b2a87455634b1c,train/54513c2ba05c261ea2b2a87455634b1c.dicom,False,19,19,True
1619,1618,54573b0df6208b2a4b53c2c9c079e1b3,train/54573b0df6208b2a4b53c2c9c079e1b3.dicom,True,0,0,True
1620,1619,545c9dbeb94829f48598298810c03c22,train/545c9dbeb94829f48598298810c03c22.dicom,False,6,6,True
1621,1620,5467a3e2ca866b4295b2e73089fec5fe,train/5467a3e2ca866b4295b2e73089fec5fe.dicom,False,4,4,True
1622,1621,547c05d144ba6fc07c0c4bb052a3baad,train/547c05d144ba6fc07c0c4bb052a3baad.dicom,False,9,9,True
1623,1622,5480af204701170956ce3d98f363a3c2,train/5480af204701170956ce3d98f363a3c2.dicom,False,4,4,True
1624,1623,548bf08ac3fb4268aec314b42911af13,train/548bf08ac3fb4268aec314b42911af13.dicom,True,0,0,True
1625,1624,548bf1d835906c257ca4557ca44b3e81,train/548bf1d835906c257ca4557ca44b3e81.dicom,False,4,4,True
1626,1625,54c0150631b47cb729930541e54f3deb,train/54c0150631b47cb729930541e54f3deb.dicom,False,6,6,True
1627,1626,54c29330c2acd1a534ee949951b7f649,train/54c29330c2acd1a534ee949951b7f649.dicom,True,0,0,True
1628,1627,54d7976f3b2da92eafd691971f78ea2b,train/54d7976f3b2da92eafd691971f78ea2b.dicom,False,10,10,True
1629,1628,54d9b89fd235a6141bc3512482e988a9,train/54d9b89fd235a6141bc3512482e988a9.dicom,False,4,4,True
1630,1629,54e6184c63c75a9695d7effc17969ad0,train/54e6184c63c75a9695d7effc17969ad0.dicom,False,20,20,True
1631,1630,54f9194379210945be0ed72fac357456,train/54f9194379210945be0ed72fac357456.dicom,False,13,13,True
1632,1631,54fa20d07ac42e467ab67a87cf8563a3,train/54fa20d07ac42e467ab67a87cf8563a3.dicom,False,7,7,True
1633,1632,54faa310d699dd7d3318ed5e786638ce,train/54faa310d699dd7d3318ed5e786638ce.dicom,True,0,0,True
1634,1633,550b3741c40e9beaddd7aaf69274da50,train/550b3741c40e9beaddd7aaf69274da50.dicom,False,6,6,True
1635,1634,550d073e57548eab1948b707b7a96132,train/550d073e57548eab1948b707b7a96132.dicom,False,6,6,True
1636,1635,551456e08a1327bdba41297c8ebb8c6f,train/551456e08a1327bdba41297c8ebb8c6f.dicom,False,10,10,True
1637,1636,55231bc4cc095392e090a72f11ef79c8,train/55231bc4cc095392e090a72f11ef79c8.dicom,False,4,4,True
1638,1637,5539e48e8091eabd708e85ae1a71a22a,train/5539e48e8091eabd708e85ae1a71a22a.dicom,False,6,6,True
1639,1638,55502b1d1bf95606ecfb0abb4f1fdd98,train/55502b1d1bf95606ecfb0abb4f1fdd98.dicom,True,0,0,True
1640,1639,5562ea946b0ed8574dd20d05a001d6c4,train/5562ea946b0ed8574dd20d05a001d6c4.dicom,False,10,10,True
1641,1640,5578d9ba48381064e92e7c9198e1f1b4,train/5578d9ba48381064e92e7c9198e1f1b4.dicom,False,9,9,True
1642,1641,557e3236337cc0a98613a715ab9cde44,train/557e3236337cc0a98613a715ab9cde44.dicom,True,0,0,True
1643,1642,55a6f35d1fc71adbb833ae726a42e46e,train/55a6f35d1fc71adbb833ae726a42e46e.dicom,False,5,5,True
1644,1643,55bb2808e74d4d4bfda40275268603a4,train/55bb2808e74d4d4bfda40275268603a4.dicom,False,5,5,True
1645,1644,55e39b1282cde6796b82c6b5019a1fb8,train/55e39b1282cde6796b82c6b5019a1fb8.dicom,False,18,18,True
1646,1645,55e45c8cf9f997e9970596503683521a,train/55e45c8cf9f997e9970596503683521a.dicom,False,5,5,True
1647,1646,55e6279aac033f9a68822a4f84d765fc,train/55e6279aac033f9a68822a4f84d765fc.dicom,True,0,0,True
1648,1647,55e7a17c7a91bf95becd6366d7b93640,train/55e7a17c7a91bf95becd6366d7b93640.dicom,False,6,6,True
1649,1648,55f85ec5fcb63977aa18ff153842c150,train/55f85ec5fcb63977aa18ff153842c150.dicom,False,6,6,True
1650,1649,55fb526d34d6a1397c64f537883fefec,train/55fb526d34d6a1397c64f537883fefec.dicom,False,10,10,True
1651,1650,560284e43ee691bdc27fa34135d9a743,train/560284e43ee691bdc27fa34135d9a743.dicom,False,7,7,True
1652,1651,56148601578eca84683ee253d6f8833b,train/56148601578eca84683ee253d6f8833b.dicom,False,7,7,True
1653,1652,566150c4fe08a31a5a17d9d9f6c5f21f,train/566150c4fe08a31a5a17d9d9f6c5f21f.dicom,False,9,9,True
1654,1653,566706c785a16e57c297029ba11efc2c,train/566706c785a16e57c297029ba11efc2c.dicom,False,3,3,True
1655,1654,5673fae597c1b5218f79eead1f413da6,train/5673fae597c1b5218f79eead1f413da6.dicom,False,18,18,True
1656,1655,56923ac65e4a3bf6e8ec0af530c4a205,train/56923ac65e4a3bf6e8ec0af530c4a205.dicom,False,8,8,True
1657,1656,569f16cfa1a0c9536565c78b092d098b,train/569f16cfa1a0c9536565c78b092d098b.dicom,False,4,4,True
1658,1657,56aac20ce11355082ffffb3d77bd6824,train/56aac20ce11355082ffffb3d77bd6824.dicom,True,0,0,True
1659,1658,56c3324444472cec9277a83158192c63,train/56c3324444472cec9277a83158192c63.dicom,False,6,6,True
1660,1659,56c3bbef093e2a2601cf4373aac9ff92,train/56c3bbef093e2a2601cf4373aac9ff92.dicom,False,6,6,True
1661,1660,56dac092c516acffda2ffac85f90e9cc,train/56dac092c516acffda2ffac85f90e9cc.dicom,False,9,9,True
1662,1661,56dd85ec693c65d811902a9054610f8b,train/56dd85ec693c65d811902a9054610f8b.dicom,False,16,16,True
1663,1662,56e12dd250d23cb2199f1f90eb5a337f,train/56e12dd250d23cb2199f1f90eb5a337f.dicom,False,21,21,True
1664,1663,56fc900d3d2f8bfec66a7b5577cf2b59,train/56fc900d3d2f8bfec66a7b5577cf2b59.dicom,False,8,8,True
1665,1664,56ff7fcebb05ad791d43e5b043f7d405,train/56ff7fcebb05ad791d43e5b043f7d405.dicom,False,6,6,True
1666,1665,57036d99900dabe66e5294251e3f56de,train/57036d99900dabe66e5294251e3f56de.dicom,False,11,11,True
1667,1666,570b01357f936d484c60c80de7c74b86,train/570b01357f936d484c60c80de7c74b86.dicom,True,0,0,True
1668,1667,570f86fa3c8923ee5476ac1b1e7485e0,train/570f86fa3c8923ee5476ac1b1e7485e0.dicom,False,6,6,True
1669,1668,5714aea8b5a2d9b030196646842a6d47,train/5714aea8b5a2d9b030196646842a6d47.dicom,False,22,22,True
1670,1669,5719bc77c9b616aab2202280f293699a,train/5719bc77c9b616aab2202280f293699a.dicom,False,5,5,True
1671,1670,571ffeb5344b749ef4e99c75b8449a86,train/571ffeb5344b749ef4e99c75b8449a86.dicom,False,11,11,True
1672,1671,573b1453639e5e3e842956bbc7048547,train/573b1453639e5e3e842956bbc7048547.dicom,False,16,16,True
1673,1672,573ff866dcd6b3a8805c5b87c4df8ff8,train/573ff866dcd6b3a8805c5b87c4df8ff8.dicom,False,6,6,True
1674,1673,57415c4992802274b5a54930019c30f1,train/57415c4992802274b5a54930019c30f1.dicom,False,11,11,True
1675,1674,575b98a9f9824d519937a776bd819cc4,train/575b98a9f9824d519937a776bd819cc4.dicom,False,4,4,True
1676,1675,575c1973c2d617658508d18d94bc2ffa,train/575c1973c2d617658508d18d94bc2ffa.dicom,True,0,0,True
1677,1676,5766dfc49e91557e8cd4a06a406b8890,train/5766dfc49e91557e8cd4a06a406b8890.dicom,False,14,14,True
1678,1677,577807f1ee94692b516b0b184b89ab35,train/577807f1ee94692b516b0b184b89ab35.dicom,True,0,0,True
1679,1678,57850a5fb4ff1a1e8597a8bdea74759a,train/57850a5fb4ff1a1e8597a8bdea74759a.dicom,False,4,4,True
1680,1679,5789e4266faeb45b6a483cff6b83c5d1,train/5789e4266faeb45b6a483cff6b83c5d1.dicom,False,5,5,True
1681,1680,578ccc9ae139b55ba1aad1a0b657b8d5,train/578ccc9ae139b55ba1aad1a0b657b8d5.dicom,False,7,7,True
1682,1681,579ceeec7e5374a80d88551c81db441a,train/579ceeec7e5374a80d88551c81db441a.dicom,False,9,9,True
1683,1682,57a083a3936273d9308af1bb7c83791b,train/57a083a3936273d9308af1bb7c83791b.dicom,False,12,12,True
1684,1683,57a11dff1b33a1e011eb9ccd9a2f24cc,train/57a11dff1b33a1e011eb9ccd9a2f24cc.dicom,False,7,7,True
1685,1684,57b939b0fd7d156a6113a48caad65f0d,train/57b939b0fd7d156a6113a48caad65f0d.dicom,False,6,6,True
1686,1685,57c9ecc9749eb1860f37a308d0b284ec,train/57c9ecc9749eb1860f37a308d0b284ec.dicom,True,0,0,True
1687,1686,57d537d956b0881fda614facacdd4408,train/57d537d956b0881fda614facacdd4408.dicom,False,8,8,True
1688,1687,57d5e49e640aef3fae44cdac47be5ba9,train/57d5e49e640aef3fae44cdac47be5ba9.dicom,False,6,6,True
1689,1688,57e0f7ded402e2fac6be1f00fd7c0b19,train/57e0f7ded402e2fac6be1f00fd7c0b19.dicom,False,8,8,True
1690,1689,57e37e82484254e6826397247ac940d1,train/57e37e82484254e6826397247ac940d1.dicom,False,7,7,True
1691,1690,57ea8252280fae29b410732f1f84bbae,train/57ea8252280fae29b410732f1f84bbae.dicom,True,0,0,True
1692,1691,582b7c53ef97d1107d527bf23879353f,train/582b7c53ef97d1107d527bf23879353f.dicom,False,11,11,True
1693,1692,5879d22d9f6aec0ba5d682bcc6131e22,train/5879d22d9f6aec0ba5d682bcc6131e22.dicom,False,26,26,True
1694,1693,587be2890ac536488d3c32debc1c215f,train/587be2890ac536488d3c32debc1c215f.dicom,True,0,0,True
1695,1694,587e0e770264b37149a0c033ee33820c,train/587e0e770264b37149a0c033ee33820c.dicom,False,6,6,True
1696,1695,5895fa847d7ce6fbc0c1ad1ca998b613,train/5895fa847d7ce6fbc0c1ad1ca998b613.dicom,False,12,12,True
1697,1696,589b16dad117199798d05ca550dfcd5e,train/589b16dad117199798d05ca550dfcd5e.dicom,True,0,0,True
1698,1697,58ab031cf2346b3a7b8fb32fb9ccd1c1,train/58ab031cf2346b3a7b8fb32fb9ccd1c1.dicom,False,6,6,True
1699,1698,58ac0fe8d8c2cf736216f42a31e89e85,train/58ac0fe8d8c2cf736216f42a31e89e85.dicom,False,4,4,True
1700,1699,58bfe68d45f17aae1f4ffb9b5db6d6f8,train/58bfe68d45f17aae1f4ffb9b5db6d6f8.dicom,True,0,0,True
1701,1700,58c124b011089a70e144fcb9d8d1c178,train/58c124b011089a70e144fcb9d8d1c178.dicom,False,4,4,True
1702,1701,58c96358e94c768b0eeb723bf985d575,train/58c96358e94c768b0eeb723bf985d575.dicom,False,24,24,True
1703,1702,58ce2d9435ef94fcf6fe4eeda8387890,train/58ce2d9435ef94fcf6fe4eeda8387890.dicom,False,9,9,True
1704,1703,58e1820f96aa84a141c9e217c46dfe71,train/58e1820f96aa84a141c9e217c46dfe71.dicom,False,14,14,True
1705,1704,58f0f69ce610c51dbecd42b9e83677c5,train/58f0f69ce610c51dbecd42b9e83677c5.dicom,False,7,7,True
1706,1705,58f1092e67574175f2f17b06b1f66911,train/58f1092e67574175f2f17b06b1f66911.dicom,False,4,4,True
1707,1706,5933a74d7c042ba8801e604b79c64933,train/5933a74d7c042ba8801e604b79c64933.dicom,False,3,3,True
1708,1707,5935605beb0f08caeb9ff4481157c520,train/5935605beb0f08caeb9ff4481157c520.dicom,True,0,0,True
1709,1708,5936f6e1e88d80cfc8b42dd82996b7e7,train/5936f6e1e88d80cfc8b42dd82996b7e7.dicom,False,7,7,True
1710,1709,5938d1edca572c6168c83190a35b4504,train/5938d1edca572c6168c83190a35b4504.dicom,False,10,10,True
1711,1710,59463dec11bd9627f875e0372d9ce1e2,train/59463dec11bd9627f875e0372d9ce1e2.dicom,False,8,8,True
1712,1711,5955a4d3f94e8125db08141bd25a6824,train/5955a4d3f94e8125db08141bd25a6824.dicom,False,14,14,True
1713,1712,59615049fbc2df4b0aaeb3aca6648421,train/59615049fbc2df4b0aaeb3aca6648421.dicom,False,8,8,True
1714,1713,59782bef0d73440e75ec2f92b4d4e38d,train/59782bef0d73440e75ec2f92b4d4e38d.dicom,False,7,7,True
1715,1714,598047ea4f0c2a65a298a50f60f4c7d7,train/598047ea4f0c2a65a298a50f60f4c7d7.dicom,False,9,9,True
1716,1715,5999e9610932a293d57fa921d4a4905c,train/5999e9610932a293d57fa921d4a4905c.dicom,False,6,6,True
1717,1716,5999f46a39109c9af7dc63e3b580a1ba,train/5999f46a39109c9af7dc63e3b580a1ba.dicom,False,7,7,True
1718,1717,59a3b8e835e1468ba834b05256198d4b,train/59a3b8e835e1468ba834b05256198d4b.dicom,False,3,3,True
1719,1718,59a7447696c775e5330241645060ad1c,train/59a7447696c775e5330241645060ad1c.dicom,False,5,5,True
1720,1719,59b1dc77610f1c18cf6524b476128321,train/59b1dc77610f1c18cf6524b476128321.dicom,False,17,17,True
1721,1720,59b55e41fd67eb9e8e3811efba3c032c,train/59b55e41fd67eb9e8e3811efba3c032c.dicom,False,3,3,True
1722,1721,59d215990b0e15b66e129d47f1b34943,train/59d215990b0e15b66e129d47f1b34943.dicom,False,4,4,True
1723,1722,59e13a6fecb4e883dee11ec8cbefe478,train/59e13a6fecb4e883dee11ec8cbefe478.dicom,False,3,3,True
1724,1723,59e1f024cb9e119964b57d942fd72e36,train/59e1f024cb9e119964b57d942fd72e36.dicom,False,7,7,True
1725,1724,5a0fbc7c40ea94bef4c8342d47c05b26,train/5a0fbc7c40ea94bef4c8342d47c05b26.dicom,False,9,9,True
1726,1725,5a41618b987898b085e2411532f7b9f7,train/5a41618b987898b085e2411532f7b9f7.dicom,False,8,8,True
1727,1726,5a43f10c267152bdbf23851b50c1c52d,train/5a43f10c267152bdbf23851b50c1c52d.dicom,False,16,16,True
1728,1727,5a58e4e711cccb78407ae86820d643d0,train/5a58e4e711cccb78407ae86820d643d0.dicom,False,15,15,True
1729,1728,5a80ba9453fa7f5833b04190e6f7dbf5,train/5a80ba9453fa7f5833b04190e6f7dbf5.dicom,False,8,8,True
1730,1729,5a8231c748478ef6be5055800a2fce17,train/5a8231c748478ef6be5055800a2fce17.dicom,False,7,7,True
1731,1730,5a8b04bbb49b5883741d4b183182c661,train/5a8b04bbb49b5883741d4b183182c661.dicom,True,0,0,True
1732,1731,5a906d95202259b2e2ac0a2aee8f2f65,train/5a906d95202259b2e2ac0a2aee8f2f65.dicom,False,6,6,True
1733,1732,5a9e67c8d1782a1a1068ba62dc2e34f6,train/5a9e67c8d1782a1a1068ba62dc2e34f6.dicom,True,0,0,True
1734,1733,5aa1078fe0601b8d13d779ecf83badac,train/5aa1078fe0601b8d13d779ecf83badac.dicom,False,13,13,True
1735,1734,5ab46f617dc0db05f4eee6def96c5d6e,train/5ab46f617dc0db05f4eee6def96c5d6e.dicom,False,5,5,True
1736,1735,5af7ba3901d0937dea00f84257c5c8c2,train/5af7ba3901d0937dea00f84257c5c8c2.dicom,True,0,0,True
1737,1736,5af9cf3407df191a1c8fb59d76593d22,train/5af9cf3407df191a1c8fb59d76593d22.dicom,False,5,5,True
1738,1737,5afdc4e7edfdefd26c0c8381ac79b358,train/5afdc4e7edfdefd26c0c8381ac79b358.dicom,True,0,0,True
1739,1738,5b04f2ac084b14227afc7a8a321de6e5,train/5b04f2ac084b14227afc7a8a321de6e5.dicom,False,3,3,True
1740,1739,5b05df19287bc68ead3011b06492d5e9,train/5b05df19287bc68ead3011b06492d5e9.dicom,False,14,14,True
1741,1740,5b117af61738a1b97e73039969841851,train/5b117af61738a1b97e73039969841851.dicom,False,5,5,True
1742,1741,5b1670d49882cd6d4718a5bb8616b34f,train/5b1670d49882cd6d4718a5bb8616b34f.dicom,False,3,3,True
1743,1742,5b1ca661c257f3ab27cb8d43b7770fab,train/5b1ca661c257f3ab27cb8d43b7770fab.dicom,False,6,6,True
1744,1743,5b21cf5288e23f7abc39fc7fecae09cd,train/5b21cf5288e23f7abc39fc7fecae09cd.dicom,False,7,7,True
1745,1744,5b295b1def2ae7beedc752eb0fd668aa,train/5b295b1def2ae7beedc752eb0fd668aa.dicom,False,10,10,True
1746,1745,5b2e28bd44d10e3e10605d0d95ffba22,train/5b2e28bd44d10e3e10605d0d95ffba22.dicom,False,21,21,True
1747,1746,5b34fd56bddef0fba0a3d88286604cbe,train/5b34fd56bddef0fba0a3d88286604cbe.dicom,False,8,8,True
1748,1747,5b50aaeb4070f03384ce3173afe0bdcd,train/5b50aaeb4070f03384ce3173afe0bdcd.dicom,False,10,10,True
1749,1748,5b6ac2868f30a56ee492348f8da40211,train/5b6ac2868f30a56ee492348f8da40211.dicom,True,0,0,True
1750,1749,5b6f8c860f1ced753af1ba0f047a99ef,train/5b6f8c860f1ced753af1ba0f047a99ef.dicom,False,6,6,True
1751,1750,5b76b8bc5004e1b673e03e1a5b335034,train/5b76b8bc5004e1b673e03e1a5b335034.dicom,False,6,6,True
1752,1751,5b914f255801a14edc598bbe7f480f20,train/5b914f255801a14edc598bbe7f480f20.dicom,False,5,5,True
1753,1752,5ba3c5d4c87aeca558d9f2d452854085,train/5ba3c5d4c87aeca558d9f2d452854085.dicom,False,12,12,True
1754,1753,5bac140ce817cf691563067d70952e95,train/5bac140ce817cf691563067d70952e95.dicom,False,7,7,True
1755,1754,5bb68aea19f6eb00d28d0e6386afecfc,train/5bb68aea19f6eb00d28d0e6386afecfc.dicom,False,10,10,True
1756,1755,5bbac8d8d5d451761634493ddc1b7f38,train/5bbac8d8d5d451761634493ddc1b7f38.dicom,False,10,10,True
1757,1756,5bc0153d83e1514ca428123b264a3aa8,train/5bc0153d83e1514ca428123b264a3aa8.dicom,False,7,7,True
1758,1757,5bec9b12b354f2d865db06ae323259b8,train/5bec9b12b354f2d865db06ae323259b8.dicom,False,4,4,True
1759,1758,5bf3368744630f459a499ccdccc9cdf1,train/5bf3368744630f459a499ccdccc9cdf1.dicom,False,8,8,True
1760,1759,5c0e5d5565e95746f3760193c38a48bf,train/5c0e5d5565e95746f3760193c38a48bf.dicom,False,7,7,True
1761,1760,5c10838d84f0c6a1bf21c375100a1e7d,train/5c10838d84f0c6a1bf21c375100a1e7d.dicom,False,6,6,True
1762,1761,5c236bd87dff8c15d259c70b842620aa,train/5c236bd87dff8c15d259c70b842620aa.dicom,False,11,11,True
1763,1762,5c31e0c3f7beb95833196c55509dc127,train/5c31e0c3f7beb95833196c55509dc127.dicom,False,3,3,True
1764,1763,5c42e55309fada027b5bc8dc772ac88a,train/5c42e55309fada027b5bc8dc772ac88a.dicom,False,5,5,True
1765,1764,5c5692c89519d119928a04d16613b55b,train/5c5692c89519d119928a04d16613b55b.dicom,False,6,6,True
1766,1765,5c6a7334ef6de11f55adff603734e4ea,train/5c6a7334ef6de11f55adff603734e4ea.dicom,True,0,0,True
1767,1766,5c6e3e0700cff1f8d88bad0ba40076aa,train/5c6e3e0700cff1f8d88bad0ba40076aa.dicom,False,8,8,True
1768,1767,5c76b614df36384b545ed038550794c5,train/5c76b614df36384b545ed038550794c5.dicom,False,3,3,True
1769,1768,5c796eb672128aa15473051998334a09,train/5c796eb672128aa15473051998334a09.dicom,False,4,4,True
1770,1769,5c87991b2ad944d1a17e2e5b6a09f156,train/5c87991b2ad944d1a17e2e5b6a09f156.dicom,True,0,0,True
1771,1770,5ca166e3c183eed19a435a0db42d9939,train/5ca166e3c183eed19a435a0db42d9939.dicom,False,10,10,True
1772,1771,5cac2353795d14b7b45dc7f755ab4d79,train/5cac2353795d14b7b45dc7f755ab4d79.dicom,False,5,5,True
1773,1772,5cb875c0e27e2af51deea598506dd926,train/5cb875c0e27e2af51deea598506dd926.dicom,False,8,8,True
1774,1773,5ccbe9cf1b033cccdd76fd99cc6ccd01,train/5ccbe9cf1b033cccdd76fd99cc6ccd01.dicom,False,7,7,True
1775,1774,5cefd144909538b07270bd3283d567cc,train/5cefd144909538b07270bd3283d567cc.dicom,False,4,4,True
1776,1775,5cf657759ffe1c8ad29c2b6938197dfc,train/5cf657759ffe1c8ad29c2b6938197dfc.dicom,False,6,6,True
1777,1776,5d2a481a562112395f28010b079a9cf1,train/5d2a481a562112395f28010b079a9cf1.dicom,False,20,20,True
1778,1777,5d37206ee0084505c5509d92029ee95e,train/5d37206ee0084505c5509d92029ee95e.dicom,False,4,4,True
1779,1778,5d3d38eae35191d06fd2a0261fa74934,train/5d3d38eae35191d06fd2a0261fa74934.dicom,False,8,8,True
1780,1779,5d4a7daa7e70085f6e5489fff404c1e9,train/5d4a7daa7e70085f6e5489fff404c1e9.dicom,True,0,0,True
1781,1780,5d552285af8132602f23a7951eec8efe,train/5d552285af8132602f23a7951eec8efe.dicom,False,6,6,True
1782,1781,5d5a37ba110538a40cbc037126af47d3,train/5d5a37ba110538a40cbc037126af47d3.dicom,False,11,11,True
1783,1782,5d6c0df203f0e3f04467e27507029026,train/5d6c0df203f0e3f04467e27507029026.dicom,False,15,15,True
1784,1783,5d839d09ab9417b4ea3e6e92961e0747,train/5d839d09ab9417b4ea3e6e92961e0747.dicom,False,3,3,True
1785,1784,5d8aad3fbe2a422089ebf41678bda3ce,train/5d8aad3fbe2a422089ebf41678bda3ce.dicom,False,5,5,True
1786,1785,5d8c27abe7add51ed3ede20c7d091f16,train/5d8c27abe7add51ed3ede20c7d091f16.dicom,False,18,18,True
1787,1786,5d911ff93f3820e66d76ffe822300426,train/5d911ff93f3820e66d76ffe822300426.dicom,False,9,9,True
1788,1787,5d915a93afa7a4d47aeb206eefba2465,train/5d915a93afa7a4d47aeb206eefba2465.dicom,False,12,12,True
1789,1788,5da264775732004f1b724b660138854a,train/5da264775732004f1b724b660138854a.dicom,False,6,6,True
1790,1789,5da459bb842baf8b844d998f5b6c996c,train/5da459bb842baf8b844d998f5b6c996c.dicom,False,10,10,True
1791,1790,5dcc50d9eb1c4959a2a0dbdf2845ffc3,train/5dcc50d9eb1c4959a2a0dbdf2845ffc3.dicom,True,0,0,True
1792,1791,5dd28adf45035593337e0af14785f7ae,train/5dd28adf45035593337e0af14785f7ae.dicom,False,5,5,True
1793,1792,5de91fab780d937e6cba46c4e807bb12,train/5de91fab780d937e6cba46c4e807bb12.dicom,False,18,18,True
1794,1793,5df359e160b87cd0d9f496a1e6648b1f,train/5df359e160b87cd0d9f496a1e6648b1f.dicom,True,0,0,True
1795,1794,5dfb216441a8b99cf5e617ba76cf164a,train/5dfb216441a8b99cf5e617ba76cf164a.dicom,False,10,10,True
1796,1795,5e02cde47ed2fd338141e3dcff3139b9,train/5e02cde47ed2fd338141e3dcff3139b9.dicom,False,6,6,True
1797,1796,5e06a5e29082d7c841672d9d5ee5173d,train/5e06a5e29082d7c841672d9d5ee5173d.dicom,False,5,5,True
1798,1797,5e3b89e075787f07cfccd64d9182f149,train/5e3b89e075787f07cfccd64d9182f149.dicom,False,6,6,True
1799,1798,5e3fbd3cf75a49590a141e5aa5572137,train/5e3fbd3cf75a49590a141e5aa5572137.dicom,True,0,0,True
1800,1799,5e679b95d1ce29e2bb0938b6b305a265,train/5e679b95d1ce29e2bb0938b6b305a265.dicom,False,15,15,True
1801,1800,5e7edf8a5f636b67a2a854b284360cfa,train/5e7edf8a5f636b67a2a854b284360cfa.dicom,False,4,4,True
1802,1801,5e808e9cbcb8cb66f3c798e9e5ea4e03,train/5e808e9cbcb8cb66f3c798e9e5ea4e03.dicom,True,0,0,True
1803,1802,5e81bf594edfd5481fc4a2fe942bb0a6,train/5e81bf594edfd5481fc4a2fe942bb0a6.dicom,False,5,5,True
1804,1803,5e90e76ac63c847409ad08821c7d5937,train/5e90e76ac63c847409ad08821c7d5937.dicom,False,6,6,True
1805,1804,5ea84b103e1046041d21c48a61e3fcd2,train/5ea84b103e1046041d21c48a61e3fcd2.dicom,False,4,4,True
1806,1805,5eaf3a8e7bc9dd931af72662081f009b,train/5eaf3a8e7bc9dd931af72662081f009b.dicom,False,4,4,True
1807,1806,5eb3f5cb8e18778cad831a75d0e74d95,train/5eb3f5cb8e18778cad831a75d0e74d95.dicom,True,0,0,True
1808,1807,5ed9dc88e3fc76c9cb834ed274994ebf,train/5ed9dc88e3fc76c9cb834ed274994ebf.dicom,False,5,5,True
1809,1808,5ee7d7e6df4cda91b44134754044751c,train/5ee7d7e6df4cda91b44134754044751c.dicom,False,11,11,True
1810,1809,5f09150b3d82a8e7103c7777278389dd,train/5f09150b3d82a8e7103c7777278389dd.dicom,False,6,6,True
1811,1810,5f21557d7c24e3f023db5c6e866b5119,train/5f21557d7c24e3f023db5c6e866b5119.dicom,False,6,6,True
1812,1811,5f39b234c96c89da0f9db28c873b75b1,train/5f39b234c96c89da0f9db28c873b75b1.dicom,False,11,11,True
1813,1812,5f4eff3b76151906fe87be784d191a1f,train/5f4eff3b76151906fe87be784d191a1f.dicom,False,5,5,True
1814,1813,5f565b018973e7c70aad47a92a5c14ea,train/5f565b018973e7c70aad47a92a5c14ea.dicom,False,10,10,True
1815,1814,5f6d317d6ef78eb1f66b9cf0f0bd8555,train/5f6d317d6ef78eb1f66b9cf0f0bd8555.dicom,False,12,12,True
1816,1815,5f7b80742cd833dcb52b3f2de3de412f,train/5f7b80742cd833dcb52b3f2de3de412f.dicom,True,0,0,True
1817,1816,5fac617f1ce097354f1a28e8fa5036e5,train/5fac617f1ce097354f1a28e8fa5036e5.dicom,False,9,9,True
1818,1817,5fb44599ac9e8866dc107e366467cafc,train/5fb44599ac9e8866dc107e366467cafc.dicom,False,9,9,True
1819,1818,5fbe80c51a1b3fb43bb5143803482282,train/5fbe80c51a1b3fb43bb5143803482282.dicom,False,3,3,True
1820,1819,5fd4c67e23e05c603525dae871ee1077,train/5fd4c67e23e05c603525dae871ee1077.dicom,False,3,3,True
1821,1820,5fd698415fe157a7bc7fa75a52ecabc6,train/5fd698415fe157a7bc7fa75a52ecabc6.dicom,False,6,6,True
1822,1821,5fec3c0902c51a7a230544f540e2244d,train/5fec3c0902c51a7a230544f540e2244d.dicom,False,3,3,True
1823,1822,5ff1e6bd7cb14179a70db035d3aa6ba6,train/5ff1e6bd7cb14179a70db035d3aa6ba6.dicom,False,13,13,True
1824,1823,5ff1fca7e25f078c81b1e22a057dcd69,train/5ff1fca7e25f078c81b1e22a057dcd69.dicom,False,6,6,True
1825,1824,5ff9bf9ce4a5732215ab6da888a4a510,train/5ff9bf9ce4a5732215ab6da888a4a510.dicom,False,5,5,True
1826,1825,5ffa2d8c4717aa06a6cdec9f74e775c9,train/5ffa2d8c4717aa06a6cdec9f74e775c9.dicom,False,3,3,True
1827,1826,600f30b4b9e4eab1d027065d4b0140fc,train/600f30b4b9e4eab1d027065d4b0140fc.dicom,False,6,6,True
1828,1827,60398630bcbf4f2fa6f5730fd9a9f4dc,train/60398630bcbf4f2fa6f5730fd9a9f4dc.dicom,False,7,7,True
1829,1828,603b1ac8a6e947e4cb0992dbed44f0d9,train/603b1ac8a6e947e4cb0992dbed44f0d9.dicom,False,5,5,True
1830,1829,604340ab6423f81a91ac72182163e9a4,train/604340ab6423f81a91ac72182163e9a4.dicom,False,14,14,True
1831,1830,604ce8a56fd0539880b17f999ad10468,train/604ce8a56fd0539880b17f999ad10468.dicom,True,0,0,True
1832,1831,6056fe4eed40998cc745482220bd33a6,train/6056fe4eed40998cc745482220bd33a6.dicom,False,7,7,True
1833,1832,606147f7461d5d7642f887d6b1b9d16b,train/606147f7461d5d7642f887d6b1b9d16b.dicom,False,12,12,True
1834,1833,606765fe716741ebafc722890c81aaf8,train/606765fe716741ebafc722890c81aaf8.dicom,False,8,8,True
1835,1834,60679b51d403a3a1fc020a0a86fedd8d,train/60679b51d403a3a1fc020a0a86fedd8d.dicom,False,3,3,True
1836,1835,6067e2a8536a187d543ebd4fab4af731,train/6067e2a8536a187d543ebd4fab4af731.dicom,False,5,5,True
1837,1836,6072a9325dcf5318517a0696040a9dcc,train/6072a9325dcf5318517a0696040a9dcc.dicom,False,8,8,True
1838,1837,607867449f9bc95be2e163509e254752,train/607867449f9bc95be2e163509e254752.dicom,False,3,3,True
1839,1838,6081e75c58a050442a9ff3a5a2a51ffc,train/6081e75c58a050442a9ff3a5a2a51ffc.dicom,False,3,3,True
1840,1839,609aa57eca1fce9afb86a341b7b560fc,train/609aa57eca1fce9afb86a341b7b560fc.dicom,False,5,5,True
1841,1840,609eb619fc23177db779067b5cc816a7,train/609eb619fc23177db779067b5cc816a7.dicom,False,8,8,True
1842,1841,60ba71ee189d4892f99bdbe3fa08f98a,train/60ba71ee189d4892f99bdbe3fa08f98a.dicom,False,8,8,True
1843,1842,60d769f30bc9d356998abeeba51fa6ff,train/60d769f30bc9d356998abeeba51fa6ff.dicom,False,5,5,True
1844,1843,60e641e62376dc3cfa71299033535b40,train/60e641e62376dc3cfa71299033535b40.dicom,True,0,0,True
1845,1844,60ef7a89da46636e62b8351d15bff6c6,train/60ef7a89da46636e62b8351d15bff6c6.dicom,False,12,12,True
1846,1845,60f2171aff3d6e13a8987e59d7a87739,train/60f2171aff3d6e13a8987e59d7a87739.dicom,False,7,7,True
1847,1846,60fe9e6fc41b0e1f8be7b7b6b13db5cc,train/60fe9e6fc41b0e1f8be7b7b6b13db5cc.dicom,False,6,6,True
1848,1847,610d69d7787f995a196a5d8ea8ed1be5,train/610d69d7787f995a196a5d8ea8ed1be5.dicom,False,12,12,True
1849,1848,611077472d2fc78135ad2ad32059888e,train/611077472d2fc78135ad2ad32059888e.dicom,False,6,6,True
1850,1849,611310e3e1ec37e73e74f1a756b3bb69,train/611310e3e1ec37e73e74f1a756b3bb69.dicom,False,14,14,True
1851,1850,61306376f68f499c2d6e52b56225012b,train/61306376f68f499c2d6e52b56225012b.dicom,False,7,7,True
1852,1851,6137da0107d18f2bc35b6814c0f00ac8,train/6137da0107d18f2bc35b6814c0f00ac8.dicom,False,6,6,True
1853,1852,613fd7f3a8b48248d4027c90a414ff9a,train/613fd7f3a8b48248d4027c90a414ff9a.dicom,False,12,12,True
1854,1853,6145c49011a33ec5d61866a3a7085f33,train/6145c49011a33ec5d61866a3a7085f33.dicom,True,0,0,True
1855,1854,614b0af08224c7163278ff78abc8bad7,train/614b0af08224c7163278ff78abc8bad7.dicom,False,7,7,True
1856,1855,614e79f6a2879432b2af4287d954f98f,train/614e79f6a2879432b2af4287d954f98f.dicom,True,0,0,True
1857,1856,616f7784ae537b00b14617a57b53de73,train/616f7784ae537b00b14617a57b53de73.dicom,False,8,8,True
1858,1857,61a02fd2f3c838c3e5daf2786bb6e54a,train/61a02fd2f3c838c3e5daf2786bb6e54a.dicom,False,6,6,True
1859,1858,61b870f53ee51305fca5b584ffaf4a8d,train/61b870f53ee51305fca5b584ffaf4a8d.dicom,False,4,4,True
1860,1859,61d21c0ea3c0e8904647974163dcbefe,train/61d21c0ea3c0e8904647974163dcbefe.dicom,False,5,5,True
1861,1860,61d584d7b486245f3e861371fcf7da9b,train/61d584d7b486245f3e861371fcf7da9b.dicom,False,18,18,True
1862,1861,61d9e4505c1f8391ce055d3ce793a899,train/61d9e4505c1f8391ce055d3ce793a899.dicom,False,5,5,True
1863,1862,61dd944679b8bfd6d5f5a84c9e7738e3,train/61dd944679b8bfd6d5f5a84c9e7738e3.dicom,False,5,5,True
1864,1863,61e0b38cea96d57adb044ac496e556ff,train/61e0b38cea96d57adb044ac496e556ff.dicom,True,0,0,True
1865,1864,61eda4cf19454682248154196d27cf07,train/61eda4cf19454682248154196d27cf07.dicom,False,7,7,True
1866,1865,61f8bb57e67b95c4555d4427998c0498,train/61f8bb57e67b95c4555d4427998c0498.dicom,False,4,4,True
1867,1866,61fee17f99b29fc46130613d0e7ba7c2,train/61fee17f99b29fc46130613d0e7ba7c2.dicom,True,0,0,True
1868,1867,6206fcafbe92f484f03def2b5074a8a8,train/6206fcafbe92f484f03def2b5074a8a8.dicom,False,4,4,True
1869,1868,62071e073320c21515baab6e5c55ddf8,train/62071e073320c21515baab6e5c55ddf8.dicom,False,18,18,True
1870,1869,623a14228a9ea0c33a9012c02ef70487,train/623a14228a9ea0c33a9012c02ef70487.dicom,False,14,14,True
1871,1870,624fadcfe3f204dd43ce49bdce00c0f4,train/624fadcfe3f204dd43ce49bdce00c0f4.dicom,False,13,13,True
1872,1871,6253c422540c84bc747b4426ed507452,train/6253c422540c84bc747b4426ed507452.dicom,False,5,5,True
1873,1872,6257b0277b6dc697985febc707d83011,train/6257b0277b6dc697985febc707d83011.dicom,False,6,6,True
1874,1873,62643c38a525c1223f3a836af96f220d,train/62643c38a525c1223f3a836af96f220d.dicom,False,3,3,True
1875,1874,62727c1647992609be0ff403bc2362ac,train/62727c1647992609be0ff403bc2362ac.dicom,False,7,7,True
1876,1875,6284e06225c1bba8f413896721002e1f,train/6284e06225c1bba8f413896721002e1f.dicom,True,0,0,True
1877,1876,62863bee894cbb15f96074e8da760b40,train/62863bee894cbb15f96074e8da760b40.dicom,False,11,11,True
1878,1877,628ab07625d7ac80f9c909b4380e75b3,train/628ab07625d7ac80f9c909b4380e75b3.dicom,False,5,5,True
1879,1878,628ba9788c00a8fa5fd77992fa9f63ed,train/628ba9788c00a8fa5fd77992fa9f63ed.dicom,False,10,10,True
1880,1879,6290796d31e7984c5bd7dac745d16bc1,train/6290796d31e7984c5bd7dac745d16bc1.dicom,True,0,0,True
1881,1880,62b135c34d01b4af10c39d65939d9d43,train/62b135c34d01b4af10c39d65939d9d43.dicom,False,7,7,True
1882,1881,62b2efa946bc993544fe42785b40fcdb,train/62b2efa946bc993544fe42785b40fcdb.dicom,False,7,7,True
1883,1882,62c14fe41339b118b7fa4a0bb569f3f9,train/62c14fe41339b118b7fa4a0bb569f3f9.dicom,True,0,0,True
1884,1883,62fad4135a04319bc5e499828b05ac70,train/62fad4135a04319bc5e499828b05ac70.dicom,False,5,5,True
1885,1884,630bd57c91d01444795cb63e9efe8741,train/630bd57c91d01444795cb63e9efe8741.dicom,True,0,0,True
1886,1885,6312578be73812b1634727a012980bc6,train/6312578be73812b1634727a012980bc6.dicom,False,12,12,True
1887,1886,6314692e3a4f5fc017e052dbd1cd683e,train/6314692e3a4f5fc017e052dbd1cd683e.dicom,False,14,14,True
1888,1887,63236a382e8f97864ea5af5d1c7a5d5a,train/63236a382e8f97864ea5af5d1c7a5d5a.dicom,False,3,3,True
1889,1888,6324583b0c0d0428991e94d43a9d5d09,train/6324583b0c0d0428991e94d43a9d5d09.dicom,True,0,0,True
1890,1889,633440744a1f7413483909dc0af84de1,train/633440744a1f7413483909dc0af84de1.dicom,False,20,20,True
1891,1890,63382fd6688255077d3e61f946fa8c35,train/63382fd6688255077d3e61f946fa8c35.dicom,False,4,4,True
1892,1891,633a915d9f92edf4edc1c4a85548201f,train/633a915d9f92edf4edc1c4a85548201f.dicom,False,14,14,True
1893,1892,63415dfe4d7eb0c122a6818e84195475,train/63415dfe4d7eb0c122a6818e84195475.dicom,False,15,15,True
1894,1893,6359437f875d6b26535d627e1c2cf31f,train/6359437f875d6b26535d627e1c2cf31f.dicom,False,5,5,True
1895,1894,6371c2201020a3f7e4c5a56f8f7a4fea,train/6371c2201020a3f7e4c5a56f8f7a4fea.dicom,False,18,18,True
1896,1895,63803ddfb3ea3bb435ff62c45ba78fde,train/63803ddfb3ea3bb435ff62c45ba78fde.dicom,False,6,6,True
1897,1896,6398a304dcec08b7e3f31d0bdd6358a5,train/6398a304dcec08b7e3f31d0bdd6358a5.dicom,False,7,7,True
1898,1897,639a44bdf6f3cfe5d05f96683604e758,train/639a44bdf6f3cfe5d05f96683604e758.dicom,False,11,11,True
1899,1898,639e8235c7931fa2efb4f74bca333e00,train/639e8235c7931fa2efb4f74bca333e00.dicom,True,0,0,True
1900,1899,63a853b45510dfc485c9dbc998539cd1,train/63a853b45510dfc485c9dbc998539cd1.dicom,False,5,5,True
1901,1900,63ae0334ee9804a3bb06d66432fefa26,train/63ae0334ee9804a3bb06d66432fefa26.dicom,False,9,9,True
1902,1901,63af905bd663fe539c2b6c3190dd222d,train/63af905bd663fe539c2b6c3190dd222d.dicom,False,12,12,True
1903,1902,63ce5324b5bcb2e4c556a6112dead354,train/63ce5324b5bcb2e4c556a6112dead354.dicom,True,0,0,True
1904,1903,63cf713d392ce347a329b20e8bd4782b,train/63cf713d392ce347a329b20e8bd4782b.dicom,False,14,14,True
1905,1904,63f24af3bd9f735911958c1190306af1,train/63f24af3bd9f735911958c1190306af1.dicom,False,7,7,True
1906,1905,642617909307cc0ba39930495ed65a41,train/642617909307cc0ba39930495ed65a41.dicom,False,18,18,True
1907,1906,6452a9e9489dadc789cb44af7d3dadab,train/6452a9e9489dadc789cb44af7d3dadab.dicom,False,6,6,True
1908,1907,646728c609148567b18df0b37a9f8ec5,train/646728c609148567b18df0b37a9f8ec5.dicom,False,8,8,True
1909,1908,648e0c26a323b1050a5d4ad9c57d6257,train/648e0c26a323b1050a5d4ad9c57d6257.dicom,False,9,9,True
1910,1909,649ec80ede7722141ecea3c810107176,train/649ec80ede7722141ecea3c810107176.dicom,False,5,5,True
1911,1910,64a46917dfbd81f3747a1635f47f622d,train/64a46917dfbd81f3747a1635f47f622d.dicom,False,11,11,True
1912,1911,64b17a1d9119aa0a4df55d164eae856b,train/64b17a1d9119aa0a4df55d164eae856b.dicom,False,16,16,True
1913,1912,64bb0c2fe03598b5b9c90ddc2f68eaeb,train/64bb0c2fe03598b5b9c90ddc2f68eaeb.dicom,False,5,5,True
1914,1913,64c4cafb533cc198f91e6ddbddee9a0e,train/64c4cafb533cc198f91e6ddbddee9a0e.dicom,False,8,8,True
1915,1914,64e323f8638652f7bf813a933ebcbf07,train/64e323f8638652f7bf813a933ebcbf07.dicom,False,3,3,True
1916,1915,64f09bf84016428dd43f8984b2c303f7,train/64f09bf84016428dd43f8984b2c303f7.dicom,True,0,0,True
1917,1916,64f4fa78d723ad71e2422bc74bcd38f4,train/64f4fa78d723ad71e2422bc74bcd38f4.dicom,False,11,11,True
1918,1917,64fbc7536c3e0b4609b471e2b8a1f54f,train/64fbc7536c3e0b4609b471e2b8a1f54f.dicom,False,5,5,True
1919,1918,64fd03319a30c50cfa302fc5457baf3f,train/64fd03319a30c50cfa302fc5457baf3f.dicom,False,6,6,True
1920,1919,6503bb06d6f9dc44244a562742a16c97,train/6503bb06d6f9dc44244a562742a16c97.dicom,False,5,5,True
1921,1920,6544852e523b70450c51b767f71eb275,train/6544852e523b70450c51b767f71eb275.dicom,False,9,9,True
1922,1921,654957991bdf2ede340cc5335285be5f,train/654957991bdf2ede340cc5335285be5f.dicom,False,10,10,True
1923,1922,65591c33ed8729b0ed1eebf4f59e418b,train/65591c33ed8729b0ed1eebf4f59e418b.dicom,False,7,7,True
1924,1923,65624a2cdd11858b1ebadc900859214d,train/65624a2cdd11858b1ebadc900859214d.dicom,False,4,4,True
1925,1924,65629f1b90ec2b7ccc093f8ddfd6a992,train/65629f1b90ec2b7ccc093f8ddfd6a992.dicom,False,3,3,True
1926,1925,656744b811b1f0e3c65dd457b3cd8cd9,train/656744b811b1f0e3c65dd457b3cd8cd9.dicom,False,5,5,True
1927,1926,6567f32646a35e8a0841790870de5c7a,train/6567f32646a35e8a0841790870de5c7a.dicom,False,6,6,True
1928,1927,657d78347d17af866338af4f1dab0c71,train/657d78347d17af866338af4f1dab0c71.dicom,False,5,5,True
1929,1928,659c6031ed4b7d875e5e14662eb50bf2,train/659c6031ed4b7d875e5e14662eb50bf2.dicom,False,12,12,True
1930,1929,659da0929f184579263a7a070729008e,train/659da0929f184579263a7a070729008e.dicom,False,6,6,True
1931,1930,659e8fa4b3d038c98fbfc0ab4cfcd411,train/659e8fa4b3d038c98fbfc0ab4cfcd411.dicom,False,22,22,True
1932,1931,65ad4fb69f36c807fce87e66a1c6533d,train/65ad4fb69f36c807fce87e66a1c6533d.dicom,False,3,3,True
1933,1932,65bf4d6bc6fcf6a912ef3ec74bf9e35c,train/65bf4d6bc6fcf6a912ef3ec74bf9e35c.dicom,False,8,8,True
1934,1933,65c9045820f5c8bb44b60cbbf5402d29,train/65c9045820f5c8bb44b60cbbf5402d29.dicom,False,7,7,True
1935,1934,65dfd8ef3a4201185c6fd6e9135cb20d,train/65dfd8ef3a4201185c6fd6e9135cb20d.dicom,False,6,6,True
1936,1935,65ea8c1976e3b9d6da2bd3f377a89519,train/65ea8c1976e3b9d6da2bd3f377a89519.dicom,False,3,3,True
1937,1936,65f02d75dda093dfaf39ffaec74c5f56,train/65f02d75dda093dfaf39ffaec74c5f56.dicom,False,3,3,True
1938,1937,6605faf598579d666064f0a09cee2557,train/6605faf598579d666064f0a09cee2557.dicom,False,4,4,True
1939,1938,660d934ad8ecf6701af7eb703e1cb4c8,train/660d934ad8ecf6701af7eb703e1cb4c8.dicom,False,5,5,True
1940,1939,6612d7f6119514cbeda6de56571d9f84,train/6612d7f6119514cbeda6de56571d9f84.dicom,False,6,6,True
1941,1940,662fe30af3399b56c1579e95b0c6c87e,train/662fe30af3399b56c1579e95b0c6c87e.dicom,False,17,17,True
1942,1941,66332eb5425bcdc6854aae970cc656b9,train/66332eb5425bcdc6854aae970cc656b9.dicom,False,16,16,True
1943,1942,66396f621903b00a1b7e1f54c8e5e8b3,train/66396f621903b00a1b7e1f54c8e5e8b3.dicom,False,5,5,True
1944,1943,665ba9b5664d7055c1d0ac1a44ea1ea9,train/665ba9b5664d7055c1d0ac1a44ea1ea9.dicom,False,8,8,True
1945,1944,6669f6481deca63ed9c421d5ac012c76,train/6669f6481deca63ed9c421d5ac012c76.dicom,False,6,6,True
1946,1945,66728ec6afc52c3ebc77242449757162,train/66728ec6afc52c3ebc77242449757162.dicom,False,5,5,True
1947,1946,667a27b0998f298db945ff935be9dd29,train/667a27b0998f298db945ff935be9dd29.dicom,False,8,8,True
1948,1947,66856d8ef0cf387346c195d4e4adcf1a,train/66856d8ef0cf387346c195d4e4adcf1a.dicom,False,11,11,True
1949,1948,6692df8a8c5f641eff181a2f589bfe80,train/6692df8a8c5f641eff181a2f589bfe80.dicom,False,12,12,True
1950,1949,66a1a5d0239bd22d299a1e1333ed5d0b,train/66a1a5d0239bd22d299a1e1333ed5d0b.dicom,False,13,13,True
1951,1950,66a42146929520fe337cad37816f4384,train/66a42146929520fe337cad37816f4384.dicom,False,7,7,True
1952,1951,66bbea98f2c63f90d2c6e0d6792cca54,train/66bbea98f2c63f90d2c6e0d6792cca54.dicom,False,5,5,True
1953,1952,66c03db83615b5c925b5bbdcd4a3c326,train/66c03db83615b5c925b5bbdcd4a3c326.dicom,False,6,6,True
1954,1953,66c570971c7df4782e3dfb9e74f0dd1e,train/66c570971c7df4782e3dfb9e74f0dd1e.dicom,False,6,6,True
1955,1954,66ca165889a2837cc8534141b6441976,train/66ca165889a2837cc8534141b6441976.dicom,False,4,4,True
1956,1955,66cc79784846f7ec74c4ced47c244b24,train/66cc79784846f7ec74c4ced47c244b24.dicom,False,9,9,True
1957,1956,66cd940a7bbf8b37c6abecc0a4004661,train/66cd940a7bbf8b37c6abecc0a4004661.dicom,False,6,6,True
1958,1957,66d058ae8aa6b41111cab2259989eddb,train/66d058ae8aa6b41111cab2259989eddb.dicom,False,6,6,True
1959,1958,66d28ab317b915eb7a400ad4a005ebc0,train/66d28ab317b915eb7a400ad4a005ebc0.dicom,False,11,11,True
1960,1959,66e2d822ac451ea21fcfa3182c56a651,train/66e2d822ac451ea21fcfa3182c56a651.dicom,False,6,6,True
1961,1960,66e47c15c146fd0f6fb29adf167532ee,train/66e47c15c146fd0f6fb29adf167532ee.dicom,False,8,8,True
1962,1961,66fc91228ec5c614305dd54706f73f80,train/66fc91228ec5c614305dd54706f73f80.dicom,False,20,20,True
1963,1962,670c2ddd42c86d8502924bd453b969e4,train/670c2ddd42c86d8502924bd453b969e4.dicom,True,0,0,True
1964,1963,672ece5866dfa259ad2cede3afd0d41f,train/672ece5866dfa259ad2cede3afd0d41f.dicom,False,8,8,True
1965,1964,673f5442a2c3f1b012fcb0efa77527af,train/673f5442a2c3f1b012fcb0efa77527af.dicom,False,10,10,True
1966,1965,6747991aa8970e35ec44fe90b309d627,train/6747991aa8970e35ec44fe90b309d627.dicom,False,9,9,True
1967,1966,6747f99ef0ff341a8b25787e3436db5c,train/6747f99ef0ff341a8b25787e3436db5c.dicom,True,0,0,True
1968,1967,67533fa705019e473c1609ec6ed294d8,train/67533fa705019e473c1609ec6ed294d8.dicom,False,9,9,True
1969,1968,675d4dfbc02d948b3be479815f560c2e,train/675d4dfbc02d948b3be479815f560c2e.dicom,False,15,15,True
1970,1969,675ffaef18559ad337d8abb65ee44624,train/675ffaef18559ad337d8abb65ee44624.dicom,False,6,6,True
1971,1970,67635e3e25dcca671541a531ca2b4d0e,train/67635e3e25dcca671541a531ca2b4d0e.dicom,False,5,5,True
1972,1971,678219cc34c08e4b184dbe73ef52a680,train/678219cc34c08e4b184dbe73ef52a680.dicom,False,8,8,True
1973,1972,67923e1fdac310042f5feb9f788839bf,train/67923e1fdac310042f5feb9f788839bf.dicom,False,11,11,True
1974,1973,679bff232ad7e9f8623bcd61e7812bab,train/679bff232ad7e9f8623bcd61e7812bab.dicom,True,0,0,True
1975,1974,67c83db34f74fb6203fc52f789ec3a31,train/67c83db34f74fb6203fc52f789ec3a31.dicom,False,13,13,True
1976,1975,67cbbbc94027667fe9fe8fe6ea07f9a2,train/67cbbbc94027667fe9fe8fe6ea07f9a2.dicom,False,6,6,True
1977,1976,67cfebc952a1751733ad336895f0d73c,train/67cfebc952a1751733ad336895f0d73c.dicom,False,5,5,True
1978,1977,67d4cf6415b37f5a0950ac53897f3d3a,train/67d4cf6415b37f5a0950ac53897f3d3a.dicom,False,4,4,True
1979,1978,67d6d106da8aa96f4368d7cc11624f7a,train/67d6d106da8aa96f4368d7cc11624f7a.dicom,False,7,7,True
1980,1979,67d78accb5656a6e435a912ca941c27e,train/67d78accb5656a6e435a912ca941c27e.dicom,False,12,12,True
1981,1980,67e142bee76b89f0ca09bab8d7adaa2e,train/67e142bee76b89f0ca09bab8d7adaa2e.dicom,False,4,4,True
1982,1981,67fbc13add44ab3cafafb5be3ce3cafc,train/67fbc13add44ab3cafafb5be3ce3cafc.dicom,True,0,0,True
1983,1982,6807503ed8ab156abd8b43ee6bc4be75,train/6807503ed8ab156abd8b43ee6bc4be75.dicom,False,6,6,True
1984,1983,680991cadaa23df90e27c5c89941b917,train/680991cadaa23df90e27c5c89941b917.dicom,False,3,3,True
1985,1984,68122971781f688cce53b8700e0da080,train/68122971781f688cce53b8700e0da080.dicom,False,3,3,True
1986,1985,6818b9a73dbaf129b63a2848ac1e576f,train/6818b9a73dbaf129b63a2848ac1e576f.dicom,False,12,12,True
1987,1986,68194ba7f002feafff03a21625a07305,train/68194ba7f002feafff03a21625a07305.dicom,False,10,10,True
1988,1987,682008cffca1751980b4010f4e82520d,train/682008cffca1751980b4010f4e82520d.dicom,False,12,12,True
1989,1988,68291bf070ea8be26049e41d95b1bd25,train/68291bf070ea8be26049e41d95b1bd25.dicom,False,6,6,True
1990,1989,682b61023d547b7b92f47dfdea263775,train/682b61023d547b7b92f47dfdea263775.dicom,False,13,13,True
1991,1990,6833c509c10b569d6167db70b83ee5d5,train/6833c509c10b569d6167db70b83ee5d5.dicom,False,22,22,True
1992,1991,68389e585575ff6e536f3fbff8101474,train/68389e585575ff6e536f3fbff8101474.dicom,False,13,13,True
1993,1992,683ec9af11ca7fe33686ddce989d3768,train/683ec9af11ca7fe33686ddce989d3768.dicom,False,3,3,True
1994,1993,684626e9ab3384984e4af5ede3a0e6aa,train/684626e9ab3384984e4af5ede3a0e6aa.dicom,False,3,3,True
1995,1994,68626e0f21d8b844329c9cba44ff28eb,train/68626e0f21d8b844329c9cba44ff28eb.dicom,True,0,0,True
1996,1995,686af368e33eea31228b8634c5947f6c,train/686af368e33eea31228b8634c5947f6c.dicom,False,6,6,True
1997,1996,6899d63a9d60ee219291ba61f964dbcc,train/6899d63a9d60ee219291ba61f964dbcc.dicom,True,0,0,True
1998,1997,68ab5b60e34d374002405dfe7f14b7ff,train/68ab5b60e34d374002405dfe7f14b7ff.dicom,False,10,10,True
1999,1998,68ad460a32591dc2d5d522e9c913cad8,train/68ad460a32591dc2d5d522e9c913cad8.dicom,False,6,6,True
2000,1999,68bf44155e1e9cd26c7ac566d5a02289,train/68bf44155e1e9cd26c7ac566d5a02289.dicom,False,5,5,True
2001,2000,68c396ded603aae07cb3027b1d2e8a90,train/68c396ded603aae07cb3027b1d2e8a90.dicom,True,0,0,True
2002,2001,68d2d4cacb8e7d2b125fe18516356777,train/68d2d4cacb8e7d2b125fe18516356777.dicom,False,7,7,True
2003,2002,68eb45dbf790f2f829d8c6a8690b0d25,train/68eb45dbf790f2f829d8c6a8690b0d25.dicom,False,12,12,True
2004,2003,68f7ee667e33c638abc21bcd543ad9d5,train/68f7ee667e33c638abc21bcd543ad9d5.dicom,False,15,15,True
2005,2004,68fb6b382475cacea88d364da1730d34,train/68fb6b382475cacea88d364da1730d34.dicom,True,0,0,True
2006,2005,68fcd04c343c408db5acce03b38c2e1e,train/68fcd04c343c408db5acce03b38c2e1e.dicom,False,8,8,True
2007,2006,6900482a91a538ead56b483f77bcf289,train/6900482a91a538ead56b483f77bcf289.dicom,False,4,4,True
2008,2007,690a74b4ebf969fbadc5ad0a1187968d,train/690a74b4ebf969fbadc5ad0a1187968d.dicom,False,12,12,True
2009,2008,690becc033b4b41fc20572d5f7f13359,train/690becc033b4b41fc20572d5f7f13359.dicom,True,0,0,True
2010,2009,69264b8eef78c43726b78a6fba59d962,train/69264b8eef78c43726b78a6fba59d962.dicom,True,0,0,True
2011,2010,693008c77b426c4afc45e990f5f07287,train/693008c77b426c4afc45e990f5f07287.dicom,False,10,10,True
2012,2011,6935c5330b07eb6492d228b1e1a740a5,train/6935c5330b07eb6492d228b1e1a740a5.dicom,True,0,0,True
2013,2012,693a01d0401e233e4f6bd441542dc424,train/693a01d0401e233e4f6bd441542dc424.dicom,True,0,0,True
2014,2013,696214f9b38c455d2b867484da3570d8,train/696214f9b38c455d2b867484da3570d8.dicom,False,7,7,True
2015,2014,6974b05fb97620ec153a9eb3200db4eb,train/6974b05fb97620ec153a9eb3200db4eb.dicom,False,9,9,True
2016,2015,697c98dcc1457ad774db7b42a4e1e8b4,train/697c98dcc1457ad774db7b42a4e1e8b4.dicom,False,9,9,True
2017,2016,698f2c03335010d2ff0a30798f8c2e08,train/698f2c03335010d2ff0a30798f8c2e08.dicom,True,0,0,True
2018,2017,6993fe34fd90adcbbfe75229f5e22306,train/6993fe34fd90adcbbfe75229f5e22306.dicom,False,4,4,True
2019,2018,69972b49aac9f4aea137e51984cf8691,train/69972b49aac9f4aea137e51984cf8691.dicom,False,12,12,True
2020,2019,69a2762d9ad4e34d46a08a58596a71e9,train/69a2762d9ad4e34d46a08a58596a71e9.dicom,True,0,0,True
2021,2020,69a3e19744062d97e679adf184b667c2,train/69a3e19744062d97e679adf184b667c2.dicom,False,3,3,True
2022,2021,69a4c5a42437d7d7f8cf80a8e0402e15,train/69a4c5a42437d7d7f8cf80a8e0402e15.dicom,False,5,5,True
2023,2022,69afc1cd6a3209dfc08651a43e7628fd,train/69afc1cd6a3209dfc08651a43e7628fd.dicom,False,5,5,True
2024,2023,69cb46ac057f1c04cb0a582fcf2f8b96,train/69cb46ac057f1c04cb0a582fcf2f8b96.dicom,False,6,6,True
2025,2024,69e693c4c5f1f8ad419b1d2ed43c7375,train/69e693c4c5f1f8ad419b1d2ed43c7375.dicom,False,5,5,True
2026,2025,69e956035a447c4d4f4d28e13ed92dc4,train/69e956035a447c4d4f4d28e13ed92dc4.dicom,False,11,11,True
2027,2026,69ea3cb5de2b638097e68aa955ad1087,train/69ea3cb5de2b638097e68aa955ad1087.dicom,True,0,0,True
2028,2027,6a0cf3914af765ef60fb7682f4c53cf8,train/6a0cf3914af765ef60fb7682f4c53cf8.dicom,False,3,3,True
2029,2028,6a0da094696816e8ccc92c81602173d1,train/6a0da094696816e8ccc92c81602173d1.dicom,False,10,10,True
2030,2029,6a2119f5509f4f9b7811ff4e7d786a62,train/6a2119f5509f4f9b7811ff4e7d786a62.dicom,False,7,7,True
2031,2030,6a21c27cbd42e68576a134fca3c0266e,train/6a21c27cbd42e68576a134fca3c0266e.dicom,False,3,3,True
2032,2031,6a226af290752e9d60405e5a5a18e90f,train/6a226af290752e9d60405e5a5a18e90f.dicom,False,4,4,True
2033,2032,6a245106cf0448251656a6a0bd6aebd5,train/6a245106cf0448251656a6a0bd6aebd5.dicom,False,6,6,True
2034,2033,6a29cfd596229d4ac24ad8cbaa103c11,train/6a29cfd596229d4ac24ad8cbaa103c11.dicom,False,8,8,True
2035,2034,6a4b3bf66d8876480d5ea698d3f9304a,train/6a4b3bf66d8876480d5ea698d3f9304a.dicom,False,9,9,True
2036,2035,6a4f9965e83bfad45d66d4afa5d28cc5,train/6a4f9965e83bfad45d66d4afa5d28cc5.dicom,False,9,9,True
2037,2036,6a53a62b736fb59c4e2c35f99778656f,train/6a53a62b736fb59c4e2c35f99778656f.dicom,False,12,12,True
2038,2037,6a5a92798a840e7b12533ada2e2816cb,train/6a5a92798a840e7b12533ada2e2816cb.dicom,False,5,5,True
2039,2038,6a69a393d7beccc1043d5ee8cf0517d4,train/6a69a393d7beccc1043d5ee8cf0517d4.dicom,False,8,8,True
2040,2039,6a6d716b650b15a1babbcd82ca95d76e,train/6a6d716b650b15a1babbcd82ca95d76e.dicom,False,5,5,True
2041,2040,6a731afa074fdf826107fa38023459a5,train/6a731afa074fdf826107fa38023459a5.dicom,False,10,10,True
2042,2041,6a770deeb23778c30bbf5dc7d00f75c4,train/6a770deeb23778c30bbf5dc7d00f75c4.dicom,False,10,10,True
2043,2042,6a956ce4e56235dd8de081a965a36c2a,train/6a956ce4e56235dd8de081a965a36c2a.dicom,False,17,17,True
2044,2043,6ab69f995bbbc0522d8819fec2cf1d3b,train/6ab69f995bbbc0522d8819fec2cf1d3b.dicom,False,8,8,True
2045,2044,6ab95c0f04cb1c61e635ba82b76df6b9,train/6ab95c0f04cb1c61e635ba82b76df6b9.dicom,False,5,5,True
2046,2045,6acc13406eda521dedfca734ddbe3e25,train/6acc13406eda521dedfca734ddbe3e25.dicom,False,11,11,True
2047,2046,6ada6149fec45a9046dbfe15e3459ec8,train/6ada6149fec45a9046dbfe15e3459ec8.dicom,False,25,25,True
2048,2047,6ada8f68e2f901b30feb74aaa0c32ba4,train/6ada8f68e2f901b30feb74aaa0c32ba4.dicom,True,0,0,True
2049,2048,6ae2757005410f45933298a2bd5d7f50,train/6ae2757005410f45933298a2bd5d7f50.dicom,False,9,9,True
2050,2049,6aee48100cc84e8ce9fa362fbac6113b,train/6aee48100cc84e8ce9fa362fbac6113b.dicom,False,5,5,True
2051,2050,6b2b72d289bf26b3aaf41548df0ab160,train/6b2b72d289bf26b3aaf41548df0ab160.dicom,False,3,3,True
2052,2051,6b3c9e72ced5b7a5f40029e034ab6cba,train/6b3c9e72ced5b7a5f40029e034ab6cba.dicom,False,3,3,True
2053,2052,6b49f9a611fb606933242b3409569497,train/6b49f9a611fb606933242b3409569497.dicom,False,9,9,True
2054,2053,6b6f79dad019a4dee92fa35456f75a48,train/6b6f79dad019a4dee92fa35456f75a48.dicom,False,23,23,True
2055,2054,6b7630266dc2abd86de6c994308a4986,train/6b7630266dc2abd86de6c994308a4986.dicom,False,6,6,True
2056,2055,6b86fa23bbe9974e31308a8e4543b1b6,train/6b86fa23bbe9974e31308a8e4543b1b6.dicom,False,6,6,True
2057,2056,6b8bb3a6cc110df0f2e182c1db0b4b21,train/6b8bb3a6cc110df0f2e182c1db0b4b21.dicom,False,10,10,True
2058,2057,6ba7995f98e1c9c494868133536edf13,train/6ba7995f98e1c9c494868133536edf13.dicom,False,3,3,True
2059,2058,6bb053f269fb54485e70eb65424578f3,train/6bb053f269fb54485e70eb65424578f3.dicom,False,5,5,True
2060,2059,6bb0f4c7693b63f01ca906e712abd4e3,train/6bb0f4c7693b63f01ca906e712abd4e3.dicom,True,0,0,True
2061,2060,6bb7769006f10cb8681b95246a90902c,train/6bb7769006f10cb8681b95246a90902c.dicom,False,7,7,True
2062,2061,6bd56b4aa9ff512573b799ddb4c7deac,train/6bd56b4aa9ff512573b799ddb4c7deac.dicom,False,3,3,True
2063,2062,6bfb85750420c5ee853ad5372dcfbd76,train/6bfb85750420c5ee853ad5372dcfbd76.dicom,False,14,14,True
2064,2063,6c07e9a9fc06aa20e54a83cded97aa7a,train/6c07e9a9fc06aa20e54a83cded97aa7a.dicom,False,6,6,True
2065,2064,6c08a98e48ba72aee1b7b62e1f28e6da,train/6c08a98e48ba72aee1b7b62e1f28e6da.dicom,False,16,16,True
2066,2065,6c28ed764e181113c90d167b3a2db3fa,train/6c28ed764e181113c90d167b3a2db3fa.dicom,False,3,3,True
2067,2066,6c35a010256b29d6db4956f5bffff4a2,train/6c35a010256b29d6db4956f5bffff4a2.dicom,False,22,22,True
2068,2067,6c36bf0795da73a547d0a6269c33daf6,train/6c36bf0795da73a547d0a6269c33daf6.dicom,False,3,3,True
2069,2068,6c45f970e82a55ffca6f7259d82197e7,train/6c45f970e82a55ffca6f7259d82197e7.dicom,False,8,8,True
2070,2069,6c4b3875e507999d883e7bda6428fa30,train/6c4b3875e507999d883e7bda6428fa30.dicom,False,7,7,True
2071,2070,6c4b78e706f33af6d0561c990df490b0,train/6c4b78e706f33af6d0561c990df490b0.dicom,False,8,8,True
2072,2071,6c52edbfaea1be8334fd862161a8f4e4,train/6c52edbfaea1be8334fd862161a8f4e4.dicom,False,9,9,True
2073,2072,6c6266968277d8d98717a106dfb716c3,train/6c6266968277d8d98717a106dfb716c3.dicom,False,9,9,True
2074,2073,6c62972a4eeaf465e0461d4d74394366,train/6c62972a4eeaf465e0461d4d74394366.dicom,False,13,13,True
2075,2074,6c63a1225abbaf4be97d520df64d9125,train/6c63a1225abbaf4be97d520df64d9125.dicom,False,9,9,True
2076,2075,6c6443feb73c8113601be5a01242447d,train/6c6443feb73c8113601be5a01242447d.dicom,False,6,6,True
2077,2076,6c7168280c801ce96908597527695ab5,train/6c7168280c801ce96908597527695ab5.dicom,False,9,9,True
2078,2077,6c7235e58f45b35fa517bb1a855f7504,train/6c7235e58f45b35fa517bb1a855f7504.dicom,False,11,11,True
2079,2078,6c79f2551808438721052023e043ab4d,train/6c79f2551808438721052023e043ab4d.dicom,False,10,10,True
2080,2079,6c825d5c6349fcc2a6d6af5b13e470b6,train/6c825d5c6349fcc2a6d6af5b13e470b6.dicom,False,3,3,True
2081,2080,6c8d15e1aadce8cc5dc0a4b719818a4c,train/6c8d15e1aadce8cc5dc0a4b719818a4c.dicom,False,4,4,True
2082,2081,6cacb05336c1725300d12e762cca0fc8,train/6cacb05336c1725300d12e762cca0fc8.dicom,False,7,7,True
2083,2082,6cb28973ba5bf897b5c1ef88c79c47c2,train/6cb28973ba5bf897b5c1ef88c79c47c2.dicom,True,0,0,True
2084,2083,6cb76e80cd8312a6cb453b11d5ea44f8,train/6cb76e80cd8312a6cb453b11d5ea44f8.dicom,False,6,6,True
2085,2084,6cbdc71410309c03dd894fa3470f7b8d,train/6cbdc71410309c03dd894fa3470f7b8d.dicom,False,6,6,True
2086,2085,6cde3166d972c7b9ceff0e6099d4e374,train/6cde3166d972c7b9ceff0e6099d4e374.dicom,False,10,10,True
2087,2086,6ce61a39f1e1bff629566de047ab8775,train/6ce61a39f1e1bff629566de047ab8775.dicom,False,7,7,True
2088,2087,6cf076d01340d69f77857cd4708692d1,train/6cf076d01340d69f77857cd4708692d1.dicom,False,5,5,True
2089,2088,6cf0ce690ad8348d8c44c689aed97836,train/6cf0ce690ad8348d8c44c689aed97836.dicom,False,6,6,True
2090,2089,6cf0ea4eb8810156bfb48f5a7dbeffd3,train/6cf0ea4eb8810156bfb48f5a7dbeffd3.dicom,False,23,23,True
2091,2090,6d08a56a5d1e0918469413c81abc33bc,train/6d08a56a5d1e0918469413c81abc33bc.dicom,False,6,6,True
2092,2091,6d1ae9283e8be51b5057a189f53bef03,train/6d1ae9283e8be51b5057a189f53bef03.dicom,False,5,5,True
2093,2092,6d2ea40c6bdeaf8c3c7be4ae9125834e,train/6d2ea40c6bdeaf8c3c7be4ae9125834e.dicom,False,9,9,True
2094,2093,6d3451478ca527968706d5075d5bf0ce,train/6d3451478ca527968706d5075d5bf0ce.dicom,False,8,8,True
2095,2094,6d3cd7503968e1d95d46dccb35e6b617,train/6d3cd7503968e1d95d46dccb35e6b617.dicom,False,3,3,True
2096,2095,6d55788f759da917cf8b89f300764dee,train/6d55788f759da917cf8b89f300764dee.dicom,False,10,10,True
2097,2096,6d58e4bb28efa358fbce1c94e6b15efe,train/6d58e4bb28efa358fbce1c94e6b15efe.dicom,True,0,0,True
2098,2097,6d5acf3f8a973a26844d617fffe72998,train/6d5acf3f8a973a26844d617fffe72998.dicom,False,46,46,True
2099,2098,6d6746496137a10dbfbb4019c47174c0,train/6d6746496137a10dbfbb4019c47174c0.dicom,False,10,10,True
2100,2099,6d80520d7518642b92a089b028407104,train/6d80520d7518642b92a089b028407104.dicom,False,7,7,True
2101,2100,6db40e2b46792eab40dfdfff3b29a760,train/6db40e2b46792eab40dfdfff3b29a760.dicom,False,3,3,True
2102,2101,6db6e5b15b7497f9179ec06fb3723d5c,train/6db6e5b15b7497f9179ec06fb3723d5c.dicom,False,8,8,True
2103,2102,6db88a54762f5e34ce31d2f43deb812d,train/6db88a54762f5e34ce31d2f43deb812d.dicom,False,6,6,True
2104,2103,6dc197d0503400617170a11ab7812d73,train/6dc197d0503400617170a11ab7812d73.dicom,False,11,11,True
2105,2104,6dc207746578921c58e86d97b78534bd,train/6dc207746578921c58e86d97b78534bd.dicom,False,8,8,True
2106,2105,6dc54c273e24de333f3fdd060f74faa1,train/6dc54c273e24de333f3fdd060f74faa1.dicom,False,5,5,True
2107,2106,6dd1a29dcafeb9545da50d85324bb781,train/6dd1a29dcafeb9545da50d85324bb781.dicom,False,5,5,True
2108,2107,6de2efbed6b23441ab46cbcfa980e4bd,train/6de2efbed6b23441ab46cbcfa980e4bd.dicom,False,7,7,True
2109,2108,6e004d77616aa8546ed689d9360e1080,train/6e004d77616aa8546ed689d9360e1080.dicom,True,0,0,True
2110,2109,6e0dd61ae870e3b4f5701af4d7cb5b8b,train/6e0dd61ae870e3b4f5701af4d7cb5b8b.dicom,True,0,0,True
2111,2110,6e10d8c0ed42868404c04889240d3693,train/6e10d8c0ed42868404c04889240d3693.dicom,False,6,6,True
2112,2111,6e11ca52ad7ea9add47da7eded8efe03,train/6e11ca52ad7ea9add47da7eded8efe03.dicom,False,8,8,True
2113,2112,6e1a6f52b179c14edd1af37ead978cb2,train/6e1a6f52b179c14edd1af37ead978cb2.dicom,False,5,5,True
2114,2113,6e224b4caf02b51618bda425011636f2,train/6e224b4caf02b51618bda425011636f2.dicom,False,17,17,True
2115,2114,6e26e1092a0297a1cbf0a867e3b90326,train/6e26e1092a0297a1cbf0a867e3b90326.dicom,True,0,0,True
2116,2115,6e2a38e4cc5b4cd14dba22285a5cd210,train/6e2a38e4cc5b4cd14dba22285a5cd210.dicom,False,3,3,True
2117,2116,6e2c5ac0b017ee374840d5ad3aba3629,train/6e2c5ac0b017ee374840d5ad3aba3629.dicom,False,8,8,True
2118,2117,6e395f737d2b004443f033eb9ad7ba17,train/6e395f737d2b004443f033eb9ad7ba17.dicom,True,0,0,True
2119,2118,6e3dce43de58cedd6cca477f98b6c94f,train/6e3dce43de58cedd6cca477f98b6c94f.dicom,False,7,7,True
2120,2119,6e4391555899c8474c4d32f42b2ba21b,train/6e4391555899c8474c4d32f42b2ba21b.dicom,False,24,24,True
2121,2120,6e45dcf215f6474234248ad70fb897d1,train/6e45dcf215f6474234248ad70fb897d1.dicom,True,0,0,True
2122,2121,6e469682b53c4c558e23632c4c7e4fe5,train/6e469682b53c4c558e23632c4c7e4fe5.dicom,False,13,13,True
2123,2122,6e47a3c35eecd25bf915998f192b32d1,train/6e47a3c35eecd25bf915998f192b32d1.dicom,False,8,8,True
2124,2123,6e48149a34ba1700f265b5e7d9fe0cd1,train/6e48149a34ba1700f265b5e7d9fe0cd1.dicom,True,0,0,True
2125,2124,6e4915e84e38de5d90efe0ecfd8f2cf6,train/6e4915e84e38de5d90efe0ecfd8f2cf6.dicom,False,29,29,True
2126,2125,6e5776831430f043f18d70c93239457a,train/6e5776831430f043f18d70c93239457a.dicom,False,3,3,True
2127,2126,6eae1d4353b0a57087ca071556aef1ec,train/6eae1d4353b0a57087ca071556aef1ec.dicom,True,0,0,True
2128,2127,6ebee97d53199fb6126b8eeb2acc7f44,train/6ebee97d53199fb6126b8eeb2acc7f44.dicom,False,10,10,True
2129,2128,6ece94f09d405a17472ba1cf4471e548,train/6ece94f09d405a17472ba1cf4471e548.dicom,False,6,6,True
2130,2129,6ed2ab0e4ba47734a7b2a47deff243c1,train/6ed2ab0e4ba47734a7b2a47deff243c1.dicom,False,4,4,True
2131,2130,6ed469a35361b49e04971347281bc312,train/6ed469a35361b49e04971347281bc312.dicom,False,7,7,True
2132,2131,6eeead238ec804ca607534249350bcf8,train/6eeead238ec804ca607534249350bcf8.dicom,False,11,11,True
2133,2132,6efabbfe08d43653606d7b16c5ad264d,train/6efabbfe08d43653606d7b16c5ad264d.dicom,False,6,6,True
2134,2133,6f322939176779d7af4f7c76701fa91d,train/6f322939176779d7af4f7c76701fa91d.dicom,False,6,6,True
2135,2134,6f5f1420c9f88f1ec8b886e3700410f5,train/6f5f1420c9f88f1ec8b886e3700410f5.dicom,False,7,7,True
2136,2135,6f79bc390fe626dd3ad6a8cb36116254,train/6f79bc390fe626dd3ad6a8cb36116254.dicom,False,5,5,True
2137,2136,6f81359c392e30ddea9260b22d732e69,train/6f81359c392e30ddea9260b22d732e69.dicom,False,11,11,True
2138,2137,6f873f0a401ca124ae1e125f081b591e,train/6f873f0a401ca124ae1e125f081b591e.dicom,True,0,0,True
2139,2138,6f8d6f377c0d4ffcf13554466668be5a,train/6f8d6f377c0d4ffcf13554466668be5a.dicom,False,3,3,True
2140,2139,6f8e0af5fff2c4c45f6eb841a4221235,train/6f8e0af5fff2c4c45f6eb841a4221235.dicom,False,12,12,True
2141,2140,6f9c69586ff53e488b23e7bb6b0556c5,train/6f9c69586ff53e488b23e7bb6b0556c5.dicom,False,6,6,True
2142,2141,6fa0ca0396d8c8dba1dc037d2d882947,train/6fa0ca0396d8c8dba1dc037d2d882947.dicom,False,5,5,True
2143,2142,6fa721dbeeea8b191be3336226a2d3e8,train/6fa721dbeeea8b191be3336226a2d3e8.dicom,False,7,7,True
2144,2143,6fa7dad34b96816f31cc091a0507bbdd,train/6fa7dad34b96816f31cc091a0507bbdd.dicom,False,13,13,True
2145,2144,6fb55d54b54b05b50913b456d1b5d0cc,train/6fb55d54b54b05b50913b456d1b5d0cc.dicom,False,11,11,True
2146,2145,6fbeb3ec1ec16b267f98fc12cbab9b6f,train/6fbeb3ec1ec16b267f98fc12cbab9b6f.dicom,False,7,7,True
2147,2146,6fe8a6cb3929ebdfa1cc078b0318e363,train/6fe8a6cb3929ebdfa1cc078b0318e363.dicom,False,19,19,True
2148,2147,6feeabe1a1221a8a4da9560cc86157ed,train/6feeabe1a1221a8a4da9560cc86157ed.dicom,False,8,8,True
2149,2148,6ffac7a192bae8415d98c6d03ee4ee2c,train/6ffac7a192bae8415d98c6d03ee4ee2c.dicom,False,5,5,True
2150,2149,70050ec61a0f61030b7ce001eab0fefa,train/70050ec61a0f61030b7ce001eab0fefa.dicom,False,11,11,True
2151,2150,7019341063506a9850df00a5bcf46efa,train/7019341063506a9850df00a5bcf46efa.dicom,False,4,4,True
2152,2151,7021edd61c6640c497c774e6ef61e491,train/7021edd61c6640c497c774e6ef61e491.dicom,False,7,7,True
2153,2152,703637c0369923222e87e31bb7477b4f,train/703637c0369923222e87e31bb7477b4f.dicom,False,10,10,True
2154,2153,703a96532637528e3aafb5f5668186cb,train/703a96532637528e3aafb5f5668186cb.dicom,False,8,8,True
2155,2154,703e3e8b33821c0b0553c5d534a5419f,train/703e3e8b33821c0b0553c5d534a5419f.dicom,False,7,7,True
2156,2155,7041c4545b91fb9fd032398c297fd992,train/7041c4545b91fb9fd032398c297fd992.dicom,False,6,6,True
2157,2156,7043451da60cb89537435829965759c3,train/7043451da60cb89537435829965759c3.dicom,False,7,7,True
2158,2157,70485d0ffe6e2b1d90b6127c5c023f18,train/70485d0ffe6e2b1d90b6127c5c023f18.dicom,False,17,17,True
2159,2158,7052aefb2cae8274a2dedc9e21714d96,train/7052aefb2cae8274a2dedc9e21714d96.dicom,False,6,6,True
2160,2159,705ac59fb56577d3db10d09dc5b3f3b3,train/705ac59fb56577d3db10d09dc5b3f3b3.dicom,False,3,3,True
2161,2160,706e9e2d05f37843759f3e1da02f2d6c,train/706e9e2d05f37843759f3e1da02f2d6c.dicom,False,9,9,True
2162,2161,70822307bc21273a21e4a57632f55a0a,train/70822307bc21273a21e4a57632f55a0a.dicom,False,8,8,True
2163,2162,708249b5f1cff1ae05f850da5fc2b625,train/708249b5f1cff1ae05f850da5fc2b625.dicom,False,10,10,True
2164,2163,70bb28b860c2c597900d4a0722cf53a7,train/70bb28b860c2c597900d4a0722cf53a7.dicom,True,0,0,True
2165,2164,70c57f59ed881d79ba9c1071b605c42f,train/70c57f59ed881d79ba9c1071b605c42f.dicom,True,0,0,True
2166,2165,70dc4cdf5377a5daa9628a456390ed93,train/70dc4cdf5377a5daa9628a456390ed93.dicom,False,9,9,True
2167,2166,70e09b0d52ed4571aa953c4d844bc5cb,train/70e09b0d52ed4571aa953c4d844bc5cb.dicom,False,10,10,True
2168,2167,70e621d1855d992b74df22c66021b25d,train/70e621d1855d992b74df22c66021b25d.dicom,False,4,4,True
2169,2168,70eb6d92bf0c7e35e0d55e17d00629fa,train/70eb6d92bf0c7e35e0d55e17d00629fa.dicom,False,4,4,True
2170,2169,70f135c5319675c02b56fc5b82df7c09,train/70f135c5319675c02b56fc5b82df7c09.dicom,False,3,3,True
2171,2170,713f94c56bcf0a3622522744fb0d24d7,train/713f94c56bcf0a3622522744fb0d24d7.dicom,False,9,9,True
2172,2171,714e4c788c40892e9a5500e4fde9c753,train/714e4c788c40892e9a5500e4fde9c753.dicom,False,12,12,True
2173,2172,71511f823c4664475131c1519d9bd0a8,train/71511f823c4664475131c1519d9bd0a8.dicom,False,6,6,True
2174,2173,715278d742ca1d668e20ffab02e7fe36,train/715278d742ca1d668e20ffab02e7fe36.dicom,False,3,3,True
2175,2174,717b848dae42dc6c33d6d3a5754e690b,train/717b848dae42dc6c33d6d3a5754e690b.dicom,False,15,15,True
2176,2175,719182f814fc1a742e0fbc1a751f6af7,train/719182f814fc1a742e0fbc1a751f6af7.dicom,False,8,8,True
2177,2176,719962d2d347b4d5a6641074d75b78ad,train/719962d2d347b4d5a6641074d75b78ad.dicom,False,4,4,True
2178,2177,719ef3ece6314f7962ffe89cfd4cdb7f,train/719ef3ece6314f7962ffe89cfd4cdb7f.dicom,False,3,3,True
2179,2178,71a5a3f60976a7b46875a26dfd7a669e,train/71a5a3f60976a7b46875a26dfd7a669e.dicom,False,6,6,True
2180,2179,71ab1b7b29ed23f9c8a5ad1db0e2cbf5,train/71ab1b7b29ed23f9c8a5ad1db0e2cbf5.dicom,False,6,6,True
2181,2180,71bb412dd9f1550f447ce895f400599a,train/71bb412dd9f1550f447ce895f400599a.dicom,True,0,0,True
2182,2181,71cfb66b2166800fae0283d2f28b0902,train/71cfb66b2166800fae0283d2f28b0902.dicom,False,11,11,True
2183,2182,71dadd60877ab8a22b3d5075c40415c0,train/71dadd60877ab8a22b3d5075c40415c0.dicom,False,4,4,True
2184,2183,71ddd7f7b44aa49dafb8410e8d542ffb,train/71ddd7f7b44aa49dafb8410e8d542ffb.dicom,False,4,4,True
2185,2184,7216517a6e4daf3bd95b7b065dac16dd,train/7216517a6e4daf3bd95b7b065dac16dd.dicom,False,10,10,True
2186,2185,7225983eb43be7f2dcb9e75381a8f3e5,train/7225983eb43be7f2dcb9e75381a8f3e5.dicom,False,5,5,True
2187,2186,72264a7633d9eaa863732d9d18658516,train/72264a7633d9eaa863732d9d18658516.dicom,False,6,6,True
2188,2187,7237fe007c5cab239011e89137eee3a7,train/7237fe007c5cab239011e89137eee3a7.dicom,False,10,10,True
2189,2188,723a57bc840fd54341f543c2832ad6a2,train/723a57bc840fd54341f543c2832ad6a2.dicom,False,4,4,True
2190,2189,723aaeb1fd6c8333089f301b1f9620e5,train/723aaeb1fd6c8333089f301b1f9620e5.dicom,False,6,6,True
2191,2190,723f93a3f0e3905c498839d23b961631,train/723f93a3f0e3905c498839d23b961631.dicom,False,4,4,True
2192,2191,7245fcab6a98659146972d983aa01c6d,train/7245fcab6a98659146972d983aa01c6d.dicom,False,10,10,True
2193,2192,7253800842122c9e6e95878b46008f54,train/7253800842122c9e6e95878b46008f54.dicom,False,4,4,True
2194,2193,725d3455da58a90c17e5eba4b4520e97,train/725d3455da58a90c17e5eba4b4520e97.dicom,False,9,9,True
2195,2194,72a03107b8c5fffea70fb4d36ebeecb8,train/72a03107b8c5fffea70fb4d36ebeecb8.dicom,False,8,8,True
2196,2195,72a60e1680fed635062ad42bc5df893d,train/72a60e1680fed635062ad42bc5df893d.dicom,False,8,8,True
2197,2196,72a8690f81423e91e710088e939dd664,train/72a8690f81423e91e710088e939dd664.dicom,False,6,6,True
2198,2197,72bce8eed8324b1544f1698f56a2b0ba,train/72bce8eed8324b1544f1698f56a2b0ba.dicom,False,18,18,True
2199,2198,72d2a32355662fd12a16420bd689bbf9,train/72d2a32355662fd12a16420bd689bbf9.dicom,False,6,6,True
2200,2199,72db011d874a7d2151f75b4f0ae679b2,train/72db011d874a7d2151f75b4f0ae679b2.dicom,False,15,15,True
2201,2200,72dba276d1673ef009c04d2c8a7e3238,train/72dba276d1673ef009c04d2c8a7e3238.dicom,True,0,0,True
2202,2201,7307f00233a2858176b4b8c93213d7de,train/7307f00233a2858176b4b8c93213d7de.dicom,False,6,6,True
2203,2202,730b58517ca8b274e1b66e87c723c003,train/730b58517ca8b274e1b66e87c723c003.dicom,False,8,8,True
2204,2203,7310cb76b0642a868c3eb66ce74e7d70,train/7310cb76b0642a868c3eb66ce74e7d70.dicom,False,4,4,True
2205,2204,7324c001e2512d3ea9197b0151c6c1b0,train/7324c001e2512d3ea9197b0151c6c1b0.dicom,False,9,9,True
2206,2205,73389cedf5cac39b292141ad966adfcb,train/73389cedf5cac39b292141ad966adfcb.dicom,False,10,10,True
2207,2206,7339f20488fdc162a8b06c2d8c887277,train/7339f20488fdc162a8b06c2d8c887277.dicom,False,5,5,True
2208,2207,734bbd50e6a2265ae0092510852c9c24,train/734bbd50e6a2265ae0092510852c9c24.dicom,False,18,18,True
2209,2208,735023a2b17a5222636abc2784772804,train/735023a2b17a5222636abc2784772804.dicom,False,11,11,True
2210,2209,7355afc2a3a775378d54578397734408,train/7355afc2a3a775378d54578397734408.dicom,False,5,5,True
2211,2210,736548ed94e659b342a15a4b32e71a1f,train/736548ed94e659b342a15a4b32e71a1f.dicom,False,17,17,True
2212,2211,73677ea9100c2fc6b88ba7442c90bcf9,train/73677ea9100c2fc6b88ba7442c90bcf9.dicom,False,21,21,True
2213,2212,7379ef3f7d2f47ad02a272c056215448,train/7379ef3f7d2f47ad02a272c056215448.dicom,False,6,6,True
2214,2213,73a09e14492d3c6c579a48507303431b,train/73a09e14492d3c6c579a48507303431b.dicom,False,7,7,True
2215,2214,73bc384e1f0ca88f3bcb2b5c6a8584f1,train/73bc384e1f0ca88f3bcb2b5c6a8584f1.dicom,False,8,8,True
2216,2215,73ca5ade271925fe03782a52a85f75b2,train/73ca5ade271925fe03782a52a85f75b2.dicom,False,10,10,True
2217,2216,73d406f3aaebf4b2d07e73a87ebff608,train/73d406f3aaebf4b2d07e73a87ebff608.dicom,False,6,6,True
2218,2217,73dcc0c151e92d0090c75815c315ba83,train/73dcc0c151e92d0090c75815c315ba83.dicom,False,8,8,True
2219,2218,73e54ffef4d7e3de197b530d4f1ae026,train/73e54ffef4d7e3de197b530d4f1ae026.dicom,False,6,6,True
2220,2219,7413687c59af03d7aa10a04225d1ac52,train/7413687c59af03d7aa10a04225d1ac52.dicom,False,6,6,True
2221,2220,74292e695d6b5868b89acf26363ee93e,train/74292e695d6b5868b89acf26363ee93e.dicom,False,14,14,True
2222,2221,742d73529266f013bbbcdf0f2bf9d218,train/742d73529266f013bbbcdf0f2bf9d218.dicom,False,5,5,True
2223,2222,7430af9cdc5fa56f86d71b66a837390c,train/7430af9cdc5fa56f86d71b66a837390c.dicom,False,3,3,True
2224,2223,74335ad1e0f78abc3b8d9c4d3380b5be,train/74335ad1e0f78abc3b8d9c4d3380b5be.dicom,False,5,5,True
2225,2224,7433f75def4589a4eaaba2cc947af95a,train/7433f75def4589a4eaaba2cc947af95a.dicom,True,0,0,True
2226,2225,743601b5826b3d21eab4b1b90ed73bc3,train/743601b5826b3d21eab4b1b90ed73bc3.dicom,False,3,3,True
2227,2226,7444ecc98d1984f4e864b265857bda11,train/7444ecc98d1984f4e864b265857bda11.dicom,False,6,6,True
2228,2227,745101df234416c1912639f9aa4816bd,train/745101df234416c1912639f9aa4816bd.dicom,True,0,0,True
2229,2228,7478eac70ba86cb5e7e7a29a9acbd6e0,train/7478eac70ba86cb5e7e7a29a9acbd6e0.dicom,False,6,6,True
2230,2229,747eec98df4c54df053df178cc8c2395,train/747eec98df4c54df053df178cc8c2395.dicom,False,5,5,True
2231,2230,7486840374f87cde690928d1b33aa97c,train/7486840374f87cde690928d1b33aa97c.dicom,False,9,9,True
2232,2231,74a6dc1a51dffd964baef5089fc4d1b6,train/74a6dc1a51dffd964baef5089fc4d1b6.dicom,False,4,4,True
2233,2232,74eb8e74c7dee9e2342a43703a868387,train/74eb8e74c7dee9e2342a43703a868387.dicom,False,6,6,True
2234,2233,750371858ec902890736e5d6ee552026,train/750371858ec902890736e5d6ee552026.dicom,False,4,4,True
2235,2234,7519a77c0a9036cf63d56d53f708965a,train/7519a77c0a9036cf63d56d53f708965a.dicom,False,4,4,True
2236,2235,7520d54e60d31f2310d1eb5c77a7507a,train/7520d54e60d31f2310d1eb5c77a7507a.dicom,False,3,3,True
2237,2236,752836009ec557fe1f845720bc2914f4,train/752836009ec557fe1f845720bc2914f4.dicom,True,0,0,True
2238,2237,7540b357c67f2049cc0b8808fa2b91fc,train/7540b357c67f2049cc0b8808fa2b91fc.dicom,False,3,3,True
2239,2238,7541cb14619967aa42444e6327bb2f59,train/7541cb14619967aa42444e6327bb2f59.dicom,False,6,6,True
2240,2239,754e5c9903b4b9bec894ebde02b54db8,train/754e5c9903b4b9bec894ebde02b54db8.dicom,False,7,7,True
2241,2240,75692666e09ea0a3cbfcc4b36241c7c0,train/75692666e09ea0a3cbfcc4b36241c7c0.dicom,False,5,5,True
2242,2241,756afb66aecaf0675273016e8991d8d4,train/756afb66aecaf0675273016e8991d8d4.dicom,False,5,5,True
2243,2242,757b9dce1ec83ee0758ebbac0fc6461a,train/757b9dce1ec83ee0758ebbac0fc6461a.dicom,False,8,8,True
2244,2243,7593231d642b5869a4974ffbc46adcab,train/7593231d642b5869a4974ffbc46adcab.dicom,True,0,0,True
2245,2244,75b1cda9857d6c1b9f0bdb21cc42145f,train/75b1cda9857d6c1b9f0bdb21cc42145f.dicom,False,6,6,True
2246,2245,75dc0e82de7e756942ad4dcdb45c1c8d,train/75dc0e82de7e756942ad4dcdb45c1c8d.dicom,False,9,9,True
2247,2246,75de97fbdf15aa3e1927a97ff9479327,train/75de97fbdf15aa3e1927a97ff9479327.dicom,False,8,8,True
2248,2247,75e726f1b8f916a9e805f1f1e326a02d,train/75e726f1b8f916a9e805f1f1e326a02d.dicom,False,5,5,True
2249,2248,75ecc008a5e1a7f034c309b4f3f1e64e,train/75ecc008a5e1a7f034c309b4f3f1e64e.dicom,False,21,21,True
2250,2249,75ed9329d92e12a8d1eb26cdaa0c5094,train/75ed9329d92e12a8d1eb26cdaa0c5094.dicom,False,7,7,True
2251,2250,75ffb5f8839bef4d8719d46c29c46064,train/75ffb5f8839bef4d8719d46c29c46064.dicom,False,3,3,True
2252,2251,760af980f4ad1ef40a517cf7e005ea1b,train/760af980f4ad1ef40a517cf7e005ea1b.dicom,True,0,0,True
2253,2252,7610eb1f29002104c258f17b432e8d52,train/7610eb1f29002104c258f17b432e8d52.dicom,False,5,5,True
2254,2253,761156f763bd414dfd2037ae413d5fe8,train/761156f763bd414dfd2037ae413d5fe8.dicom,False,17,17,True
2255,2254,76150430edf4bc123a894d8dfb55b864,train/76150430edf4bc123a894d8dfb55b864.dicom,False,6,6,True
2256,2255,762f339322e42d419878a7b9c887553c,train/762f339322e42d419878a7b9c887553c.dicom,False,8,8,True
2257,2256,76339ec8c17dbcdd117914581cee59f5,train/76339ec8c17dbcdd117914581cee59f5.dicom,False,6,6,True
2258,2257,764eeaca1e91f7410e68f3daf40de6ab,train/764eeaca1e91f7410e68f3daf40de6ab.dicom,False,4,4,True
2259,2258,7652b96082c47799544acbd7858b4280,train/7652b96082c47799544acbd7858b4280.dicom,False,7,7,True
2260,2259,7653a1c4431f1929ae8c73588e39b8d5,train/7653a1c4431f1929ae8c73588e39b8d5.dicom,False,9,9,True
2261,2260,765760a9e2d3b82da72ca1ab86229b79,train/765760a9e2d3b82da72ca1ab86229b79.dicom,False,12,12,True
2262,2261,7661ae717d26893100f399e76e02c438,train/7661ae717d26893100f399e76e02c438.dicom,False,4,4,True
2263,2262,7664d4a022c8ca9a94c0bb8adb48209c,train/7664d4a022c8ca9a94c0bb8adb48209c.dicom,False,7,7,True
2264,2263,768480654fabe20d0c1340a17e129808,train/768480654fabe20d0c1340a17e129808.dicom,False,11,11,True
2265,2264,76890e5a55be1076e0e4367b1a2b35db,train/76890e5a55be1076e0e4367b1a2b35db.dicom,True,0,0,True
2266,2265,768db39e794f0d37d296c418e50d8126,train/768db39e794f0d37d296c418e50d8126.dicom,False,6,6,True
2267,2266,768f286b65425e98e6d03fa3bd1c5ded,train/768f286b65425e98e6d03fa3bd1c5ded.dicom,False,4,4,True
2268,2267,7691599752bbacd065fc71d3b54e67d0,train/7691599752bbacd065fc71d3b54e67d0.dicom,False,10,10,True
2269,2268,76a8a1a491e23dc44e0c33654f10c632,train/76a8a1a491e23dc44e0c33654f10c632.dicom,False,6,6,True
2270,2269,76b3ac42fafec422e9e25c5ae8fab603,train/76b3ac42fafec422e9e25c5ae8fab603.dicom,True,0,0,True
2271,2270,76b94abea3d34cdea83ca5011ccab53a,train/76b94abea3d34cdea83ca5011ccab53a.dicom,False,4,4,True
2272,2271,76ba59bd6f06fc0fa1ef003da3052c00,train/76ba59bd6f06fc0fa1ef003da3052c00.dicom,False,4,4,True
2273,2272,76c39b1acee002408cc8956065ea105e,train/76c39b1acee002408cc8956065ea105e.dicom,True,0,0,True
2274,2273,76daa0fd9fc0346e09cbcc7ac90c9fb1,train/76daa0fd9fc0346e09cbcc7ac90c9fb1.dicom,False,10,10,True
2275,2274,76f366130d836a1ae9d12749d0150eb1,train/76f366130d836a1ae9d12749d0150eb1.dicom,False,10,10,True
2276,2275,76f84c8d0216ec44b47059fa80049995,train/76f84c8d0216ec44b47059fa80049995.dicom,False,11,11,True
2277,2276,7705b3f3b2a3a2de67e579119f53466e,train/7705b3f3b2a3a2de67e579119f53466e.dicom,False,13,13,True
2278,2277,770ae639d8c1ac0846ce73d7ad5bacad,train/770ae639d8c1ac0846ce73d7ad5bacad.dicom,True,0,0,True
2279,2278,771bad280d3f521bae62b331ea7db8f4,train/771bad280d3f521bae62b331ea7db8f4.dicom,False,4,4,True
2280,2279,771e151f13e719b549b4e3d74c4777fe,train/771e151f13e719b549b4e3d74c4777fe.dicom,False,10,10,True
2281,2280,7729fbb58b8006fe2b8305f9b2b33883,train/7729fbb58b8006fe2b8305f9b2b33883.dicom,False,8,8,True
2282,2281,7736d86868e78aeb6cf52f6263fe6598,train/7736d86868e78aeb6cf52f6263fe6598.dicom,False,4,4,True
2283,2282,77411e67a520f43d7e819b9c21a33e2c,train/77411e67a520f43d7e819b9c21a33e2c.dicom,False,5,5,True
2284,2283,77508393a893101ef38598222327703f,train/77508393a893101ef38598222327703f.dicom,False,6,6,True
2285,2284,776d1803d568d646b2e8d8b0648cde5a,train/776d1803d568d646b2e8d8b0648cde5a.dicom,False,15,15,True
2286,2285,77721a660a5784c2b244167443f1bc26,train/77721a660a5784c2b244167443f1bc26.dicom,False,10,10,True
2287,2286,778592c49dc5b2bd4f4d4f415e174b5c,train/778592c49dc5b2bd4f4d4f415e174b5c.dicom,False,5,5,True
2288,2287,778c387c2cb631286fc9927be6dc0a04,train/778c387c2cb631286fc9927be6dc0a04.dicom,False,6,6,True
2289,2288,779f3b4e5deddf8161905698bf806432,train/779f3b4e5deddf8161905698bf806432.dicom,True,0,0,True
2290,2289,77a86229631c04f92af02336b28db006,train/77a86229631c04f92af02336b28db006.dicom,False,13,13,True
2291,2290,77b13969911c7f66060294c6cd76f58a,train/77b13969911c7f66060294c6cd76f58a.dicom,False,11,11,True
2292,2291,77d62e6304de7f244ac509794c99b483,train/77d62e6304de7f244ac509794c99b483.dicom,False,11,11,True
2293,2292,77d6928016b9ddbb311fe1653289790e,train/77d6928016b9ddbb311fe1653289790e.dicom,False,9,9,True
2294,2293,77f4f19048695b17ba4194ae3b9bea8a,train/77f4f19048695b17ba4194ae3b9bea8a.dicom,False,11,11,True
2295,2294,78057413f8f7e8a3b1decc815e1f509e,train/78057413f8f7e8a3b1decc815e1f509e.dicom,False,4,4,True
2296,2295,78076acd1cd80e71ff62d4fb58f047bc,train/78076acd1cd80e71ff62d4fb58f047bc.dicom,False,8,8,True
2297,2296,78128e6e9a6b5cf69bcc8cc1062d845b,train/78128e6e9a6b5cf69bcc8cc1062d845b.dicom,False,5,5,True
2298,2297,781337185d4b99902d0ebfd2867feab8,train/781337185d4b99902d0ebfd2867feab8.dicom,True,0,0,True
2299,2298,783c29f5c65505ff48dca9a55a5f9f8e,train/783c29f5c65505ff48dca9a55a5f9f8e.dicom,False,6,6,True
2300,2299,7841614f51ed3dfd1c3177a52493c56b,train/7841614f51ed3dfd1c3177a52493c56b.dicom,False,9,9,True
2301,2300,7847f09e3ec0d370353104de17dc6a71,train/7847f09e3ec0d370353104de17dc6a71.dicom,False,6,6,True
2302,2301,784a4ee98cfc37a7c1ae9721bc8603ed,train/784a4ee98cfc37a7c1ae9721bc8603ed.dicom,False,14,14,True
2303,2302,787379ebcb21a9b806b71c925407e54f,train/787379ebcb21a9b806b71c925407e54f.dicom,False,5,5,True
2304,2303,7882c56e6d4e2ec8b97556d8cfce4cf0,train/7882c56e6d4e2ec8b97556d8cfce4cf0.dicom,False,4,4,True
2305,2304,789d2cadef93195598e3906ec5fab0e9,train/789d2cadef93195598e3906ec5fab0e9.dicom,False,9,9,True
2306,2305,78aa8415fbf1c792f7d7c53349d44d4f,train/78aa8415fbf1c792f7d7c53349d44d4f.dicom,True,0,0,True
2307,2306,78ac03ab2cd9f2e9c7b081761f44f665,train/78ac03ab2cd9f2e9c7b081761f44f665.dicom,False,4,4,True
2308,2307,78b96ab5b7fc1d75d73b3c9c747d5c96,train/78b96ab5b7fc1d75d73b3c9c747d5c96.dicom,False,8,8,True
2309,2308,78d237a2c0fe8f82956cec48132c0b1e,train/78d237a2c0fe8f82956cec48132c0b1e.dicom,False,6,6,True
2310,2309,78dba36bdd34da385efcca7bb9ff5fde,train/78dba36bdd34da385efcca7bb9ff5fde.dicom,False,5,5,True
2311,2310,78e8eee238eeb6f386be08ece092167c,train/78e8eee238eeb6f386be08ece092167c.dicom,False,13,13,True
2312,2311,78faf91d607511da380a6cc4f0a335d1,train/78faf91d607511da380a6cc4f0a335d1.dicom,False,9,9,True
2313,2312,7924fd832cdee99d93031d908aee05f7,train/7924fd832cdee99d93031d908aee05f7.dicom,False,3,3,True
2314,2313,79318d422f9c3d533aae56a3a2db16b8,train/79318d422f9c3d533aae56a3a2db16b8.dicom,False,3,3,True
2315,2314,7944aab8e3c02270d273b8b65fad7305,train/7944aab8e3c02270d273b8b65fad7305.dicom,False,7,7,True
2316,2315,7959604f5c1f6b274a0da891bc47aad8,train/7959604f5c1f6b274a0da891bc47aad8.dicom,False,5,5,True
2317,2316,7962a93b582c5bc277d892f31dfc5dae,train/7962a93b582c5bc277d892f31dfc5dae.dicom,False,19,19,True
2318,2317,7978725e43f1b301551e0fdbc32faef5,train/7978725e43f1b301551e0fdbc32faef5.dicom,False,7,7,True
2319,2318,7998e75d4e0f0ada2898d673c8ffecb3,train/7998e75d4e0f0ada2898d673c8ffecb3.dicom,True,0,0,True
2320,2319,79af351d135ae05867a85d509082f530,train/79af351d135ae05867a85d509082f530.dicom,False,3,3,True
2321,2320,79b2e5ab9d3cf6375a3a1fa0386adfdc,train/79b2e5ab9d3cf6375a3a1fa0386adfdc.dicom,False,7,7,True
2322,2321,79bd8310bd57dfd23d33bfe5b3cc81d3,train/79bd8310bd57dfd23d33bfe5b3cc81d3.dicom,False,9,9,True
2323,2322,79c5d4d7f3b2e7a5a183bfbe664c699d,train/79c5d4d7f3b2e7a5a183bfbe664c699d.dicom,False,10,10,True
2324,2323,79da84eeb9599d74292b04af9078c3ef,train/79da84eeb9599d74292b04af9078c3ef.dicom,False,3,3,True
2325,2324,79e8d10895b6cd7b1fca87139719b63a,train/79e8d10895b6cd7b1fca87139719b63a.dicom,False,3,3,True
2326,2325,79edf950abd9ddc4dac37e113e40da5d,train/79edf950abd9ddc4dac37e113e40da5d.dicom,True,0,0,True
2327,2326,79ff39552d8204ba42c5041e7650effc,train/79ff39552d8204ba42c5041e7650effc.dicom,False,5,5,True
2328,2327,7a0d573c9f9582d04423325d3ca146e7,train/7a0d573c9f9582d04423325d3ca146e7.dicom,False,11,11,True
2329,2328,7a1d72be9ef473df66d225c53e61f77e,train/7a1d72be9ef473df66d225c53e61f77e.dicom,False,7,7,True
2330,2329,7a3323fefdd4f7613e1ae2d4812c7b75,train/7a3323fefdd4f7613e1ae2d4812c7b75.dicom,False,6,6,True
2331,2330,7a350dc1bcdf2fb34fcc57f05adf9da7,train/7a350dc1bcdf2fb34fcc57f05adf9da7.dicom,False,9,9,True
2332,2331,7a4bbf44262ba36208dbb20153f4569d,train/7a4bbf44262ba36208dbb20153f4569d.dicom,False,10,10,True
2333,2332,7a5ed0a74ecc27101ba9cb64066cf452,train/7a5ed0a74ecc27101ba9cb64066cf452.dicom,False,8,8,True
2334,2333,7a638d347bc64ee76ca339c799602086,train/7a638d347bc64ee76ca339c799602086.dicom,False,3,3,True
2335,2334,7a7b30a642d5f305ccf5f7a6f2e901e8,train/7a7b30a642d5f305ccf5f7a6f2e901e8.dicom,False,9,9,True
2336,2335,7a96c5f15fb08c98d2489dc2d1ad05d9,train/7a96c5f15fb08c98d2489dc2d1ad05d9.dicom,True,0,0,True
2337,2336,7a99127d0a0c6a00aad2115a6ff9e653,train/7a99127d0a0c6a00aad2115a6ff9e653.dicom,False,7,7,True
2338,2337,7a9bbc3d02750c716fa773dcae80363b,train/7a9bbc3d02750c716fa773dcae80363b.dicom,False,6,6,True
2339,2338,7ab69502906043cd72e71d1f549c7153,train/7ab69502906043cd72e71d1f549c7153.dicom,False,3,3,True
2340,2339,7ac7db2d39f2342de386188e72cd0a72,train/7ac7db2d39f2342de386188e72cd0a72.dicom,False,5,5,True
2341,2340,7acb16c6d6f5cfc41a958e0b41e25106,train/7acb16c6d6f5cfc41a958e0b41e25106.dicom,False,4,4,True
2342,2341,7acf137fcd503834c79b7a151dd934f0,train/7acf137fcd503834c79b7a151dd934f0.dicom,False,5,5,True
2343,2342,7acffd33cfddf67f7a7a9cb705096335,train/7acffd33cfddf67f7a7a9cb705096335.dicom,False,5,5,True
2344,2343,7aeae4110d509875a693b23aa17bd9ac,train/7aeae4110d509875a693b23aa17bd9ac.dicom,False,11,11,True
2345,2344,7af1da4ba8580aa54a0bfce36071c8d9,train/7af1da4ba8580aa54a0bfce36071c8d9.dicom,False,6,6,True
2346,2345,7af293bb03a398b6c01473dafb739d1e,train/7af293bb03a398b6c01473dafb739d1e.dicom,False,12,12,True
2347,2346,7af60baf02292ff2c0b2a25cc9106358,train/7af60baf02292ff2c0b2a25cc9106358.dicom,False,12,12,True
2348,2347,7aff3521c214e535c920bdbd0b1a8a45,train/7aff3521c214e535c920bdbd0b1a8a45.dicom,False,7,7,True
2349,2348,7b0e3bc4d8d010b4f59776da578101b7,train/7b0e3bc4d8d010b4f59776da578101b7.dicom,False,4,4,True
2350,2349,7b30d37b73be405bfd91ed5e2d46c473,train/7b30d37b73be405bfd91ed5e2d46c473.dicom,False,10,10,True
2351,2350,7b3ebb99b0c19f567eb49c1bfdf4d163,train/7b3ebb99b0c19f567eb49c1bfdf4d163.dicom,False,3,3,True
2352,2351,7b41dadbe305cc9f4f6068d473f73daf,train/7b41dadbe305cc9f4f6068d473f73daf.dicom,False,6,6,True
2353,2352,7b5d44f6dd14787142deafbe64eb3b03,train/7b5d44f6dd14787142deafbe64eb3b03.dicom,False,8,8,True
2354,2353,7b6a241b30dfcf7b91c6d6a63d693fd9,train/7b6a241b30dfcf7b91c6d6a63d693fd9.dicom,False,4,4,True
2355,2354,7b6a38d1478375102a8396bedfbf9edf,train/7b6a38d1478375102a8396bedfbf9edf.dicom,True,0,0,True
2356,2355,7b6f5c06586ee0f71a4b0b815062a5a5,train/7b6f5c06586ee0f71a4b0b815062a5a5.dicom,False,6,6,True
2357,2356,7b759182d86f6a44b377ffcfce8a3b53,train/7b759182d86f6a44b377ffcfce8a3b53.dicom,False,7,7,True
2358,2357,7b87ff45f630da27a103b7e587bc6fd1,train/7b87ff45f630da27a103b7e587bc6fd1.dicom,False,7,7,True
2359,2358,7bd506ddbe0c59432e3c3a24aa2205e1,train/7bd506ddbe0c59432e3c3a24aa2205e1.dicom,False,4,4,True
2360,2359,7bd83b3d3af0ea8150c8f2a737712db1,train/7bd83b3d3af0ea8150c8f2a737712db1.dicom,False,8,8,True
2361,2360,7bd856b30b7129c81c6803c7f1fe23b3,train/7bd856b30b7129c81c6803c7f1fe23b3.dicom,False,12,12,True
2362,2361,7be2d2fc4e5821cbf3f5fb7d7d3a3c8e,train/7be2d2fc4e5821cbf3f5fb7d7d3a3c8e.dicom,False,10,10,True
2363,2362,7bf14801ba177b4d09cee3dd3e452973,train/7bf14801ba177b4d09cee3dd3e452973.dicom,False,3,3,True
2364,2363,7c11b4c81ab766a9aa8e300ddc618084,train/7c11b4c81ab766a9aa8e300ddc618084.dicom,True,0,0,True
2365,2364,7c1874e73e85727a0a12139add66bfa6,train/7c1874e73e85727a0a12139add66bfa6.dicom,True,0,0,True
2366,2365,7c1add6833d5f0102b0d3619a1682a64,train/7c1add6833d5f0102b0d3619a1682a64.dicom,False,6,6,True
2367,2366,7c22cee85ef4ace76782964772819043,train/7c22cee85ef4ace76782964772819043.dicom,False,6,6,True
2368,2367,7c2e1c2b8ddcfaeae966c23615f01546,train/7c2e1c2b8ddcfaeae966c23615f01546.dicom,False,5,5,True
2369,2368,7c3c78ed6e4353a39ddc2cbd6230dd54,train/7c3c78ed6e4353a39ddc2cbd6230dd54.dicom,False,6,6,True
2370,2369,7c3eb59ae4e838ad4632fe96c25bcdf4,train/7c3eb59ae4e838ad4632fe96c25bcdf4.dicom,False,3,3,True
2371,2370,7c3fb9bf622d400c454d0a6b39a1b484,train/7c3fb9bf622d400c454d0a6b39a1b484.dicom,False,5,5,True
2372,2371,7c42de6dd248ce53880debab2567b521,train/7c42de6dd248ce53880debab2567b521.dicom,True,0,0,True
2373,2372,7c522cd5b56c3fb87c066171a88cf481,train/7c522cd5b56c3fb87c066171a88cf481.dicom,False,5,5,True
2374,2373,7c53cf2eb4f08dbc905b85f144f96b45,train/7c53cf2eb4f08dbc905b85f144f96b45.dicom,False,4,4,True
2375,2374,7c5b807ba491941d7a260bd1546b863d,train/7c5b807ba491941d7a260bd1546b863d.dicom,True,0,0,True
2376,2375,7c5f3e2c0518bba6ca3464c385d4787c,train/7c5f3e2c0518bba6ca3464c385d4787c.dicom,False,14,14,True
2377,2376,7c6bf9b40c9b53c6b49b00c0fa1e61e5,train/7c6bf9b40c9b53c6b49b00c0fa1e61e5.dicom,False,11,11,True
2378,2377,7c6f191b5d28bc1992e491d906f0d1a5,train/7c6f191b5d28bc1992e491d906f0d1a5.dicom,False,11,11,True
2379,2378,7c76f17be369b75874a62917c8daa626,train/7c76f17be369b75874a62917c8daa626.dicom,False,4,4,True
2380,2379,7c7dce16fd7f16d1abd3a6f47e60cb9f,train/7c7dce16fd7f16d1abd3a6f47e60cb9f.dicom,False,6,6,True
2381,2380,7c9d52b0b094b37a3e6e520d3882f341,train/7c9d52b0b094b37a3e6e520d3882f341.dicom,True,0,0,True
2382,2381,7ca08fd497950fb5cbec73a62cdf8971,train/7ca08fd497950fb5cbec73a62cdf8971.dicom,False,6,6,True
2383,2382,7cc9b48563e197c84ec4ee8d30d5b3ce,train/7cc9b48563e197c84ec4ee8d30d5b3ce.dicom,False,17,17,True
2384,2383,7ccfe0e344f6c69cf9198684f1c092b0,train/7ccfe0e344f6c69cf9198684f1c092b0.dicom,False,5,5,True
2385,2384,7cd5b8c196d506b6a1040873bf0472f0,train/7cd5b8c196d506b6a1040873bf0472f0.dicom,True,0,0,True
2386,2385,7cd74b5a3c85b77c997f56cdb4995384,train/7cd74b5a3c85b77c997f56cdb4995384.dicom,False,5,5,True
2387,2386,7cf206f4cfa9f72eb70cd9d5d9200185,train/7cf206f4cfa9f72eb70cd9d5d9200185.dicom,False,10,10,True
2388,2387,7d084c9a42f2afea0089aa08932a6516,train/7d084c9a42f2afea0089aa08932a6516.dicom,False,8,8,True
2389,2388,7d0cc84e9002c1eb219559540c014e7a,train/7d0cc84e9002c1eb219559540c014e7a.dicom,False,14,14,True
2390,2389,7d0e636b3ef2ccbb0c67b3243a1478ce,train/7d0e636b3ef2ccbb0c67b3243a1478ce.dicom,False,28,28,True
2391,2390,7d0fa5708b67c2bbb2509a468df9b73b,train/7d0fa5708b67c2bbb2509a468df9b73b.dicom,False,6,6,True
2392,2391,7d24c1ef5bcdd03fc1b01c8e6086c9d1,train/7d24c1ef5bcdd03fc1b01c8e6086c9d1.dicom,False,9,9,True
2393,2392,7d3d289c824d3643eb22cdcde43afdf7,train/7d3d289c824d3643eb22cdcde43afdf7.dicom,True,0,0,True
2394,2393,7d3e79d32d233140b7e30880739a42c4,train/7d3e79d32d233140b7e30880739a42c4.dicom,False,15,15,True
2395,2394,7d3f19498c5e7a48a14376c3e170c68b,train/7d3f19498c5e7a48a14376c3e170c68b.dicom,False,14,14,True
2396,2395,7d48ee923365d79f033147cd5f4aafc1,train/7d48ee923365d79f033147cd5f4aafc1.dicom,False,6,6,True
2397,2396,7d574e58da23077fc5c4579da786124b,train/7d574e58da23077fc5c4579da786124b.dicom,False,7,7,True
2398,2397,7d57de3c3c7f81da4daab6094e01e9e8,train/7d57de3c3c7f81da4daab6094e01e9e8.dicom,True,0,0,True
2399,2398,7d5c70800f518f6584e25b2a88238a22,train/7d5c70800f518f6584e25b2a88238a22.dicom,False,4,4,True
2400,2399,7d5de314c3280fe6e89ec1e101c1539e,train/7d5de314c3280fe6e89ec1e101c1539e.dicom,False,7,7,True
2401,2400,7d610aae49bf4f979e16c2d8859f5f87,train/7d610aae49bf4f979e16c2d8859f5f87.dicom,False,13,13,True
2402,2401,7d6b2982de91c0a900396745c79f3c39,train/7d6b2982de91c0a900396745c79f3c39.dicom,False,8,8,True
2403,2402,7d746268923b15615c93334eff3a6baf,train/7d746268923b15615c93334eff3a6baf.dicom,False,5,5,True
2404,2403,7d97de8bdefaf9875ce1491518cc8199,train/7d97de8bdefaf9875ce1491518cc8199.dicom,False,5,5,True
2405,2404,7da8cf1d4261791fbb0bae6f6bdb33ec,train/7da8cf1d4261791fbb0bae6f6bdb33ec.dicom,False,4,4,True
2406,2405,7daa7e5ce05f09404b845efb87f3ea20,train/7daa7e5ce05f09404b845efb87f3ea20.dicom,False,4,4,True
2407,2406,7db70125d7739e6cd0c442e7b7592d4c,train/7db70125d7739e6cd0c442e7b7592d4c.dicom,False,16,16,True
2408,2407,7dbccd763c4ffbfd0d6b841fb5e4337a,train/7dbccd763c4ffbfd0d6b841fb5e4337a.dicom,False,6,6,True
2409,2408,7dd2b5ae3d4201ccc00302c6199a8858,train/7dd2b5ae3d4201ccc00302c6199a8858.dicom,False,5,5,True
2410,2409,7de4d79d0ed23bf080f899d09a652946,train/7de4d79d0ed23bf080f899d09a652946.dicom,False,4,4,True
2411,2410,7df5c81873c74ecc40610a1ad4eb2943,train/7df5c81873c74ecc40610a1ad4eb2943.dicom,False,11,11,True
2412,2411,7e038329e627ea69d841e973c82763ba,train/7e038329e627ea69d841e973c82763ba.dicom,False,3,3,True
2413,2412,7e16bd1b032a6695e408353dfa8499f9,train/7e16bd1b032a6695e408353dfa8499f9.dicom,False,5,5,True
2414,2413,7e27268a3207b3c92b29380778076742,train/7e27268a3207b3c92b29380778076742.dicom,False,5,5,True
2415,2414,7e2859fc7565a9b2701b29d682056319,train/7e2859fc7565a9b2701b29d682056319.dicom,False,6,6,True
2416,2415,7e2b67509fa24f95e4237ed93ac683e2,train/7e2b67509fa24f95e4237ed93ac683e2.dicom,False,12,12,True
2417,2416,7e3f75426ef14f71c12bc517925d75e9,train/7e3f75426ef14f71c12bc517925d75e9.dicom,False,7,7,True
2418,2417,7e534f2dc65f7cef4f864325433017dd,train/7e534f2dc65f7cef4f864325433017dd.dicom,False,6,6,True
2419,2418,7e6182876c0a09e96176348e2fcd712e,train/7e6182876c0a09e96176348e2fcd712e.dicom,False,3,3,True
2420,2419,7e6c0dc72fa1db4a501f7ac5f6aac040,train/7e6c0dc72fa1db4a501f7ac5f6aac040.dicom,False,8,8,True
2421,2420,7e705e1d7561ee00863609c72d39aded,train/7e705e1d7561ee00863609c72d39aded.dicom,False,5,5,True
2422,2421,7e86aee54688699519f47582c4d44bf3,train/7e86aee54688699519f47582c4d44bf3.dicom,False,19,19,True
2423,2422,7e9efb8ee0bae7af280f5ea091f8d245,train/7e9efb8ee0bae7af280f5ea091f8d245.dicom,False,30,30,True
2424,2423,7ea14022f825d9bd869b05c7f10831db,train/7ea14022f825d9bd869b05c7f10831db.dicom,False,5,5,True
2425,2424,7ea5d9e48085e44708b8fad8974ce953,train/7ea5d9e48085e44708b8fad8974ce953.dicom,False,5,5,True
2426,2425,7eb40f6abadc14f9b9f195c674cc2fd7,train/7eb40f6abadc14f9b9f195c674cc2fd7.dicom,False,7,7,True
2427,2426,7ec4a135c83baf0142cb9d7cfc597937,train/7ec4a135c83baf0142cb9d7cfc597937.dicom,False,7,7,True
2428,2427,7ecd6f67f649f26c05805c8359f9e528,train/7ecd6f67f649f26c05805c8359f9e528.dicom,False,4,4,True
2429,2428,7ed01df33497667609ef5a2585b5e36d,train/7ed01df33497667609ef5a2585b5e36d.dicom,False,7,7,True
2430,2429,7ed7def1a431371634f38e5113c396f2,train/7ed7def1a431371634f38e5113c396f2.dicom,False,5,5,True
2431,2430,7eda1e28e4cee7d8016276c87b76259f,train/7eda1e28e4cee7d8016276c87b76259f.dicom,False,14,14,True
2432,2431,7ee89ae8abd9f4ebe6447e05a1b4f744,train/7ee89ae8abd9f4ebe6447e05a1b4f744.dicom,False,8,8,True
2433,2432,7ef087c19b4be20d077ae67763a63f63,train/7ef087c19b4be20d077ae67763a63f63.dicom,False,6,6,True
2434,2433,7f0e383a8f3c1c49b14021f834d2fa24,train/7f0e383a8f3c1c49b14021f834d2fa24.dicom,False,4,4,True
2435,2434,7f599800cc62ee666b751303ca096f98,train/7f599800cc62ee666b751303ca096f98.dicom,True,0,0,True
2436,2435,7f5eab5de5307d4ae8e2a0fa99c0b41a,train/7f5eab5de5307d4ae8e2a0fa99c0b41a.dicom,False,7,7,True
2437,2436,7f6545a0985a090403178267ff0295a4,train/7f6545a0985a090403178267ff0295a4.dicom,False,5,5,True
2438,2437,7f777981e2a46b0d4f770de8def6cb78,train/7f777981e2a46b0d4f770de8def6cb78.dicom,False,3,3,True
2439,2438,7f96d122bf50434dcfd3dd9b16d2c05f,train/7f96d122bf50434dcfd3dd9b16d2c05f.dicom,False,12,12,True
2440,2439,7f9a96e7377ba04fc585b805f93d5996,train/7f9a96e7377ba04fc585b805f93d5996.dicom,False,7,7,True
2441,2440,7fa31ce0f6768ace9e8b25d1240feda0,train/7fa31ce0f6768ace9e8b25d1240feda0.dicom,False,6,6,True
2442,2441,7fb4dd417196cddcbe7816c3512a2417,train/7fb4dd417196cddcbe7816c3512a2417.dicom,False,3,3,True
2443,2442,7fbdcc98dcb6e88187cf7461af6d2d61,train/7fbdcc98dcb6e88187cf7461af6d2d61.dicom,False,13,13,True
2444,2443,7fccbf8d7cf537f74586ca8f1ab56fc1,train/7fccbf8d7cf537f74586ca8f1ab56fc1.dicom,False,4,4,True
2445,2444,7fd3b9dfa5050c1f879046960e0cf0d7,train/7fd3b9dfa5050c1f879046960e0cf0d7.dicom,False,3,3,True
2446,2445,7fd93d9774bd704ebd2f9933d6f98df8,train/7fd93d9774bd704ebd2f9933d6f98df8.dicom,False,17,17,True
2447,2446,7fea37717ab0bf53c7cfa2f10f24c6a0,train/7fea37717ab0bf53c7cfa2f10f24c6a0.dicom,False,3,3,True
2448,2447,7feba6ffbc4f98d9d9c032a7ae477177,train/7feba6ffbc4f98d9d9c032a7ae477177.dicom,True,0,0,True
2449,2448,7ff2bf9cde37a4224e94680ce1b7b828,train/7ff2bf9cde37a4224e94680ce1b7b828.dicom,True,0,0,True
2450,2449,7ff5bb38db13ea89a27681c6dcf59b55,train/7ff5bb38db13ea89a27681c6dcf59b55.dicom,False,5,5,True
2451,2450,7ffe83778375bb8229b12c2ad4570c0e,train/7ffe83778375bb8229b12c2ad4570c0e.dicom,False,11,11,True
2452,2451,8004676ecf95af8cee446cbcd139a938,train/8004676ecf95af8cee446cbcd139a938.dicom,False,9,9,True
2453,2452,800a68b6e6a75b5d6e5c3160ddafe266,train/800a68b6e6a75b5d6e5c3160ddafe266.dicom,False,6,6,True
2454,2453,8010842479cb7918eee13bc1db7fcc25,train/8010842479cb7918eee13bc1db7fcc25.dicom,False,6,6,True
2455,2454,8015e5edbf16541fef78e6f8859764e4,train/8015e5edbf16541fef78e6f8859764e4.dicom,False,8,8,True
2456,2455,80234017eb6caeada9e14d421eb0b8f8,train/80234017eb6caeada9e14d421eb0b8f8.dicom,False,5,5,True
2457,2456,803179ef55f8ecf356363cf194b4ff33,train/803179ef55f8ecf356363cf194b4ff33.dicom,False,6,6,True
2458,2457,8036ddc6d564439af50497faef05eec3,train/8036ddc6d564439af50497faef05eec3.dicom,False,10,10,True
2459,2458,803e047ce22c14175d0631e947ed1599,train/803e047ce22c14175d0631e947ed1599.dicom,False,6,6,True
2460,2459,8048713c2ed48d97dd887233f24e012a,train/8048713c2ed48d97dd887233f24e012a.dicom,False,5,5,True
2461,2460,804bcde30d36e32d9429f00bed7a388d,train/804bcde30d36e32d9429f00bed7a388d.dicom,False,3,3,True
2462,2461,804bfe2d3e6b0b8a34541a276d7cd7d6,train/804bfe2d3e6b0b8a34541a276d7cd7d6.dicom,False,3,3,True
2463,2462,80566fdc49f6da7e1a3e5f69bda6d299,train/80566fdc49f6da7e1a3e5f69bda6d299.dicom,False,17,17,True
2464,2463,80615519a6e4a619f88f76994b4a05ad,train/80615519a6e4a619f88f76994b4a05ad.dicom,False,17,17,True
2465,2464,806c20c1d5b38e2ca7941854ec66659f,train/806c20c1d5b38e2ca7941854ec66659f.dicom,False,3,3,True
2466,2465,8072c8f70ffb83e6a82b01aafb25263d,train/8072c8f70ffb83e6a82b01aafb25263d.dicom,False,11,11,True
2467,2466,807797c8ef120370d45796ed35260d81,train/807797c8ef120370d45796ed35260d81.dicom,False,9,9,True
2468,2467,8079e09258000b9f94f8318ce4d0412d,train/8079e09258000b9f94f8318ce4d0412d.dicom,False,3,3,True
2469,2468,8081c5d9aa37706f9e9d43f8e26d2ee5,train/8081c5d9aa37706f9e9d43f8e26d2ee5.dicom,False,4,4,True
2470,2469,8098d1ce056318c03a3c70ccf3707945,train/8098d1ce056318c03a3c70ccf3707945.dicom,False,10,10,True
2471,2470,809fc376d2a0aeae5d8bb7f7aed6eda0,train/809fc376d2a0aeae5d8bb7f7aed6eda0.dicom,True,0,0,True
2472,2471,80b4a951ab0029dbcc40fd4480fc6162,train/80b4a951ab0029dbcc40fd4480fc6162.dicom,False,11,11,True
2473,2472,80bc61a643d289b3c2afc3a1ad297e48,train/80bc61a643d289b3c2afc3a1ad297e48.dicom,False,12,12,True
2474,2473,80bd0e3e1fbd70822b77e8df2dd00ff2,train/80bd0e3e1fbd70822b77e8df2dd00ff2.dicom,False,8,8,True
2475,2474,80c9acacf163bc16010749b2b946e528,train/80c9acacf163bc16010749b2b946e528.dicom,False,6,6,True
2476,2475,80caa435b6ab5edaff4a0a758ffaec6e,train/80caa435b6ab5edaff4a0a758ffaec6e.dicom,False,28,28,True
2477,2476,80f2bd216bbb01b56cf50c9a85f79233,train/80f2bd216bbb01b56cf50c9a85f79233.dicom,False,17,17,True
2478,2477,80f636996b540968f24c909d3c1da685,train/80f636996b540968f24c909d3c1da685.dicom,False,5,5,True
2479,2478,810491951571933b11959743e41a704b,train/810491951571933b11959743e41a704b.dicom,False,11,11,True
2480,2479,810a3894117aa4dc8d1cd1d22aa7e9de,train/810a3894117aa4dc8d1cd1d22aa7e9de.dicom,False,6,6,True
2481,2480,8111591b7fea74653fbd7e935a74cf36,train/8111591b7fea74653fbd7e935a74cf36.dicom,False,8,8,True
2482,2481,8126dc2ffbe33a6be3ea20a6f1174ff7,train/8126dc2ffbe33a6be3ea20a6f1174ff7.dicom,False,3,3,True
2483,2482,812dd976fb73bfdcacdb61a6fc2bb957,train/812dd976fb73bfdcacdb61a6fc2bb957.dicom,False,9,9,True
2484,2483,81314db8b8a964015628efa277e1d7db,train/81314db8b8a964015628efa277e1d7db.dicom,False,10,10,True
2485,2484,8138c0bc649a534f449cf703475528ec,train/8138c0bc649a534f449cf703475528ec.dicom,False,3,3,True
2486,2485,813a6d586e217397402e45009ec068e3,train/813a6d586e217397402e45009ec068e3.dicom,False,15,15,True
2487,2486,813e13e8b9385cbcffc45356265f6a10,train/813e13e8b9385cbcffc45356265f6a10.dicom,False,7,7,True
2488,2487,8157a9e66791223fbb7aeac1337953c7,train/8157a9e66791223fbb7aeac1337953c7.dicom,True,0,0,True
2489,2488,816008f1b6e1fd740b3b52bb9e258377,train/816008f1b6e1fd740b3b52bb9e258377.dicom,False,12,12,True
2490,2489,8169688849f800eed6dded6f1c10a352,train/8169688849f800eed6dded6f1c10a352.dicom,False,9,9,True
2491,2490,818796ebd40823cf964a850393882fea,train/818796ebd40823cf964a850393882fea.dicom,False,6,6,True
2492,2491,81b2b950caf9b6c1f2ba9162f3fd259b,train/81b2b950caf9b6c1f2ba9162f3fd259b.dicom,False,8,8,True
2493,2492,81b8689df47e19fee5d5a2b104a3f8b1,train/81b8689df47e19fee5d5a2b104a3f8b1.dicom,False,10,10,True
2494,2493,81e1bdd75db3ed8260cd2a8a206107a4,train/81e1bdd75db3ed8260cd2a8a206107a4.dicom,False,6,6,True
2495,2494,82225c7d9d9d257ff166c37a90909c8e,train/82225c7d9d9d257ff166c37a90909c8e.dicom,True,0,0,True
2496,2495,8222ee980c821621f5a6cff2b212b2ff,train/8222ee980c821621f5a6cff2b212b2ff.dicom,False,10,10,True
2497,2496,82240a46a3961830c1f340424fa7ce65,train/82240a46a3961830c1f340424fa7ce65.dicom,False,7,7,True
2498,2497,822c4cfa6ccc027318abacda96617282,train/822c4cfa6ccc027318abacda96617282.dicom,False,5,5,True
2499,2498,82336f39711a91abff06905932f534d7,train/82336f39711a91abff06905932f534d7.dicom,True,0,0,True
2500,2499,823f25d87fd8839bf338b6d9a97722a4,train/823f25d87fd8839bf338b6d9a97722a4.dicom,False,5,5,True
2501,2500,8242bf2fdc119f6272d0fa3e5b4e583a,train/8242bf2fdc119f6272d0fa3e5b4e583a.dicom,False,6,6,True
2502,2501,824920c963d82a8c0a2a593177ad5b93,train/824920c963d82a8c0a2a593177ad5b93.dicom,False,4,4,True
2503,2502,82603b0dce20d3f1495c3d02caf391cd,train/82603b0dce20d3f1495c3d02caf391cd.dicom,False,9,9,True
2504,2503,82624b37dc4d0169f3fe6fd87dcb5208,train/82624b37dc4d0169f3fe6fd87dcb5208.dicom,False,26,26,True
2505,2504,826cff99f07a59af9eca51ff161f1e08,train/826cff99f07a59af9eca51ff161f1e08.dicom,True,0,0,True
2506,2505,826ef40d8bd63f54f66cc620ad52c8e9,train/826ef40d8bd63f54f66cc620ad52c8e9.dicom,False,13,13,True
2507,2506,828468076a2fa7c97169cfb83a117593,train/828468076a2fa7c97169cfb83a117593.dicom,False,6,6,True
2508,2507,82877be2465c084b0b9bc186fc7f158f,train/82877be2465c084b0b9bc186fc7f158f.dicom,False,7,7,True
2509,2508,828c239be4afbb409fc1c190360a73c9,train/828c239be4afbb409fc1c190360a73c9.dicom,False,5,5,True
2510,2509,82c1b7407eafb2bcc73fb0dbe9d94272,train/82c1b7407eafb2bcc73fb0dbe9d94272.dicom,False,6,6,True
2511,2510,82c8e033e6fde13b0bf365370407d342,train/82c8e033e6fde13b0bf365370407d342.dicom,False,10,10,True
2512,2511,82d5f09eac7d3abea784450255fddc78,train/82d5f09eac7d3abea784450255fddc78.dicom,False,15,15,True
2513,2512,82dda789847403a8544ad1e6928571bf,train/82dda789847403a8544ad1e6928571bf.dicom,True,0,0,True
2514,2513,82f62718d5385a45eb2b328b3a90fbdd,train/82f62718d5385a45eb2b328b3a90fbdd.dicom,False,10,10,True
2515,2514,830d05f396b604388e2d7b68d79a6bbf,train/830d05f396b604388e2d7b68d79a6bbf.dicom,False,8,8,True
2516,2515,8339682fa8a467c49ed7dc1fbaaee361,train/8339682fa8a467c49ed7dc1fbaaee361.dicom,False,4,4,True
2517,2516,834088205c0b6066ebacac10dc6375d5,train/834088205c0b6066ebacac10dc6375d5.dicom,False,5,5,True
2518,2517,834f395ef75cdefe26c9d2cb3cf809b4,train/834f395ef75cdefe26c9d2cb3cf809b4.dicom,False,3,3,True
2519,2518,835413c68fe1d065629f748ed4e67205,train/835413c68fe1d065629f748ed4e67205.dicom,False,3,3,True
2520,2519,8355a97b5adf6ed2baa581c37486248b,train/8355a97b5adf6ed2baa581c37486248b.dicom,True,0,0,True
2521,2520,835b1552b7be3350d697503504211aa4,train/835b1552b7be3350d697503504211aa4.dicom,False,12,12,True
2522,2521,835b2647ac2c4168fd8ee19431cfb47b,train/835b2647ac2c4168fd8ee19431cfb47b.dicom,False,4,4,True
2523,2522,836875cb65e35b17f6bd79b04d151a39,train/836875cb65e35b17f6bd79b04d151a39.dicom,False,10,10,True
2524,2523,838752b9510e918a05149382f3b56dab,train/838752b9510e918a05149382f3b56dab.dicom,False,5,5,True
2525,2524,8387e5ff12264f87c27db2863d4a9c87,train/8387e5ff12264f87c27db2863d4a9c87.dicom,False,6,6,True
2526,2525,838ef4aafc8f2392dabdfbee3a6721e0,train/838ef4aafc8f2392dabdfbee3a6721e0.dicom,False,4,4,True
2527,2526,8393e0cadb4f98d2755a71ddc72525a7,train/8393e0cadb4f98d2755a71ddc72525a7.dicom,False,3,3,True
2528,2527,83b7785191c812c71f06b948e5843515,train/83b7785191c812c71f06b948e5843515.dicom,False,6,6,True
2529,2528,83bf2acb96d1e39c553401a9c994eff1,train/83bf2acb96d1e39c553401a9c994eff1.dicom,False,10,10,True
2530,2529,83d663ac0f523bd9dd0b6234704767fd,train/83d663ac0f523bd9dd0b6234704767fd.dicom,False,9,9,True
2531,2530,83e7cd905776606181931c7b695db12f,train/83e7cd905776606181931c7b695db12f.dicom,False,10,10,True
2532,2531,83ead8dbc31cd2bbe0ddc8a93c071520,train/83ead8dbc31cd2bbe0ddc8a93c071520.dicom,False,8,8,True
2533,2532,83ee97a2340f95bc8cf74934b2f8fae2,train/83ee97a2340f95bc8cf74934b2f8fae2.dicom,False,9,9,True
2534,2533,84073a6a8201f339407be82dda7e1303,train/84073a6a8201f339407be82dda7e1303.dicom,False,8,8,True
2535,2534,841b1864e29f7e6371b6ab16a298142b,train/841b1864e29f7e6371b6ab16a298142b.dicom,False,3,3,True
2536,2535,84293339bfff0b76aadb731526ac3dd2,train/84293339bfff0b76aadb731526ac3dd2.dicom,False,11,11,True
2537,2536,8448867ddbba0f6ee5072f8c4d633f3c,train/8448867ddbba0f6ee5072f8c4d633f3c.dicom,False,5,5,True
2538,2537,844c1b8f13dcca48b733ed0e47504e9a,train/844c1b8f13dcca48b733ed0e47504e9a.dicom,False,4,4,True
2539,2538,845d1edaada5683f85efcb17937404be,train/845d1edaada5683f85efcb17937404be.dicom,False,4,4,True
2540,2539,846a659d3d5f0c9bc9a7f917dea9da79,train/846a659d3d5f0c9bc9a7f917dea9da79.dicom,False,13,13,True
2541,2540,84749e46e93f4ac01d4a8ae41bb2a179,train/84749e46e93f4ac01d4a8ae41bb2a179.dicom,False,6,6,True
2542,2541,848a8f3f7a4d210c2ee4901b0e07369a,train/848a8f3f7a4d210c2ee4901b0e07369a.dicom,True,0,0,True
2543,2542,848da3f12d971aec50f9e4f76eef3a1d,train/848da3f12d971aec50f9e4f76eef3a1d.dicom,False,6,6,True
2544,2543,84a27b87601b81cd39889ced2d489f70,train/84a27b87601b81cd39889ced2d489f70.dicom,False,13,13,True
2545,2544,84b3b3b5c73b0798b732b4f34f84ca05,train/84b3b3b5c73b0798b732b4f34f84ca05.dicom,False,8,8,True
2546,2545,84baca7ccea00d8087be7b834603a5db,train/84baca7ccea00d8087be7b834603a5db.dicom,False,4,4,True
2547,2546,84c87b7beb63b5b3ac76ed9da17c7033,train/84c87b7beb63b5b3ac76ed9da17c7033.dicom,False,4,4,True
2548,2547,84c887e039ef9c6f05eac4a7920a3bab,train/84c887e039ef9c6f05eac4a7920a3bab.dicom,False,7,7,True
2549,2548,84ccfc2b291a2986d20f22861de7f699,train/84ccfc2b291a2986d20f22861de7f699.dicom,False,6,6,True
2550,2549,84eb3e8b282f648bbc43c356f058f24e,train/84eb3e8b282f648bbc43c356f058f24e.dicom,False,18,18,True
2551,2550,84fdc0055fe587d2095ace6ad7ffc837,train/84fdc0055fe587d2095ace6ad7ffc837.dicom,False,4,4,True
2552,2551,84fe5801e7bcf024bb26b7c9285e43bc,train/84fe5801e7bcf024bb26b7c9285e43bc.dicom,False,6,6,True
2553,2552,850efce317c8306a07d00f274e8cd8eb,train/850efce317c8306a07d00f274e8cd8eb.dicom,False,5,5,True
2554,2553,852ec6a0bcb9608ffee9b3fda0867f91,train/852ec6a0bcb9608ffee9b3fda0867f91.dicom,False,13,13,True
2555,2554,8546bf5046e18c37bdb219c26b5d13cf,train/8546bf5046e18c37bdb219c26b5d13cf.dicom,True,0,0,True
2556,2555,8559bb12926cbc66f8a6b40a7fd1207d,train/8559bb12926cbc66f8a6b40a7fd1207d.dicom,False,4,4,True
2557,2556,8566d9205d59b74e1828d61c6739e15d,train/8566d9205d59b74e1828d61c6739e15d.dicom,False,5,5,True
2558,2557,8573fa95ec3defbe2dec45d85a5093a1,train/8573fa95ec3defbe2dec45d85a5093a1.dicom,False,16,16,True
2559,2558,857b9d89572e03adb17d0630b33709ea,train/857b9d89572e03adb17d0630b33709ea.dicom,False,21,21,True
2560,2559,8596ba22a0324a295aa986fa60680492,train/8596ba22a0324a295aa986fa60680492.dicom,False,7,7,True
2561,2560,85bf2bce1d8ac45002dee50ffa3e014a,train/85bf2bce1d8ac45002dee50ffa3e014a.dicom,True,0,0,True
2562,2561,85ce3df7831fce5801ab5b798aa79c10,train/85ce3df7831fce5801ab5b798aa79c10.dicom,False,7,7,True
2563,2562,85cfc59f138f490784170dbaeb0112a7,train/85cfc59f138f490784170dbaeb0112a7.dicom,False,15,15,True
2564,2563,85d4fa5daa1c437d7c8fc07db29b98e6,train/85d4fa5daa1c437d7c8fc07db29b98e6.dicom,False,6,6,True
2565,2564,85d5ef7e1090859bf9594d55460d2026,train/85d5ef7e1090859bf9594d55460d2026.dicom,False,3,3,True
2566,2565,85e4008def6c48bf43bcf70a5d1e2273,train/85e4008def6c48bf43bcf70a5d1e2273.dicom,False,5,5,True
2567,2566,85e95b13040ae3e20eccac186b93e6ac,train/85e95b13040ae3e20eccac186b93e6ac.dicom,False,11,11,True
2568,2567,861788e0e73283c8872552da6e6a4b7f,train/861788e0e73283c8872552da6e6a4b7f.dicom,False,12,12,True
2569,2568,8622dd9ca5c02271e81ebc135a602520,train/8622dd9ca5c02271e81ebc135a602520.dicom,False,8,8,True
2570,2569,862a7784c0c283c84f570d01bc151667,train/862a7784c0c283c84f570d01bc151667.dicom,False,8,8,True
2571,2570,862f0aaa5644a8a01e86ff585005a259,train/862f0aaa5644a8a01e86ff585005a259.dicom,False,4,4,True
2572,2571,863827ae84bd3b17640ce459b0022d15,train/863827ae84bd3b17640ce459b0022d15.dicom,True,0,0,True
2573,2572,863d09f3ec5bc88cfa15138876a20ab8,train/863d09f3ec5bc88cfa15138876a20ab8.dicom,False,4,4,True
2574,2573,864162106b4c83be91a86d4d38595977,train/864162106b4c83be91a86d4d38595977.dicom,True,0,0,True
2575,2574,8649d84b0796e9deccdd4f6bd8d4e998,train/8649d84b0796e9deccdd4f6bd8d4e998.dicom,False,23,23,True
2576,2575,865a0a1a1781b55fa40887566aa9cd67,train/865a0a1a1781b55fa40887566aa9cd67.dicom,False,30,30,True
2577,2576,865ea295fcf3442224a58a60a9190b41,train/865ea295fcf3442224a58a60a9190b41.dicom,False,7,7,True
2578,2577,86648ae0db784e5a5c20ff8de9cc67b0,train/86648ae0db784e5a5c20ff8de9cc67b0.dicom,False,5,5,True
2579,2578,86c1b099be1f08120cdc722e88738dc0,train/86c1b099be1f08120cdc722e88738dc0.dicom,False,9,9,True
2580,2579,86d9b86fe05cf159ca827fad05736c4d,train/86d9b86fe05cf159ca827fad05736c4d.dicom,False,5,5,True
2581,2580,86dbe6128679f9c5752c1c82d040caa2,train/86dbe6128679f9c5752c1c82d040caa2.dicom,False,6,6,True
2582,2581,86e9cd395b754516f0dcf8a317e30517,train/86e9cd395b754516f0dcf8a317e30517.dicom,False,6,6,True
2583,2582,86ea362edec93fb69697ad8e6920d0d7,train/86ea362edec93fb69697ad8e6920d0d7.dicom,False,14,14,True
2584,2583,87072b31f1655d67bafa2705d96b876b,train/87072b31f1655d67bafa2705d96b876b.dicom,False,7,7,True
2585,2584,8708b2d996ae54a106918d7b115ecfea,train/8708b2d996ae54a106918d7b115ecfea.dicom,False,8,8,True
2586,2585,8709819be5b46c9e0fd3405be96d3740,train/8709819be5b46c9e0fd3405be96d3740.dicom,False,3,3,True
2587,2586,870dd6c4f5ce36cd38983795253a020a,train/870dd6c4f5ce36cd38983795253a020a.dicom,True,0,0,True
2588,2587,87222168e0c854adc8d38ecf9715361f,train/87222168e0c854adc8d38ecf9715361f.dicom,False,5,5,True
2589,2588,87263262e293c23ec2d03b174ef4ff64,train/87263262e293c23ec2d03b174ef4ff64.dicom,False,5,5,True
2590,2589,87292fd850fa8494048bbdae18312907,train/87292fd850fa8494048bbdae18312907.dicom,False,13,13,True
2591,2590,872fcda56bcda425012eef3cbf6ebf95,train/872fcda56bcda425012eef3cbf6ebf95.dicom,False,13,13,True
2592,2591,8751da44b525b4328e1457adab72f8e0,train/8751da44b525b4328e1457adab72f8e0.dicom,False,8,8,True
2593,2592,87545bddfd34ccf9d27c19a482f5a409,train/87545bddfd34ccf9d27c19a482f5a409.dicom,False,5,5,True
2594,2593,875ffffa457e0a0aeb8a76872e3fc6d6,train/875ffffa457e0a0aeb8a76872e3fc6d6.dicom,True,0,0,True
2595,2594,8762595001d994ee7c1734a165301a09,train/8762595001d994ee7c1734a165301a09.dicom,False,8,8,True
2596,2595,87686c267f1534a0b3107cbf62b15222,train/87686c267f1534a0b3107cbf62b15222.dicom,False,13,13,True
2597,2596,877735b744c0d327c287cdf7ffb44406,train/877735b744c0d327c287cdf7ffb44406.dicom,False,5,5,True
2598,2597,877a53d035ddd0a518cb4c08f7f0d962,train/877a53d035ddd0a518cb4c08f7f0d962.dicom,False,15,15,True
2599,2598,8788745c121bcbce59873c943afa0ebd,train/8788745c121bcbce59873c943afa0ebd.dicom,False,13,13,True
2600,2599,8794eea4b84bc93cdf786327e3e606f6,train/8794eea4b84bc93cdf786327e3e606f6.dicom,False,15,15,True
2601,2600,879caa633ff0c3c5a9f2c483e757b991,train/879caa633ff0c3c5a9f2c483e757b991.dicom,False,5,5,True
2602,2601,87a516c6446958f3f56cf3e4ab8a0c5f,train/87a516c6446958f3f56cf3e4ab8a0c5f.dicom,False,11,11,True
2603,2602,87a724e9ba23be348dbaf24878afa014,train/87a724e9ba23be348dbaf24878afa014.dicom,False,4,4,True
2604,2603,87a8df2f22475c7200ebe891d0f25b88,train/87a8df2f22475c7200ebe891d0f25b88.dicom,False,14,14,True
2605,2604,87c4e738629ba2dfbb78ea55247908f8,train/87c4e738629ba2dfbb78ea55247908f8.dicom,False,8,8,True
2606,2605,87d6a8f38b07e64a2d2bd2e1594a44bf,train/87d6a8f38b07e64a2d2bd2e1594a44bf.dicom,False,8,8,True
2607,2606,87f7997c901c0026e338e6f6d79b385f,train/87f7997c901c0026e338e6f6d79b385f.dicom,False,16,16,True
2608,2607,87fdaa98d570ac156bfaa0d863401373,train/87fdaa98d570ac156bfaa0d863401373.dicom,True,0,0,True
2609,2608,8820320f9f26502110190b10d5321949,train/8820320f9f26502110190b10d5321949.dicom,False,8,8,True
2610,2609,8829ec5d02b48e5f5349b0cde4ddb30b,train/8829ec5d02b48e5f5349b0cde4ddb30b.dicom,False,6,6,True
2611,2610,8833a7356f60fd760f6647555a4d8264,train/8833a7356f60fd760f6647555a4d8264.dicom,False,7,7,True
2612,2611,8845010681f45c2c6f2271ac8bebdfbc,train/8845010681f45c2c6f2271ac8bebdfbc.dicom,False,10,10,True
2613,2612,886159a41e7589ba0d0713980591e27d,train/886159a41e7589ba0d0713980591e27d.dicom,False,5,5,True
2614,2613,8862ef75274d0c13bba19d7b5f2147c6,train/8862ef75274d0c13bba19d7b5f2147c6.dicom,False,17,17,True
2615,2614,888880bfaaf252cc1f400ff43ee21451,train/888880bfaaf252cc1f400ff43ee21451.dicom,False,11,11,True
2616,2615,88932681cc425d08e5583baeafb9dd12,train/88932681cc425d08e5583baeafb9dd12.dicom,False,7,7,True
2617,2616,88974ca0acec2690c1e0377c4523662e,train/88974ca0acec2690c1e0377c4523662e.dicom,False,8,8,True
2618,2617,88bf02cc510da5050a869c290d8f8565,train/88bf02cc510da5050a869c290d8f8565.dicom,False,10,10,True
2619,2618,88e33acc19c4296385bb217cf333d8ce,train/88e33acc19c4296385bb217cf333d8ce.dicom,False,6,6,True
2620,2619,88fbcd393052bc2479237d62244d16e2,train/88fbcd393052bc2479237d62244d16e2.dicom,False,3,3,True
2621,2620,88fec30ba54121b6e7f1081d2d608704,train/88fec30ba54121b6e7f1081d2d608704.dicom,False,7,7,True
2622,2621,8900e436ef9c73811c793b32127de1b8,train/8900e436ef9c73811c793b32127de1b8.dicom,False,6,6,True
2623,2622,8912ff28e4b5fd0a5e101fef66dabaa5,train/8912ff28e4b5fd0a5e101fef66dabaa5.dicom,True,0,0,True
2624,2623,892e41c7ed24db564a46d384de10c99c,train/892e41c7ed24db564a46d384de10c99c.dicom,False,8,8,True
2625,2624,8933f5b721da3ab96e2a6b7efa61fc24,train/8933f5b721da3ab96e2a6b7efa61fc24.dicom,False,15,15,True
2626,2625,8949bd29efc31aaf1425666bf2bc6f33,train/8949bd29efc31aaf1425666bf2bc6f33.dicom,False,3,3,True
2627,2626,89524feaa558a7a2fbed12b38afcf61b,train/89524feaa558a7a2fbed12b38afcf61b.dicom,True,0,0,True
2628,2627,897a9061820965f894abf66586bef0a5,train/897a9061820965f894abf66586bef0a5.dicom,False,11,11,True
2629,2628,89857d1b7b733e1dfdea1f3298fb3a07,train/89857d1b7b733e1dfdea1f3298fb3a07.dicom,False,6,6,True
2630,2629,898aa25e4ce627843fa8ea0607a0cfc8,train/898aa25e4ce627843fa8ea0607a0cfc8.dicom,False,7,7,True
2631,2630,8991d0302a45f1bb372795cea3f18a75,train/8991d0302a45f1bb372795cea3f18a75.dicom,False,4,4,True
2632,2631,89bab84561df6af7b88b6a7d05254725,train/89bab84561df6af7b88b6a7d05254725.dicom,False,6,6,True
2633,2632,89d2c2a6c42bb2bc268b8d535c4f31fa,train/89d2c2a6c42bb2bc268b8d535c4f31fa.dicom,False,7,7,True
2634,2633,89e503ac5a54714d03b313b1a6fac252,train/89e503ac5a54714d03b313b1a6fac252.dicom,False,10,10,True
2635,2634,89e6ab133f587191383608ee04cea79a,train/89e6ab133f587191383608ee04cea79a.dicom,False,22,22,True
2636,2635,89ffa015af2b8418d8f503c0b65c75f2,train/89ffa015af2b8418d8f503c0b65c75f2.dicom,True,0,0,True
2637,2636,8a1194107e6ab9101402512dba498e8e,train/8a1194107e6ab9101402512dba498e8e.dicom,False,5,5,True
2638,2637,8a454755517a41861d07dd898e6572a5,train/8a454755517a41861d07dd898e6572a5.dicom,False,17,17,True
2639,2638,8a482be3ab941b8b011bd9badcb6c094,train/8a482be3ab941b8b011bd9badcb6c094.dicom,False,7,7,True
2640,2639,8a67f8e2673ceb7004824904b6e72055,train/8a67f8e2673ceb7004824904b6e72055.dicom,False,10,10,True
2641,2640,8a6df5f9f33f6df888f00882757209d9,train/8a6df5f9f33f6df888f00882757209d9.dicom,False,3,3,True
2642,2641,8a7ca215a9c86fb9a1352de720c182f3,train/8a7ca215a9c86fb9a1352de720c182f3.dicom,False,10,10,True
2643,2642,8a81e64b8258068648760ba016d0d3a6,train/8a81e64b8258068648760ba016d0d3a6.dicom,False,14,14,True
2644,2643,8a87a85a22182720d845212dfb44daef,train/8a87a85a22182720d845212dfb44daef.dicom,False,6,6,True
2645,2644,8a9f6de8179f600733be50c16c7b929e,train/8a9f6de8179f600733be50c16c7b929e.dicom,False,8,8,True
2646,2645,8aa01c8d1f096797b2b3f70c0e51c972,train/8aa01c8d1f096797b2b3f70c0e51c972.dicom,False,7,7,True
2647,2646,8ab165974684980021cfd4d69d0874a5,train/8ab165974684980021cfd4d69d0874a5.dicom,False,10,10,True
2648,2647,8ac12a69ad57ca73535e04b6cfba5edb,train/8ac12a69ad57ca73535e04b6cfba5edb.dicom,False,32,32,True
2649,2648,8ac52862c96cc0f4a21cb3f5314b2505,train/8ac52862c96cc0f4a21cb3f5314b2505.dicom,False,16,16,True
2650,2649,8ac9d40920ef54d20f860195073a1d2a,train/8ac9d40920ef54d20f860195073a1d2a.dicom,False,4,4,True
2651,2650,8acab997bea043eb15c9aa293b095374,train/8acab997bea043eb15c9aa293b095374.dicom,False,4,4,True
2652,2651,8acbe4fb1e5a886042029febc6700af2,train/8acbe4fb1e5a886042029febc6700af2.dicom,False,15,15,True
2653,2652,8ad47a88ab880f982a7ca140b355f66e,train/8ad47a88ab880f982a7ca140b355f66e.dicom,True,0,0,True
2654,2653,8ada567dbd73c16928ce0f7477275803,train/8ada567dbd73c16928ce0f7477275803.dicom,False,17,17,True
2655,2654,8ae85268313b0db2f58d2193aab645c9,train/8ae85268313b0db2f58d2193aab645c9.dicom,False,14,14,True
2656,2655,8aecb4535fbfdee0217ef2f37b735c29,train/8aecb4535fbfdee0217ef2f37b735c29.dicom,False,12,12,True
2657,2656,8af84125f707b873c506f65de72e02e4,train/8af84125f707b873c506f65de72e02e4.dicom,False,3,3,True
2658,2657,8b06e353ea42754432d11673a4067336,train/8b06e353ea42754432d11673a4067336.dicom,False,5,5,True
2659,2658,8b0839b2cc2d11420e6cfbc46b5f0f87,train/8b0839b2cc2d11420e6cfbc46b5f0f87.dicom,True,0,0,True
2660,2659,8b09d4ec88d8372bded8547543dbbf24,train/8b09d4ec88d8372bded8547543dbbf24.dicom,False,7,7,True
2661,2660,8b1beee6ae2a00d5a98483e50c7ac0f2,train/8b1beee6ae2a00d5a98483e50c7ac0f2.dicom,False,7,7,True
2662,2661,8b1d99768092df4a92ed2e3e2eb962e9,train/8b1d99768092df4a92ed2e3e2eb962e9.dicom,False,3,3,True
2663,2662,8b32bb8de86a0f89db7241a3de5eb5c2,train/8b32bb8de86a0f89db7241a3de5eb5c2.dicom,False,7,7,True
2664,2663,8b37c2ebf7f6d5b446110e75a5cf6ad1,train/8b37c2ebf7f6d5b446110e75a5cf6ad1.dicom,False,4,4,True
2665,2664,8b5d3109a9d587e6a27ac3b109343c5f,train/8b5d3109a9d587e6a27ac3b109343c5f.dicom,True,0,0,True
2666,2665,8b704237f088b80ad737f48ff49d8cd9,train/8b704237f088b80ad737f48ff49d8cd9.dicom,False,10,10,True
2667,2666,8b8046a319a835e4dacf1fb2449d880b,train/8b8046a319a835e4dacf1fb2449d880b.dicom,False,7,7,True
2668,2667,8bb45148873379b118cca29a71c28f4e,train/8bb45148873379b118cca29a71c28f4e.dicom,False,8,8,True
2669,2668,8bbf80bd095c75b2207ef57a277a661d,train/8bbf80bd095c75b2207ef57a277a661d.dicom,False,11,11,True
2670,2669,8bc2410a31ef52ddb3e2d41cbe1ea7ff,train/8bc2410a31ef52ddb3e2d41cbe1ea7ff.dicom,False,6,6,True
2671,2670,8be157ed11fc1bb06d77637ae7da43bc,train/8be157ed11fc1bb06d77637ae7da43bc.dicom,False,12,12,True
2672,2671,8be5bfabd547e1ef91f0b0b7b4d597d4,train/8be5bfabd547e1ef91f0b0b7b4d597d4.dicom,False,23,23,True
2673,2672,8bf59d2126095730fe534504609bcc9d,train/8bf59d2126095730fe534504609bcc9d.dicom,False,5,5,True
2674,2673,8c000de5f90b8dd6ed6f77923874c20e,train/8c000de5f90b8dd6ed6f77923874c20e.dicom,False,7,7,True
2675,2674,8c09865ee3cb674cc41dee8bca45fe5a,train/8c09865ee3cb674cc41dee8bca45fe5a.dicom,False,15,15,True
2676,2675,8c09c35eeb8472b327cc14b1d51e118c,train/8c09c35eeb8472b327cc14b1d51e118c.dicom,False,3,3,True
2677,2676,8c22b37c81902d8c42fec5b9363f79bd,train/8c22b37c81902d8c42fec5b9363f79bd.dicom,False,9,9,True
2678,2677,8c564256945c5e76731f827d472683ff,train/8c564256945c5e76731f827d472683ff.dicom,False,5,5,True
2679,2678,8c6cbbc156f7eb5d6132c937d089f014,train/8c6cbbc156f7eb5d6132c937d089f014.dicom,True,0,0,True
2680,2679,8c717fbd10400d0cea8af2a1f59d050b,train/8c717fbd10400d0cea8af2a1f59d050b.dicom,False,3,3,True
2681,2680,8c75e7cff1d266d1d4f73187d7c1bbc2,train/8c75e7cff1d266d1d4f73187d7c1bbc2.dicom,False,6,6,True
2682,2681,8c9946f1106496dc13bc64cd0532c370,train/8c9946f1106496dc13bc64cd0532c370.dicom,False,5,5,True
2683,2682,8cacb3b69e1fcc845537d1e4a7c1c5ab,train/8cacb3b69e1fcc845537d1e4a7c1c5ab.dicom,False,5,5,True
2684,2683,8cb084ad48ad4a21e15bdb8f4567ed8f,train/8cb084ad48ad4a21e15bdb8f4567ed8f.dicom,False,10,10,True
2685,2684,8cc5ee4cf5c697d98d7c85951aa4f8d7,train/8cc5ee4cf5c697d98d7c85951aa4f8d7.dicom,False,7,7,True
2686,2685,8cd75497ddd543845e5a151e9a3b7561,train/8cd75497ddd543845e5a151e9a3b7561.dicom,False,8,8,True
2687,2686,8ce1c8d29072b068ae7c6c185213e156,train/8ce1c8d29072b068ae7c6c185213e156.dicom,False,4,4,True
2688,2687,8ce28abc5f7b1e4b97eef3cf6f2cb218,train/8ce28abc5f7b1e4b97eef3cf6f2cb218.dicom,True,0,0,True
2689,2688,8cfb544c8ae38f85d48916e5db86c601,train/8cfb544c8ae38f85d48916e5db86c601.dicom,False,3,3,True
2690,2689,8d002d924e667aded2857442587afe81,train/8d002d924e667aded2857442587afe81.dicom,False,10,10,True
2691,2690,8d09bc6c72b4f8ad8346be6c55f9f136,train/8d09bc6c72b4f8ad8346be6c55f9f136.dicom,False,5,5,True
2692,2691,8d1c24466cec1a18b96989ced1f5422d,train/8d1c24466cec1a18b96989ced1f5422d.dicom,False,7,7,True
2693,2692,8d435f703d51586aa164b24e5ec3b9b0,train/8d435f703d51586aa164b24e5ec3b9b0.dicom,False,9,9,True
2694,2693,8d6a0dcadf3c7322e146e729f4ac4ebf,train/8d6a0dcadf3c7322e146e729f4ac4ebf.dicom,False,14,14,True
2695,2694,8d71580638dabfe93678f1a7bab30bfe,train/8d71580638dabfe93678f1a7bab30bfe.dicom,False,8,8,True
2696,2695,8d74ba04415b33be3134b55c868016f8,train/8d74ba04415b33be3134b55c868016f8.dicom,False,6,6,True
2697,2696,8d8ac0cdeb07adc1805e5c986b0034c3,train/8d8ac0cdeb07adc1805e5c986b0034c3.dicom,False,3,3,True
2698,2697,8d90a34bf34f673775ffd827112142df,train/8d90a34bf34f673775ffd827112142df.dicom,False,3,3,True
2699,2698,8d92135190568a756e7850cec9f6577a,train/8d92135190568a756e7850cec9f6577a.dicom,False,7,7,True
2700,2699,8db0ec16659e5c003a6b07debf49e554,train/8db0ec16659e5c003a6b07debf49e554.dicom,False,6,6,True
2701,2700,8db8173d076bab7a3fcc6656a0b3c15a,train/8db8173d076bab7a3fcc6656a0b3c15a.dicom,False,5,5,True
2702,2701,8dc9c4a2edfac5c6ed1b0246e435aff9,train/8dc9c4a2edfac5c6ed1b0246e435aff9.dicom,False,6,6,True
2703,2702,8dcb48f8f81f5d883b1c85b7106a2378,train/8dcb48f8f81f5d883b1c85b7106a2378.dicom,False,5,5,True
2704,2703,8dd6662d207b63fbfd51d2ccda2910cc,train/8dd6662d207b63fbfd51d2ccda2910cc.dicom,False,11,11,True
2705,2704,8de1d1a853009572844969d046f99f6b,train/8de1d1a853009572844969d046f99f6b.dicom,False,6,6,True
2706,2705,8de2c306ed9fa7c44c70d249af346d9b,train/8de2c306ed9fa7c44c70d249af346d9b.dicom,False,6,6,True
2707,2706,8de556d9cd8d026b8eba03870cc6acba,train/8de556d9cd8d026b8eba03870cc6acba.dicom,False,8,8,True
2708,2707,8df447178660d98a2efcab6323c8f658,train/8df447178660d98a2efcab6323c8f658.dicom,True,0,0,True
2709,2708,8dfdb16f2373ca92d484bb8ae376d7dc,train/8dfdb16f2373ca92d484bb8ae376d7dc.dicom,False,10,10,True
2710,2709,8e063eadea9a6aeb684c893c8598be3e,train/8e063eadea9a6aeb684c893c8598be3e.dicom,False,8,8,True
2711,2710,8e1a18777633a830c6e5897e4dddb6f7,train/8e1a18777633a830c6e5897e4dddb6f7.dicom,False,10,10,True
2712,2711,8e3006f8c3906fc969d4aa9aeb31f586,train/8e3006f8c3906fc969d4aa9aeb31f586.dicom,False,4,4,True
2713,2712,8e36ae96a199bbaea285e074edde991a,train/8e36ae96a199bbaea285e074edde991a.dicom,True,0,0,True
2714,2713,8e3cbb3460e37bd5418cb4bc23c07af8,train/8e3cbb3460e37bd5418cb4bc23c07af8.dicom,False,11,11,True
2715,2714,8e49cc23db589bc0acd59a8841128560,train/8e49cc23db589bc0acd59a8841128560.dicom,False,6,6,True
2716,2715,8e506a2c5a4a64624770f56bd56fe684,train/8e506a2c5a4a64624770f56bd56fe684.dicom,False,3,3,True
2717,2716,8e5f9d775ab631aca970ca98d32946dc,train/8e5f9d775ab631aca970ca98d32946dc.dicom,False,9,9,True
2718,2717,8e682cb1be531ca41c0e04e45c227797,train/8e682cb1be531ca41c0e04e45c227797.dicom,False,9,9,True
2719,2718,8e8108b7709b8f9f60eabe001816dbd4,train/8e8108b7709b8f9f60eabe001816dbd4.dicom,False,10,10,True
2720,2719,8e8605a691bd8149aad332a64fce5dcf,train/8e8605a691bd8149aad332a64fce5dcf.dicom,False,12,12,True
2721,2720,8e8d8e5b84f477e17297df90008ab053,train/8e8d8e5b84f477e17297df90008ab053.dicom,False,7,7,True
2722,2721,8e8f6687544bfcd254e60e5e28b260d6,train/8e8f6687544bfcd254e60e5e28b260d6.dicom,False,15,15,True
2723,2722,8eb38ce22b1b5323c2dad3a92c79e1bd,train/8eb38ce22b1b5323c2dad3a92c79e1bd.dicom,False,13,13,True
2724,2723,8eb496d5dd817b996672eab35e7de8f4,train/8eb496d5dd817b996672eab35e7de8f4.dicom,False,7,7,True
2725,2724,8ebf23deb8ee4d7bba82aa38d3420fee,train/8ebf23deb8ee4d7bba82aa38d3420fee.dicom,False,5,5,True
2726,2725,8ed4976e3f507617cea65e8b068cbb1e,train/8ed4976e3f507617cea65e8b068cbb1e.dicom,True,0,0,True
2727,2726,8ef3fb1b703ffcb77d3709d45adf8695,train/8ef3fb1b703ffcb77d3709d45adf8695.dicom,False,11,11,True
2728,2727,8ef74927dbf4b7819d546c7e1f2e002e,train/8ef74927dbf4b7819d546c7e1f2e002e.dicom,False,4,4,True
2729,2728,8f0d77c5c2faa59b360bf71cc07f4d4e,train/8f0d77c5c2faa59b360bf71cc07f4d4e.dicom,False,9,9,True
2730,2729,8f175ebdd1fb0e26809311ca829077b8,train/8f175ebdd1fb0e26809311ca829077b8.dicom,False,6,6,True
2731,2730,8f186efb51af999168f501bda156eda5,train/8f186efb51af999168f501bda156eda5.dicom,False,6,6,True
2732,2731,8f2dd210a995d677029f2c3d285ff80e,train/8f2dd210a995d677029f2c3d285ff80e.dicom,False,11,11,True
2733,2732,8f2f0fd9dfa82786b2c02b4a2df53dc1,train/8f2f0fd9dfa82786b2c02b4a2df53dc1.dicom,False,10,10,True
2734,2733,8f4c737a0dbc8fc4be1e1def59ef4fa9,train/8f4c737a0dbc8fc4be1e1def59ef4fa9.dicom,False,8,8,True
2735,2734,8f53904e77e3c20fc28a489d9737d973,train/8f53904e77e3c20fc28a489d9737d973.dicom,True,0,0,True
2736,2735,8f572ec6313554380c112b06168aed35,train/8f572ec6313554380c112b06168aed35.dicom,False,8,8,True
2737,2736,8f6709f15f4f222cf7af5bb49f73aa18,train/8f6709f15f4f222cf7af5bb49f73aa18.dicom,False,6,6,True
2738,2737,8f752093ee546364e7a3f570c7e2041d,train/8f752093ee546364e7a3f570c7e2041d.dicom,True,0,0,True
2739,2738,8f828151dee8b12935726c711c024149,train/8f828151dee8b12935726c711c024149.dicom,True,0,0,True
2740,2739,8f98e3e6e86e573a6bd32403086b3707,train/8f98e3e6e86e573a6bd32403086b3707.dicom,False,14,14,True
2741,2740,8fb5356727d6147b99fea57e012b0b64,train/8fb5356727d6147b99fea57e012b0b64.dicom,False,8,8,True
2742,2741,8fcbf4c0ba3178b938cc3c80df975fe3,train/8fcbf4c0ba3178b938cc3c80df975fe3.dicom,False,15,15,True
2743,2742,8fd4e7599250d006e579f1ffcb28b1b1,train/8fd4e7599250d006e579f1ffcb28b1b1.dicom,False,11,11,True
2744,2743,8fd72a5ede4e6f75961080e5cfaa1b5e,train/8fd72a5ede4e6f75961080e5cfaa1b5e.dicom,False,5,5,True
2745,2744,8fda45c871b6dd0ba4569d560fd49ea6,train/8fda45c871b6dd0ba4569d560fd49ea6.dicom,False,3,3,True
2746,2745,8fdf29fa92d82675c73489bcbb4dda0a,train/8fdf29fa92d82675c73489bcbb4dda0a.dicom,False,7,7,True
2747,2746,8fe0e719bc142d9327cb86cc28e82b03,train/8fe0e719bc142d9327cb86cc28e82b03.dicom,False,10,10,True
2748,2747,90014bdac9592e29646c4c358275fdfc,train/90014bdac9592e29646c4c358275fdfc.dicom,False,5,5,True
2749,2748,900fa6baa0c15f5c96eaed57294ec6d4,train/900fa6baa0c15f5c96eaed57294ec6d4.dicom,False,7,7,True
2750,2749,90294c2e98cf161d97c32633e5a67ab1,train/90294c2e98cf161d97c32633e5a67ab1.dicom,False,5,5,True
2751,2750,902b03191f0a6bc2e7e47be16b63c38c,train/902b03191f0a6bc2e7e47be16b63c38c.dicom,False,5,5,True
2752,2751,902cb4d7b941c2b490c322b01314b352,train/902cb4d7b941c2b490c322b01314b352.dicom,False,6,6,True
2753,2752,902d77e0d68673b7f8d12a3ab1483b95,train/902d77e0d68673b7f8d12a3ab1483b95.dicom,False,14,14,True
2754,2753,902ff31bc097877d97df0921ca238aa3,train/902ff31bc097877d97df0921ca238aa3.dicom,False,7,7,True
2755,2754,9043e39c8e52843751e7cc9edc2c02e6,train/9043e39c8e52843751e7cc9edc2c02e6.dicom,False,7,7,True
2756,2755,9049aa8aa21b134a75e38dfc18facced,train/9049aa8aa21b134a75e38dfc18facced.dicom,False,5,5,True
2757,2756,904b3b12d54cf5f6f4ccccbcaffa3714,train/904b3b12d54cf5f6f4ccccbcaffa3714.dicom,False,5,5,True
2758,2757,904c10ed0347e0a4636ff9d752fad6cd,train/904c10ed0347e0a4636ff9d752fad6cd.dicom,False,5,5,True
2759,2758,906a43ceed5a95c81a94cc7c6ea41027,train/906a43ceed5a95c81a94cc7c6ea41027.dicom,False,11,11,True
2760,2759,9071e5009f5db86b4c0dd0f6280b2c7a,train/9071e5009f5db86b4c0dd0f6280b2c7a.dicom,False,11,11,True
2761,2760,9074b5859c254e4cc0d1ae9781cfcdf1,train/9074b5859c254e4cc0d1ae9781cfcdf1.dicom,False,4,4,True
2762,2761,90823fdce55e57a5c6de680ccf9ffc38,train/90823fdce55e57a5c6de680ccf9ffc38.dicom,False,6,6,True
2763,2762,9089facaf103cdb37adce579bd64f064,train/9089facaf103cdb37adce579bd64f064.dicom,False,11,11,True
2764,2763,908cff12e3ce717c4fc6cba8290b89a6,train/908cff12e3ce717c4fc6cba8290b89a6.dicom,False,14,14,True
2765,2764,908e8d4196bf6a2c6a4bc91d62f1e8eb,train/908e8d4196bf6a2c6a4bc91d62f1e8eb.dicom,False,8,8,True
2766,2765,90a27c3ac3327ddb800b2ae9bcc27ac6,train/90a27c3ac3327ddb800b2ae9bcc27ac6.dicom,False,10,10,True
2767,2766,90d8e7b88a0d29d30f98e069b0e2cceb,train/90d8e7b88a0d29d30f98e069b0e2cceb.dicom,False,10,10,True
2768,2767,90f4166c777d2ecf85440797c6ee774c,train/90f4166c777d2ecf85440797c6ee774c.dicom,False,7,7,True
2769,2768,91001d4c9d10b36d04f1a7d80b100a7d,train/91001d4c9d10b36d04f1a7d80b100a7d.dicom,False,3,3,True
2770,2769,910c99ddbefd826f8e28f0969d0d162f,train/910c99ddbefd826f8e28f0969d0d162f.dicom,False,9,9,True
2771,2770,9120a0510a95b14a2554cb6cd5319f00,train/9120a0510a95b14a2554cb6cd5319f00.dicom,False,3,3,True
2772,2771,912f2d1789cd50ea5251af9e7f5f6868,train/912f2d1789cd50ea5251af9e7f5f6868.dicom,False,6,6,True
2773,2772,9134e1c89231ce785443c0e4eac783a7,train/9134e1c89231ce785443c0e4eac783a7.dicom,False,4,4,True
2774,2773,91560db4325bf6045259caf6e908ba1f,train/91560db4325bf6045259caf6e908ba1f.dicom,False,3,3,True
2775,2774,9163c1b53f6cef4006d0169ee3b24886,train/9163c1b53f6cef4006d0169ee3b24886.dicom,True,0,0,True
2776,2775,9163f352663788a365db4685d32099b6,train/9163f352663788a365db4685d32099b6.dicom,False,3,3,True
2777,2776,9174dcffa34a6ea52cff8a626864de26,train/9174dcffa34a6ea52cff8a626864de26.dicom,False,9,9,True
2778,2777,91783a3a0b479febd50ea952f711d776,train/91783a3a0b479febd50ea952f711d776.dicom,True,0,0,True
2779,2778,917974e9208badd0cf8ed8f757276a1f,train/917974e9208badd0cf8ed8f757276a1f.dicom,False,4,4,True
2780,2779,917bf10b1a676986b3e548bed07c03f2,train/917bf10b1a676986b3e548bed07c03f2.dicom,False,6,6,True
2781,2780,9181d4eeda0ebc4ef8f7e2ea50ed627c,train/9181d4eeda0ebc4ef8f7e2ea50ed627c.dicom,False,7,7,True
2782,2781,9188790e0ad5b3a06595039d9314baad,train/9188790e0ad5b3a06595039d9314baad.dicom,False,11,11,True
2783,2782,918eae18d789f73c80e8431e03472648,train/918eae18d789f73c80e8431e03472648.dicom,False,4,4,True
2784,2783,91a12fbbe1ad5eb62cdf97edeb122280,train/91a12fbbe1ad5eb62cdf97edeb122280.dicom,False,20,20,True
2785,2784,91b45e8d4bd5c08b849e3a1baea0270a,train/91b45e8d4bd5c08b849e3a1baea0270a.dicom,False,9,9,True
2786,2785,91c5f8decf441bfaf7c89e7c3dd06fd9,train/91c5f8decf441bfaf7c89e7c3dd06fd9.dicom,False,16,16,True
2787,2786,91c6fc1df5829cdaff5705203a351e1e,train/91c6fc1df5829cdaff5705203a351e1e.dicom,False,11,11,True
2788,2787,91ce578ebdd959abb3c14b7c24711d19,train/91ce578ebdd959abb3c14b7c24711d19.dicom,True,0,0,True
2789,2788,91dcbfac33b20bb82e9641211b18f53b,train/91dcbfac33b20bb82e9641211b18f53b.dicom,False,4,4,True
2790,2789,91e4d6c6f6b7527f7963c2ed2f947a4a,train/91e4d6c6f6b7527f7963c2ed2f947a4a.dicom,False,5,5,True
2791,2790,91e721ea0143333c5efe5dfb8ca98746,train/91e721ea0143333c5efe5dfb8ca98746.dicom,False,13,13,True
2792,2791,91f1c20e4e0753f19022f919014aaa3d,train/91f1c20e4e0753f19022f919014aaa3d.dicom,False,7,7,True
2793,2792,9209eb472d8c5200cbc8ad2015cbf1a2,train/9209eb472d8c5200cbc8ad2015cbf1a2.dicom,False,6,6,True
2794,2793,920cbb3a89aba24738b16fd78fc79196,train/920cbb3a89aba24738b16fd78fc79196.dicom,False,8,8,True
2795,2794,92113f2b921dcc352679d94851f4051f,train/92113f2b921dcc352679d94851f4051f.dicom,False,10,10,True
2796,2795,9233b2cb05dd9ae0902badc7482c5481,train/9233b2cb05dd9ae0902badc7482c5481.dicom,False,7,7,True
2797,2796,923878ed8c8260135f856d361df060c9,train/923878ed8c8260135f856d361df060c9.dicom,False,3,3,True
2798,2797,9246c1061217b8131ccdaea80327e24d,train/9246c1061217b8131ccdaea80327e24d.dicom,False,6,6,True
2799,2798,924c710624ba217ea2a275babf7903a6,train/924c710624ba217ea2a275babf7903a6.dicom,False,7,7,True
2800,2799,924eb4734344e5808df5d15855d68178,train/924eb4734344e5808df5d15855d68178.dicom,False,16,16,True
2801,2800,9255e7154b30dcddd72f1f5ae6e46470,train/9255e7154b30dcddd72f1f5ae6e46470.dicom,False,21,21,True
2802,2801,9259faeeda26a934fb32c74b8682e15f,train/9259faeeda26a934fb32c74b8682e15f.dicom,False,8,8,True
2803,2802,92658ab8e0bb9aa59becf54ecb0e6063,train/92658ab8e0bb9aa59becf54ecb0e6063.dicom,False,7,7,True
2804,2803,9273bd554f5d9340a11722070a53c65b,train/9273bd554f5d9340a11722070a53c65b.dicom,False,5,5,True
2805,2804,9278f10a8ff708a2cb687a2f0366ad74,train/9278f10a8ff708a2cb687a2f0366ad74.dicom,False,9,9,True
2806,2805,928076ee487f027f64e040389fc91725,train/928076ee487f027f64e040389fc91725.dicom,False,3,3,True
2807,2806,928886f988f5f5791937a0ee73ff0b25,train/928886f988f5f5791937a0ee73ff0b25.dicom,False,3,3,True
2808,2807,9291d31a52303b92e8df393034a0a367,train/9291d31a52303b92e8df393034a0a367.dicom,False,5,5,True
2809,2808,92928a912d1736877050c8c00c3dacdb,train/92928a912d1736877050c8c00c3dacdb.dicom,False,15,15,True
2810,2809,929cadd9346edbd600e909ce306ebfb6,train/929cadd9346edbd600e909ce306ebfb6.dicom,False,8,8,True
2811,2810,92a7ca7a9adaf9d057f28fecec78e449,train/92a7ca7a9adaf9d057f28fecec78e449.dicom,False,6,6,True
2812,2811,92c4bde91acc54147a32701d24422734,train/92c4bde91acc54147a32701d24422734.dicom,False,9,9,True
2813,2812,92c7afb7f1496f6f676fc6f079337fc8,train/92c7afb7f1496f6f676fc6f079337fc8.dicom,False,6,6,True
2814,2813,92c8ef82a9059eade4fd85c649f3b1fe,train/92c8ef82a9059eade4fd85c649f3b1fe.dicom,False,7,7,True
2815,2814,92ddcf2c387ec3f50403371ca9997ad0,train/92ddcf2c387ec3f50403371ca9997ad0.dicom,False,6,6,True
2816,2815,92e484e2051dfa000b770a6ea1e0686b,train/92e484e2051dfa000b770a6ea1e0686b.dicom,False,20,20,True
2817,2816,92e5d2d36ee724738906a15a54647d0e,train/92e5d2d36ee724738906a15a54647d0e.dicom,False,10,10,True
2818,2817,92e79511cf61feac9fb92f92325c0a19,train/92e79511cf61feac9fb92f92325c0a19.dicom,False,13,13,True
2819,2818,92e9e7ccc49692f0c6fa6917d7289f6f,train/92e9e7ccc49692f0c6fa6917d7289f6f.dicom,False,23,23,True
2820,2819,92ec72f76087d45365e94f60cd667002,train/92ec72f76087d45365e94f60cd667002.dicom,False,6,6,True
2821,2820,92fae85ed91d9465eb06594a89cf2697,train/92fae85ed91d9465eb06594a89cf2697.dicom,True,0,0,True
2822,2821,9300415e9ac5678a968ea7b751c8c8ea,train/9300415e9ac5678a968ea7b751c8c8ea.dicom,False,4,4,True
2823,2822,9304a2da1a0b23b779266d91a9719415,train/9304a2da1a0b23b779266d91a9719415.dicom,False,3,3,True
2824,2823,930659d5e9eb2e7e224255e9337b9f99,train/930659d5e9eb2e7e224255e9337b9f99.dicom,False,7,7,True
2825,2824,93067baae2937e61291bac49adb5308a,train/93067baae2937e61291bac49adb5308a.dicom,False,6,6,True
2826,2825,9306d40fe3b77bd159c6ab92c0a306c8,train/9306d40fe3b77bd159c6ab92c0a306c8.dicom,False,10,10,True
2827,2826,930a3d2c506f5035a1aa301b401f6fec,train/930a3d2c506f5035a1aa301b401f6fec.dicom,False,6,6,True
2828,2827,930f9da548ab53f8edd16761660c683f,train/930f9da548ab53f8edd16761660c683f.dicom,False,9,9,True
2829,2828,9316b2ca577b760f2611b9d99bff7053,train/9316b2ca577b760f2611b9d99bff7053.dicom,False,6,6,True
2830,2829,931786165c810445eff5e832421a93c4,train/931786165c810445eff5e832421a93c4.dicom,False,8,8,True
2831,2830,931e92a65f8ec5eb009c0afa0f52e0c1,train/931e92a65f8ec5eb009c0afa0f52e0c1.dicom,True,0,0,True
2832,2831,9340b8c8362e2734af5bf9edecf6efac,train/9340b8c8362e2734af5bf9edecf6efac.dicom,False,13,13,True
2833,2832,935a7deda5e549ec48293dea791b7c5a,train/935a7deda5e549ec48293dea791b7c5a.dicom,False,9,9,True
2834,2833,9369d8c9b16544b4f5c2d953f972a87c,train/9369d8c9b16544b4f5c2d953f972a87c.dicom,False,6,6,True
2835,2834,9378e938afe891b372d0d7a1924c7aa5,train/9378e938afe891b372d0d7a1924c7aa5.dicom,False,9,9,True
2836,2835,9385f1142a0999cae18ceb73dc804bc7,train/9385f1142a0999cae18ceb73dc804bc7.dicom,False,6,6,True
2837,2836,9390e4ee9fcf6bdba3b1f03d40bfd4d1,train/9390e4ee9fcf6bdba3b1f03d40bfd4d1.dicom,False,6,6,True
2838,2837,9394d988f22d6f03b220ce1b1af919ca,train/9394d988f22d6f03b220ce1b1af919ca.dicom,False,15,15,True
2839,2838,93a37385c5f53a0c3a1357f996f22555,train/93a37385c5f53a0c3a1357f996f22555.dicom,False,10,10,True
2840,2839,93abddc3fe8d832eac4e48ef666437cd,train/93abddc3fe8d832eac4e48ef666437cd.dicom,False,7,7,True
2841,2840,93b19937892c90a3d062674c7c554765,train/93b19937892c90a3d062674c7c554765.dicom,False,4,4,True
2842,2841,93cb971f3c5504f1362de4367f9199d1,train/93cb971f3c5504f1362de4367f9199d1.dicom,False,4,4,True
2843,2842,93d04c587467e12a828828f907adecdb,train/93d04c587467e12a828828f907adecdb.dicom,False,4,4,True
2844,2843,93ed73782bc23a0ef9c426c21982d8d7,train/93ed73782bc23a0ef9c426c21982d8d7.dicom,False,15,15,True
2845,2844,93ef5877b678e69cf43fa16bbae50b93,train/93ef5877b678e69cf43fa16bbae50b93.dicom,False,7,7,True
2846,2845,942d83991819c4e1c9f10261e7e740cf,train/942d83991819c4e1c9f10261e7e740cf.dicom,False,4,4,True
2847,2846,942df4c44fdc6ffe0111740028a25581,train/942df4c44fdc6ffe0111740028a25581.dicom,False,12,12,True
2848,2847,943587a46ada0ee193c60a106ac61934,train/943587a46ada0ee193c60a106ac61934.dicom,False,10,10,True
2849,2848,9446be5a692accfa901d612a1e2a4c72,train/9446be5a692accfa901d612a1e2a4c72.dicom,False,6,6,True
2850,2849,9455d586debaa57d4e592d7a1292c977,train/9455d586debaa57d4e592d7a1292c977.dicom,False,6,6,True
2851,2850,945b4e002f3a1cc5b5616dc54545d914,train/945b4e002f3a1cc5b5616dc54545d914.dicom,False,4,4,True
2852,2851,945dcf557d9d281b55644289c53b1039,train/945dcf557d9d281b55644289c53b1039.dicom,False,3,3,True
2853,2852,945ebd66ed6b631a05e638ff88708e2f,train/945ebd66ed6b631a05e638ff88708e2f.dicom,False,9,9,True
2854,2853,947c9697bb1023635f14e326d13c55bc,train/947c9697bb1023635f14e326d13c55bc.dicom,False,8,8,True
2855,2854,94aacb0f4b6f837af4311cd8742bab06,train/94aacb0f4b6f837af4311cd8742bab06.dicom,False,4,4,True
2856,2855,94db14c4d9cc5b73cd4ccc12e94d566a,train/94db14c4d9cc5b73cd4ccc12e94d566a.dicom,True,0,0,True
2857,2856,94de62dfe739e0d39da5c014bc72576f,train/94de62dfe739e0d39da5c014bc72576f.dicom,False,7,7,True
2858,2857,94fe218b2934a56f5c5e9dbbe7c3ab98,train/94fe218b2934a56f5c5e9dbbe7c3ab98.dicom,True,0,0,True
2859,2858,951f37f1a2b9eeda8687588d6c1395f0,train/951f37f1a2b9eeda8687588d6c1395f0.dicom,True,0,0,True
2860,2859,952b065c0aac9ab20a9bcc051987a00f,train/952b065c0aac9ab20a9bcc051987a00f.dicom,False,8,8,True
2861,2860,952b45e292277cdeec3873a510360fec,train/952b45e292277cdeec3873a510360fec.dicom,False,9,9,True
2862,2861,95318747e792176f2ed657e5cf0d20a9,train/95318747e792176f2ed657e5cf0d20a9.dicom,False,3,3,True
2863,2862,95421a7356eac56ffcd4eda6ce23cfd4,train/95421a7356eac56ffcd4eda6ce23cfd4.dicom,False,6,6,True
2864,2863,9548c30d5cd9f5051877d7070e1dc33c,train/9548c30d5cd9f5051877d7070e1dc33c.dicom,False,6,6,True
2865,2864,954984f75efe6890cfa45d0784a3a1e6,train/954984f75efe6890cfa45d0784a3a1e6.dicom,False,3,3,True
2866,2865,9550a9bd0f5a9c89b096778dee669dfc,train/9550a9bd0f5a9c89b096778dee669dfc.dicom,True,0,0,True
2867,2866,955c561b6301bc98d02990faa70a5ec6,train/955c561b6301bc98d02990faa70a5ec6.dicom,False,4,4,True
2868,2867,9589df954de68262bc380d648b0184c3,train/9589df954de68262bc380d648b0184c3.dicom,False,3,3,True
2869,2868,959612f16d4ab164853d66bde4ec1297,train/959612f16d4ab164853d66bde4ec1297.dicom,False,5,5,True
2870,2869,9598f874069cca35ff56d54925d35ccb,train/9598f874069cca35ff56d54925d35ccb.dicom,False,12,12,True
2871,2870,959cb0680fbb9779352b9e42feef7977,train/959cb0680fbb9779352b9e42feef7977.dicom,True,0,0,True
2872,2871,959e5d96df8e3eaa7eed10f8b0b3d08c,train/959e5d96df8e3eaa7eed10f8b0b3d08c.dicom,False,11,11,True
2873,2872,95b097144aebefbb161afb3acc62381b,train/95b097144aebefbb161afb3acc62381b.dicom,False,6,6,True
2874,2873,95b32ce2a10f57629eb63830376237ca,train/95b32ce2a10f57629eb63830376237ca.dicom,False,9,9,True
2875,2874,95b55a69ed71d956594f754e8071f64c,train/95b55a69ed71d956594f754e8071f64c.dicom,True,0,0,True
2876,2875,95b5b6f29ba51deea4fe7a8848a1b250,train/95b5b6f29ba51deea4fe7a8848a1b250.dicom,False,3,3,True
2877,2876,95b9b32e68bfb95100cc300664f9aae5,train/95b9b32e68bfb95100cc300664f9aae5.dicom,False,13,13,True
2878,2877,95b9f6b4e21ace0ad8ec1bbcdf93060d,train/95b9f6b4e21ace0ad8ec1bbcdf93060d.dicom,False,5,5,True
2879,2878,95badc82bced45380cf4275bb11d2bb9,train/95badc82bced45380cf4275bb11d2bb9.dicom,False,3,3,True
2880,2879,95bbadf9fca1ad13b442ab060935e06c,train/95bbadf9fca1ad13b442ab060935e06c.dicom,False,7,7,True
2881,2880,95cd5503c91006be9f3c9991db2b3cf5,train/95cd5503c91006be9f3c9991db2b3cf5.dicom,False,3,3,True
2882,2881,95d26610969ba722c1b4def95637e23f,train/95d26610969ba722c1b4def95637e23f.dicom,False,4,4,True
2883,2882,95d3c55f3737289bc2ea761df9a0c120,train/95d3c55f3737289bc2ea761df9a0c120.dicom,False,4,4,True
2884,2883,96021af52e0a14e49058189530e7cdc3,train/96021af52e0a14e49058189530e7cdc3.dicom,False,3,3,True
2885,2884,96151d76b7654e7ee86045acfe659521,train/96151d76b7654e7ee86045acfe659521.dicom,False,12,12,True
2886,2885,9639e6b5d6391d119e959a65b6733c24,train/9639e6b5d6391d119e959a65b6733c24.dicom,True,0,0,True
2887,2886,963e75d60b45a08a1de456d383759167,train/963e75d60b45a08a1de456d383759167.dicom,False,6,6,True
2888,2887,9644622ee77d5894827ca63b323e704b,train/9644622ee77d5894827ca63b323e704b.dicom,False,5,5,True
2889,2888,96486c2488f9b4755798099db0d54a18,train/96486c2488f9b4755798099db0d54a18.dicom,False,20,20,True
2890,2889,965d2c73cfa52a84d2f432118434037e,train/965d2c73cfa52a84d2f432118434037e.dicom,False,12,12,True
2891,2890,966ae608783951f73244e01c1e5694d4,train/966ae608783951f73244e01c1e5694d4.dicom,False,10,10,True
2892,2891,96734f3235d72a018aaef6b78391df7a,train/96734f3235d72a018aaef6b78391df7a.dicom,False,3,3,True
2893,2892,967f2ad4d9bd6d377127624161468188,train/967f2ad4d9bd6d377127624161468188.dicom,False,9,9,True
2894,2893,968172a174cec0c1f043932fd8a4576b,train/968172a174cec0c1f043932fd8a4576b.dicom,False,7,7,True
2895,2894,96836e392ecca0df10f8aeac33db3c68,train/96836e392ecca0df10f8aeac33db3c68.dicom,False,5,5,True
2896,2895,96856fd17a41d64ead800f556f369cdb,train/96856fd17a41d64ead800f556f369cdb.dicom,False,5,5,True
2897,2896,9696f133b6337e31d8961638df6d89af,train/9696f133b6337e31d8961638df6d89af.dicom,True,0,0,True
2898,2897,969d075666dedd66f4c1c6ad0b1e7052,train/969d075666dedd66f4c1c6ad0b1e7052.dicom,False,4,4,True
2899,2898,969d1591fb0b4bf7041938b6fbcfbdc8,train/969d1591fb0b4bf7041938b6fbcfbdc8.dicom,False,10,10,True
2900,2899,96bffead32cd991447d96ab59af2ec55,train/96bffead32cd991447d96ab59af2ec55.dicom,False,5,5,True
2901,2900,96c522f25fae304c496697b220be49a6,train/96c522f25fae304c496697b220be49a6.dicom,False,3,3,True
2902,2901,96e6dbf6148db615d730bdc0d5d76785,train/96e6dbf6148db615d730bdc0d5d76785.dicom,False,11,11,True
2903,2902,96f334aaa1d7d9cad160e710c9965615,train/96f334aaa1d7d9cad160e710c9965615.dicom,False,17,17,True
2904,2903,96fb81c205dcedda4f036353e4f18cdb,train/96fb81c205dcedda4f036353e4f18cdb.dicom,False,10,10,True
2905,2904,970dcfd176e4fdaaf9bcb511a82e3b70,train/970dcfd176e4fdaaf9bcb511a82e3b70.dicom,False,9,9,True
2906,2905,9710d919aaab2bdac30900f140de109b,train/9710d919aaab2bdac30900f140de109b.dicom,False,11,11,True
2907,2906,971e2965c2e5149f64be489d589dc3d0,train/971e2965c2e5149f64be489d589dc3d0.dicom,False,5,5,True
2908,2907,972b79ab9ba7e34488c4459e43241ab4,train/972b79ab9ba7e34488c4459e43241ab4.dicom,False,7,7,True
2909,2908,972f8298395b49ef09c8faf6a04e22b0,train/972f8298395b49ef09c8faf6a04e22b0.dicom,False,5,5,True
2910,2909,974de0b950075fe57ca6587571ff09c5,train/974de0b950075fe57ca6587571ff09c5.dicom,True,0,0,True
2911,2910,978aac9419e5145086523be16545e55a,train/978aac9419e5145086523be16545e55a.dicom,True,0,0,True
2912,2911,97a05a3ade68254d5163547aab61f3f4,train/97a05a3ade68254d5163547aab61f3f4.dicom,False,5,5,True
2913,2912,97bd8561208807d003ff804d69348974,train/97bd8561208807d003ff804d69348974.dicom,False,6,6,True
2914,2913,97bdb0096786b6ac9b5f0901cf144084,train/97bdb0096786b6ac9b5f0901cf144084.dicom,False,4,4,True
2915,2914,97bf1159c3d5a11144527bd31d2ee628,train/97bf1159c3d5a11144527bd31d2ee628.dicom,False,7,7,True
2916,2915,97e5e230f793b64aba05a318d6fdf4c4,train/97e5e230f793b64aba05a318d6fdf4c4.dicom,False,15,15,True
2917,2916,97e953ca3bf93ddf8a9f9044cbdd8e7c,train/97e953ca3bf93ddf8a9f9044cbdd8e7c.dicom,False,5,5,True
2918,2917,97f48290716a3cad241bf74f3ce47143,train/97f48290716a3cad241bf74f3ce47143.dicom,False,5,5,True
2919,2918,97fd4f6e94b84fc564ae30aec660e443,train/97fd4f6e94b84fc564ae30aec660e443.dicom,False,6,6,True
2920,2919,980030eec2892fd979adc481d9675550,train/980030eec2892fd979adc481d9675550.dicom,False,11,11,True
2921,2920,9809f0d8f7d4654a2599c052a5b83dbd,train/9809f0d8f7d4654a2599c052a5b83dbd.dicom,False,13,13,True
2922,2921,980cbaa4ca9127c95c7a24cfa7b08598,train/980cbaa4ca9127c95c7a24cfa7b08598.dicom,False,6,6,True
2923,2922,9822d3f2c751dcc995ea4d827e63aed9,train/9822d3f2c751dcc995ea4d827e63aed9.dicom,False,8,8,True
2924,2923,9823c13f2412bfef40728c2f08972b03,train/9823c13f2412bfef40728c2f08972b03.dicom,False,8,8,True
2925,2924,982f677d3e934cc99a7560f143b7eb49,train/982f677d3e934cc99a7560f143b7eb49.dicom,False,6,6,True
2926,2925,9850d20ee4d2bf722154a90ae07ddff8,train/9850d20ee4d2bf722154a90ae07ddff8.dicom,False,13,13,True
2927,2926,9852b93d2e984a4c427f7d14be534717,train/9852b93d2e984a4c427f7d14be534717.dicom,False,7,7,True
2928,2927,98553a08561599e00ebcbc603e206557,train/98553a08561599e00ebcbc603e206557.dicom,False,8,8,True
2929,2928,985aa6789515f5ad438d2384ed52cda9,train/985aa6789515f5ad438d2384ed52cda9.dicom,False,18,18,True
2930,2929,985be77c13eb905ee8e19a45e46ab785,train/985be77c13eb905ee8e19a45e46ab785.dicom,False,7,7,True
2931,2930,98617a2bbd11c4afa7be664889cdd6de,train/98617a2bbd11c4afa7be664889cdd6de.dicom,False,9,9,True
2932,2931,986a142a1300b3401bdeda43822ceba6,train/986a142a1300b3401bdeda43822ceba6.dicom,False,5,5,True
2933,2932,986cbf62313a140fc59925d613ed4332,train/986cbf62313a140fc59925d613ed4332.dicom,False,6,6,True
2934,2933,9875e42950bf3e157e96b0fc8c6f4680,train/9875e42950bf3e157e96b0fc8c6f4680.dicom,False,8,8,True
2935,2934,98930c53682b85b91e22c7a59cfc36fa,train/98930c53682b85b91e22c7a59cfc36fa.dicom,False,6,6,True
2936,2935,98a1266e373f6b7d51677e1d5a9a8d96,train/98a1266e373f6b7d51677e1d5a9a8d96.dicom,False,3,3,True
2937,2936,98b4edbf9b483c883f0a40c04ea61800,train/98b4edbf9b483c883f0a40c04ea61800.dicom,False,6,6,True
2938,2937,98cf181303375a6b877a30af28fa3bfc,train/98cf181303375a6b877a30af28fa3bfc.dicom,False,4,4,True
2939,2938,98cfae70f256055ec24e8ba2dfd54ca6,train/98cfae70f256055ec24e8ba2dfd54ca6.dicom,False,6,6,True
2940,2939,98d31d7df7863752c8f85cd0be34ecc5,train/98d31d7df7863752c8f85cd0be34ecc5.dicom,False,5,5,True
2941,2940,98d44861c84d532bcca874fcde5e5f42,train/98d44861c84d532bcca874fcde5e5f42.dicom,False,6,6,True
2942,2941,98dca7e62a4f2d47455b9a275fa75a08,train/98dca7e62a4f2d47455b9a275fa75a08.dicom,False,6,6,True
2943,2942,98e2d03f7e9ba87b4922b35347866fc4,train/98e2d03f7e9ba87b4922b35347866fc4.dicom,False,8,8,True
2944,2943,98f00bae3d65ebcebd046c12e5b27f7c,train/98f00bae3d65ebcebd046c12e5b27f7c.dicom,False,12,12,True
2945,2944,98ffafc82ac9d3aec1d4d3957d0d9322,train/98ffafc82ac9d3aec1d4d3957d0d9322.dicom,False,9,9,True
2946,2945,993adb8e17f2726e4c9bb5cb414d9de5,train/993adb8e17f2726e4c9bb5cb414d9de5.dicom,False,6,6,True
2947,2946,9943805f08872ab64d994fc84ff1b25d,train/9943805f08872ab64d994fc84ff1b25d.dicom,False,16,16,True
2948,2947,995533127aa50c3b1a64829055850319,train/995533127aa50c3b1a64829055850319.dicom,False,6,6,True
2949,2948,996cf9196ebda9f2b449e2ec38ac17c4,train/996cf9196ebda9f2b449e2ec38ac17c4.dicom,False,3,3,True
2950,2949,997230116fa99fe2335a4524899ea08d,train/997230116fa99fe2335a4524899ea08d.dicom,False,5,5,True
2951,2950,997a190cf3302633937a80eff6c65459,train/997a190cf3302633937a80eff6c65459.dicom,False,6,6,True
2952,2951,997fca43b97287e53c551c3d4753edcb,train/997fca43b97287e53c551c3d4753edcb.dicom,False,5,5,True
2953,2952,999612f847684578b1fdcf2d9d4d4994,train/999612f847684578b1fdcf2d9d4d4994.dicom,False,17,17,True
2954,2953,99b6a685b8c3992e218834b8777e0ce1,train/99b6a685b8c3992e218834b8777e0ce1.dicom,False,4,4,True
2955,2954,99bac8deff3eb3beb9479e0c080940f7,train/99bac8deff3eb3beb9479e0c080940f7.dicom,True,0,0,True
2956,2955,99c5019992434f96249d79326a472b05,train/99c5019992434f96249d79326a472b05.dicom,False,6,6,True
2957,2956,99f45d9953ae4d119bdac3987dffb676,train/99f45d9953ae4d119bdac3987dffb676.dicom,False,5,5,True
2958,2957,9a080db6a1a2ceca36947cebd0367514,train/9a080db6a1a2ceca36947cebd0367514.dicom,False,5,5,True
2959,2958,9a103f2f70e89e234d5aca1a4535329b,train/9a103f2f70e89e234d5aca1a4535329b.dicom,False,6,6,True
2960,2959,9a10974aa0dabf26fb1b8a7d85cafedc,train/9a10974aa0dabf26fb1b8a7d85cafedc.dicom,False,24,24,True
2961,2960,9a1781dd524b50ec31f94c184bbb6b4c,train/9a1781dd524b50ec31f94c184bbb6b4c.dicom,False,5,5,True
2962,2961,9a1a909b3cc2641976339609258c1b04,train/9a1a909b3cc2641976339609258c1b04.dicom,False,6,6,True
2963,2962,9a2d123a36eea730440d44f430ad2951,train/9a2d123a36eea730440d44f430ad2951.dicom,False,4,4,True
2964,2963,9a321e5a866cee9e943cf5f3684de512,train/9a321e5a866cee9e943cf5f3684de512.dicom,False,11,11,True
2965,2964,9a3d018df521eaab6b4eec203a19970b,train/9a3d018df521eaab6b4eec203a19970b.dicom,False,14,14,True
2966,2965,9a44147b1b764d0cbd57a317bd22e48c,train/9a44147b1b764d0cbd57a317bd22e48c.dicom,False,4,4,True
2967,2966,9a5094b2563a1ef3ff50dc5c7ff71345,train/9a5094b2563a1ef3ff50dc5c7ff71345.dicom,False,6,6,True
2968,2967,9a51be5f7bf1078ac8972a14de31c515,train/9a51be5f7bf1078ac8972a14de31c515.dicom,False,5,5,True
2969,2968,9a6377016b455cd0f2b6e64bf1af6cc7,train/9a6377016b455cd0f2b6e64bf1af6cc7.dicom,False,4,4,True
2970,2969,9a65d343df43c00deb1838098495b672,train/9a65d343df43c00deb1838098495b672.dicom,False,6,6,True
2971,2970,9a6ef2893ef45236c5eb1141db74c9aa,train/9a6ef2893ef45236c5eb1141db74c9aa.dicom,False,6,6,True
2972,2971,9a7decacad5d692b7c6b7253217fc770,train/9a7decacad5d692b7c6b7253217fc770.dicom,False,3,3,True
2973,2972,9a8dbd52534ed67ccc9144ba1b43d185,train/9a8dbd52534ed67ccc9144ba1b43d185.dicom,False,6,6,True
2974,2973,9b00eeaa317747fe5d908526e1268393,train/9b00eeaa317747fe5d908526e1268393.dicom,False,4,4,True
2975,2974,9b091aa027eeb034fc8fe803692028a0,train/9b091aa027eeb034fc8fe803692028a0.dicom,False,10,10,True
2976,2975,9b1034893f70d565ab25e7c3aedb3ff7,train/9b1034893f70d565ab25e7c3aedb3ff7.dicom,False,6,6,True
2977,2976,9b12521fa480b7872a66995a796f03e5,train/9b12521fa480b7872a66995a796f03e5.dicom,False,8,8,True
2978,2977,9b1d076abcb937c2e19f7c2e10dbcbc0,train/9b1d076abcb937c2e19f7c2e10dbcbc0.dicom,False,16,16,True
2979,2978,9b1e8c3a5bce9d3c3f9e7c6394289c67,train/9b1e8c3a5bce9d3c3f9e7c6394289c67.dicom,False,4,4,True
2980,2979,9b294ef55b60d28d047089d91a1ca502,train/9b294ef55b60d28d047089d91a1ca502.dicom,False,4,4,True
2981,2980,9b389242ffe5059b705ee8f5aac00bd5,train/9b389242ffe5059b705ee8f5aac00bd5.dicom,False,8,8,True
2982,2981,9b44eddd5b59cd65d92366f27290d949,train/9b44eddd5b59cd65d92366f27290d949.dicom,False,5,5,True
2983,2982,9b962decc3b730467e74a8fbfaa0d953,train/9b962decc3b730467e74a8fbfaa0d953.dicom,False,7,7,True
2984,2983,9b9c8cc2a7eb9c66f77432e677f7fdb5,train/9b9c8cc2a7eb9c66f77432e677f7fdb5.dicom,False,11,11,True
2985,2984,9b9f47628be6a48ddb41aec8ba39b454,train/9b9f47628be6a48ddb41aec8ba39b454.dicom,False,14,14,True
2986,2985,9b9fafab95a68b7dd80a22f337245a93,train/9b9fafab95a68b7dd80a22f337245a93.dicom,False,13,13,True
2987,2986,9bb8bb42168a8ce95a57d818bc23b112,train/9bb8bb42168a8ce95a57d818bc23b112.dicom,False,8,8,True
2988,2987,9bc4efab79fda2c8d0c4fe352979d35f,train/9bc4efab79fda2c8d0c4fe352979d35f.dicom,True,0,0,True
2989,2988,9bc7f47f5e3d9cb135278aa09a42ff3a,train/9bc7f47f5e3d9cb135278aa09a42ff3a.dicom,True,0,0,True
2990,2989,9c12e58f5fd540a5b5457f9014e83479,train/9c12e58f5fd540a5b5457f9014e83479.dicom,False,4,4,True
2991,2990,9c17e04426811c66677c1a9b480d1a51,train/9c17e04426811c66677c1a9b480d1a51.dicom,False,4,4,True
2992,2991,9c314e403d3e6e3ed09e79a57019f9ad,train/9c314e403d3e6e3ed09e79a57019f9ad.dicom,False,5,5,True
2993,2992,9c3e095779134703dfd7b263d71b44f4,train/9c3e095779134703dfd7b263d71b44f4.dicom,False,8,8,True
2994,2993,9c41221ce46d36fc44d140e21c3f3da7,train/9c41221ce46d36fc44d140e21c3f3da7.dicom,False,9,9,True
2995,2994,9c5b6aec6d12a963522ae5b333f612d1,train/9c5b6aec6d12a963522ae5b333f612d1.dicom,False,3,3,True
2996,2995,9c6b55a1b4fe76943377f346658b5da5,train/9c6b55a1b4fe76943377f346658b5da5.dicom,False,4,4,True
2997,2996,9c83d9f88170cd38f7bca54fe27dc48a,train/9c83d9f88170cd38f7bca54fe27dc48a.dicom,False,14,14,True
2998,2997,9c89004f6827ca42cc151098ce8bd986,train/9c89004f6827ca42cc151098ce8bd986.dicom,False,3,3,True
2999,2998,9c9d6d92f17ef2b3145ad8743e11b194,train/9c9d6d92f17ef2b3145ad8743e11b194.dicom,False,6,6,True
3000,2999,9c9f556eea533f066368e0f4a452bee7,train/9c9f556eea533f066368e0f4a452bee7.dicom,False,13,13,True
3001,3000,9ca2725b69db57ebc2df26a7da70affb,train/9ca2725b69db57ebc2df26a7da70affb.dicom,False,9,9,True
3002,3001,9ca6f4d20348cea6a7efa90deeff2639,train/9ca6f4d20348cea6a7efa90deeff2639.dicom,False,3,3,True
3003,3002,9ca97574cdfcbcd1db8ba2fb76e2dd34,train/9ca97574cdfcbcd1db8ba2fb76e2dd34.dicom,False,5,5,True
3004,3003,9caac1a690115767b3d4f97702f571d2,train/9caac1a690115767b3d4f97702f571d2.dicom,False,7,7,True
3005,3004,9cb5ed4b6f4a25b2ac497159f7b1b82b,train/9cb5ed4b6f4a25b2ac497159f7b1b82b.dicom,False,4,4,True
3006,3005,9ccdadb18e6a8c9c2459768eaaa2893b,train/9ccdadb18e6a8c9c2459768eaaa2893b.dicom,True,0,0,True
3007,3006,9ce4169ac820450d4a18f4d9d33d40f1,train/9ce4169ac820450d4a18f4d9d33d40f1.dicom,False,4,4,True
3008,3007,9ce5d86c2dcaacd045d5f52587e41247,train/9ce5d86c2dcaacd045d5f52587e41247.dicom,False,6,6,True
3009,3008,9d094c16cc0afb04940a651298d12dcc,train/9d094c16cc0afb04940a651298d12dcc.dicom,True,0,0,True
3010,3009,9d25a49dcfd33a593605da5b2cecfe2b,train/9d25a49dcfd33a593605da5b2cecfe2b.dicom,True,0,0,True
3011,3010,9d2c6d2e55ac8c64f264087ccc48187a,train/9d2c6d2e55ac8c64f264087ccc48187a.dicom,False,3,3,True
3012,3011,9d2c9f496cedde3fe7a38080bf9b65c3,train/9d2c9f496cedde3fe7a38080bf9b65c3.dicom,False,3,3,True
3013,3012,9d366d706dc228d1721d3f16b139221f,train/9d366d706dc228d1721d3f16b139221f.dicom,False,6,6,True
3014,3013,9d41ae882fa21638f67228ff85cb05ab,train/9d41ae882fa21638f67228ff85cb05ab.dicom,False,19,19,True
3015,3014,9d42c5942895afd3391a8fb93a3991a8,train/9d42c5942895afd3391a8fb93a3991a8.dicom,True,0,0,True
3016,3015,9d4654c4c7def98196c0f8f14277ec7c,train/9d4654c4c7def98196c0f8f14277ec7c.dicom,False,17,17,True
3017,3016,9d66132dc1a3e262df38c3ad25626a00,train/9d66132dc1a3e262df38c3ad25626a00.dicom,False,8,8,True
3018,3017,9d740f84910f8b7f0bfb870f8f4ad8b1,train/9d740f84910f8b7f0bfb870f8f4ad8b1.dicom,False,10,10,True
3019,3018,9d839a52c0fc61167a2f95ae6f7ee5ad,train/9d839a52c0fc61167a2f95ae6f7ee5ad.dicom,False,5,5,True
3020,3019,9d8cf27d445accf16f4c577c3f05b2b3,train/9d8cf27d445accf16f4c577c3f05b2b3.dicom,False,7,7,True
3021,3020,9d9caa9e06ec349f19f871e3fe2f343a,train/9d9caa9e06ec349f19f871e3fe2f343a.dicom,False,13,13,True
3022,3021,9da65d59721d58bd125a4fc94b6ffec6,train/9da65d59721d58bd125a4fc94b6ffec6.dicom,False,8,8,True
3023,3022,9dba466530505c0992a5bb874ffc90ee,train/9dba466530505c0992a5bb874ffc90ee.dicom,True,0,0,True
3024,3023,9dc06dc651df290e2f3cd30ac1513c7e,train/9dc06dc651df290e2f3cd30ac1513c7e.dicom,True,0,0,True
3025,3024,9dc2037ca1424465db0c4fe2972767f0,train/9dc2037ca1424465db0c4fe2972767f0.dicom,False,9,9,True
3026,3025,9dda26bc7998dba2e4d8592801138fad,train/9dda26bc7998dba2e4d8592801138fad.dicom,False,5,5,True
3027,3026,9de44540163b68efbaae0d0c2b704b4a,train/9de44540163b68efbaae0d0c2b704b4a.dicom,False,4,4,True
3028,3027,9def018e27028f4b11403cd6ad0d4691,train/9def018e27028f4b11403cd6ad0d4691.dicom,False,3,3,True
3029,3028,9def44a5c7f43c29e24752e03add7809,train/9def44a5c7f43c29e24752e03add7809.dicom,False,10,10,True
3030,3029,9df340dc63bb0f9c185f2d019cd533a8,train/9df340dc63bb0f9c185f2d019cd533a8.dicom,False,19,19,True
3031,3030,9df823bdb8130ffcea2bee7544a0db94,train/9df823bdb8130ffcea2bee7544a0db94.dicom,False,7,7,True
3032,3031,9dfc32d8ff0e7a5b65dcda7fc2899881,train/9dfc32d8ff0e7a5b65dcda7fc2899881.dicom,False,3,3,True
3033,3032,9e03a12bdc2f03b99a92662e992ea810,train/9e03a12bdc2f03b99a92662e992ea810.dicom,False,6,6,True
3034,3033,9e104788d948797f70790dce9067c277,train/9e104788d948797f70790dce9067c277.dicom,False,3,3,True
3035,3034,9e15afcba3bac18db3bb491b546792d4,train/9e15afcba3bac18db3bb491b546792d4.dicom,False,5,5,True
3036,3035,9e394247ba5019ad6430530f0133bb68,train/9e394247ba5019ad6430530f0133bb68.dicom,False,4,4,True
3037,3036,9e4494bb24faf76970a1116cda4da0fc,train/9e4494bb24faf76970a1116cda4da0fc.dicom,True,0,0,True
3038,3037,9e4888894ce1958ed9367866eaa9cb79,train/9e4888894ce1958ed9367866eaa9cb79.dicom,False,3,3,True
3039,3038,9e4f8b07c7cfc2e3be4481e8f3507108,train/9e4f8b07c7cfc2e3be4481e8f3507108.dicom,True,0,0,True
3040,3039,9e63db3c1b443ca561e426b798096b8f,train/9e63db3c1b443ca561e426b798096b8f.dicom,False,8,8,True
3041,3040,9e6b3b14058606fadddc95950f8b8e3b,train/9e6b3b14058606fadddc95950f8b8e3b.dicom,False,8,8,True
3042,3041,9e886934e6ac2d1b15603e91690b97ca,train/9e886934e6ac2d1b15603e91690b97ca.dicom,False,4,4,True
3043,3042,9e90a23fb8d5ce13eb766d538afcafea,train/9e90a23fb8d5ce13eb766d538afcafea.dicom,False,13,13,True
3044,3043,9e952e4a222f3b3e022f0e0815ce9b02,train/9e952e4a222f3b3e022f0e0815ce9b02.dicom,False,13,13,True
3045,3044,9e9cc9d084546cb6d7f7ddba63411a81,train/9e9cc9d084546cb6d7f7ddba63411a81.dicom,False,17,17,True
3046,3045,9ea6802588a0cf35c44631bf01f9bd7f,train/9ea6802588a0cf35c44631bf01f9bd7f.dicom,False,12,12,True
3047,3046,9eb4fa8a29bcdd4fbede7c391589a42d,train/9eb4fa8a29bcdd4fbede7c391589a42d.dicom,True,0,0,True
3048,3047,9eb64584567f0c8e31e0dfcedd137aea,train/9eb64584567f0c8e31e0dfcedd137aea.dicom,False,8,8,True
3049,3048,9eba0d101f410f9cdfae46cb094ae2a6,train/9eba0d101f410f9cdfae46cb094ae2a6.dicom,False,11,11,True
3050,3049,9ed1f91369552618456da255b02820b3,train/9ed1f91369552618456da255b02820b3.dicom,False,4,4,True
3051,3050,9eeacc3c99e0b295f3e0ab1c6e8d66fd,train/9eeacc3c99e0b295f3e0ab1c6e8d66fd.dicom,False,4,4,True
3052,3051,9ef084b09e407e4f8f00932602d1a88d,train/9ef084b09e407e4f8f00932602d1a88d.dicom,False,8,8,True
3053,3052,9ef2c06481a9e65d71e6743d04217462,train/9ef2c06481a9e65d71e6743d04217462.dicom,False,10,10,True
3054,3053,9f143122da6e0f80e97ebc5c32af11ed,train/9f143122da6e0f80e97ebc5c32af11ed.dicom,False,6,6,True
3055,3054,9f1bdd6de55cf175cd65c01aed55ff12,train/9f1bdd6de55cf175cd65c01aed55ff12.dicom,False,13,13,True
3056,3055,9f2360f56f61751a254678ec0adbc77d,train/9f2360f56f61751a254678ec0adbc77d.dicom,False,9,9,True
3057,3056,9f29889356a03cac6cdb9601b37b3918,train/9f29889356a03cac6cdb9601b37b3918.dicom,False,3,3,True
3058,3057,9f329a8c05ac45949b43e6626efdb8d0,train/9f329a8c05ac45949b43e6626efdb8d0.dicom,False,8,8,True
3059,3058,9f3b91a14738c8cb5ac655fdb40bdb9b,train/9f3b91a14738c8cb5ac655fdb40bdb9b.dicom,False,6,6,True
3060,3059,9f3cd35d1e478da2bac4bf5afd1153c0,train/9f3cd35d1e478da2bac4bf5afd1153c0.dicom,False,5,5,True
3061,3060,9f79612cb768f8fa50a6cb22e4e38a2a,train/9f79612cb768f8fa50a6cb22e4e38a2a.dicom,False,4,4,True
3062,3061,9f7a76f14e777ed53606a7d6d3ef3890,train/9f7a76f14e777ed53606a7d6d3ef3890.dicom,False,10,10,True
3063,3062,9f8ad1b404295f6c9951bcfe9e2da754,train/9f8ad1b404295f6c9951bcfe9e2da754.dicom,False,5,5,True
3064,3063,9f99a143df8874d1e5320ebbbae6040c,train/9f99a143df8874d1e5320ebbbae6040c.dicom,True,0,0,True
3065,3064,9f9ab4b3170b84ec04b006d522114f24,train/9f9ab4b3170b84ec04b006d522114f24.dicom,False,6,6,True
3066,3065,9f9c6cde56f7e1b36c94f6d72fe0a2f3,train/9f9c6cde56f7e1b36c94f6d72fe0a2f3.dicom,False,12,12,True
3067,3066,9fa07ce40365c2c37f75ba3a5486b8c6,train/9fa07ce40365c2c37f75ba3a5486b8c6.dicom,False,12,12,True
3068,3067,9fb8448d2d7ce8d93e129a16906074e3,train/9fb8448d2d7ce8d93e129a16906074e3.dicom,True,0,0,True
3069,3068,9fccf640c41b789bef11c3437045436d,train/9fccf640c41b789bef11c3437045436d.dicom,False,3,3,True
3070,3069,9fd12d311ea007b2cd5b6f0973dbc6de,train/9fd12d311ea007b2cd5b6f0973dbc6de.dicom,False,3,3,True
3071,3070,9fd7ae7f030dbd0185a3984704dcdc5d,train/9fd7ae7f030dbd0185a3984704dcdc5d.dicom,False,4,4,True
3072,3071,9fd7f8bc66d606ffee290028c4d5d1f3,train/9fd7f8bc66d606ffee290028c4d5d1f3.dicom,False,13,13,True
3073,3072,9feaa80fe5166e87af68fcab302c7ae6,train/9feaa80fe5166e87af68fcab302c7ae6.dicom,True,0,0,True
3074,3073,9fed2e6b4943fd575a7a91456c8c899e,train/9fed2e6b4943fd575a7a91456c8c899e.dicom,False,5,5,True
3075,3074,9ff3dfd4bd748b3a368d9d97e3637339,train/9ff3dfd4bd748b3a368d9d97e3637339.dicom,False,6,6,True
3076,3075,a01c58a18c2382adada9aea189097614,train/a01c58a18c2382adada9aea189097614.dicom,False,6,6,True
3077,3076,a040343977edb13d15604e5e3c125e59,train/a040343977edb13d15604e5e3c125e59.dicom,False,5,5,True
3078,3077,a07064273b3f1112655970e8326f25df,train/a07064273b3f1112655970e8326f25df.dicom,False,9,9,True
3079,3078,a077f8b8a0f82348128918516eacff8a,train/a077f8b8a0f82348128918516eacff8a.dicom,False,4,4,True
3080,3079,a083b9235a837f1f0171174a00ea538c,train/a083b9235a837f1f0171174a00ea538c.dicom,True,0,0,True
3081,3080,a091c439300eaff4c79f0a82d343a369,train/a091c439300eaff4c79f0a82d343a369.dicom,False,6,6,True
3082,3081,a0a6050fdda9f59eff1ca6a197883fcb,train/a0a6050fdda9f59eff1ca6a197883fcb.dicom,False,11,11,True
3083,3082,a0e08352d5127c4654a6f563899fd901,train/a0e08352d5127c4654a6f563899fd901.dicom,False,9,9,True
3084,3083,a0ed62efc8bf9e5053d18e250390b96d,train/a0ed62efc8bf9e5053d18e250390b96d.dicom,False,8,8,True
3085,3084,a0f0fba4ab530612f91852ff0fee4f1a,train/a0f0fba4ab530612f91852ff0fee4f1a.dicom,False,3,3,True
3086,3085,a0f8199197edd3488950b47b3db6646b,train/a0f8199197edd3488950b47b3db6646b.dicom,False,12,12,True
3087,3086,a1058b4368a7e3d945757f218393baf9,train/a1058b4368a7e3d945757f218393baf9.dicom,False,11,11,True
3088,3087,a1099e200fda2e6dc8c80d691fc6e70d,train/a1099e200fda2e6dc8c80d691fc6e70d.dicom,False,7,7,True
3089,3088,a1134e92282815efb505a93105083393,train/a1134e92282815efb505a93105083393.dicom,False,20,20,True
3090,3089,a1375f9466915186308ef31e0766db3f,train/a1375f9466915186308ef31e0766db3f.dicom,False,10,10,True
3091,3090,a137951bfa9be68fec6cb6ef0a679d20,train/a137951bfa9be68fec6cb6ef0a679d20.dicom,False,15,15,True
3092,3091,a153495b8f21f9c8a56d3489c513d721,train/a153495b8f21f9c8a56d3489c513d721.dicom,False,9,9,True
3093,3092,a1720873fde30e8b3dab6b5157e58e70,train/a1720873fde30e8b3dab6b5157e58e70.dicom,False,6,6,True
3094,3093,a18a90445d328302a6dc46ca43917e4a,train/a18a90445d328302a6dc46ca43917e4a.dicom,False,8,8,True
3095,3094,a18d88dbf60435ac196dbcdc512115c7,train/a18d88dbf60435ac196dbcdc512115c7.dicom,False,7,7,True
3096,3095,a18dee563cbdaa4a85594968f8678b84,train/a18dee563cbdaa4a85594968f8678b84.dicom,True,0,0,True
3097,3096,a1af684b8e0ce8e5cd4223881451a5af,train/a1af684b8e0ce8e5cd4223881451a5af.dicom,True,0,0,True
3098,3097,a1c5f6de8dea1889fbe3542682a5a4c4,train/a1c5f6de8dea1889fbe3542682a5a4c4.dicom,False,4,4,True
3099,3098,a1d1cbb23e3efdbbbcfccc03e9624356,train/a1d1cbb23e3efdbbbcfccc03e9624356.dicom,True,0,0,True
3100,3099,a1df46be5ace1fcd65a304d44f83a1a6,train/a1df46be5ace1fcd65a304d44f83a1a6.dicom,False,5,5,True
3101,3100,a1e4301af829e773b3b56870a60fa750,train/a1e4301af829e773b3b56870a60fa750.dicom,False,7,7,True
3102,3101,a1e8167621dbbff8f8bf5714e43fd188,train/a1e8167621dbbff8f8bf5714e43fd188.dicom,False,3,3,True
3103,3102,a240c258ffa22652149f1e08d4237d04,train/a240c258ffa22652149f1e08d4237d04.dicom,False,5,5,True
3104,3103,a2480b9f63cc65e052dc0b9ad19c866e,train/a2480b9f63cc65e052dc0b9ad19c866e.dicom,False,12,12,True
3105,3104,a24f6e745dea4cfb8c3a31aa084650f7,train/a24f6e745dea4cfb8c3a31aa084650f7.dicom,False,6,6,True
3106,3105,a2509450b933cc298fbc4f25ed31baba,train/a2509450b933cc298fbc4f25ed31baba.dicom,False,8,8,True
3107,3106,a2511b7d5a4657b9b161d7c3e69587ae,train/a2511b7d5a4657b9b161d7c3e69587ae.dicom,False,11,11,True
3108,3107,a257e58a06d3267edc82453ae093ac97,train/a257e58a06d3267edc82453ae093ac97.dicom,False,11,11,True
3109,3108,a2a58a1645b852dc7bf03f703940163d,train/a2a58a1645b852dc7bf03f703940163d.dicom,False,4,4,True
3110,3109,a2a8071358cf2858d45596364fd4ec85,train/a2a8071358cf2858d45596364fd4ec85.dicom,False,8,8,True
3111,3110,a2c6dd0cabc2fc70fbb1cf2dac50d11c,train/a2c6dd0cabc2fc70fbb1cf2dac50d11c.dicom,False,16,16,True
3112,3111,a2ca3716b1e7923e5f8e0fc6f8200509,train/a2ca3716b1e7923e5f8e0fc6f8200509.dicom,False,10,10,True
3113,3112,a2ca9713ed2b4fb5632aa8647769c1a6,train/a2ca9713ed2b4fb5632aa8647769c1a6.dicom,False,7,7,True
3114,3113,a2d8804d3d08a2afb75dd9e6fbb53010,train/a2d8804d3d08a2afb75dd9e6fbb53010.dicom,False,23,23,True
3115,3114,a2de4d532410b97fe4080e096ca6010d,train/a2de4d532410b97fe4080e096ca6010d.dicom,False,12,12,True
3116,3115,a2ef60f418b8518fc372b7c333f8a5c3,train/a2ef60f418b8518fc372b7c333f8a5c3.dicom,False,6,6,True
3117,3116,a302f45dd2d8b7b698c3ce3121cb7cfc,train/a302f45dd2d8b7b698c3ce3121cb7cfc.dicom,False,6,6,True
3118,3117,a30e54c94c56cf1448eb8f3921a40e15,train/a30e54c94c56cf1448eb8f3921a40e15.dicom,False,5,5,True
3119,3118,a3106645d9ff642b102c1fae08356865,train/a3106645d9ff642b102c1fae08356865.dicom,False,8,8,True
3120,3119,a3138b15692cfedc5a35d1bf5314616e,train/a3138b15692cfedc5a35d1bf5314616e.dicom,False,20,20,True
3121,3120,a31e14af6336413d69a6920a6c04fc20,train/a31e14af6336413d69a6920a6c04fc20.dicom,False,7,7,True
3122,3121,a31fef91832012791b0a749471e37159,train/a31fef91832012791b0a749471e37159.dicom,False,4,4,True
3123,3122,a330d6606525415c5e462b9e13ca8452,train/a330d6606525415c5e462b9e13ca8452.dicom,False,7,7,True
3124,3123,a33cd2473556d2cdfd77ba3d2fa78349,train/a33cd2473556d2cdfd77ba3d2fa78349.dicom,False,3,3,True
3125,3124,a340f6b48cac7f561fd07809cb4bed96,train/a340f6b48cac7f561fd07809cb4bed96.dicom,False,4,4,True
3126,3125,a3411581087b63a70a2bdba24e55ff4e,train/a3411581087b63a70a2bdba24e55ff4e.dicom,False,15,15,True
3127,3126,a36676c626033075ddd0487e29489cc2,train/a36676c626033075ddd0487e29489cc2.dicom,False,6,6,True
3128,3127,a3942b8f01dd54858add21b966d3986e,train/a3942b8f01dd54858add21b966d3986e.dicom,False,6,6,True
3129,3128,a398135fec0dd0d8239d5b6d8d24454b,train/a398135fec0dd0d8239d5b6d8d24454b.dicom,False,3,3,True
3130,3129,a3ca1ceec50e701e7f1a5d09a7827ee4,train/a3ca1ceec50e701e7f1a5d09a7827ee4.dicom,False,4,4,True
3131,3130,a3d5137d2817fa1a7497352d16b31b20,train/a3d5137d2817fa1a7497352d16b31b20.dicom,False,4,4,True
3132,3131,a3dcbf04ea4cf926b6efb6ac526d5ff9,train/a3dcbf04ea4cf926b6efb6ac526d5ff9.dicom,False,9,9,True
3133,3132,a3ddfa552c6cd137bf46a5db89f5a2ce,train/a3ddfa552c6cd137bf46a5db89f5a2ce.dicom,False,6,6,True
3134,3133,a3edf89d922032beef7cf3484ab9fe54,train/a3edf89d922032beef7cf3484ab9fe54.dicom,False,6,6,True
3135,3134,a3f5ac68c8d1b1805be21f18c47fc186,train/a3f5ac68c8d1b1805be21f18c47fc186.dicom,False,8,8,True
3136,3135,a40a4c976a48e21acd6a2cd3d71cac4f,train/a40a4c976a48e21acd6a2cd3d71cac4f.dicom,False,6,6,True
3137,3136,a43d700412de5ab25b800bd283e1baa2,train/a43d700412de5ab25b800bd283e1baa2.dicom,False,5,5,True
3138,3137,a43f966e46d3da7816d35145890ad03d,train/a43f966e46d3da7816d35145890ad03d.dicom,False,5,5,True
3139,3138,a45407e8b1daab75a1217b65de60c29d,train/a45407e8b1daab75a1217b65de60c29d.dicom,False,8,8,True
3140,3139,a458bca92aaba1cea1793c8e1cfde5f3,train/a458bca92aaba1cea1793c8e1cfde5f3.dicom,False,19,19,True
3141,3140,a47a8dbe0f480f7ce3abfb0b9d880afa,train/a47a8dbe0f480f7ce3abfb0b9d880afa.dicom,False,5,5,True
3142,3141,a48969d2e8f19426f60949458d6fa1b8,train/a48969d2e8f19426f60949458d6fa1b8.dicom,False,3,3,True
3143,3142,a48b09b94137d7500ba23cfc72c990fa,train/a48b09b94137d7500ba23cfc72c990fa.dicom,False,9,9,True
3144,3143,a4a33bef990b7fac8876f44f26b06bbb,train/a4a33bef990b7fac8876f44f26b06bbb.dicom,False,8,8,True
3145,3144,a4ad3a5adfa6a22174acffb59997e1ee,train/a4ad3a5adfa6a22174acffb59997e1ee.dicom,True,0,0,True
3146,3145,a4b41309551add1836dd1f0e96e7c594,train/a4b41309551add1836dd1f0e96e7c594.dicom,False,4,4,True
3147,3146,a4bc2e88a21b0cc1bb3a7b6645c739f2,train/a4bc2e88a21b0cc1bb3a7b6645c739f2.dicom,True,0,0,True
3148,3147,a4bf2029dfdd687dd7b4567b159a4121,train/a4bf2029dfdd687dd7b4567b159a4121.dicom,False,7,7,True
3149,3148,a4c71296aa5ce5ac4f5d4b244dfd0a11,train/a4c71296aa5ce5ac4f5d4b244dfd0a11.dicom,False,5,5,True
3150,3149,a4ce4aaed43f660e1055d6f30e4da63f,train/a4ce4aaed43f660e1055d6f30e4da63f.dicom,False,6,6,True
3151,3150,a4e2a5e09a4a18d87207901815df0475,train/a4e2a5e09a4a18d87207901815df0475.dicom,False,4,4,True
3152,3151,a4e387b2c288194660b20ca771d16ad6,train/a4e387b2c288194660b20ca771d16ad6.dicom,False,6,6,True
3153,3152,a4eb90d17d4a800bd78648862de879fa,train/a4eb90d17d4a800bd78648862de879fa.dicom,False,6,6,True
3154,3153,a4fc9faa46af26c5fc462772d88d0af3,train/a4fc9faa46af26c5fc462772d88d0af3.dicom,False,19,19,True
3155,3154,a52d6fa5d0fad69daf5cfadd32115bf1,train/a52d6fa5d0fad69daf5cfadd32115bf1.dicom,True,0,0,True
3156,3155,a534ccaabf172ce675cfa296a26656de,train/a534ccaabf172ce675cfa296a26656de.dicom,False,7,7,True
3157,3156,a537060564b5e08c80f46362deb565e8,train/a537060564b5e08c80f46362deb565e8.dicom,False,19,19,True
3158,3157,a54dadab8f6cc14103878d99092d2b7a,train/a54dadab8f6cc14103878d99092d2b7a.dicom,False,7,7,True
3159,3158,a593d4aa6d8d9dbe2139c6c3889535eb,train/a593d4aa6d8d9dbe2139c6c3889535eb.dicom,False,12,12,True
3160,3159,a5a2a3b02ccb9c3145d553d269e4b0b8,train/a5a2a3b02ccb9c3145d553d269e4b0b8.dicom,False,8,8,True
3161,3160,a5a68ae68617df1b6362ed51973e1338,train/a5a68ae68617df1b6362ed51973e1338.dicom,False,10,10,True
3162,3161,a5ac5264ecd49bbdb58c894c100eacdf,train/a5ac5264ecd49bbdb58c894c100eacdf.dicom,False,10,10,True
3163,3162,a5ae36dfad78f8734605d73781b02f3b,train/a5ae36dfad78f8734605d73781b02f3b.dicom,False,5,5,True
3164,3163,a5b4a4f3010769a3601c845983ee0826,train/a5b4a4f3010769a3601c845983ee0826.dicom,False,8,8,True
3165,3164,a5bdf59cbdda3f531f057d3c1840fef1,train/a5bdf59cbdda3f531f057d3c1840fef1.dicom,False,8,8,True
3166,3165,a5beb1c44c49e97f1f46e5071c5c38e8,train/a5beb1c44c49e97f1f46e5071c5c38e8.dicom,False,14,14,True
3167,3166,a5c5bca04df42e9949aa48cee3ad67c7,train/a5c5bca04df42e9949aa48cee3ad67c7.dicom,False,13,13,True
3168,3167,a5c7b10a238b041fc8d10afd9cc12569,train/a5c7b10a238b041fc8d10afd9cc12569.dicom,False,8,8,True
3169,3168,a5ce7ccf65c0e89f0a4f31e252d5b071,train/a5ce7ccf65c0e89f0a4f31e252d5b071.dicom,True,0,0,True
3170,3169,a5dd0a76a5253cbd34b9365c78e44110,train/a5dd0a76a5253cbd34b9365c78e44110.dicom,False,4,4,True
3171,3170,a5dfcc60924b58142b382c753ef1c07e,train/a5dfcc60924b58142b382c753ef1c07e.dicom,True,0,0,True
3172,3171,a5e363abd637698b9113973ccd5c663e,train/a5e363abd637698b9113973ccd5c663e.dicom,False,6,6,True
3173,3172,a5e985887d6db5408eeac67bcdf771c6,train/a5e985887d6db5408eeac67bcdf771c6.dicom,False,8,8,True
3174,3173,a5ef63166c0cc0acf772a7f06ef54fac,train/a5ef63166c0cc0acf772a7f06ef54fac.dicom,False,7,7,True
3175,3174,a616c36ec79f99dfa8ec9eafaf12ecfa,train/a616c36ec79f99dfa8ec9eafaf12ecfa.dicom,False,4,4,True
3176,3175,a61be8051f02ec494ed40696e988f6d1,train/a61be8051f02ec494ed40696e988f6d1.dicom,False,5,5,True
3177,3176,a62197f08a9d755712d126c4c8c93541,train/a62197f08a9d755712d126c4c8c93541.dicom,False,6,6,True
3178,3177,a629d0f2bd9dfde3991ef4aec75e1c8e,train/a629d0f2bd9dfde3991ef4aec75e1c8e.dicom,False,13,13,True
3179,3178,a6309e7373450069baaec7802ec8b244,train/a6309e7373450069baaec7802ec8b244.dicom,False,5,5,True
3180,3179,a6317cca482e4c5e020ab5e4c94fe921,train/a6317cca482e4c5e020ab5e4c94fe921.dicom,True,0,0,True
3181,3180,a63b427ef8132749b8f71c66983d3231,train/a63b427ef8132749b8f71c66983d3231.dicom,False,8,8,True
3182,3181,a6541e2d7a4e09d6c1bdee83632bf781,train/a6541e2d7a4e09d6c1bdee83632bf781.dicom,False,11,11,True
3183,3182,a655a71a3cddecea703e954e8e23cccc,train/a655a71a3cddecea703e954e8e23cccc.dicom,True,0,0,True
3184,3183,a657a8af7862982643a765365d051f81,train/a657a8af7862982643a765365d051f81.dicom,False,3,3,True
3185,3184,a65b19420087f574983a8adec9906c16,train/a65b19420087f574983a8adec9906c16.dicom,True,0,0,True
3186,3185,a66524d3706dae7e6bb8f669cbea99d6,train/a66524d3706dae7e6bb8f669cbea99d6.dicom,False,4,4,True
3187,3186,a673256f7b975e11bf89dbb29f4565b9,train/a673256f7b975e11bf89dbb29f4565b9.dicom,True,0,0,True
3188,3187,a673c55470f775d286249e189896c376,train/a673c55470f775d286249e189896c376.dicom,False,7,7,True
3189,3188,a68dc259352540652c16a30b4ad4c99f,train/a68dc259352540652c16a30b4ad4c99f.dicom,False,10,10,True
3190,3189,a68ee14d5193f59a98c5ff0e150c8174,train/a68ee14d5193f59a98c5ff0e150c8174.dicom,False,21,21,True
3191,3190,a692a1afd469e83448d1148facc77de7,train/a692a1afd469e83448d1148facc77de7.dicom,False,7,7,True
3192,3191,a69592721a2c215f1c77481e0eaf8751,train/a69592721a2c215f1c77481e0eaf8751.dicom,False,8,8,True
3193,3192,a696b0fbd24620e5f86b377968175fd9,train/a696b0fbd24620e5f86b377968175fd9.dicom,False,5,5,True
3194,3193,a6a3e8472da94404496b18198004f698,train/a6a3e8472da94404496b18198004f698.dicom,False,6,6,True
3195,3194,a6adbed163583ebad6e6f761611d02ef,train/a6adbed163583ebad6e6f761611d02ef.dicom,False,5,5,True
3196,3195,a6b6e002c7d2d78f98fe443c1f9af2b4,train/a6b6e002c7d2d78f98fe443c1f9af2b4.dicom,False,6,6,True
3197,3196,a6bcb9f5d59588d699c5aa83cd3039c7,train/a6bcb9f5d59588d699c5aa83cd3039c7.dicom,False,17,17,True
3198,3197,a6be2e43de24f6b2d0b1f908f181cbe5,train/a6be2e43de24f6b2d0b1f908f181cbe5.dicom,False,6,6,True
3199,3198,a6dc083013ac8108bd13fbac28921290,train/a6dc083013ac8108bd13fbac28921290.dicom,False,3,3,True
3200,3199,a6df9baa059b2fd400ee2e0149ae5b87,train/a6df9baa059b2fd400ee2e0149ae5b87.dicom,False,5,5,True
3201,3200,a6ee1589384c418846cc3375e8f0bc45,train/a6ee1589384c418846cc3375e8f0bc45.dicom,False,5,5,True
3202,3201,a6f3b580b96c7912c0c0cbc15da4c9ab,train/a6f3b580b96c7912c0c0cbc15da4c9ab.dicom,False,7,7,True
3203,3202,a71462e25ea94178b2ff97939d7af7ec,train/a71462e25ea94178b2ff97939d7af7ec.dicom,False,6,6,True
3204,3203,a722712967b38150cee4f85dad4230ed,train/a722712967b38150cee4f85dad4230ed.dicom,False,6,6,True
3205,3204,a75ffc1c7b9a233ab869e52d79cefefb,train/a75ffc1c7b9a233ab869e52d79cefefb.dicom,False,18,18,True
3206,3205,a76703a9a5a6459ca0c4ba8407403bc0,train/a76703a9a5a6459ca0c4ba8407403bc0.dicom,False,4,4,True
3207,3206,a76bd15bd83fe8e44ccdfd058d42d4aa,train/a76bd15bd83fe8e44ccdfd058d42d4aa.dicom,False,7,7,True
3208,3207,a77b3f35ace5807fb30ea0515c60d3b6,train/a77b3f35ace5807fb30ea0515c60d3b6.dicom,False,4,4,True
3209,3208,a77bfe2433adc567669ac27ed874b0ed,train/a77bfe2433adc567669ac27ed874b0ed.dicom,False,12,12,True
3210,3209,a782b1a571da89222c8085b9fb6b1df5,train/a782b1a571da89222c8085b9fb6b1df5.dicom,False,11,11,True
3211,3210,a786432eef4d2c8117ae53da8648cbce,train/a786432eef4d2c8117ae53da8648cbce.dicom,False,6,6,True
3212,3211,a78e6dc6978392015fa78795c0aea8a7,train/a78e6dc6978392015fa78795c0aea8a7.dicom,False,14,14,True
3213,3212,a7911c0364a00437dc27f8db4b95980f,train/a7911c0364a00437dc27f8db4b95980f.dicom,False,5,5,True
3214,3213,a79d59f6ca2b10cf2d51ed7ecbbb8bef,train/a79d59f6ca2b10cf2d51ed7ecbbb8bef.dicom,False,4,4,True
3215,3214,a7ae31b4052444b8f576b657b1753445,train/a7ae31b4052444b8f576b657b1753445.dicom,False,5,5,True
3216,3215,a7b19dd41e8243e343e7a3fde69b9c3e,train/a7b19dd41e8243e343e7a3fde69b9c3e.dicom,False,4,4,True
3217,3216,a7d58a3553702199d37dd2e1279ddadf,train/a7d58a3553702199d37dd2e1279ddadf.dicom,False,5,5,True
3218,3217,a7dae5a9e0ee3afd267ae9a5ebca1c11,train/a7dae5a9e0ee3afd267ae9a5ebca1c11.dicom,False,6,6,True
3219,3218,a7e65af70639bcbe5abc17ed529ab765,train/a7e65af70639bcbe5abc17ed529ab765.dicom,False,7,7,True
3220,3219,a7eaf74178c4aca851e331b2c8503ff1,train/a7eaf74178c4aca851e331b2c8503ff1.dicom,False,8,8,True
3221,3220,a7edba318fa3305ec4118eb7e0091140,train/a7edba318fa3305ec4118eb7e0091140.dicom,False,5,5,True
3222,3221,a7f1d66c0930fc471b6723dec24d707f,train/a7f1d66c0930fc471b6723dec24d707f.dicom,False,6,6,True
3223,3222,a8234567b95c404365745b9fb0f4859e,train/a8234567b95c404365745b9fb0f4859e.dicom,False,4,4,True
3224,3223,a824f7f43552c3af8d846dd1cc0f0c11,train/a824f7f43552c3af8d846dd1cc0f0c11.dicom,False,13,13,True
3225,3224,a838e79ba2e9716bc790a76f7ae1c94e,train/a838e79ba2e9716bc790a76f7ae1c94e.dicom,False,10,10,True
3226,3225,a83a592882c4d218a715673ee31cc5fb,train/a83a592882c4d218a715673ee31cc5fb.dicom,False,3,3,True
3227,3226,a84777df727ba6ea0d556e914e83e530,train/a84777df727ba6ea0d556e914e83e530.dicom,False,5,5,True
3228,3227,a847bdede3ab373ca4e2ab6199dc569f,train/a847bdede3ab373ca4e2ab6199dc569f.dicom,False,6,6,True
3229,3228,a84c5a7adea6bbde88dc2ac6747ca443,train/a84c5a7adea6bbde88dc2ac6747ca443.dicom,False,4,4,True
3230,3229,a84fae30f42f9978cfd9fcaf91544792,train/a84fae30f42f9978cfd9fcaf91544792.dicom,True,0,0,True
3231,3230,a856ceb08a968a90562df73417bdc1d8,train/a856ceb08a968a90562df73417bdc1d8.dicom,False,4,4,True
3232,3231,a8712873fe9accd992e9b306cf2d1f25,train/a8712873fe9accd992e9b306cf2d1f25.dicom,False,8,8,True
3233,3232,a8750c349b5dac834473304bad0f2877,train/a8750c349b5dac834473304bad0f2877.dicom,False,6,6,True
3234,3233,a87dc1505bcdb64c00c84b096799bdab,train/a87dc1505bcdb64c00c84b096799bdab.dicom,False,5,5,True
3235,3234,a8845638da074eb2496b1fd2dda75071,train/a8845638da074eb2496b1fd2dda75071.dicom,False,3,3,True
3236,3235,a8887bae37bd218a89be7a6e2dc1499b,train/a8887bae37bd218a89be7a6e2dc1499b.dicom,True,0,0,True
3237,3236,a8ae76a6902d594f90596f039ffca026,train/a8ae76a6902d594f90596f039ffca026.dicom,False,7,7,True
3238,3237,a8bc630e9b4f2cc1a94468143ed35428,train/a8bc630e9b4f2cc1a94468143ed35428.dicom,False,6,6,True
3239,3238,a8d3a6a443563d90270c2d0c790b925f,train/a8d3a6a443563d90270c2d0c790b925f.dicom,False,4,4,True
3240,3239,a8d64d95235580532652f69ce634b687,train/a8d64d95235580532652f69ce634b687.dicom,False,5,5,True
3241,3240,a8db71e482a4dc2e83a1f5eecd9568cc,train/a8db71e482a4dc2e83a1f5eecd9568cc.dicom,False,6,6,True
3242,3241,a8dd1496dde8d6f63316c8ec2a823b38,train/a8dd1496dde8d6f63316c8ec2a823b38.dicom,False,8,8,True
3243,3242,a8f1ef14b75d62f292591997909c258c,train/a8f1ef14b75d62f292591997909c258c.dicom,False,3,3,True
3244,3243,a9029c62f52fcd875b4e40d85b0d3b2a,train/a9029c62f52fcd875b4e40d85b0d3b2a.dicom,False,9,9,True
3245,3244,a90c09c0b59115253c982074694b3972,train/a90c09c0b59115253c982074694b3972.dicom,True,0,0,True
3246,3245,a9109d137db24859730111a8b8c3996a,train/a9109d137db24859730111a8b8c3996a.dicom,True,0,0,True
3247,3246,a9141690efddf683c82a9d90af347ab1,train/a9141690efddf683c82a9d90af347ab1.dicom,False,6,6,True
3248,3247,a914589fe6b948522475f7bf7e7b1136,train/a914589fe6b948522475f7bf7e7b1136.dicom,False,10,10,True
3249,3248,a93d6d3861a432fd2d85d8b41448daf4,train/a93d6d3861a432fd2d85d8b41448daf4.dicom,False,5,5,True
3250,3249,a946684583c7bf346b18e1d69d17e9cf,train/a946684583c7bf346b18e1d69d17e9cf.dicom,False,12,12,True
3251,3250,a94ecf839c2405342ebcb57648444e2a,train/a94ecf839c2405342ebcb57648444e2a.dicom,False,18,18,True
3252,3251,a95d641ac8ee1a9f186cd0b8c0dca7ef,train/a95d641ac8ee1a9f186cd0b8c0dca7ef.dicom,False,6,6,True
3253,3252,a961a6c1687700c95124510bbffef266,train/a961a6c1687700c95124510bbffef266.dicom,False,12,12,True
3254,3253,a9833de8a15ca2840b3bf23d4f6226ef,train/a9833de8a15ca2840b3bf23d4f6226ef.dicom,True,0,0,True
3255,3254,a98bf3259fda4941663b88ff1efc7625,train/a98bf3259fda4941663b88ff1efc7625.dicom,True,0,0,True
3256,3255,a99265d8c1d5b7759b7be824d3828ae5,train/a99265d8c1d5b7759b7be824d3828ae5.dicom,False,4,4,True
3257,3256,a995b7251057480098c9c9d34b615b2a,train/a995b7251057480098c9c9d34b615b2a.dicom,False,8,8,True
3258,3257,a99a720cab88405baaf789e85ce20c45,train/a99a720cab88405baaf789e85ce20c45.dicom,False,9,9,True
3259,3258,a9a29ae5fc19afe7e720cf97be94160f,train/a9a29ae5fc19afe7e720cf97be94160f.dicom,False,6,6,True
3260,3259,a9a8fc1deb941099c0b729d566926d5b,train/a9a8fc1deb941099c0b729d566926d5b.dicom,False,3,3,True
3261,3260,a9ab4843564feecfc052a300af02cf71,train/a9ab4843564feecfc052a300af02cf71.dicom,False,5,5,True
3262,3261,a9ace70f0331bf293ca1fb56f40af36e,train/a9ace70f0331bf293ca1fb56f40af36e.dicom,False,9,9,True
3263,3262,a9b3444f50e7ab612641a6fe1e4f8cb9,train/a9b3444f50e7ab612641a6fe1e4f8cb9.dicom,False,17,17,True
3264,3263,a9cc2f2d386fc3de3d20da289cdce689,train/a9cc2f2d386fc3de3d20da289cdce689.dicom,False,8,8,True
3265,3264,a9d588e278a7f8a681c1160a32e1673a,train/a9d588e278a7f8a681c1160a32e1673a.dicom,False,8,8,True
3266,3265,a9d62204bf898b94d63107c6f51893ca,train/a9d62204bf898b94d63107c6f51893ca.dicom,False,5,5,True
3267,3266,a9ed4b5aaf129325369ebae1cfd5e321,train/a9ed4b5aaf129325369ebae1cfd5e321.dicom,False,11,11,True
3268,3267,a9f2816d377349f221a96f46c728d36e,train/a9f2816d377349f221a96f46c728d36e.dicom,False,10,10,True
3269,3268,aa08370eb6114a474adfd0accb6a7238,train/aa08370eb6114a474adfd0accb6a7238.dicom,False,5,5,True
3270,3269,aa0a24df022cd97cc1dff4f7ea2131cc,train/aa0a24df022cd97cc1dff4f7ea2131cc.dicom,False,4,4,True
3271,3270,aa12ea6652b3b8bea37df74e4e127e8f,train/aa12ea6652b3b8bea37df74e4e127e8f.dicom,False,8,8,True
3272,3271,aa1ebd488f7f3cab0aa784073b0a9d70,train/aa1ebd488f7f3cab0aa784073b0a9d70.dicom,False,7,7,True
3273,3272,aa3535cb70d8142fdbdac165de546a8c,train/aa3535cb70d8142fdbdac165de546a8c.dicom,False,14,14,True
3274,3273,aa4370e72e37cb955a24369f7fc9f35f,train/aa4370e72e37cb955a24369f7fc9f35f.dicom,False,9,9,True
3275,3274,aa7fd75c84c03f4eec5b9e0468043d68,train/aa7fd75c84c03f4eec5b9e0468043d68.dicom,False,8,8,True
3276,3275,aa84f25fcbe7ca4ff31053a0a7de0f9a,train/aa84f25fcbe7ca4ff31053a0a7de0f9a.dicom,False,6,6,True
3277,3276,aa89a83d50a147e44d6dc72893f01fef,train/aa89a83d50a147e44d6dc72893f01fef.dicom,False,15,15,True
3278,3277,aa91a19616d9ea16284536f902a58b92,train/aa91a19616d9ea16284536f902a58b92.dicom,False,4,4,True
3279,3278,aa974c2b6ea5fcf05bab269a9c9d4437,train/aa974c2b6ea5fcf05bab269a9c9d4437.dicom,False,8,8,True
3280,3279,aaae825ac199f7a07b03af4622b1746e,train/aaae825ac199f7a07b03af4622b1746e.dicom,False,3,3,True
3281,3280,aab340b68fb6481774913dd75523e15e,train/aab340b68fb6481774913dd75523e15e.dicom,False,6,6,True
3282,3281,aabbf5ce0173007aaba2e6df836b10ea,train/aabbf5ce0173007aaba2e6df836b10ea.dicom,False,15,15,True
3283,3282,aabc4acd6a8f6c27828a11701675a6e7,train/aabc4acd6a8f6c27828a11701675a6e7.dicom,False,14,14,True
3284,3283,aac515fae9d93ada4abddab6b1118aae,train/aac515fae9d93ada4abddab6b1118aae.dicom,True,0,0,True
3285,3284,aac7be2bd0b4a2eeea474ffeac78ad13,train/aac7be2bd0b4a2eeea474ffeac78ad13.dicom,False,17,17,True
3286,3285,aacb56677ce974f054fdb59c5c39af10,train/aacb56677ce974f054fdb59c5c39af10.dicom,False,6,6,True
3287,3286,aad2e740715e926cee0a56a56efa26db,train/aad2e740715e926cee0a56a56efa26db.dicom,False,7,7,True
3288,3287,aadca4c2d680af0c23325b0f16cedb97,train/aadca4c2d680af0c23325b0f16cedb97.dicom,True,0,0,True
3289,3288,aae2387bb66db167eed5051e14ca784c,train/aae2387bb66db167eed5051e14ca784c.dicom,False,6,6,True
3290,3289,aae2c7e023bb6b4d9df30fda884d7b15,train/aae2c7e023bb6b4d9df30fda884d7b15.dicom,False,5,5,True
3291,3290,aae8f5574784d4343ab50b4f0cef671d,train/aae8f5574784d4343ab50b4f0cef671d.dicom,False,6,6,True
3292,3291,aaef6f8db63b90e24660b8d788103ff6,train/aaef6f8db63b90e24660b8d788103ff6.dicom,False,11,11,True
3293,3292,aaf7eca124ab4fd9fc5b7d842a0dfca7,train/aaf7eca124ab4fd9fc5b7d842a0dfca7.dicom,False,3,3,True
3294,3293,ab11a974837f5313912804939bfae79e,train/ab11a974837f5313912804939bfae79e.dicom,False,20,20,True
3295,3294,ab1b8d362de0b272def82e68b7bdc718,train/ab1b8d362de0b272def82e68b7bdc718.dicom,False,3,3,True
3296,3295,ab2f860cddd3f85410d8cbc3280dbdd6,train/ab2f860cddd3f85410d8cbc3280dbdd6.dicom,False,7,7,True
3297,3296,ab2fa61dbfb45bfa62491cd3240a37eb,train/ab2fa61dbfb45bfa62491cd3240a37eb.dicom,False,5,5,True
3298,3297,ab37cbf66e86936027846e53ac03e3c0,train/ab37cbf66e86936027846e53ac03e3c0.dicom,False,5,5,True
3299,3298,ab39f5256d8cd84c1704757c4ae2b49c,train/ab39f5256d8cd84c1704757c4ae2b49c.dicom,False,8,8,True
3300,3299,ab4146d29b600f971b22f88b9852ae0a,train/ab4146d29b600f971b22f88b9852ae0a.dicom,False,10,10,True
3301,3300,ab51ed37f90ea78c93f1e92aa8a9d749,train/ab51ed37f90ea78c93f1e92aa8a9d749.dicom,False,8,8,True
3302,3301,ab5a33b1a98f405f60d41b563e741164,train/ab5a33b1a98f405f60d41b563e741164.dicom,False,6,6,True
3303,3302,ab659f1080296ba99ca110763beb2f72,train/ab659f1080296ba99ca110763beb2f72.dicom,False,11,11,True
3304,3303,ab719171f74e1469b2cb50645ff6b7c7,train/ab719171f74e1469b2cb50645ff6b7c7.dicom,True,0,0,True
3305,3304,ab730707fed0edaf38a9b788b226b9f2,train/ab730707fed0edaf38a9b788b226b9f2.dicom,False,20,20,True
3306,3305,ab7c4fd74b4be8ccb135dad2ae7de2c3,train/ab7c4fd74b4be8ccb135dad2ae7de2c3.dicom,True,0,0,True
3307,3306,ab8276dba30d7268b96c07a0fff9bbdb,train/ab8276dba30d7268b96c07a0fff9bbdb.dicom,False,14,14,True
3308,3307,ab92572887da3377ccc7d68f10407b5d,train/ab92572887da3377ccc7d68f10407b5d.dicom,False,4,4,True
3309,3308,ab9d58c665c19627affd36ec20815090,train/ab9d58c665c19627affd36ec20815090.dicom,False,10,10,True
3310,3309,aba445ebea68177bc4f3a519ee27daff,train/aba445ebea68177bc4f3a519ee27daff.dicom,False,8,8,True
3311,3310,aba91dac22aa6142a169a002c81fb49e,train/aba91dac22aa6142a169a002c81fb49e.dicom,False,7,7,True
3312,3311,abac6c7bdaf2149035157fd02883dbcd,train/abac6c7bdaf2149035157fd02883dbcd.dicom,False,9,9,True
3313,3312,abad0d103508405be6dceb70b2b3d5ec,train/abad0d103508405be6dceb70b2b3d5ec.dicom,False,5,5,True
3314,3313,abb91bdaa9d02f50bde1eaa88e13afab,train/abb91bdaa9d02f50bde1eaa88e13afab.dicom,False,9,9,True
3315,3314,abef2c15f19cc4822c9aac666cafe144,train/abef2c15f19cc4822c9aac666cafe144.dicom,False,3,3,True
3316,3315,abffa843a8032bc9d0fd85b85ee99ca3,train/abffa843a8032bc9d0fd85b85ee99ca3.dicom,False,17,17,True
3317,3316,ac023841616ad1f665c0ce60ba5ed7b5,train/ac023841616ad1f665c0ce60ba5ed7b5.dicom,True,0,0,True
3318,3317,ac07b01154a498c1e5bec041f620fa96,train/ac07b01154a498c1e5bec041f620fa96.dicom,False,4,4,True
3319,3318,ac0d5180cbac66eead6195728563d5e2,train/ac0d5180cbac66eead6195728563d5e2.dicom,True,0,0,True
3320,3319,ac0f6a69e78c3adae6905693914ba80f,train/ac0f6a69e78c3adae6905693914ba80f.dicom,False,7,7,True
3321,3320,ac1d94eefdeeb76ee96e56b8856f7209,train/ac1d94eefdeeb76ee96e56b8856f7209.dicom,False,22,22,True
3322,3321,ac2383f94e250feb34c72b4851cd4a11,train/ac2383f94e250feb34c72b4851cd4a11.dicom,False,6,6,True
3323,3322,ac2a615b3861212f9a2ada6acd077fd9,train/ac2a615b3861212f9a2ada6acd077fd9.dicom,False,8,8,True
3324,3323,ac3e0af6a22d73ed96f05d43037a1e7a,train/ac3e0af6a22d73ed96f05d43037a1e7a.dicom,False,4,4,True
3325,3324,ac48248c4e0441f92f2e5b55048bf73f,train/ac48248c4e0441f92f2e5b55048bf73f.dicom,False,3,3,True
3326,3325,ac74ec4ce879ddfe2cb00be038821457,train/ac74ec4ce879ddfe2cb00be038821457.dicom,False,8,8,True
3327,3326,ac752b0b8cc19def83152828e39ddc71,train/ac752b0b8cc19def83152828e39ddc71.dicom,False,4,4,True
3328,3327,ac77155e8aea752d32fb1448c99a533b,train/ac77155e8aea752d32fb1448c99a533b.dicom,False,7,7,True
3329,3328,ac84f263701e0d8668a47ac3e59e4e48,train/ac84f263701e0d8668a47ac3e59e4e48.dicom,False,10,10,True
3330,3329,ac98e2021c6cb0e87d323a712ae1276d,train/ac98e2021c6cb0e87d323a712ae1276d.dicom,False,6,6,True
3331,3330,acb556c64a4b230f77a02103b34afe7a,train/acb556c64a4b230f77a02103b34afe7a.dicom,False,10,10,True
3332,3331,acc6529ff7e03c2a225fd1ddb5319db8,train/acc6529ff7e03c2a225fd1ddb5319db8.dicom,False,9,9,True
3333,3332,acc7065e73590820d1fa944488092d59,train/acc7065e73590820d1fa944488092d59.dicom,False,6,6,True
3334,3333,acd377b981077dfd46028b37d3efb502,train/acd377b981077dfd46028b37d3efb502.dicom,False,12,12,True
3335,3334,ace398a669b2e39eb12fdd80d5e526a1,train/ace398a669b2e39eb12fdd80d5e526a1.dicom,False,9,9,True
3336,3335,acf300f2bafea4a7050e1189c1419c7e,train/acf300f2bafea4a7050e1189c1419c7e.dicom,False,6,6,True
3337,3336,acf77cd6d5785f7f95c041f350c9d017,train/acf77cd6d5785f7f95c041f350c9d017.dicom,False,23,23,True
3338,3337,acfda6253dc16e15950cbd4622395528,train/acfda6253dc16e15950cbd4622395528.dicom,False,6,6,True
3339,3338,ad0fa9668da66d13e4d8cdbd7d9b215c,train/ad0fa9668da66d13e4d8cdbd7d9b215c.dicom,False,11,11,True
3340,3339,ad14d47f4b21f0c9d8f47c9570e6135e,train/ad14d47f4b21f0c9d8f47c9570e6135e.dicom,False,6,6,True
3341,3340,ad21e3f856bd69daf2ee8b6699bd32cf,train/ad21e3f856bd69daf2ee8b6699bd32cf.dicom,False,6,6,True
3342,3341,ad24d94862a28b03fed0deb2030a311d,train/ad24d94862a28b03fed0deb2030a311d.dicom,False,6,6,True
3343,3342,ad2a12be7e44277e041c435e8b526632,train/ad2a12be7e44277e041c435e8b526632.dicom,False,12,12,True
3344,3343,ad52065fa03e78f1a4d5046e8434ec1f,train/ad52065fa03e78f1a4d5046e8434ec1f.dicom,False,7,7,True
3345,3344,ad58ac84f676ff6813a5df7a0057829b,train/ad58ac84f676ff6813a5df7a0057829b.dicom,False,10,10,True
3346,3345,ad59955ebf23a15362787e6407e31deb,train/ad59955ebf23a15362787e6407e31deb.dicom,True,0,0,True
3347,3346,ad65ef4667adaa5e3bc774ad80158540,train/ad65ef4667adaa5e3bc774ad80158540.dicom,False,5,5,True
3348,3347,ad6e1fe898fb41a7c76718428f7c80a9,train/ad6e1fe898fb41a7c76718428f7c80a9.dicom,False,7,7,True
3349,3348,ad74c895feae8a322c54bbce08626812,train/ad74c895feae8a322c54bbce08626812.dicom,False,9,9,True
3350,3349,ad7ccd5224c39c8f0c6675044e95f185,train/ad7ccd5224c39c8f0c6675044e95f185.dicom,False,9,9,True
3351,3350,ad86f42123384e2441cce36347aa7d1a,train/ad86f42123384e2441cce36347aa7d1a.dicom,False,13,13,True
3352,3351,ada5ba2e729f9b4518de5a6bc31e1eca,train/ada5ba2e729f9b4518de5a6bc31e1eca.dicom,False,8,8,True
3353,3352,adaf0261d0c111e5928ba94ab6b36e2d,train/adaf0261d0c111e5928ba94ab6b36e2d.dicom,False,4,4,True
3354,3353,adbdf73b309ebdd0b0adcbcfed6c88f7,train/adbdf73b309ebdd0b0adcbcfed6c88f7.dicom,False,3,3,True
3355,3354,adc01b67d1d426c270e7d2f26bfa71ef,train/adc01b67d1d426c270e7d2f26bfa71ef.dicom,True,0,0,True
3356,3355,adc6f4b5339f7178055838776bf49dd7,train/adc6f4b5339f7178055838776bf49dd7.dicom,False,3,3,True
3357,3356,add6e79a3c93a11bdd9a74886b480840,train/add6e79a3c93a11bdd9a74886b480840.dicom,False,7,7,True
3358,3357,adec73c9152d88ac38c830602cd8b1ad,train/adec73c9152d88ac38c830602cd8b1ad.dicom,False,3,3,True
3359,3358,ae127045cca13da6dbfee11df1f08c7e,train/ae127045cca13da6dbfee11df1f08c7e.dicom,False,15,15,True
3360,3359,ae2ee40dc4a0a53a87e85f1b3f9e159a,train/ae2ee40dc4a0a53a87e85f1b3f9e159a.dicom,False,9,9,True
3361,3360,ae3382840414ce4de46c3827674b9709,train/ae3382840414ce4de46c3827674b9709.dicom,False,16,16,True
3362,3361,ae36d480c2a2fc78c9ff95f4266bd059,train/ae36d480c2a2fc78c9ff95f4266bd059.dicom,False,8,8,True
3363,3362,ae5cec1517ab3e82c5374e4c6219a17d,train/ae5cec1517ab3e82c5374e4c6219a17d.dicom,False,5,5,True
3364,3363,ae6dd2d7f46bb9d1d2f9e4a9917dc151,train/ae6dd2d7f46bb9d1d2f9e4a9917dc151.dicom,False,4,4,True
3365,3364,ae7e40fec9afc78a66a48232532faa07,train/ae7e40fec9afc78a66a48232532faa07.dicom,False,6,6,True
3366,3365,ae93342f946e59b019b3554610c6f760,train/ae93342f946e59b019b3554610c6f760.dicom,False,6,6,True
3367,3366,ae995f3866b1bd3f06dc4d713407a0be,train/ae995f3866b1bd3f06dc4d713407a0be.dicom,False,6,6,True
3368,3367,ae9d5b3baccd0f0f32f178b85aa868ff,train/ae9d5b3baccd0f0f32f178b85aa868ff.dicom,False,10,10,True
3369,3368,ae9d832badb7dcd02d2e8cfbcf128ce6,train/ae9d832badb7dcd02d2e8cfbcf128ce6.dicom,False,3,3,True
3370,3369,aea448a9f33bf9919de6c74e0aa488e7,train/aea448a9f33bf9919de6c74e0aa488e7.dicom,False,5,5,True
3371,3370,aef156a41ae971bfabc47f28d1c81dc9,train/aef156a41ae971bfabc47f28d1c81dc9.dicom,False,4,4,True
3372,3371,aefca6fbdab82ce59b2c7cceed75d062,train/aefca6fbdab82ce59b2c7cceed75d062.dicom,False,9,9,True
3373,3372,af201da8a5f8354c4c3291995d5cbafd,train/af201da8a5f8354c4c3291995d5cbafd.dicom,False,6,6,True
3374,3373,af274ab115b34a7c0eca41ed997fd214,train/af274ab115b34a7c0eca41ed997fd214.dicom,False,3,3,True
3375,3374,af3c3d9f70164856281f8f3444483100,train/af3c3d9f70164856281f8f3444483100.dicom,False,7,7,True
3376,3375,af4ab9c77eca05d706b877bb52a23303,train/af4ab9c77eca05d706b877bb52a23303.dicom,False,3,3,True
3377,3376,af4c1f381399cfac17a6e0b983261a4e,train/af4c1f381399cfac17a6e0b983261a4e.dicom,False,6,6,True
3378,3377,af4f5a12b32b5d76951f3994cd7e9ad6,train/af4f5a12b32b5d76951f3994cd7e9ad6.dicom,False,19,19,True
3379,3378,af545c8cabc4dec52e5dbc7698876869,train/af545c8cabc4dec52e5dbc7698876869.dicom,False,3,3,True
3380,3379,af66878efd9bd33140109790f78ca297,train/af66878efd9bd33140109790f78ca297.dicom,False,5,5,True
3381,3380,af793b61efb4ac8fba4bc62475506e23,train/af793b61efb4ac8fba4bc62475506e23.dicom,False,16,16,True
3382,3381,af7bc6de796b5a2399c962fead126547,train/af7bc6de796b5a2399c962fead126547.dicom,False,4,4,True
3383,3382,af9a9224cf1f0dd1bacdb95a1b8ea36b,train/af9a9224cf1f0dd1bacdb95a1b8ea36b.dicom,False,16,16,True
3384,3383,af9e637ceefdd477dd305fe750ff75b5,train/af9e637ceefdd477dd305fe750ff75b5.dicom,False,9,9,True
3385,3384,afa4de6570c31504ba4b77978377ccc9,train/afa4de6570c31504ba4b77978377ccc9.dicom,False,4,4,True
3386,3385,afb41a2217d37b54f0427fc1c69336be,train/afb41a2217d37b54f0427fc1c69336be.dicom,False,6,6,True
3387,3386,afb6230703512afc370f236e8fe98806,train/afb6230703512afc370f236e8fe98806.dicom,False,17,17,True
3388,3387,afb8601b20f73b8ca44fbb72ceb39a1a,train/afb8601b20f73b8ca44fbb72ceb39a1a.dicom,False,9,9,True
3389,3388,afb8a317a1c70191a4169cf5dd4e1da6,train/afb8a317a1c70191a4169cf5dd4e1da6.dicom,False,5,5,True
3390,3389,afcbed04ed7232fb28279ef81f7c4bc1,train/afcbed04ed7232fb28279ef81f7c4bc1.dicom,False,8,8,True
3391,3390,afd8ce1c8c525815a5f2709dcf072c70,train/afd8ce1c8c525815a5f2709dcf072c70.dicom,True,0,0,True
3392,3391,afe9c9c0bcc2c72f4fab87d9bc63cc8e,train/afe9c9c0bcc2c72f4fab87d9bc63cc8e.dicom,False,7,7,True
3393,3392,afea04a48a160dbd7418423e6bc4f243,train/afea04a48a160dbd7418423e6bc4f243.dicom,False,6,6,True
3394,3393,aff45c4a432e02d85ff83fc3de55cbb9,train/aff45c4a432e02d85ff83fc3de55cbb9.dicom,False,14,14,True
3395,3394,b0065509f042f4a2ac97481b6c7c0dc5,train/b0065509f042f4a2ac97481b6c7c0dc5.dicom,True,0,0,True
3396,3395,b01037a08ba72220deddf845bfd02466,train/b01037a08ba72220deddf845bfd02466.dicom,False,11,11,True
3397,3396,b022e92b9271babbc6a7a734fd7b77cc,train/b022e92b9271babbc6a7a734fd7b77cc.dicom,False,4,4,True
3398,3397,b0262bc4aa5a47704a3c3d1cbc150bd4,train/b0262bc4aa5a47704a3c3d1cbc150bd4.dicom,False,8,8,True
3399,3398,b065d3b4da92b8015b47224341661fd8,train/b065d3b4da92b8015b47224341661fd8.dicom,False,11,11,True
3400,3399,b06c6e447980a2561175026ad10ae04d,train/b06c6e447980a2561175026ad10ae04d.dicom,False,7,7,True
3401,3400,b08d54426c6af35ea469ecb63d047fbc,train/b08d54426c6af35ea469ecb63d047fbc.dicom,False,10,10,True
3402,3401,b0a52e18d443efb28d082f0ae8e7b893,train/b0a52e18d443efb28d082f0ae8e7b893.dicom,False,13,13,True
3403,3402,b0bef1b57611726c4b0c636264fe5061,train/b0bef1b57611726c4b0c636264fe5061.dicom,False,6,6,True
3404,3403,b0c015954f4b80fddd0ed4d105e9e434,train/b0c015954f4b80fddd0ed4d105e9e434.dicom,False,6,6,True
3405,3404,b0c179bc7f39eeb0add4d6e00e51732c,train/b0c179bc7f39eeb0add4d6e00e51732c.dicom,False,7,7,True
3406,3405,b0c31d017d7fb817457a7d9a49b03d6c,train/b0c31d017d7fb817457a7d9a49b03d6c.dicom,False,5,5,True
3407,3406,b0cc2c92c421a86197cf135253e57e51,train/b0cc2c92c421a86197cf135253e57e51.dicom,False,4,4,True
3408,3407,b0ce7cceb5ad859254814cb3f75a33df,train/b0ce7cceb5ad859254814cb3f75a33df.dicom,False,6,6,True
3409,3408,b0df2d378c04b59dbd0f7c20352c35e8,train/b0df2d378c04b59dbd0f7c20352c35e8.dicom,False,8,8,True
3410,3409,b0e76a5226cdee7e8e17b45f117d9ed5,train/b0e76a5226cdee7e8e17b45f117d9ed5.dicom,False,10,10,True
3411,3410,b0f6a0c19f3b18beda2c9197d1c4440b,train/b0f6a0c19f3b18beda2c9197d1c4440b.dicom,False,12,12,True
3412,3411,b0f70ba8840ab9c8f39f37768c97e78d,train/b0f70ba8840ab9c8f39f37768c97e78d.dicom,False,5,5,True
3413,3412,b0f891aceeaa1e6fe1de0fd072389686,train/b0f891aceeaa1e6fe1de0fd072389686.dicom,False,7,7,True
3414,3413,b0ffdd76d9b722fc8720913b34d36d03,train/b0ffdd76d9b722fc8720913b34d36d03.dicom,False,5,5,True
3415,3414,b1061d4cdf14dd101734a129b89a85de,train/b1061d4cdf14dd101734a129b89a85de.dicom,False,7,7,True
3416,3415,b108458c4649e4bc6c85d773f45728ae,train/b108458c4649e4bc6c85d773f45728ae.dicom,False,5,5,True
3417,3416,b10952e32b77bd8acf557d7856856156,train/b10952e32b77bd8acf557d7856856156.dicom,False,4,4,True
3418,3417,b117813585c3d832d90eabc3cce04721,train/b117813585c3d832d90eabc3cce04721.dicom,False,12,12,True
3419,3418,b11960f23db725bb4ba6f6741586a5f7,train/b11960f23db725bb4ba6f6741586a5f7.dicom,False,9,9,True
3420,3419,b127a6da511c3c1d544b54fc52e9c6b7,train/b127a6da511c3c1d544b54fc52e9c6b7.dicom,False,3,3,True
3421,3420,b12b6c605dbf92119ae65310a7bc55d7,train/b12b6c605dbf92119ae65310a7bc55d7.dicom,True,0,0,True
3422,3421,b1317b9c87824f682908a6c503f8d39d,train/b1317b9c87824f682908a6c503f8d39d.dicom,False,6,6,True
3423,3422,b14394ca65966a3ea6e21e9b596d75da,train/b14394ca65966a3ea6e21e9b596d75da.dicom,False,3,3,True
3424,3423,b154780d4c3de6dfedeb1efcb2411575,train/b154780d4c3de6dfedeb1efcb2411575.dicom,False,14,14,True
3425,3424,b17dabf3bf866e22c5c9a342e2412002,train/b17dabf3bf866e22c5c9a342e2412002.dicom,False,7,7,True
3426,3425,b17fa1439061ffd2a0b36e8acd83bc32,train/b17fa1439061ffd2a0b36e8acd83bc32.dicom,False,3,3,True
3427,3426,b18121dc37e2914d7a630c3ac781c9d7,train/b18121dc37e2914d7a630c3ac781c9d7.dicom,False,12,12,True
3428,3427,b18616900ff4b4ec90b24128d309b546,train/b18616900ff4b4ec90b24128d309b546.dicom,False,6,6,True
3429,3428,b19140c03d24dd602afccafbb6485930,train/b19140c03d24dd602afccafbb6485930.dicom,False,5,5,True
3430,3429,b192b0ddffed39cf6894a6beab870f9e,train/b192b0ddffed39cf6894a6beab870f9e.dicom,False,12,12,True
3431,3430,b19ed7f40285fbd541be0bacde17fae3,train/b19ed7f40285fbd541be0bacde17fae3.dicom,False,7,7,True
3432,3431,b1d44013e0b4fab1d38af22901e312c4,train/b1d44013e0b4fab1d38af22901e312c4.dicom,False,16,16,True
3433,3432,b1d599b4bf50932fb66d8a9aaf41ba3e,train/b1d599b4bf50932fb66d8a9aaf41ba3e.dicom,False,5,5,True
3434,3433,b1d7cd4432f36fc46d4e49f01def1cbe,train/b1d7cd4432f36fc46d4e49f01def1cbe.dicom,True,0,0,True
3435,3434,b1deab22cfb50881b47c52daa9993ab3,train/b1deab22cfb50881b47c52daa9993ab3.dicom,False,7,7,True
3436,3435,b1e31fb059b5a49bb70bb4f274c56841,train/b1e31fb059b5a49bb70bb4f274c56841.dicom,False,8,8,True
3437,3436,b1e63a68c95bda1c50667decd3989ca0,train/b1e63a68c95bda1c50667decd3989ca0.dicom,False,7,7,True
3438,3437,b1f71b5ef16dce633e4033237b761cdf,train/b1f71b5ef16dce633e4033237b761cdf.dicom,True,0,0,True
3439,3438,b22bd21cfb3258bad7d934f036c34b5b,train/b22bd21cfb3258bad7d934f036c34b5b.dicom,False,9,9,True
3440,3439,b23548e92d78f28ac323a4609751c152,train/b23548e92d78f28ac323a4609751c152.dicom,False,6,6,True
3441,3440,b23ee0544bba6ed7301111820f8de415,train/b23ee0544bba6ed7301111820f8de415.dicom,False,5,5,True
3442,3441,b2506496d79b479a6b1427288235190c,train/b2506496d79b479a6b1427288235190c.dicom,False,8,8,True
3443,3442,b27c879787934c51d42095098dd313b2,train/b27c879787934c51d42095098dd313b2.dicom,False,8,8,True
3444,3443,b28339816a52309160153d0e27833cef,train/b28339816a52309160153d0e27833cef.dicom,False,15,15,True
3445,3444,b29294e12f7aacc8f31ffa0f13959c3a,train/b29294e12f7aacc8f31ffa0f13959c3a.dicom,True,0,0,True
3446,3445,b293d02e9eb0ddf6f13ae424f3aec2b1,train/b293d02e9eb0ddf6f13ae424f3aec2b1.dicom,False,3,3,True
3447,3446,b29679d2251dd63917530a6eb83e0493,train/b29679d2251dd63917530a6eb83e0493.dicom,False,6,6,True
3448,3447,b2a0d46de6a845624835477b8207cbe8,train/b2a0d46de6a845624835477b8207cbe8.dicom,False,9,9,True
3449,3448,b2a52a18d74c641353762a0c1569a695,train/b2a52a18d74c641353762a0c1569a695.dicom,False,6,6,True
3450,3449,b2c97c1426a846ada2d815a4ecc67893,train/b2c97c1426a846ada2d815a4ecc67893.dicom,False,4,4,True
3451,3450,b2ef37ed5522134cc9ec28895ed4d932,train/b2ef37ed5522134cc9ec28895ed4d932.dicom,False,6,6,True
3452,3451,b305ccbbf99b1f59b9a7edffd46659f1,train/b305ccbbf99b1f59b9a7edffd46659f1.dicom,False,17,17,True
3453,3452,b311e9ad56a71aadfcd8be7009111352,train/b311e9ad56a71aadfcd8be7009111352.dicom,False,10,10,True
3454,3453,b325d5dcf507c8cce2c5de3e9afb2847,train/b325d5dcf507c8cce2c5de3e9afb2847.dicom,False,5,5,True
3455,3454,b32a218326ec600eb1bdc3297eed2c16,train/b32a218326ec600eb1bdc3297eed2c16.dicom,False,4,4,True
3456,3455,b3510302f95f75a91e0fd49e04767f02,train/b3510302f95f75a91e0fd49e04767f02.dicom,False,8,8,True
3457,3456,b355bd7207c70cdc8b499739edaaa8ab,train/b355bd7207c70cdc8b499739edaaa8ab.dicom,False,3,3,True
3458,3457,b3588a07ee672507c31f69109089b805,train/b3588a07ee672507c31f69109089b805.dicom,False,7,7,True
3459,3458,b359c14158afff8ef7d00c59d2211ebc,train/b359c14158afff8ef7d00c59d2211ebc.dicom,True,0,0,True
3460,3459,b366c0801a5f5e8f59fa76b30e67f4ae,train/b366c0801a5f5e8f59fa76b30e67f4ae.dicom,False,5,5,True
3461,3460,b37cd57257591d19366e5a6f23ceb8f6,train/b37cd57257591d19366e5a6f23ceb8f6.dicom,False,6,6,True
3462,3461,b37f9bfd1002374e06d03379807967db,train/b37f9bfd1002374e06d03379807967db.dicom,False,5,5,True
3463,3462,b39a285d468234c4934c6d5489727fa2,train/b39a285d468234c4934c6d5489727fa2.dicom,True,0,0,True
3464,3463,b3c5bcf8d6a3059af4c048169710ffd6,train/b3c5bcf8d6a3059af4c048169710ffd6.dicom,False,4,4,True
3465,3464,b3c7d38fa039c4550491cf77cb52bea8,train/b3c7d38fa039c4550491cf77cb52bea8.dicom,False,10,10,True
3466,3465,b3cc453518cf826875edcd3d5778ee87,train/b3cc453518cf826875edcd3d5778ee87.dicom,False,9,9,True
3467,3466,b3cf4f7aab7e62964dd965e768178e32,train/b3cf4f7aab7e62964dd965e768178e32.dicom,True,0,0,True
3468,3467,b3d1eabc4bb5b66d92f3fae7ddb67b29,train/b3d1eabc4bb5b66d92f3fae7ddb67b29.dicom,False,8,8,True
3469,3468,b3f160c75b16300c0f4a89ce8814d1bc,train/b3f160c75b16300c0f4a89ce8814d1bc.dicom,False,9,9,True
3470,3469,b3f4af84fa71fe204eb105ce430deef3,train/b3f4af84fa71fe204eb105ce430deef3.dicom,True,0,0,True
3471,3470,b403b5824536defcaab0702f29c180a9,train/b403b5824536defcaab0702f29c180a9.dicom,False,5,5,True
3472,3471,b40a6f0ea09c4d305ef296e0d8b73cde,train/b40a6f0ea09c4d305ef296e0d8b73cde.dicom,False,7,7,True
3473,3472,b4105a81821522d6bfe3d18d9b757eb4,train/b4105a81821522d6bfe3d18d9b757eb4.dicom,False,13,13,True
3474,3473,b412dfe3a17da1fe404b67ec756b8a67,train/b412dfe3a17da1fe404b67ec756b8a67.dicom,False,15,15,True
3475,3474,b4148f125cfe78550775272f6b8c965a,train/b4148f125cfe78550775272f6b8c965a.dicom,False,6,6,True
3476,3475,b41de357cd8bbef33ae563b6299f802c,train/b41de357cd8bbef33ae563b6299f802c.dicom,False,3,3,True
3477,3476,b41fd5f3e08360e72cc4d73a83a1b610,train/b41fd5f3e08360e72cc4d73a83a1b610.dicom,False,6,6,True
3478,3477,b42962e103033ae66afb049d00cb477c,train/b42962e103033ae66afb049d00cb477c.dicom,False,15,15,True
3479,3478,b42b72d0fcbdf8b3b811fe219193e397,train/b42b72d0fcbdf8b3b811fe219193e397.dicom,False,3,3,True
3480,3479,b42e930c16c0166dbeae813b47bb8b07,train/b42e930c16c0166dbeae813b47bb8b07.dicom,False,11,11,True
3481,3480,b440269d96e31c7f99b7fd9bcf08eda3,train/b440269d96e31c7f99b7fd9bcf08eda3.dicom,True,0,0,True
3482,3481,b455c6067fa5e154a2c48ac187029022,train/b455c6067fa5e154a2c48ac187029022.dicom,False,14,14,True
3483,3482,b482f72073e73cea73cc82ea02b353da,train/b482f72073e73cea73cc82ea02b353da.dicom,False,5,5,True
3484,3483,b4872c4ae2b5733b5d0c025949d077da,train/b4872c4ae2b5733b5d0c025949d077da.dicom,False,5,5,True
3485,3484,b489964b59d3f6f9070e45a02e469d8b,train/b489964b59d3f6f9070e45a02e469d8b.dicom,False,15,15,True
3486,3485,b48d6f9b38b698b6ac534ec7ded5c4e8,train/b48d6f9b38b698b6ac534ec7ded5c4e8.dicom,False,17,17,True
3487,3486,b493be668f28b801ecaa2278069825eb,train/b493be668f28b801ecaa2278069825eb.dicom,False,8,8,True
3488,3487,b4a7269d3fcbed43638a44892088ac4a,train/b4a7269d3fcbed43638a44892088ac4a.dicom,False,5,5,True
3489,3488,b4b6e377eedea6b7a33ce8958d79fe71,train/b4b6e377eedea6b7a33ce8958d79fe71.dicom,False,14,14,True
3490,3489,b4c00291b57d489dbe6665c789c6d360,train/b4c00291b57d489dbe6665c789c6d360.dicom,False,5,5,True
3491,3490,b4c6f7fd99fa215a9634736b8a0cd5d1,train/b4c6f7fd99fa215a9634736b8a0cd5d1.dicom,False,6,6,True
3492,3491,b4db27f83c152fb40adc9bd6a4e742d8,train/b4db27f83c152fb40adc9bd6a4e742d8.dicom,False,7,7,True
3493,3492,b4dd6dada2ebdf6899c21a3bc081d796,train/b4dd6dada2ebdf6899c21a3bc081d796.dicom,False,6,6,True
3494,3493,b4ed7fedb5fd04e7a72bf8bc2f8aa91c,train/b4ed7fedb5fd04e7a72bf8bc2f8aa91c.dicom,False,4,4,True
3495,3494,b4faf90679534ac80ab9113365203dc0,train/b4faf90679534ac80ab9113365203dc0.dicom,False,9,9,True
3496,3495,b4fc5e0bb44a19fcb308e73639746915,train/b4fc5e0bb44a19fcb308e73639746915.dicom,False,5,5,True
3497,3496,b508112a2b015ec159ce926661b6b23a,train/b508112a2b015ec159ce926661b6b23a.dicom,True,0,0,True
3498,3497,b50d4c9c23a26b4391d508a5d6a32f7a,train/b50d4c9c23a26b4391d508a5d6a32f7a.dicom,False,4,4,True
3499,3498,b527a2b66bb1c7a3c31fd9b1fe665712,train/b527a2b66bb1c7a3c31fd9b1fe665712.dicom,False,10,10,True
3500,3499,b5351b37d8d3944228ff46e9cc7139a4,train/b5351b37d8d3944228ff46e9cc7139a4.dicom,True,0,0,True
3501,3500,b53d1dd80e99ca6bcef9d592f65d3321,train/b53d1dd80e99ca6bcef9d592f65d3321.dicom,False,8,8,True
3502,3501,b552fb1120a4211fd165a73ddb91e6e7,train/b552fb1120a4211fd165a73ddb91e6e7.dicom,False,5,5,True
3503,3502,b5585b9fe48edd5d89069a8d6ca07543,train/b5585b9fe48edd5d89069a8d6ca07543.dicom,False,13,13,True
3504,3503,b55a0fc49ba34ddf21e50dde0f11edca,train/b55a0fc49ba34ddf21e50dde0f11edca.dicom,False,9,9,True
3505,3504,b5632581be1d7da89d9d01a9983c4afa,train/b5632581be1d7da89d9d01a9983c4afa.dicom,False,20,20,True
3506,3505,b576400860f1e271b820f959e8b4b9b8,train/b576400860f1e271b820f959e8b4b9b8.dicom,False,4,4,True
3507,3506,b57763fed61d020d0338a35dd06a4011,train/b57763fed61d020d0338a35dd06a4011.dicom,False,3,3,True
3508,3507,b57e21ea64ba9736e0711bdbbe53c221,train/b57e21ea64ba9736e0711bdbbe53c221.dicom,False,10,10,True
3509,3508,b5822471fa3aef526081f6a64d7bec2f,train/b5822471fa3aef526081f6a64d7bec2f.dicom,False,4,4,True
3510,3509,b58f3853512c47b9d88eca193031b650,train/b58f3853512c47b9d88eca193031b650.dicom,False,5,5,True
3511,3510,b59dc05efd7fe99cc96902b2c04ad8c3,train/b59dc05efd7fe99cc96902b2c04ad8c3.dicom,False,3,3,True
3512,3511,b5a3de338d33d96e3bfa129f7a4172ca,train/b5a3de338d33d96e3bfa129f7a4172ca.dicom,False,3,3,True
3513,3512,b5bd1410c0347b22fba82f6bb6a3a45c,train/b5bd1410c0347b22fba82f6bb6a3a45c.dicom,False,7,7,True
3514,3513,b5be61351d358e354a42633e5d853352,train/b5be61351d358e354a42633e5d853352.dicom,False,8,8,True
3515,3514,b5c56a5624857bd608eeadd16a7f566b,train/b5c56a5624857bd608eeadd16a7f566b.dicom,False,13,13,True
3516,3515,b5e2ebedcb69b842ee6b751e5a4991a8,train/b5e2ebedcb69b842ee6b751e5a4991a8.dicom,False,6,6,True
3517,3516,b5eb86bdfcbce8d8536e608124d0f9ed,train/b5eb86bdfcbce8d8536e608124d0f9ed.dicom,False,6,6,True
3518,3517,b5fa2fc3b3e2a3bbf93884481fb08b74,train/b5fa2fc3b3e2a3bbf93884481fb08b74.dicom,False,6,6,True
3519,3518,b60cac600ed504d8cfe8a669d3e3448f,train/b60cac600ed504d8cfe8a669d3e3448f.dicom,False,6,6,True
3520,3519,b61e3688e902469aeda86709a31c475e,train/b61e3688e902469aeda86709a31c475e.dicom,False,5,5,True
3521,3520,b63468d09854f322d5e371915e5591d0,train/b63468d09854f322d5e371915e5591d0.dicom,False,6,6,True
3522,3521,b66bd49e532dc5b3d043aff504c5f165,train/b66bd49e532dc5b3d043aff504c5f165.dicom,False,10,10,True
3523,3522,b66d58ed04096cca4e4fbb0da6e74592,train/b66d58ed04096cca4e4fbb0da6e74592.dicom,False,6,6,True
3524,3523,b685d041e15fd6b5ffbac258f0673518,train/b685d041e15fd6b5ffbac258f0673518.dicom,False,8,8,True
3525,3524,b691366d6d838d521c053720ef950e54,train/b691366d6d838d521c053720ef950e54.dicom,False,7,7,True
3526,3525,b6acc59400a48d9306c1560daada75ba,train/b6acc59400a48d9306c1560daada75ba.dicom,False,6,6,True
3527,3526,b6b3626c00261d525ff80435fe25eb5b,train/b6b3626c00261d525ff80435fe25eb5b.dicom,False,6,6,True
3528,3527,b6bb5088976d0d3d51f3041b2172cffb,train/b6bb5088976d0d3d51f3041b2172cffb.dicom,False,11,11,True
3529,3528,b6c1ab12c31f8330977696c199b0592a,train/b6c1ab12c31f8330977696c199b0592a.dicom,False,13,13,True
3530,3529,b6c5be2e2facca99c47e133769a065ce,train/b6c5be2e2facca99c47e133769a065ce.dicom,False,7,7,True
3531,3530,b6d81cd3e996c836eeeadcc896afdfe4,train/b6d81cd3e996c836eeeadcc896afdfe4.dicom,False,12,12,True
3532,3531,b6e15b40a6370f847f1cb97f73528068,train/b6e15b40a6370f847f1cb97f73528068.dicom,False,13,13,True
3533,3532,b6e87644b798ae36a29fc57cccf14f8e,train/b6e87644b798ae36a29fc57cccf14f8e.dicom,False,12,12,True
3534,3533,b6ec5b8679737f741fb225e79a849ac9,train/b6ec5b8679737f741fb225e79a849ac9.dicom,False,9,9,True
3535,3534,b6f07c3256419d2afece328ae2f7ebc5,train/b6f07c3256419d2afece328ae2f7ebc5.dicom,False,5,5,True
3536,3535,b6f4abe4d21f1e44827e26f640f626bc,train/b6f4abe4d21f1e44827e26f640f626bc.dicom,True,0,0,True
3537,3536,b71274108d1bfb8bf7a96b8f512da72b,train/b71274108d1bfb8bf7a96b8f512da72b.dicom,False,12,12,True
3538,3537,b720e511bfdfb393b77a26c29fc8cd91,train/b720e511bfdfb393b77a26c29fc8cd91.dicom,False,11,11,True
3539,3538,b73a869bb8f8397e10c6910a0bd8072f,train/b73a869bb8f8397e10c6910a0bd8072f.dicom,False,8,8,True
3540,3539,b73e16e580992f545e375c2d3d6f7387,train/b73e16e580992f545e375c2d3d6f7387.dicom,False,6,6,True
3541,3540,b75075aceaa139ea4a971c652005c665,train/b75075aceaa139ea4a971c652005c665.dicom,True,0,0,True
3542,3541,b7531cbe38186e2d9aeb1b5de83984b3,train/b7531cbe38186e2d9aeb1b5de83984b3.dicom,False,17,17,True
3543,3542,b75b0115ce7e890c8d3cc739cfc8c089,train/b75b0115ce7e890c8d3cc739cfc8c089.dicom,False,7,7,True
3544,3543,b75bba1e9dfb84fe1bd84c88c638c339,train/b75bba1e9dfb84fe1bd84c88c638c339.dicom,False,8,8,True
3545,3544,b761841b1bffc40e56e97a869f994f69,train/b761841b1bffc40e56e97a869f994f69.dicom,False,9,9,True
3546,3545,b76cca59757045fa3cedad238c878354,train/b76cca59757045fa3cedad238c878354.dicom,False,9,9,True
3547,3546,b76de23d23b7418566348c413efa1a3f,train/b76de23d23b7418566348c413efa1a3f.dicom,False,15,15,True
3548,3547,b770403a1d0ab861f1944f8b896afcae,train/b770403a1d0ab861f1944f8b896afcae.dicom,False,8,8,True
3549,3548,b775ef55984de7ff2b12941010f9d968,train/b775ef55984de7ff2b12941010f9d968.dicom,False,7,7,True
3550,3549,b78367d7be3c92afe88f13efcb6dcaf5,train/b78367d7be3c92afe88f13efcb6dcaf5.dicom,False,19,19,True
3551,3550,b7837ea29dd8bd1386f09cc1474320f0,train/b7837ea29dd8bd1386f09cc1474320f0.dicom,False,3,3,True
3552,3551,b79e4a0140ad6e02038d6de55ab1a3fb,train/b79e4a0140ad6e02038d6de55ab1a3fb.dicom,False,12,12,True
3553,3552,b7b84cc718930bb70aa2fdcb53cfb98e,train/b7b84cc718930bb70aa2fdcb53cfb98e.dicom,False,3,3,True
3554,3553,b7cb4aab02fe2cdcf2de5b7a93f49d73,train/b7cb4aab02fe2cdcf2de5b7a93f49d73.dicom,False,14,14,True
3555,3554,b7cde19a331d3ba71fcb8efc361af419,train/b7cde19a331d3ba71fcb8efc361af419.dicom,False,19,19,True
3556,3555,b7ce898bce636076cff5d2267500bc18,train/b7ce898bce636076cff5d2267500bc18.dicom,False,10,10,True
3557,3556,b7d87f19a1daba2fa97a0eae0a033a9c,train/b7d87f19a1daba2fa97a0eae0a033a9c.dicom,False,7,7,True
3558,3557,b7e9e8a42a7581a9f40b67f4ed3bab72,train/b7e9e8a42a7581a9f40b67f4ed3bab72.dicom,False,15,15,True
3559,3558,b80be20a79e5a7539bd00f4907b444b2,train/b80be20a79e5a7539bd00f4907b444b2.dicom,False,6,6,True
3560,3559,b8202fc93f201492ab7880cb6b4c9165,train/b8202fc93f201492ab7880cb6b4c9165.dicom,False,11,11,True
3561,3560,b821bbaa6723f749a915b00b94a69977,train/b821bbaa6723f749a915b00b94a69977.dicom,False,5,5,True
3562,3561,b8322e1a06179954c5b5f5ed05083c05,train/b8322e1a06179954c5b5f5ed05083c05.dicom,True,0,0,True
3563,3562,b872e348b0ba7c7259853c8312f9daa4,train/b872e348b0ba7c7259853c8312f9daa4.dicom,False,10,10,True
3564,3563,b87b691b9ceeaf0c9539b2844be6e1e1,train/b87b691b9ceeaf0c9539b2844be6e1e1.dicom,False,7,7,True
3565,3564,b88d596bf6fd4664434f6525ac632f74,train/b88d596bf6fd4664434f6525ac632f74.dicom,False,5,5,True
3566,3565,b89103ceb6d47e45889eb9a21d04542c,train/b89103ceb6d47e45889eb9a21d04542c.dicom,False,4,4,True
3567,3566,b8a7669b5debce390c877d087380722d,train/b8a7669b5debce390c877d087380722d.dicom,False,5,5,True
3568,3567,b8b8c9ae5afd3e8d2dbd5d69fa0f9378,train/b8b8c9ae5afd3e8d2dbd5d69fa0f9378.dicom,False,17,17,True
3569,3568,b8d0602c3d243b1f833bc0e5885a0b0c,train/b8d0602c3d243b1f833bc0e5885a0b0c.dicom,False,19,19,True
3570,3569,b8d3a0bb21e3e536728b13aaea587974,train/b8d3a0bb21e3e536728b13aaea587974.dicom,False,5,5,True
3571,3570,b8de83edc69e3eb2e8837f74ff988557,train/b8de83edc69e3eb2e8837f74ff988557.dicom,False,3,3,True
3572,3571,b8df1b270c5447fdac022ab51540f949,train/b8df1b270c5447fdac022ab51540f949.dicom,False,4,4,True
3573,3572,b8e264216ade48723aff628067080b04,train/b8e264216ade48723aff628067080b04.dicom,False,4,4,True
3574,3573,b8e5248b4e87c2775642f2b5c7bdbade,train/b8e5248b4e87c2775642f2b5c7bdbade.dicom,False,15,15,True
3575,3574,b90e929709147ef63dfebf74c0cbe454,train/b90e929709147ef63dfebf74c0cbe454.dicom,True,0,0,True
3576,3575,b9174fe081e3839ed1f7c8169d85739e,train/b9174fe081e3839ed1f7c8169d85739e.dicom,False,5,5,True
3577,3576,b919471290e71f53a6b9c1a672662854,train/b919471290e71f53a6b9c1a672662854.dicom,False,6,6,True
3578,3577,b91b76bcb6e0b005ef98719bd719b488,train/b91b76bcb6e0b005ef98719bd719b488.dicom,True,0,0,True
3579,3578,b934b20d2bc6a9ad44b46aef2776268b,train/b934b20d2bc6a9ad44b46aef2776268b.dicom,False,10,10,True
3580,3579,b9374768fadad510f514c5b81b048881,train/b9374768fadad510f514c5b81b048881.dicom,False,6,6,True
3581,3580,b948592be9abd5dcf1a570c72887c033,train/b948592be9abd5dcf1a570c72887c033.dicom,False,6,6,True
3582,3581,b995057fed5cd441821c8a954697ea57,train/b995057fed5cd441821c8a954697ea57.dicom,False,14,14,True
3583,3582,b99a097e12daedcc1d269899c813db0c,train/b99a097e12daedcc1d269899c813db0c.dicom,False,14,14,True
3584,3583,b9a2c726f8a39ea3cc841fa6d3100cc6,train/b9a2c726f8a39ea3cc841fa6d3100cc6.dicom,False,7,7,True
3585,3584,b9b2a7a46b88db57379c59db58cc2228,train/b9b2a7a46b88db57379c59db58cc2228.dicom,False,12,12,True
3586,3585,b9bf0f1b540eaf41cb590ee0a15fe0e7,train/b9bf0f1b540eaf41cb590ee0a15fe0e7.dicom,False,10,10,True
3587,3586,b9e484fa14cf5877736daa59b2ce2b24,train/b9e484fa14cf5877736daa59b2ce2b24.dicom,False,12,12,True
3588,3587,b9f09915187c2cc01e958da90d97ac89,train/b9f09915187c2cc01e958da90d97ac89.dicom,False,11,11,True
3589,3588,ba0d29d84db98416a0858ad30c4d41a7,train/ba0d29d84db98416a0858ad30c4d41a7.dicom,False,10,10,True
3590,3589,ba0ee85ac58311c7f1413a3af2f3f7c7,train/ba0ee85ac58311c7f1413a3af2f3f7c7.dicom,True,0,0,True
3591,3590,ba0f97b49906ccf1bf205dd7ca108c06,train/ba0f97b49906ccf1bf205dd7ca108c06.dicom,False,8,8,True
3592,3591,ba142c273c1f6e0fcccfeec5751351b2,train/ba142c273c1f6e0fcccfeec5751351b2.dicom,False,5,5,True
3593,3592,ba1795ee5daae1ed415756c3f4f21b48,train/ba1795ee5daae1ed415756c3f4f21b48.dicom,False,4,4,True
3594,3593,ba1d2a4e889b03f2d79aabfbf0804062,train/ba1d2a4e889b03f2d79aabfbf0804062.dicom,False,5,5,True
3595,3594,ba301b6e6ace2f31edf20efdd78cd286,train/ba301b6e6ace2f31edf20efdd78cd286.dicom,False,8,8,True
3596,3595,ba4344465d9f3d34328ee5ee2e96dc61,train/ba4344465d9f3d34328ee5ee2e96dc61.dicom,False,7,7,True
3597,3596,ba46dcb445340df33566b52d7192ab6e,train/ba46dcb445340df33566b52d7192ab6e.dicom,False,13,13,True
3598,3597,ba4a00ea7764b5ee772792a50531e9e7,train/ba4a00ea7764b5ee772792a50531e9e7.dicom,False,5,5,True
3599,3598,ba566bf98caaa797816d7a2ffa296d5d,train/ba566bf98caaa797816d7a2ffa296d5d.dicom,False,10,10,True
3600,3599,ba5e3409250a85483d6e39be759bc102,train/ba5e3409250a85483d6e39be759bc102.dicom,False,14,14,True
3601,3600,ba665972d68d2cb8b55839ad6592961c,train/ba665972d68d2cb8b55839ad6592961c.dicom,False,21,21,True
3602,3601,ba683c0053ad11332810ecc509b6c17b,train/ba683c0053ad11332810ecc509b6c17b.dicom,False,3,3,True
3603,3602,ba68c12f2141bba79d9c29322c2c295a,train/ba68c12f2141bba79d9c29322c2c295a.dicom,False,9,9,True
3604,3603,ba8c1cd9bceb450054920b79af773650,train/ba8c1cd9bceb450054920b79af773650.dicom,False,9,9,True
3605,3604,ba8cf1b843900f3e754f6e172f62efc4,train/ba8cf1b843900f3e754f6e172f62efc4.dicom,False,11,11,True
3606,3605,bace601f50d2f324022ae6a9ad608123,train/bace601f50d2f324022ae6a9ad608123.dicom,False,8,8,True
3607,3606,bad42a62c993ad12cc37da8f9a33e490,train/bad42a62c993ad12cc37da8f9a33e490.dicom,False,5,5,True
3608,3607,bad57ce327ed96a0ae3e01c930f297cc,train/bad57ce327ed96a0ae3e01c930f297cc.dicom,False,7,7,True
3609,3608,baf56818e451ed175e7cbd7d94e01bb0,train/baf56818e451ed175e7cbd7d94e01bb0.dicom,True,0,0,True
3610,3609,bb315b4bc113c0506a9e24593cb06a6b,train/bb315b4bc113c0506a9e24593cb06a6b.dicom,False,4,4,True
3611,3610,bb39350ab564d44de74b77ad863a8ae6,train/bb39350ab564d44de74b77ad863a8ae6.dicom,False,5,5,True
3612,3611,bb3d26414a85af5edf485b330607860d,train/bb3d26414a85af5edf485b330607860d.dicom,False,8,8,True
3613,3612,bb4c165fbbc02116fb18be5f2e21a2a5,train/bb4c165fbbc02116fb18be5f2e21a2a5.dicom,False,3,3,True
3614,3613,bb541cb8a793063968903bf3fc5b68f7,train/bb541cb8a793063968903bf3fc5b68f7.dicom,False,6,6,True
3615,3614,bb60194195e9a5eaa27685d2fa688085,train/bb60194195e9a5eaa27685d2fa688085.dicom,False,6,6,True
3616,3615,bb6c5c14ec3550cf81d67c8298ea5f41,train/bb6c5c14ec3550cf81d67c8298ea5f41.dicom,False,5,5,True
3617,3616,bb72868e96a7c3c5b82dae9f1d814eec,train/bb72868e96a7c3c5b82dae9f1d814eec.dicom,False,4,4,True
3618,3617,bb7d4479b3065e5912e328c065733504,train/bb7d4479b3065e5912e328c065733504.dicom,False,10,10,True
3619,3618,bb8f70bb23d06edce7b87df6f529d0b4,train/bb8f70bb23d06edce7b87df6f529d0b4.dicom,False,6,6,True
3620,3619,bb93a8a5285c48a0797bc5216e99f861,train/bb93a8a5285c48a0797bc5216e99f861.dicom,False,5,5,True
3621,3620,bb99c58b3e18ca4a52dbd27495d88216,train/bb99c58b3e18ca4a52dbd27495d88216.dicom,False,11,11,True
3622,3621,bb9f4f20dd8f4e5c5ab518d7f1818b1f,train/bb9f4f20dd8f4e5c5ab518d7f1818b1f.dicom,False,8,8,True
3623,3622,bbac60d6c7695f5eeccb56cb56336f6d,train/bbac60d6c7695f5eeccb56cb56336f6d.dicom,False,13,13,True
3624,3623,bbc8cca2bda1c6bc5b66715a12830d78,train/bbc8cca2bda1c6bc5b66715a12830d78.dicom,False,18,18,True
3625,3624,bbcafeecae64804e1e0780b49bafd5bd,train/bbcafeecae64804e1e0780b49bafd5bd.dicom,False,10,10,True
3626,3625,bbe4356faa4ee427169a71d8ed020921,train/bbe4356faa4ee427169a71d8ed020921.dicom,False,6,6,True
3627,3626,bc0e94e539fcc6c3f623d6ce5db07370,train/bc0e94e539fcc6c3f623d6ce5db07370.dicom,False,7,7,True
3628,3627,bc2be005526db7ab9d5ec6741ddee945,train/bc2be005526db7ab9d5ec6741ddee945.dicom,False,15,15,True
3629,3628,bc38a48bbec6ee4e1ccb6eb453529cae,train/bc38a48bbec6ee4e1ccb6eb453529cae.dicom,False,13,13,True
3630,3629,bc7483c563cf172e46390a235cdc63b9,train/bc7483c563cf172e46390a235cdc63b9.dicom,False,8,8,True
3631,3630,bc765f1145a3390f6b231f0d05193458,train/bc765f1145a3390f6b231f0d05193458.dicom,False,5,5,True
3632,3631,bc849fedf97c9eb2bc7707bac17329bc,train/bc849fedf97c9eb2bc7707bac17329bc.dicom,False,4,4,True
3633,3632,bc87c2265556912b25d36f2fef105a01,train/bc87c2265556912b25d36f2fef105a01.dicom,False,7,7,True
3634,3633,bc87ef332a3c532a7e86893cae30e127,train/bc87ef332a3c532a7e86893cae30e127.dicom,False,6,6,True
3635,3634,bc89dfd66b1662e2aaf94bc7e1e7f630,train/bc89dfd66b1662e2aaf94bc7e1e7f630.dicom,False,5,5,True
3636,3635,bcd6064c48c99c6557d0876ec2e47883,train/bcd6064c48c99c6557d0876ec2e47883.dicom,False,7,7,True
3637,3636,bcdf0364c02fc489f7a8a7b94e913c5e,train/bcdf0364c02fc489f7a8a7b94e913c5e.dicom,False,8,8,True
3638,3637,bce076b117178591a7dad5ab9296ba74,train/bce076b117178591a7dad5ab9296ba74.dicom,True,0,0,True
3639,3638,bcfe72dc85490721c3c39870e6eea3f6,train/bcfe72dc85490721c3c39870e6eea3f6.dicom,False,11,11,True
3640,3639,bd152be0a921cfee79bffbdbf53e84d6,train/bd152be0a921cfee79bffbdbf53e84d6.dicom,False,5,5,True
3641,3640,bd23539b8fb116791fe16b9854601c1a,train/bd23539b8fb116791fe16b9854601c1a.dicom,False,9,9,True
3642,3641,bd24133a5c72fdd62ad820445627b718,train/bd24133a5c72fdd62ad820445627b718.dicom,False,8,8,True
3643,3642,bd2783f6ab7795e45ccdbd4bb96250f3,train/bd2783f6ab7795e45ccdbd4bb96250f3.dicom,False,13,13,True
3644,3643,bd3042360365944aa845f34f0aa70424,train/bd3042360365944aa845f34f0aa70424.dicom,False,8,8,True
3645,3644,bd3257de200124da83881b37840d3987,train/bd3257de200124da83881b37840d3987.dicom,False,12,12,True
3646,3645,bd392937baf9a09b697937d8bb607989,train/bd392937baf9a09b697937d8bb607989.dicom,False,5,5,True
3647,3646,bd3f8d06c2eab0bfe5428dfe3f9a1499,train/bd3f8d06c2eab0bfe5428dfe3f9a1499.dicom,False,6,6,True
3648,3647,bd3fa1499eba12696a695b952f9218a3,train/bd3fa1499eba12696a695b952f9218a3.dicom,False,7,7,True
3649,3648,bd3fe876153eeddad8bab49b129ea081,train/bd3fe876153eeddad8bab49b129ea081.dicom,False,26,26,True
3650,3649,bd60f56f346490b1b62e6cfd02cbe7f5,train/bd60f56f346490b1b62e6cfd02cbe7f5.dicom,False,7,7,True
3651,3650,bd6eb525438d6da1ced0ed1810857772,train/bd6eb525438d6da1ced0ed1810857772.dicom,False,10,10,True
3652,3651,bd82bfb604a82629f08b99b1c165db35,train/bd82bfb604a82629f08b99b1c165db35.dicom,False,3,3,True
3653,3652,bd931b74386e3e3f2934b1741c77d5b1,train/bd931b74386e3e3f2934b1741c77d5b1.dicom,False,4,4,True
3654,3653,bd94013e719d3bf243bdf5771490bb0a,train/bd94013e719d3bf243bdf5771490bb0a.dicom,False,7,7,True
3655,3654,bd9a6c424edb2e622c1f4b6a59a58e91,train/bd9a6c424edb2e622c1f4b6a59a58e91.dicom,False,6,6,True
3656,3655,bda862be2d20d538b558300c97b8255c,train/bda862be2d20d538b558300c97b8255c.dicom,False,7,7,True
3657,3656,bdaace04fa79a60e8542a3b573288076,train/bdaace04fa79a60e8542a3b573288076.dicom,False,14,14,True
3658,3657,bdd0bebed953f69413213d387c9717e7,train/bdd0bebed953f69413213d387c9717e7.dicom,False,11,11,True
3659,3658,bdd7f0b920e6c5ea82526986ffb63001,train/bdd7f0b920e6c5ea82526986ffb63001.dicom,False,14,14,True
3660,3659,bdd8423e5deae0ae5dc7e0547887fafc,train/bdd8423e5deae0ae5dc7e0547887fafc.dicom,False,13,13,True
3661,3660,bdda2e2d06f7d1bdc6e410a5dad455d7,train/bdda2e2d06f7d1bdc6e410a5dad455d7.dicom,False,5,5,True
3662,3661,bdddb2fbd93102ff052738ae31ff7e75,train/bdddb2fbd93102ff052738ae31ff7e75.dicom,False,11,11,True
3663,3662,bdde108a7d024a734cdbed2952f64fe1,train/bdde108a7d024a734cdbed2952f64fe1.dicom,False,14,14,True
3664,3663,bdde865328435f214633b4858d9a4d20,train/bdde865328435f214633b4858d9a4d20.dicom,False,5,5,True
3665,3664,bde4bfa149bc13cee2de7c2e942979e7,train/bde4bfa149bc13cee2de7c2e942979e7.dicom,False,10,10,True
3666,3665,bde7cb2bd708d3d928b6ad9e32038fe1,train/bde7cb2bd708d3d928b6ad9e32038fe1.dicom,False,29,29,True
3667,3666,bde911be299cef4ecbdf6c63af33cdf6,train/bde911be299cef4ecbdf6c63af33cdf6.dicom,False,10,10,True
3668,3667,bdeeec185619e393d3cbd8f532f95c15,train/bdeeec185619e393d3cbd8f532f95c15.dicom,False,14,14,True
3669,3668,be01f8ea4bf3a231d39378be5a167bc4,train/be01f8ea4bf3a231d39378be5a167bc4.dicom,False,5,5,True
3670,3669,be0cc63b7335bd1fb95a2ad432209a14,train/be0cc63b7335bd1fb95a2ad432209a14.dicom,False,6,6,True
3671,3670,be1bb194dfb986bf7554b491852b8901,train/be1bb194dfb986bf7554b491852b8901.dicom,False,9,9,True
3672,3671,be3bbacb9b3c148eae9549bce68bf0db,train/be3bbacb9b3c148eae9549bce68bf0db.dicom,False,6,6,True
3673,3672,be505971cc0f51f3cf4a5717767b42da,train/be505971cc0f51f3cf4a5717767b42da.dicom,False,3,3,True
3674,3673,be53fe5a49231f1c1be020b0bdd8561f,train/be53fe5a49231f1c1be020b0bdd8561f.dicom,False,3,3,True
3675,3674,be66657e907a732207237b75b7e105c4,train/be66657e907a732207237b75b7e105c4.dicom,False,6,6,True
3676,3675,be6a2a69a923979c38e8e83fed53ff89,train/be6a2a69a923979c38e8e83fed53ff89.dicom,False,7,7,True
3677,3676,be78bb12b31ef59665212f778a7ca895,train/be78bb12b31ef59665212f778a7ca895.dicom,False,4,4,True
3678,3677,be85b7d55e0ef589729ef4dd6ffc38fb,train/be85b7d55e0ef589729ef4dd6ffc38fb.dicom,False,14,14,True
3679,3678,be869b141b0483aaa10e62ec407c0010,train/be869b141b0483aaa10e62ec407c0010.dicom,True,0,0,True
3680,3679,be8747c0a1878e0230868c016a47f523,train/be8747c0a1878e0230868c016a47f523.dicom,False,6,6,True
3681,3680,be904250a48381ded92ee7d690cf3687,train/be904250a48381ded92ee7d690cf3687.dicom,False,5,5,True
3682,3681,be92ec2aee088c56d3ba79598461cb9a,train/be92ec2aee088c56d3ba79598461cb9a.dicom,False,7,7,True
3683,3682,be9503d3b32da3ca2d06d6df8b1a997b,train/be9503d3b32da3ca2d06d6df8b1a997b.dicom,True,0,0,True
3684,3683,be95363066a0f6e2d9644cc14b39d3e1,train/be95363066a0f6e2d9644cc14b39d3e1.dicom,False,12,12,True
3685,3684,be965185f4128002ad591b91c41e0211,train/be965185f4128002ad591b91c41e0211.dicom,False,11,11,True
3686,3685,bea7018176b6d5d871fe0cb1c87a64a6,train/bea7018176b6d5d871fe0cb1c87a64a6.dicom,False,7,7,True
3687,3686,beaa1ae511a49bd86ee5c090f91c80d7,train/beaa1ae511a49bd86ee5c090f91c80d7.dicom,False,16,16,True
3688,3687,beb81be7f3b55d47fa70e7972c9dc9e1,train/beb81be7f3b55d47fa70e7972c9dc9e1.dicom,True,0,0,True
3689,3688,becab72d8a1f599d4a3d3650d3fffe54,train/becab72d8a1f599d4a3d3650d3fffe54.dicom,False,3,3,True
3690,3689,bedecebc0349e52e9afe5cc8f2e067a0,train/bedecebc0349e52e9afe5cc8f2e067a0.dicom,False,8,8,True
3691,3690,bee427b74f77002c1a4faa71e65d5744,train/bee427b74f77002c1a4faa71e65d5744.dicom,False,11,11,True
3692,3691,bee99c179da019550328e64a55713d5e,train/bee99c179da019550328e64a55713d5e.dicom,True,0,0,True
3693,3692,bf0ac90b81bd62e7444fbe3142506e3d,train/bf0ac90b81bd62e7444fbe3142506e3d.dicom,False,9,9,True
3694,3693,bf123de5827d72ba0d0e71683bbe819d,train/bf123de5827d72ba0d0e71683bbe819d.dicom,False,9,9,True
3695,3694,bf2d10fe88254cf97b08fab2e7c80232,train/bf2d10fe88254cf97b08fab2e7c80232.dicom,False,12,12,True
3696,3695,bf33d826094fabd938f69b3ba663f607,train/bf33d826094fabd938f69b3ba663f607.dicom,False,5,5,True
3697,3696,bf429fed8c01a5d6014d86f2aa3385fa,train/bf429fed8c01a5d6014d86f2aa3385fa.dicom,False,6,6,True
3698,3697,bf59a73e51a04d9e381630527339ad43,train/bf59a73e51a04d9e381630527339ad43.dicom,False,8,8,True
3699,3698,bf5c7a815313c2d2853494cf766237b5,train/bf5c7a815313c2d2853494cf766237b5.dicom,False,6,6,True
3700,3699,bf63f10c778016ebea60f7bacf1fbec9,train/bf63f10c778016ebea60f7bacf1fbec9.dicom,False,3,3,True
3701,3700,bf742708d94bd9f8620db2f6f4b596f5,train/bf742708d94bd9f8620db2f6f4b596f5.dicom,False,15,15,True
3702,3701,bf9bba0703ec2a74740fbb891b9f6322,train/bf9bba0703ec2a74740fbb891b9f6322.dicom,False,12,12,True
3703,3702,bfbbb3c77f965726e05343efafb2eb86,train/bfbbb3c77f965726e05343efafb2eb86.dicom,True,0,0,True
3704,3703,bfd794933b6d06cc9e840ae7b90b1cbe,train/bfd794933b6d06cc9e840ae7b90b1cbe.dicom,True,0,0,True
3705,3704,bfdd2b7d930f17b450e1d1e7ec7a57bb,train/bfdd2b7d930f17b450e1d1e7ec7a57bb.dicom,False,7,7,True
3706,3705,bffb5303ac64552996db400e0f7058b0,train/bffb5303ac64552996db400e0f7058b0.dicom,False,8,8,True
3707,3706,c008cfaf7009c94d297cc2e715e81c03,train/c008cfaf7009c94d297cc2e715e81c03.dicom,False,12,12,True
3708,3707,c00a2b726b1d7854efc73ef3611c7591,train/c00a2b726b1d7854efc73ef3611c7591.dicom,False,4,4,True
3709,3708,c02bd11de5cf471fa502f5bebe133904,train/c02bd11de5cf471fa502f5bebe133904.dicom,False,6,6,True
3710,3709,c0440c09698f89df168dc146af067fe7,train/c0440c09698f89df168dc146af067fe7.dicom,False,16,16,True
3711,3710,c04ee933a8fed37ebbeb697b03356a56,train/c04ee933a8fed37ebbeb697b03356a56.dicom,False,8,8,True
3712,3711,c09a2d6a72b0f14763619224335d685e,train/c09a2d6a72b0f14763619224335d685e.dicom,False,6,6,True
3713,3712,c0a788fb3c78173e4a2a447b5fc70a93,train/c0a788fb3c78173e4a2a447b5fc70a93.dicom,False,3,3,True
3714,3713,c0b2806d0baff57d885063624d744ac1,train/c0b2806d0baff57d885063624d744ac1.dicom,False,7,7,True
3715,3714,c0e801c67186fc05d8bed52353b4486c,train/c0e801c67186fc05d8bed52353b4486c.dicom,False,6,6,True
3716,3715,c0f992e23de30afb875371c3630cb9af,train/c0f992e23de30afb875371c3630cb9af.dicom,False,7,7,True
3717,3716,c12df5422711be0ed7b17a657c68fc8d,train/c12df5422711be0ed7b17a657c68fc8d.dicom,False,7,7,True
3718,3717,c13533b61e97274091200c6ceab55cb7,train/c13533b61e97274091200c6ceab55cb7.dicom,False,4,4,True
3719,3718,c14b94a6ebfb3a4b828bd71537f682c7,train/c14b94a6ebfb3a4b828bd71537f682c7.dicom,False,4,4,True
3720,3719,c156a4adc33cd20a2ad75a07ff245b09,train/c156a4adc33cd20a2ad75a07ff245b09.dicom,False,6,6,True
3721,3720,c18362ca7e7d5df7a4dd8db31dfed194,train/c18362ca7e7d5df7a4dd8db31dfed194.dicom,False,8,8,True
3722,3721,c184ac40eb6c1713f28f34582f768c5d,train/c184ac40eb6c1713f28f34582f768c5d.dicom,False,7,7,True
3723,3722,c191a7c7c0e1847b1aebc8e8ef628aed,train/c191a7c7c0e1847b1aebc8e8ef628aed.dicom,False,6,6,True
3724,3723,c1b09655bffba16895cfed1be6ccdf6d,train/c1b09655bffba16895cfed1be6ccdf6d.dicom,False,5,5,True
3725,3724,c1b56c6b38aa09f0f32f0605deb5a240,train/c1b56c6b38aa09f0f32f0605deb5a240.dicom,True,0,0,True
3726,3725,c1c9528727dd016bad131ff8c3863774,train/c1c9528727dd016bad131ff8c3863774.dicom,False,4,4,True
3727,3726,c1ca66539955f94f6dbd74fb5ba7208d,train/c1ca66539955f94f6dbd74fb5ba7208d.dicom,False,7,7,True
3728,3727,c1ef70e18d73c3fe0b0d741b1b0b59fb,train/c1ef70e18d73c3fe0b0d741b1b0b59fb.dicom,False,5,5,True
3729,3728,c201c69926e59f0c1dfeeeb8365ff05a,train/c201c69926e59f0c1dfeeeb8365ff05a.dicom,False,13,13,True
3730,3729,c20ca4cd7589fa3a77578769bf82ea1b,train/c20ca4cd7589fa3a77578769bf82ea1b.dicom,False,7,7,True
3731,3730,c21c6e6969dcd46d9441110183ade633,train/c21c6e6969dcd46d9441110183ade633.dicom,False,5,5,True
3732,3731,c24029f31fb9ae265934082ce6b47d33,train/c24029f31fb9ae265934082ce6b47d33.dicom,False,9,9,True
3733,3732,c249e006c2f7340f6fc550ede970e0d3,train/c249e006c2f7340f6fc550ede970e0d3.dicom,False,8,8,True
3734,3733,c25a87784e4a9dd01911f626cbd1faeb,train/c25a87784e4a9dd01911f626cbd1faeb.dicom,False,6,6,True
3735,3734,c26185210303f6c638a4ac60e635df21,train/c26185210303f6c638a4ac60e635df21.dicom,False,10,10,True
3736,3735,c26bb71d19d1f57200b4bf9b8bb596d9,train/c26bb71d19d1f57200b4bf9b8bb596d9.dicom,False,8,8,True
3737,3736,c2a2ce443b43b82ae5bd29d06716a44e,train/c2a2ce443b43b82ae5bd29d06716a44e.dicom,False,8,8,True
3738,3737,c2bdc729e1623c6c142d9f4e6ed48418,train/c2bdc729e1623c6c142d9f4e6ed48418.dicom,False,4,4,True
3739,3738,c2c54eed2dd73e20ef0e5af5a4aa1feb,train/c2c54eed2dd73e20ef0e5af5a4aa1feb.dicom,False,9,9,True
3740,3739,c2d4ab1622ab34e5680710a63501c8b6,train/c2d4ab1622ab34e5680710a63501c8b6.dicom,False,4,4,True
3741,3740,c2d843a231c6aa30c9239083bc612f7b,train/c2d843a231c6aa30c9239083bc612f7b.dicom,False,13,13,True
3742,3741,c2f01c1eb7b249b706ea3f1ee549e05f,train/c2f01c1eb7b249b706ea3f1ee549e05f.dicom,False,6,6,True
3743,3742,c2f51a2b9785c772ef611db089bf528e,train/c2f51a2b9785c772ef611db089bf528e.dicom,False,7,7,True
3744,3743,c2fafca7a6e8316c8bc0a3dc400b8aba,train/c2fafca7a6e8316c8bc0a3dc400b8aba.dicom,False,7,7,True
3745,3744,c32573547f924b6b663798730d915724,train/c32573547f924b6b663798730d915724.dicom,False,13,13,True
3746,3745,c32ec722d0608e89e8d6eaeab36191b1,train/c32ec722d0608e89e8d6eaeab36191b1.dicom,False,8,8,True
3747,3746,c337c0c48cb14bcfac1ba739a785c2cb,train/c337c0c48cb14bcfac1ba739a785c2cb.dicom,False,6,6,True
3748,3747,c341b3f8a0353bab2ec49147b97ce9d0,train/c341b3f8a0353bab2ec49147b97ce9d0.dicom,False,8,8,True
3749,3748,c34e6aa7a5db3386850b830dd3c45a98,train/c34e6aa7a5db3386850b830dd3c45a98.dicom,False,10,10,True
3750,3749,c351e3875444070992012c35126bf41f,train/c351e3875444070992012c35126bf41f.dicom,False,10,10,True
3751,3750,c36e768eae71d51ac540131145d4c101,train/c36e768eae71d51ac540131145d4c101.dicom,False,7,7,True
3752,3751,c37c1b0387090f95fa7f6b38542f1d19,train/c37c1b0387090f95fa7f6b38542f1d19.dicom,False,6,6,True
3753,3752,c38c9a98d30027a18e88f39346987f78,train/c38c9a98d30027a18e88f39346987f78.dicom,False,6,6,True
3754,3753,c39440999e8b3e376911ab851a7c56f6,train/c39440999e8b3e376911ab851a7c56f6.dicom,False,8,8,True
3755,3754,c394eadea89e5795c8037280492d116d,train/c394eadea89e5795c8037280492d116d.dicom,False,11,11,True
3756,3755,c399b71d7f853206cdf9bfa916252b4d,train/c399b71d7f853206cdf9bfa916252b4d.dicom,False,5,5,True
3757,3756,c3a7cdd9fb36706cfd3a4fdb86b65061,train/c3a7cdd9fb36706cfd3a4fdb86b65061.dicom,False,6,6,True
3758,3757,c3abe21f7e07452e6760cdc2cab95296,train/c3abe21f7e07452e6760cdc2cab95296.dicom,False,25,25,True
3759,3758,c3adefe651baf211a73e391f3068e916,train/c3adefe651baf211a73e391f3068e916.dicom,False,7,7,True
3760,3759,c3d222900b4131b148a9943db0e1bcc6,train/c3d222900b4131b148a9943db0e1bcc6.dicom,False,5,5,True
3761,3760,c405835a086b2f7d7c9ef3976b69e677,train/c405835a086b2f7d7c9ef3976b69e677.dicom,False,5,5,True
3762,3761,c407f9bc14eb1d87dbb961aa226a43b6,train/c407f9bc14eb1d87dbb961aa226a43b6.dicom,False,8,8,True
3763,3762,c4135c9dce53b084dd7423af76626eb8,train/c4135c9dce53b084dd7423af76626eb8.dicom,False,9,9,True
3764,3763,c4135fa4ca67c0ae5697988741f7842d,train/c4135fa4ca67c0ae5697988741f7842d.dicom,False,3,3,True
3765,3764,c413baf55bfb894ee5af02d991b452ce,train/c413baf55bfb894ee5af02d991b452ce.dicom,False,17,17,True
3766,3765,c4179d7d6f19e1b4b27460c03810f651,train/c4179d7d6f19e1b4b27460c03810f651.dicom,False,7,7,True
3767,3766,c41d4f698ccccbf7068c44c8c14f4e16,train/c41d4f698ccccbf7068c44c8c14f4e16.dicom,False,32,32,True
3768,3767,c41f9e2dd4f6b5524d93b3229085b26c,train/c41f9e2dd4f6b5524d93b3229085b26c.dicom,True,0,0,True
3769,3768,c42997b00e59f4523788aa9fbe1f7526,train/c42997b00e59f4523788aa9fbe1f7526.dicom,False,15,15,True
3770,3769,c42b5e8105ed48a96bf7273e25f2a047,train/c42b5e8105ed48a96bf7273e25f2a047.dicom,False,6,6,True
3771,3770,c439d7071a6929d38db1b86e577806c3,train/c439d7071a6929d38db1b86e577806c3.dicom,False,8,8,True
3772,3771,c440f25216153cfc2bcf4af70c3d59c4,train/c440f25216153cfc2bcf4af70c3d59c4.dicom,False,11,11,True
3773,3772,c465dd63a0c768fac5d985c9d14c4aa8,train/c465dd63a0c768fac5d985c9d14c4aa8.dicom,False,8,8,True
3774,3773,c47b49c8a45e467ea86c02d53936b39b,train/c47b49c8a45e467ea86c02d53936b39b.dicom,False,3,3,True
3775,3774,c47b6592b70ba7c5bdb919f92f4ec07a,train/c47b6592b70ba7c5bdb919f92f4ec07a.dicom,False,6,6,True
3776,3775,c47bf1efb40dc9e8eb8975abcb539ab8,train/c47bf1efb40dc9e8eb8975abcb539ab8.dicom,False,17,17,True
3777,3776,c47d248c49d70684d8638910c126ccae,train/c47d248c49d70684d8638910c126ccae.dicom,True,0,0,True
3778,3777,c4a03cb1a35df1a042140fa01620995e,train/c4a03cb1a35df1a042140fa01620995e.dicom,False,3,3,True
3779,3778,c4a330dbf5845a6f53f102eb3cd771e0,train/c4a330dbf5845a6f53f102eb3cd771e0.dicom,False,6,6,True
3780,3779,c4c1ef63bd568c89beb4ae3ab9eeb1bb,train/c4c1ef63bd568c89beb4ae3ab9eeb1bb.dicom,False,5,5,True
3781,3780,c4c2b57389bb4eac8ce685dfe8f5b965,train/c4c2b57389bb4eac8ce685dfe8f5b965.dicom,False,18,18,True
3782,3781,c4d68aad9fdec87b76853d26744026bb,train/c4d68aad9fdec87b76853d26744026bb.dicom,False,7,7,True
3783,3782,c4e6dda386e88a2c9164f19024359f45,train/c4e6dda386e88a2c9164f19024359f45.dicom,False,6,6,True
3784,3783,c4e8d9bb21040cbe94f1763856bfcfe2,train/c4e8d9bb21040cbe94f1763856bfcfe2.dicom,False,3,3,True
3785,3784,c4f7b110380be6bee542f5c26c78f36d,train/c4f7b110380be6bee542f5c26c78f36d.dicom,False,7,7,True
3786,3785,c5010a72f3e20e9b59d7bb991d3c633b,train/c5010a72f3e20e9b59d7bb991d3c633b.dicom,False,5,5,True
3787,3786,c50bb66530634bfac9d5487a607e8211,train/c50bb66530634bfac9d5487a607e8211.dicom,False,4,4,True
3788,3787,c516ff097d60479f58a797cefad2c80f,train/c516ff097d60479f58a797cefad2c80f.dicom,False,11,11,True
3789,3788,c5326a0f289b91e4fe88b86d5b00a7bd,train/c5326a0f289b91e4fe88b86d5b00a7bd.dicom,False,9,9,True
3790,3789,c53c9441ef4e5df63d8dfb34a983900e,train/c53c9441ef4e5df63d8dfb34a983900e.dicom,False,6,6,True
3791,3790,c55486a359cc99e2d1518ceba3020967,train/c55486a359cc99e2d1518ceba3020967.dicom,False,9,9,True
3792,3791,c57e2790b60c949160c90679c711066a,train/c57e2790b60c949160c90679c711066a.dicom,False,5,5,True
3793,3792,c58bc096aa929d9645f0a15a62771893,train/c58bc096aa929d9645f0a15a62771893.dicom,False,15,15,True
3794,3793,c599c619d44a05ed87854caa6977fd18,train/c599c619d44a05ed87854caa6977fd18.dicom,False,9,9,True
3795,3794,c5a45ede0cbd270bf54e8a5e7fd27813,train/c5a45ede0cbd270bf54e8a5e7fd27813.dicom,False,11,11,True
3796,3795,c5aa9d492605510ce5fc2403df57cd6a,train/c5aa9d492605510ce5fc2403df57cd6a.dicom,False,4,4,True
3797,3796,c5ad7caaee32f3d5647a993ab299b1c1,train/c5ad7caaee32f3d5647a993ab299b1c1.dicom,False,22,22,True
3798,3797,c5ae256b23f9336ac61c393b3d1607b3,train/c5ae256b23f9336ac61c393b3d1607b3.dicom,False,6,6,True
3799,3798,c5b761d0fefbe5b1c05822a4df670c09,train/c5b761d0fefbe5b1c05822a4df670c09.dicom,True,0,0,True
3800,3799,c5beeca4042003ebfeac1f3a786dbe6a,train/c5beeca4042003ebfeac1f3a786dbe6a.dicom,False,6,6,True
3801,3800,c5c36ce7f8adbd045bfe59a325eeae47,train/c5c36ce7f8adbd045bfe59a325eeae47.dicom,False,6,6,True
3802,3801,c5d6ea0776a448a0e43bb1f1638044cd,train/c5d6ea0776a448a0e43bb1f1638044cd.dicom,False,6,6,True
3803,3802,c5dfd21f7ffbb5183cb8a2b7874de381,train/c5dfd21f7ffbb5183cb8a2b7874de381.dicom,False,7,7,True
3804,3803,c5eb5f71bfa01fe274e5f6a19f6006ed,train/c5eb5f71bfa01fe274e5f6a19f6006ed.dicom,False,5,5,True
3805,3804,c5f612ff593f8d5568d3b5d5594d96d4,train/c5f612ff593f8d5568d3b5d5594d96d4.dicom,False,7,7,True
3806,3805,c60b87f681462b74b5cc58bc78f5b99e,train/c60b87f681462b74b5cc58bc78f5b99e.dicom,False,6,6,True
3807,3806,c619a784636c085eb798f98a5ba1102d,train/c619a784636c085eb798f98a5ba1102d.dicom,False,7,7,True
3808,3807,c6221295778a330b5b3fa85e719ee9e8,train/c6221295778a330b5b3fa85e719ee9e8.dicom,False,4,4,True
3809,3808,c629819adb86c5d0cfd7d454a64d508a,train/c629819adb86c5d0cfd7d454a64d508a.dicom,False,4,4,True
3810,3809,c65efe41cef6390d70796a2947dbcc91,train/c65efe41cef6390d70796a2947dbcc91.dicom,False,9,9,True
3811,3810,c67b6e145e57b4fbd4db367f114bd879,train/c67b6e145e57b4fbd4db367f114bd879.dicom,False,3,3,True
3812,3811,c6821f9488fa1827726c54dbf5c862b8,train/c6821f9488fa1827726c54dbf5c862b8.dicom,False,16,16,True
3813,3812,c683b3808de205ecfd3d3e09f4de44a2,train/c683b3808de205ecfd3d3e09f4de44a2.dicom,False,5,5,True
3814,3813,c699f16ba0b86f474390da9515bcad7a,train/c699f16ba0b86f474390da9515bcad7a.dicom,False,42,42,True
3815,3814,c69c8b15929c66d8756acc34fe456713,train/c69c8b15929c66d8756acc34fe456713.dicom,False,7,7,True
3816,3815,c6a67dc0d36b5e231b4a1789d00be3d9,train/c6a67dc0d36b5e231b4a1789d00be3d9.dicom,False,5,5,True
3817,3816,c6ad29cb15e0476259fdf56305b286d4,train/c6ad29cb15e0476259fdf56305b286d4.dicom,False,4,4,True
3818,3817,c6ada34016e7fdffbba5cbccc996e395,train/c6ada34016e7fdffbba5cbccc996e395.dicom,True,0,0,True
3819,3818,c6ae45cbd57420cf4937b9f9299a5667,train/c6ae45cbd57420cf4937b9f9299a5667.dicom,True,0,0,True
3820,3819,c6c19cc8f966c6353e663a4e299d9a39,train/c6c19cc8f966c6353e663a4e299d9a39.dicom,False,35,35,True
3821,3820,c6de0bd21c84a2c1eac1b869e79e7ffd,train/c6de0bd21c84a2c1eac1b869e79e7ffd.dicom,False,6,6,True
3822,3821,c6e432dd2d937af0c6c404f59e82524b,train/c6e432dd2d937af0c6c404f59e82524b.dicom,False,21,21,True
3823,3822,c6f36808b0208f5011ecb1ea21aef1b3,train/c6f36808b0208f5011ecb1ea21aef1b3.dicom,False,6,6,True
3824,3823,c6fe78d03c9d12783f3451ad237351f4,train/c6fe78d03c9d12783f3451ad237351f4.dicom,True,0,0,True
3825,3824,c70dce909198abf8b39a7e0d41c9a895,train/c70dce909198abf8b39a7e0d41c9a895.dicom,False,6,6,True
3826,3825,c71ce6345cf70b23ab481a2d66e9c288,train/c71ce6345cf70b23ab481a2d66e9c288.dicom,False,10,10,True
3827,3826,c723c6ffb2f746dff02c9538c6c593f4,train/c723c6ffb2f746dff02c9538c6c593f4.dicom,False,12,12,True
3828,3827,c74b6a0a59b10d81e57158890803fae4,train/c74b6a0a59b10d81e57158890803fae4.dicom,False,4,4,True
3829,3828,c74b97e75097396e9f159c80d5a4a268,train/c74b97e75097396e9f159c80d5a4a268.dicom,False,6,6,True
3830,3829,c7544daad44cfaa27e274b88dce60c46,train/c7544daad44cfaa27e274b88dce60c46.dicom,False,4,4,True
3831,3830,c75d652b2cd934bb797a9a02c6aec8ee,train/c75d652b2cd934bb797a9a02c6aec8ee.dicom,False,9,9,True
3832,3831,c75f825862144dbdff940d9c4ecccde8,train/c75f825862144dbdff940d9c4ecccde8.dicom,False,5,5,True
3833,3832,c7629ae7a638c5892d90c49fd90401f0,train/c7629ae7a638c5892d90c49fd90401f0.dicom,True,0,0,True
3834,3833,c772fcde08c1e9cb49ab6c11b8fe6e42,train/c772fcde08c1e9cb49ab6c11b8fe6e42.dicom,False,13,13,True
3835,3834,c78a429b728a3b35c6e4b4a560dee407,train/c78a429b728a3b35c6e4b4a560dee407.dicom,True,0,0,True
3836,3835,c797ab3749e39389929f6b188eee412e,train/c797ab3749e39389929f6b188eee412e.dicom,False,8,8,True
3837,3836,c79916dc9b5b70cbd4138366358976a2,train/c79916dc9b5b70cbd4138366358976a2.dicom,True,0,0,True
3838,3837,c7afdce95181c731e79f72d4ad6d4447,train/c7afdce95181c731e79f72d4ad6d4447.dicom,False,5,5,True
3839,3838,c7ce99e81ceea73f99d919b38d8df460,train/c7ce99e81ceea73f99d919b38d8df460.dicom,False,10,10,True
3840,3839,c7d940c13f1be3feeb46adb7e8206de9,train/c7d940c13f1be3feeb46adb7e8206de9.dicom,False,13,13,True
3841,3840,c7dfac0ca6b7382d2d51a92ebdf6169e,train/c7dfac0ca6b7382d2d51a92ebdf6169e.dicom,False,4,4,True
3842,3841,c7e5ddae40ae657e6dd89aba0e113a66,train/c7e5ddae40ae657e6dd89aba0e113a66.dicom,False,6,6,True
3843,3842,c7ea6667211c1999c15af0e228a6e040,train/c7ea6667211c1999c15af0e228a6e040.dicom,False,5,5,True
3844,3843,c80fe973b34b764cf37e43efb755c0b8,train/c80fe973b34b764cf37e43efb755c0b8.dicom,False,6,6,True
3845,3844,c818320ffaaa28c866549769e23a3b1d,train/c818320ffaaa28c866549769e23a3b1d.dicom,False,7,7,True
3846,3845,c8205cbdfff77ee90770156c3075a38f,train/c8205cbdfff77ee90770156c3075a38f.dicom,False,10,10,True
3847,3846,c82a4c022beafccbd3bb2d1e8a50a0ee,train/c82a4c022beafccbd3bb2d1e8a50a0ee.dicom,False,4,4,True
3848,3847,c837c5bfbeedca68690f51b2e07aaabd,train/c837c5bfbeedca68690f51b2e07aaabd.dicom,True,0,0,True
3849,3848,c854dff7593a38e6e7a83330ff32ac86,train/c854dff7593a38e6e7a83330ff32ac86.dicom,False,4,4,True
3850,3849,c85587ddf15dbf7ab134208647cb9856,train/c85587ddf15dbf7ab134208647cb9856.dicom,False,12,12,True
3851,3850,c855e2fc7a8fea601a568f546e466d4b,train/c855e2fc7a8fea601a568f546e466d4b.dicom,True,0,0,True
3852,3851,c8634131ee43469be8f4f75ab4595b10,train/c8634131ee43469be8f4f75ab4595b10.dicom,False,15,15,True
3853,3852,c8772752985ad53b7c0214c4c954dd01,train/c8772752985ad53b7c0214c4c954dd01.dicom,False,5,5,True
3854,3853,c87a39abf714b710d0539e246739d783,train/c87a39abf714b710d0539e246739d783.dicom,False,12,12,True
3855,3854,c88c3cfbb6ed6198f4e13b5e4dda7f5b,train/c88c3cfbb6ed6198f4e13b5e4dda7f5b.dicom,False,4,4,True
3856,3855,c8a24a5d72c93b72685287c27e0d4623,train/c8a24a5d72c93b72685287c27e0d4623.dicom,False,8,8,True
3857,3856,c8a56cc3c310b1619ec6559afab11089,train/c8a56cc3c310b1619ec6559afab11089.dicom,False,5,5,True
3858,3857,c8a782d151fc7bc3305ec970901b7bfe,train/c8a782d151fc7bc3305ec970901b7bfe.dicom,False,8,8,True
3859,3858,c8cd4cf2230684b7185aa05d0cefe6b6,train/c8cd4cf2230684b7185aa05d0cefe6b6.dicom,False,3,3,True
3860,3859,c8cef7f9bbed9e8303371f940dcfc495,train/c8cef7f9bbed9e8303371f940dcfc495.dicom,False,9,9,True
3861,3860,c8e9aaf309d856f9a7275115fef4a423,train/c8e9aaf309d856f9a7275115fef4a423.dicom,False,6,6,True
3862,3861,c8f305c30eccf48e12cf024df3d24e26,train/c8f305c30eccf48e12cf024df3d24e26.dicom,False,5,5,True
3863,3862,c8f75e6529a051827b8b7952a3e65f5b,train/c8f75e6529a051827b8b7952a3e65f5b.dicom,False,5,5,True
3864,3863,c8f9493ed65b68adb82000cb7ca7baf3,train/c8f9493ed65b68adb82000cb7ca7baf3.dicom,False,7,7,True
3865,3864,c8fe4972b001dfc2e11a06c800da0d6a,train/c8fe4972b001dfc2e11a06c800da0d6a.dicom,False,3,3,True
3866,3865,c9178abde9d3400103cf7f925bc38782,train/c9178abde9d3400103cf7f925bc38782.dicom,False,9,9,True
3867,3866,c918bc36b064c7fb97f95503181a4d60,train/c918bc36b064c7fb97f95503181a4d60.dicom,False,5,5,True
3868,3867,c922a445f08f22058a4a979c5de23586,train/c922a445f08f22058a4a979c5de23586.dicom,True,0,0,True
3869,3868,c925e4d4be7a67db1cda23c93f9414ec,train/c925e4d4be7a67db1cda23c93f9414ec.dicom,False,4,4,True
3870,3869,c92a0bd2d3c781a82946934351821e9a,train/c92a0bd2d3c781a82946934351821e9a.dicom,False,13,13,True
3871,3870,c9380a132776f6d999ed5a72a1212bcf,train/c9380a132776f6d999ed5a72a1212bcf.dicom,False,14,14,True
3872,3871,c93d43336ef6d28348794b5ced1886a4,train/c93d43336ef6d28348794b5ced1886a4.dicom,False,8,8,True
3873,3872,c978cdb3275ab78fe11929e145dedab2,train/c978cdb3275ab78fe11929e145dedab2.dicom,False,14,14,True
3874,3873,c989d46402b855ed7f825b7e6e4c17b2,train/c989d46402b855ed7f825b7e6e4c17b2.dicom,False,12,12,True
3875,3874,c996a67b615c29ae24418c918bd44c69,train/c996a67b615c29ae24418c918bd44c69.dicom,False,17,17,True
3876,3875,c9c761e1d3bf899273a06ca2e24610ef,train/c9c761e1d3bf899273a06ca2e24610ef.dicom,False,5,5,True
3877,3876,c9e29220b5d0f9cfdb250f0872648a89,train/c9e29220b5d0f9cfdb250f0872648a89.dicom,False,6,6,True
3878,3877,ca06e2f4999e77fe76003a86b64a0710,train/ca06e2f4999e77fe76003a86b64a0710.dicom,False,8,8,True
3879,3878,ca1f29978ccbee874f58148f4148e278,train/ca1f29978ccbee874f58148f4148e278.dicom,False,3,3,True
3880,3879,ca2367e34e80cf17deb67602a24e4920,train/ca2367e34e80cf17deb67602a24e4920.dicom,False,11,11,True
3881,3880,ca23e139746a14d9de312dc7271d84e4,train/ca23e139746a14d9de312dc7271d84e4.dicom,False,7,7,True
3882,3881,ca2a64d3c50654de6327f3880bbc17d3,train/ca2a64d3c50654de6327f3880bbc17d3.dicom,False,13,13,True
3883,3882,ca300a7c90492a6f03220a3f9efe7c4e,train/ca300a7c90492a6f03220a3f9efe7c4e.dicom,False,5,5,True
3884,3883,ca3e09e7614df68776156e7388fa5edb,train/ca3e09e7614df68776156e7388fa5edb.dicom,False,3,3,True
3885,3884,ca45eff411274d3a20007bfbc5b68bc1,train/ca45eff411274d3a20007bfbc5b68bc1.dicom,False,7,7,True
3886,3885,ca51a918dfb1408e97204c7dbf8a6f39,train/ca51a918dfb1408e97204c7dbf8a6f39.dicom,False,3,3,True
3887,3886,ca527d7c532ec5810f5b73ab2ff7170a,train/ca527d7c532ec5810f5b73ab2ff7170a.dicom,True,0,0,True
3888,3887,ca6ad3f597ed0079bf27187e72855c15,train/ca6ad3f597ed0079bf27187e72855c15.dicom,False,8,8,True
3889,3888,ca6c1531a83f8ee89916ed934f8d4847,train/ca6c1531a83f8ee89916ed934f8d4847.dicom,False,17,17,True
3890,3889,ca72b54e1dc0ba04d64631ccd30acb9d,train/ca72b54e1dc0ba04d64631ccd30acb9d.dicom,False,8,8,True
3891,3890,ca96c5f3611278776d1f6027bbd41005,train/ca96c5f3611278776d1f6027bbd41005.dicom,False,6,6,True
3892,3891,cad7f3b0b26e674d67eb5a735c0a9bbe,train/cad7f3b0b26e674d67eb5a735c0a9bbe.dicom,False,9,9,True
3893,3892,cad8e7e5f5034a50d4b1ebb30db533c5,train/cad8e7e5f5034a50d4b1ebb30db533c5.dicom,False,4,4,True
3894,3893,caf1b7af2b0caf57a7ae5d23b5dd2aba,train/caf1b7af2b0caf57a7ae5d23b5dd2aba.dicom,False,7,7,True
3895,3894,cb0165cbc17f5d8d0fc4deab637aa2ae,train/cb0165cbc17f5d8d0fc4deab637aa2ae.dicom,False,12,12,True
3896,3895,cb206cb073c2685558a0ef6dece16fa7,train/cb206cb073c2685558a0ef6dece16fa7.dicom,False,5,5,True
3897,3896,cb8fd53c4498aa62dd48c184beb050bd,train/cb8fd53c4498aa62dd48c184beb050bd.dicom,False,5,5,True
3898,3897,cb9658d61c84a99ba31665f40cb0788d,train/cb9658d61c84a99ba31665f40cb0788d.dicom,False,5,5,True
3899,3898,cb9cfff99f0aa6a0e618e2310a68f186,train/cb9cfff99f0aa6a0e618e2310a68f186.dicom,False,10,10,True
3900,3899,cbae689446b034eb2204751c65e08af2,train/cbae689446b034eb2204751c65e08af2.dicom,False,7,7,True
3901,3900,cbc971fb918adb51914a165519ba121a,train/cbc971fb918adb51914a165519ba121a.dicom,False,6,6,True
3902,3901,cbcb95889f621abbd2e9b46220267c98,train/cbcb95889f621abbd2e9b46220267c98.dicom,True,0,0,True
3903,3902,cbfe3d59be5549fee6a56e73fc8b2803,train/cbfe3d59be5549fee6a56e73fc8b2803.dicom,False,6,6,True
3904,3903,cc47c14b9aa97e08fad1925a6dc1efee,train/cc47c14b9aa97e08fad1925a6dc1efee.dicom,False,6,6,True
3905,3904,cc5ca13d504354fc7c1e75bf2ca9857b,train/cc5ca13d504354fc7c1e75bf2ca9857b.dicom,False,4,4,True
3906,3905,cc625b64cd45864eb85bdf4446e813a4,train/cc625b64cd45864eb85bdf4446e813a4.dicom,False,8,8,True
3907,3906,cc6fc3c91c3d9061b11b65f8257a2ad0,train/cc6fc3c91c3d9061b11b65f8257a2ad0.dicom,False,11,11,True
3908,3907,cc9a84f1f3942ceb845c5f174e5b70cd,train/cc9a84f1f3942ceb845c5f174e5b70cd.dicom,False,15,15,True
3909,3908,cc9b6ee01a01702434ad789eef9432fb,train/cc9b6ee01a01702434ad789eef9432fb.dicom,True,0,0,True
3910,3909,cca122e46a24a6ccfeba9ade9f7b933c,train/cca122e46a24a6ccfeba9ade9f7b933c.dicom,False,9,9,True
3911,3910,cca5fa8df1efa35b42580fc781efadb7,train/cca5fa8df1efa35b42580fc781efadb7.dicom,False,12,12,True
3912,3911,ccce794d56a43641c1bb3d6b0253e794,train/ccce794d56a43641c1bb3d6b0253e794.dicom,False,6,6,True
3913,3912,ccd403a2a0b24d9d67ebf996e03224d3,train/ccd403a2a0b24d9d67ebf996e03224d3.dicom,False,6,6,True
3914,3913,cce1682c4fbfc0f04fb84136651a3813,train/cce1682c4fbfc0f04fb84136651a3813.dicom,False,11,11,True
3915,3914,ccff375f4139cef65b98385224cfc810,train/ccff375f4139cef65b98385224cfc810.dicom,False,5,5,True
3916,3915,cd1290a0b49dd799d0c77475b1953868,train/cd1290a0b49dd799d0c77475b1953868.dicom,False,5,5,True
3917,3916,cd1a6e3e5352f7b0dd5f596f29b74390,train/cd1a6e3e5352f7b0dd5f596f29b74390.dicom,False,7,7,True
3918,3917,cd2ca6c232cc1c107ad1249579b457be,train/cd2ca6c232cc1c107ad1249579b457be.dicom,False,8,8,True
3919,3918,cd33be932bca447f6bf5b83b03018806,train/cd33be932bca447f6bf5b83b03018806.dicom,False,12,12,True
3920,3919,cd42d4220f19d14291f1cf7c2a194f07,train/cd42d4220f19d14291f1cf7c2a194f07.dicom,False,7,7,True
3921,3920,cd49c1e8e2c3e37a4dc3325c986a609f,train/cd49c1e8e2c3e37a4dc3325c986a609f.dicom,False,4,4,True
3922,3921,cd61bab9751a2dc321165c975901bb23,train/cd61bab9751a2dc321165c975901bb23.dicom,False,8,8,True
3923,3922,cd857b26125043e9eee272433187f3a6,train/cd857b26125043e9eee272433187f3a6.dicom,False,7,7,True
3924,3923,cd92b5a85b85e254d101eb7b1deed668,train/cd92b5a85b85e254d101eb7b1deed668.dicom,False,7,7,True
3925,3924,cdad4eefae33e95d6fb7e6422cf84758,train/cdad4eefae33e95d6fb7e6422cf84758.dicom,False,4,4,True
3926,3925,cdbd07a6e9e17958d4cafd4278872806,train/cdbd07a6e9e17958d4cafd4278872806.dicom,False,14,14,True
3927,3926,cdc44f8510ed779fade14a506d2bbd8c,train/cdc44f8510ed779fade14a506d2bbd8c.dicom,True,0,0,True
3928,3927,cdc9449b58f831981f7df30de936077d,train/cdc9449b58f831981f7df30de936077d.dicom,False,7,7,True
3929,3928,cde07682ce7758568b5a3701eee9f46a,train/cde07682ce7758568b5a3701eee9f46a.dicom,False,12,12,True
3930,3929,cde438e260e3b75a814cd3519a2c28b5,train/cde438e260e3b75a814cd3519a2c28b5.dicom,False,8,8,True
3931,3930,cde6b59dc5447237fd9f9b264567a653,train/cde6b59dc5447237fd9f9b264567a653.dicom,False,7,7,True
3932,3931,cdeda235172891a9886537799cd57d76,train/cdeda235172891a9886537799cd57d76.dicom,False,8,8,True
3933,3932,cdee8199f2b74923889994f67789dae8,train/cdee8199f2b74923889994f67789dae8.dicom,False,7,7,True
3934,3933,cdf9f0eb45572fe32a1c66db5755fc20,train/cdf9f0eb45572fe32a1c66db5755fc20.dicom,False,3,3,True
3935,3934,cdfac35a0800774db5fe8a6354df64ef,train/cdfac35a0800774db5fe8a6354df64ef.dicom,False,6,6,True
3936,3935,cdfb27f0268e0803530e4511ed89b0c1,train/cdfb27f0268e0803530e4511ed89b0c1.dicom,False,6,6,True
3937,3936,ce05e2dfd28685a861263561a123fb05,train/ce05e2dfd28685a861263561a123fb05.dicom,False,5,5,True
3938,3937,ce0a7268695e0f82d7350f8646ea8c86,train/ce0a7268695e0f82d7350f8646ea8c86.dicom,False,5,5,True
3939,3938,ce124e4ecf1e643ca350bbc75e7f8658,train/ce124e4ecf1e643ca350bbc75e7f8658.dicom,False,7,7,True
3940,3939,ce1809b48b0ba6519f6f7b3a01155173,train/ce1809b48b0ba6519f6f7b3a01155173.dicom,False,7,7,True
3941,3940,ce229a03f797a78f5c482af89d78c988,train/ce229a03f797a78f5c482af89d78c988.dicom,False,5,5,True
3942,3941,ce2445abc396911bace06d962bf9b6e6,train/ce2445abc396911bace06d962bf9b6e6.dicom,False,8,8,True
3943,3942,ce2c5376b597eb067395da4c7f9960aa,train/ce2c5376b597eb067395da4c7f9960aa.dicom,False,20,20,True
3944,3943,ce2c97cafc1a2ef349e996e91abd554a,train/ce2c97cafc1a2ef349e996e91abd554a.dicom,False,19,19,True
3945,3944,ce371ba7a1fb344e711357b2a55c8754,train/ce371ba7a1fb344e711357b2a55c8754.dicom,False,9,9,True
3946,3945,ce4e8ead795a19444e7b9dc1c27cfb66,train/ce4e8ead795a19444e7b9dc1c27cfb66.dicom,False,4,4,True
3947,3946,ce51a9ef3a4afc873a483972c2264c2f,train/ce51a9ef3a4afc873a483972c2264c2f.dicom,False,18,18,True
3948,3947,ce5d79a7cdd6e58c3c4e858abf9c4101,train/ce5d79a7cdd6e58c3c4e858abf9c4101.dicom,False,3,3,True
3949,3948,ce5e76544b8c1d0ec34783b0f1bc471d,train/ce5e76544b8c1d0ec34783b0f1bc471d.dicom,False,31,31,True
3950,3949,ce6877e88fc20990497099e6196b6ae4,train/ce6877e88fc20990497099e6196b6ae4.dicom,False,4,4,True
3951,3950,ce99128124dc2e9cb8795a06342c00a2,train/ce99128124dc2e9cb8795a06342c00a2.dicom,False,3,3,True
3952,3951,cea1568b0614b071775567674391519d,train/cea1568b0614b071775567674391519d.dicom,False,6,6,True
3953,3952,ceae25112f71e514cb5772484f9434f7,train/ceae25112f71e514cb5772484f9434f7.dicom,False,6,6,True
3954,3953,ceb5e06ea1a66fedab43e8bdb51890eb,train/ceb5e06ea1a66fedab43e8bdb51890eb.dicom,False,4,4,True
3955,3954,cefc63f9ff49d9da82c49144f05a13cd,train/cefc63f9ff49d9da82c49144f05a13cd.dicom,False,3,3,True
3956,3955,cefc99738c5307f12d9104f31ff2c1c4,train/cefc99738c5307f12d9104f31ff2c1c4.dicom,False,15,15,True
3957,3956,cf32a2bc41deeb7436a36bcc4ff324fb,train/cf32a2bc41deeb7436a36bcc4ff324fb.dicom,False,10,10,True
3958,3957,cf3f071a229e2d4433abcb38c4b35cac,train/cf3f071a229e2d4433abcb38c4b35cac.dicom,False,21,21,True
3959,3958,cf412a6f906091434c19ffd30f2df9b6,train/cf412a6f906091434c19ffd30f2df9b6.dicom,False,18,18,True
3960,3959,cf4d4dc28551c17c0d33d0326d4a201b,train/cf4d4dc28551c17c0d33d0326d4a201b.dicom,False,5,5,True
3961,3960,cf5594b365507845c417b03b93107877,train/cf5594b365507845c417b03b93107877.dicom,False,3,3,True
3962,3961,cf62220b6647aa19043a9bd46a04f61a,train/cf62220b6647aa19043a9bd46a04f61a.dicom,False,6,6,True
3963,3962,cf7b4c06372d21a1d7dc81dcd6757dfe,train/cf7b4c06372d21a1d7dc81dcd6757dfe.dicom,False,11,11,True
3964,3963,cf95785b8e8bf924e9cf0b51faef41aa,train/cf95785b8e8bf924e9cf0b51faef41aa.dicom,False,10,10,True
3965,3964,cf959acfa91add68f9f4b35aca1abbce,train/cf959acfa91add68f9f4b35aca1abbce.dicom,False,5,5,True
3966,3965,cfb0f1134227a67c3c30809e424fba01,train/cfb0f1134227a67c3c30809e424fba01.dicom,False,7,7,True
3967,3966,cfbac484f94686cd93d564487d9e5a8a,train/cfbac484f94686cd93d564487d9e5a8a.dicom,False,4,4,True
3968,3967,cfcd11e1470297208eb39c9e82d6618a,train/cfcd11e1470297208eb39c9e82d6618a.dicom,False,5,5,True
3969,3968,cfd708bfc4b35a7a4d6aabde5c0799ae,train/cfd708bfc4b35a7a4d6aabde5c0799ae.dicom,True,0,0,True
3970,3969,cfe3e67ca5f8235d64e51416a26e70cc,train/cfe3e67ca5f8235d64e51416a26e70cc.dicom,False,8,8,True
3971,3970,cff98ac92877ed0954dad4fefb125d1e,train/cff98ac92877ed0954dad4fefb125d1e.dicom,False,21,21,True
3972,3971,cffa67149b86b1359623d25f061a2063,train/cffa67149b86b1359623d25f061a2063.dicom,False,18,18,True
3973,3972,d0043062cebce85f2487407bc033d405,train/d0043062cebce85f2487407bc033d405.dicom,False,14,14,True
3974,3973,d00773ee4a01cc570b35d2f86a22d961,train/d00773ee4a01cc570b35d2f86a22d961.dicom,False,7,7,True
3975,3974,d015e02257639b55b196e26820e10081,train/d015e02257639b55b196e26820e10081.dicom,False,11,11,True
3976,3975,d0252f72f9db197d04d2f59c8f77f908,train/d0252f72f9db197d04d2f59c8f77f908.dicom,False,13,13,True
3977,3976,d04d4c8e2d4a4338994e37f3eec158ca,train/d04d4c8e2d4a4338994e37f3eec158ca.dicom,False,14,14,True
3978,3977,d04f6328a4f309158aabe9818ab3e2eb,train/d04f6328a4f309158aabe9818ab3e2eb.dicom,False,4,4,True
3979,3978,d055c6563b7d1059b2488cd239aa328e,train/d055c6563b7d1059b2488cd239aa328e.dicom,False,16,16,True
3980,3979,d058b141769a9791bb2547c44f08c79e,train/d058b141769a9791bb2547c44f08c79e.dicom,False,7,7,True
3981,3980,d0698d11e0b9d2f343888948f5fccb83,train/d0698d11e0b9d2f343888948f5fccb83.dicom,False,6,6,True
3982,3981,d06c3bda18d5dc7ff656faf4358615a4,train/d06c3bda18d5dc7ff656faf4358615a4.dicom,False,6,6,True
3983,3982,d07557904cbe57fc1bdebac1e8aeefa1,train/d07557904cbe57fc1bdebac1e8aeefa1.dicom,False,14,14,True
3984,3983,d07da8a9b93d7c684264ec8be14c0fe7,train/d07da8a9b93d7c684264ec8be14c0fe7.dicom,True,0,0,True
3985,3984,d087fb5597b73624c84203ca9633a2c1,train/d087fb5597b73624c84203ca9633a2c1.dicom,False,4,4,True
3986,3985,d088c22989ec259a26d64efe51eb276d,train/d088c22989ec259a26d64efe51eb276d.dicom,False,6,6,True
3987,3986,d08fe6d0819f1ca56bc29422f8d8a408,train/d08fe6d0819f1ca56bc29422f8d8a408.dicom,True,0,0,True
3988,3987,d09d12dab1ee691049e51dfd69722a09,train/d09d12dab1ee691049e51dfd69722a09.dicom,False,4,4,True
3989,3988,d0a8b798569ce701b96f52058e99e5f4,train/d0a8b798569ce701b96f52058e99e5f4.dicom,False,3,3,True
3990,3989,d0d9778108b9059fd91572f77ed96e51,train/d0d9778108b9059fd91572f77ed96e51.dicom,True,0,0,True
3991,3990,d0e7b36dd1975188809340a634301e87,train/d0e7b36dd1975188809340a634301e87.dicom,False,6,6,True
3992,3991,d0ea942db524a895c4bc433e03c3cd3a,train/d0ea942db524a895c4bc433e03c3cd3a.dicom,False,17,17,True
3993,3992,d0f5c4ab003b51700ba82fab2eeef905,train/d0f5c4ab003b51700ba82fab2eeef905.dicom,False,5,5,True
3994,3993,d106ec9b305178f3da060efe3191499a,train/d106ec9b305178f3da060efe3191499a.dicom,False,39,39,True
3995,3994,d10befbaf9fa291ed319f7118515a20c,train/d10befbaf9fa291ed319f7118515a20c.dicom,False,5,5,True
3996,3995,d1192634c95b9018fe25890bf74d45ab,train/d1192634c95b9018fe25890bf74d45ab.dicom,True,0,0,True
3997,3996,d11b2ce53ce195af06de80a5076f8126,train/d11b2ce53ce195af06de80a5076f8126.dicom,False,10,10,True
3998,3997,d13883c248f9a28b6f50e3ac77ccb756,train/d13883c248f9a28b6f50e3ac77ccb756.dicom,False,3,3,True
3999,3998,d142a0fed8a258c8093a0e0e9c4e48ce,train/d142a0fed8a258c8093a0e0e9c4e48ce.dicom,False,5,5,True
4000,3999,d14f7d9469a5cdf6a60feea8f190f38d,train/d14f7d9469a5cdf6a60feea8f190f38d.dicom,False,7,7,True
4001,4000,d15440be54e5314679b36d0e7c9c0da1,train/d15440be54e5314679b36d0e7c9c0da1.dicom,False,8,8,True
4002,4001,d15e6278a65dfc72e8a437c5836ba4a6,train/d15e6278a65dfc72e8a437c5836ba4a6.dicom,False,6,6,True
4003,4002,d1605d4007fbbdbec96acce4a834d10b,train/d1605d4007fbbdbec96acce4a834d10b.dicom,False,7,7,True
4004,4003,d16b67fee07971da41a3d08707ccd864,train/d16b67fee07971da41a3d08707ccd864.dicom,False,4,4,True
4005,4004,d16f5fd6c9f2c17efe75b084d527c2a5,train/d16f5fd6c9f2c17efe75b084d527c2a5.dicom,False,6,6,True
4006,4005,d1713f5cf5838c1592e5f712b5d4928e,train/d1713f5cf5838c1592e5f712b5d4928e.dicom,False,6,6,True
4007,4006,d1840dda98dafc76f201fa30bda3ef94,train/d1840dda98dafc76f201fa30bda3ef94.dicom,False,6,6,True
4008,4007,d189ad84aa78fffbb5bea14f1c230e54,train/d189ad84aa78fffbb5bea14f1c230e54.dicom,False,16,16,True
4009,4008,d18baf80b9c942af3688e9ddeb3dd18b,train/d18baf80b9c942af3688e9ddeb3dd18b.dicom,False,5,5,True
4010,4009,d19b822e1f1cb392d172d1ee4fa73005,train/d19b822e1f1cb392d172d1ee4fa73005.dicom,False,4,4,True
4011,4010,d1ae8f8c681cf7e9ad6fc1f8ab02dc3a,train/d1ae8f8c681cf7e9ad6fc1f8ab02dc3a.dicom,False,13,13,True
4012,4011,d1bb581de986967b12d4ee6a064d70e8,train/d1bb581de986967b12d4ee6a064d70e8.dicom,False,4,4,True
4013,4012,d1bcef094e9b8c86c70192220b8e1648,train/d1bcef094e9b8c86c70192220b8e1648.dicom,False,6,6,True
4014,4013,d1dbddfd0d130d400e81deeef783007a,train/d1dbddfd0d130d400e81deeef783007a.dicom,False,20,20,True
4015,4014,d1ded9f78544969878049b01149d0dd2,train/d1ded9f78544969878049b01149d0dd2.dicom,False,8,8,True
4016,4015,d1dfd6ac02ac34ebaf9788ec9b2de1f3,train/d1dfd6ac02ac34ebaf9788ec9b2de1f3.dicom,False,10,10,True
4017,4016,d1e95f585e1094cb8ddf94c1d97a4d1a,train/d1e95f585e1094cb8ddf94c1d97a4d1a.dicom,False,16,16,True
4018,4017,d1eb013c56b49d88034915dbee6c5f68,train/d1eb013c56b49d88034915dbee6c5f68.dicom,False,8,8,True
4019,4018,d1ee146b55af8b9cd84ec605a9aa36bd,train/d1ee146b55af8b9cd84ec605a9aa36bd.dicom,True,0,0,True
4020,4019,d20563eda118661e39a855fa825539fe,train/d20563eda118661e39a855fa825539fe.dicom,False,6,6,True
4021,4020,d211355c013edb6306146222ebb2082f,train/d211355c013edb6306146222ebb2082f.dicom,False,10,10,True
4022,4021,d23024cde82d22b8e1cf899c3c0207c7,train/d23024cde82d22b8e1cf899c3c0207c7.dicom,False,6,6,True
4023,4022,d2305891b7a1433e06323ea610d47884,train/d2305891b7a1433e06323ea610d47884.dicom,False,7,7,True
4024,4023,d23be2fc84b61c8250b0047619c34f1a,train/d23be2fc84b61c8250b0047619c34f1a.dicom,False,4,4,True
4025,4024,d23f3e07cbc9ef75f47407eccac43d73,train/d23f3e07cbc9ef75f47407eccac43d73.dicom,False,5,5,True
4026,4025,d252062152a9c144706233c2a544c711,train/d252062152a9c144706233c2a544c711.dicom,False,11,11,True
4027,4026,d25885006314439d3d359c94d1ea63e9,train/d25885006314439d3d359c94d1ea63e9.dicom,False,3,3,True
4028,4027,d260497f6120426c51399f5f846c16b6,train/d260497f6120426c51399f5f846c16b6.dicom,False,6,6,True
4029,4028,d280f2ad03ad22e2fdcdcd0d26869e47,train/d280f2ad03ad22e2fdcdcd0d26869e47.dicom,False,7,7,True
4030,4029,d28436f3bcb1f8a129b35a812d5c8cfb,train/d28436f3bcb1f8a129b35a812d5c8cfb.dicom,False,11,11,True
4031,4030,d28f1f4fdbb37d98f802678fc174ff21,train/d28f1f4fdbb37d98f802678fc174ff21.dicom,True,0,0,True
4032,4031,d29e22e5ef93b44aef8810130ef9acca,train/d29e22e5ef93b44aef8810130ef9acca.dicom,False,6,6,True
4033,4032,d2ba8e95f185391a08f009c8e2a9ca12,train/d2ba8e95f185391a08f009c8e2a9ca12.dicom,False,7,7,True
4034,4033,d2bc15eab8150cfcbcd9364c20c7297d,train/d2bc15eab8150cfcbcd9364c20c7297d.dicom,False,8,8,True
4035,4034,d2de60c06501603f1d4842fa71808636,train/d2de60c06501603f1d4842fa71808636.dicom,False,10,10,True
4036,4035,d2e80d6cae14b72a824f1ac625d23472,train/d2e80d6cae14b72a824f1ac625d23472.dicom,False,8,8,True
4037,4036,d2ee971a8b41f013def83648617b43cc,train/d2ee971a8b41f013def83648617b43cc.dicom,False,12,12,True
4038,4037,d3013a1bf9748593f9a413cf4f067d7f,train/d3013a1bf9748593f9a413cf4f067d7f.dicom,False,4,4,True
4039,4038,d312cdd620b130479bfea6128e47b2c4,train/d312cdd620b130479bfea6128e47b2c4.dicom,False,21,21,True
4040,4039,d32509da6cdeed96643392245b6ab8e8,train/d32509da6cdeed96643392245b6ab8e8.dicom,True,0,0,True
4041,4040,d32677062d9b64918b27c648d2da50d1,train/d32677062d9b64918b27c648d2da50d1.dicom,True,0,0,True
4042,4041,d33e30f362a5e816c72f2d2e81b810bd,train/d33e30f362a5e816c72f2d2e81b810bd.dicom,False,6,6,True
4043,4042,d3627a59bdf97f89094cbcee823ba057,train/d3627a59bdf97f89094cbcee823ba057.dicom,True,0,0,True
4044,4043,d3637a1935a905b3c326af31389cb846,train/d3637a1935a905b3c326af31389cb846.dicom,False,11,11,True
4045,4044,d3780a0c70b4737cd12874433023c40a,train/d3780a0c70b4737cd12874433023c40a.dicom,False,8,8,True
4046,4045,d3823d24855b6ef03c188e962948b4b9,train/d3823d24855b6ef03c188e962948b4b9.dicom,False,12,12,True
4047,4046,d382f7b5c1608ed890527962c60eda05,train/d382f7b5c1608ed890527962c60eda05.dicom,False,6,6,True
4048,4047,d39514e0a4ab55df4e5f6e0426aa8fed,train/d39514e0a4ab55df4e5f6e0426aa8fed.dicom,True,0,0,True
4049,4048,d3b82f17d58da80f02e2b0812606cee2,train/d3b82f17d58da80f02e2b0812606cee2.dicom,False,12,12,True
4050,4049,d3dfd38de2eecc6492fa8101d8245b76,train/d3dfd38de2eecc6492fa8101d8245b76.dicom,False,11,11,True
4051,4050,d3e275e681d082bcc003336b8355b2f2,train/d3e275e681d082bcc003336b8355b2f2.dicom,False,4,4,True
4052,4051,d3e2d6c3f0b85c65e3bd7561b2ece66a,train/d3e2d6c3f0b85c65e3bd7561b2ece66a.dicom,False,4,4,True
4053,4052,d3ef9ae515fb3cd3565e2c9875b3e0aa,train/d3ef9ae515fb3cd3565e2c9875b3e0aa.dicom,False,14,14,True
4054,4053,d3fcec7cbaa93e9e4845724118cae73c,train/d3fcec7cbaa93e9e4845724118cae73c.dicom,False,4,4,True
4055,4054,d414a0d3435dd64628dd3b72e6ecd6be,train/d414a0d3435dd64628dd3b72e6ecd6be.dicom,True,0,0,True
4056,4055,d42c8cdbeea7094d8a3e4899742cdda0,train/d42c8cdbeea7094d8a3e4899742cdda0.dicom,True,0,0,True
4057,4056,d433568de3111a8536c18e27eff73a47,train/d433568de3111a8536c18e27eff73a47.dicom,False,22,22,True
4058,4057,d4368452d937230208748ce2c819b971,train/d4368452d937230208748ce2c819b971.dicom,False,6,6,True
4059,4058,d43960df26db044d6b9caa7e4ec2ac08,train/d43960df26db044d6b9caa7e4ec2ac08.dicom,True,0,0,True
4060,4059,d439808cf55114c97c3b244c54e5ab34,train/d439808cf55114c97c3b244c54e5ab34.dicom,True,0,0,True
4061,4060,d43c6680c56521ab6aafd6babf8bd7c6,train/d43c6680c56521ab6aafd6babf8bd7c6.dicom,False,8,8,True
4062,4061,d44766bf0eb902fbc1848f418417c45f,train/d44766bf0eb902fbc1848f418417c45f.dicom,False,4,4,True
4063,4062,d44b907ffbef18483e074eac9a4783dc,train/d44b907ffbef18483e074eac9a4783dc.dicom,True,0,0,True
4064,4063,d44deb5774617d3e89893bae3994489f,train/d44deb5774617d3e89893bae3994489f.dicom,False,8,8,True
4065,4064,d45374a1b323c34b8418b36b819783e3,train/d45374a1b323c34b8418b36b819783e3.dicom,False,7,7,True
4066,4065,d45c88116610fd72a56688d29bf2771d,train/d45c88116610fd72a56688d29bf2771d.dicom,False,4,4,True
4067,4066,d46fcfc88827c952da48421ecdac7e30,train/d46fcfc88827c952da48421ecdac7e30.dicom,False,10,10,True
4068,4067,d47bdbcba4b30efdc224e8d6ab79f647,train/d47bdbcba4b30efdc224e8d6ab79f647.dicom,False,7,7,True
4069,4068,d47efdd2527ed1646f31bec6dcbbcdc1,train/d47efdd2527ed1646f31bec6dcbbcdc1.dicom,False,9,9,True
4070,4069,d4a201049322f6130e8ee837c22ed803,train/d4a201049322f6130e8ee837c22ed803.dicom,False,4,4,True
4071,4070,d4a67043b09bca469a46c16b763c0391,train/d4a67043b09bca469a46c16b763c0391.dicom,False,9,9,True
4072,4071,d4a8a32d495cd0d49ec8ad2eee3afa3e,train/d4a8a32d495cd0d49ec8ad2eee3afa3e.dicom,True,0,0,True
4073,4072,d4b3527d37d04d52eef04650b7c45c1d,train/d4b3527d37d04d52eef04650b7c45c1d.dicom,False,6,6,True
4074,4073,d4b495a674f603616f7f418f41e4e0bf,train/d4b495a674f603616f7f418f41e4e0bf.dicom,False,6,6,True
4075,4074,d4bcbefefd480d4362d7d373a23e8729,train/d4bcbefefd480d4362d7d373a23e8729.dicom,False,19,19,True
4076,4075,d4dcc6b21675250fcf6697b8b1b65e5d,train/d4dcc6b21675250fcf6697b8b1b65e5d.dicom,False,3,3,True
4077,4076,d4e8665286a7fd59bcd408868c247a5d,train/d4e8665286a7fd59bcd408868c247a5d.dicom,False,6,6,True
4078,4077,d513454347dd168afa0b6bb6c328a2ee,train/d513454347dd168afa0b6bb6c328a2ee.dicom,False,4,4,True
4079,4078,d5203efda6708309bae1c60534f16192,train/d5203efda6708309bae1c60534f16192.dicom,False,6,6,True
4080,4079,d52590d27ebd08d17277ef794e31337f,train/d52590d27ebd08d17277ef794e31337f.dicom,False,3,3,True
4081,4080,d530ec3596a3e7e7dd73fbe369178c07,train/d530ec3596a3e7e7dd73fbe369178c07.dicom,False,5,5,True
4082,4081,d5331c5488785e73b81760e5418a192d,train/d5331c5488785e73b81760e5418a192d.dicom,False,22,22,True
4083,4082,d547ff1995b2b5cd7904cb0052857dd1,train/d547ff1995b2b5cd7904cb0052857dd1.dicom,False,6,6,True
4084,4083,d54f205e3f01d2ead98f02fc1bd4c164,train/d54f205e3f01d2ead98f02fc1bd4c164.dicom,False,14,14,True
4085,4084,d558629d10923b5a498508ac4b65f7d2,train/d558629d10923b5a498508ac4b65f7d2.dicom,True,0,0,True
4086,4085,d55bf1212f45e38da405d8bde20f6a7d,train/d55bf1212f45e38da405d8bde20f6a7d.dicom,False,3,3,True
4087,4086,d56ea789585115ee47580ed320a8532e,train/d56ea789585115ee47580ed320a8532e.dicom,False,7,7,True
4088,4087,d56fd281ce49dd0ed4dfcf1d72ca78d0,train/d56fd281ce49dd0ed4dfcf1d72ca78d0.dicom,False,6,6,True
4089,4088,d571f85ab9434bcb8bc11bd175453c96,train/d571f85ab9434bcb8bc11bd175453c96.dicom,False,7,7,True
4090,4089,d5802f146ff1cde67791855f2b531420,train/d5802f146ff1cde67791855f2b531420.dicom,False,5,5,True
4091,4090,d59d5dcc1601a29509f91dab5f8550bc,train/d59d5dcc1601a29509f91dab5f8550bc.dicom,False,23,23,True
4092,4091,d59e8b41b1b2b15cd6a7ae3ec6882781,train/d59e8b41b1b2b15cd6a7ae3ec6882781.dicom,True,0,0,True
4093,4092,d5a6b16e6de1f5f21a7a549a84af463f,train/d5a6b16e6de1f5f21a7a549a84af463f.dicom,False,6,6,True
4094,4093,d5adeb5f9d36c06c466a45acfb35d4d8,train/d5adeb5f9d36c06c466a45acfb35d4d8.dicom,False,4,4,True
4095,4094,d5b2a2c4177eb355dd3c0bfacbfd39bd,train/d5b2a2c4177eb355dd3c0bfacbfd39bd.dicom,False,10,10,True
4096,4095,d5d504bb44506c3d2b96fc68b085305b,train/d5d504bb44506c3d2b96fc68b085305b.dicom,False,3,3,True
4097,4096,d5e37f977eb0774ed01dda67ba31adb2,train/d5e37f977eb0774ed01dda67ba31adb2.dicom,False,8,8,True
4098,4097,d5eaa2c2ae8e05956394f24470224843,train/d5eaa2c2ae8e05956394f24470224843.dicom,False,3,3,True
4099,4098,d5f6e4ac57771303fe96ac40b177a28d,train/d5f6e4ac57771303fe96ac40b177a28d.dicom,False,13,13,True
4100,4099,d5fd5c2233862d3d73a5e4f7b57be280,train/d5fd5c2233862d3d73a5e4f7b57be280.dicom,False,17,17,True
4101,4100,d60002856387ce505f27d4a6dd8d2bec,train/d60002856387ce505f27d4a6dd8d2bec.dicom,False,11,11,True
4102,4101,d60854afebf749f87a8c95a07cb30d48,train/d60854afebf749f87a8c95a07cb30d48.dicom,False,15,15,True
4103,4102,d60fdd6237c71b741d10c85895723d16,train/d60fdd6237c71b741d10c85895723d16.dicom,False,9,9,True
4104,4103,d617b24dad98aa3b1f2d645828095355,train/d617b24dad98aa3b1f2d645828095355.dicom,False,10,10,True
4105,4104,d61eb45d47ad48020286203b1f1362f8,train/d61eb45d47ad48020286203b1f1362f8.dicom,False,6,6,True
4106,4105,d625684a437d0b9f622fec5329c6d7af,train/d625684a437d0b9f622fec5329c6d7af.dicom,False,7,7,True
4107,4106,d630459c8036ef43b0fdb55625289101,train/d630459c8036ef43b0fdb55625289101.dicom,True,0,0,True
4108,4107,d6352ccc0bf75017b99820231822ab6b,train/d6352ccc0bf75017b99820231822ab6b.dicom,False,5,5,True
4109,4108,d647ae4618fc943d965b25c3aab3fb4c,train/d647ae4618fc943d965b25c3aab3fb4c.dicom,False,9,9,True
4110,4109,d653c05dad30d8c04fa23fdac2572ab6,train/d653c05dad30d8c04fa23fdac2572ab6.dicom,False,14,14,True
4111,4110,d6569366db7f18f343963d9119307f89,train/d6569366db7f18f343963d9119307f89.dicom,False,8,8,True
4112,4111,d6599d989c75982e68a7f277ddf170ff,train/d6599d989c75982e68a7f277ddf170ff.dicom,True,0,0,True
4113,4112,d65e8ebeaf0add8c9491ba9d8b35931e,train/d65e8ebeaf0add8c9491ba9d8b35931e.dicom,False,11,11,True
4114,4113,d661504676709e84d3075bb96462e7a5,train/d661504676709e84d3075bb96462e7a5.dicom,True,0,0,True
4115,4114,d6b38dc0d4cb99ead6ff30cc999f17ca,train/d6b38dc0d4cb99ead6ff30cc999f17ca.dicom,False,6,6,True
4116,4115,d6d2896d8c4e3cf8b74fc981e7218678,train/d6d2896d8c4e3cf8b74fc981e7218678.dicom,False,7,7,True
4117,4116,d6d95f11e158dafc5fe2955b81192f51,train/d6d95f11e158dafc5fe2955b81192f51.dicom,False,10,10,True
4118,4117,d700828f067b24ac9bc70bc8bbee1bea,train/d700828f067b24ac9bc70bc8bbee1bea.dicom,False,6,6,True
4119,4118,d7049d549349da79c6fce9744a52e470,train/d7049d549349da79c6fce9744a52e470.dicom,False,20,20,True
4120,4119,d70837c881f01f8c51afe9616879de50,train/d70837c881f01f8c51afe9616879de50.dicom,False,17,17,True
4121,4120,d70e8f6924ff1e80d6b008965df94e08,train/d70e8f6924ff1e80d6b008965df94e08.dicom,False,12,12,True
4122,4121,d7112ac1c4800858be0b871cb50c3c18,train/d7112ac1c4800858be0b871cb50c3c18.dicom,False,7,7,True
4123,4122,d7163e05dad88864eb0111956c16eb66,train/d7163e05dad88864eb0111956c16eb66.dicom,False,7,7,True
4124,4123,d7210d8d2f377ab74e46acfb4a158e79,train/d7210d8d2f377ab74e46acfb4a158e79.dicom,False,20,20,True
4125,4124,d7242fc163c07f6d286ed049914d962e,train/d7242fc163c07f6d286ed049914d962e.dicom,False,19,19,True
4126,4125,d73add6550804e3da302f96e50e463af,train/d73add6550804e3da302f96e50e463af.dicom,True,0,0,True
4127,4126,d742a4e61899a7a7408754397737a3ea,train/d742a4e61899a7a7408754397737a3ea.dicom,False,6,6,True
4128,4127,d746a3f16ed61bfebbdfab1b9086e3aa,train/d746a3f16ed61bfebbdfab1b9086e3aa.dicom,False,6,6,True
4129,4128,d74aa13b3bc96f254461e842232dbfce,train/d74aa13b3bc96f254461e842232dbfce.dicom,False,9,9,True
4130,4129,d7509ae432cae9e7062e1e78582e64d5,train/d7509ae432cae9e7062e1e78582e64d5.dicom,False,6,6,True
4131,4130,d75471409759c988b3380b9a675fd12c,train/d75471409759c988b3380b9a675fd12c.dicom,False,8,8,True
4132,4131,d754c0b8f318f683355ec2b11954abb4,train/d754c0b8f318f683355ec2b11954abb4.dicom,False,18,18,True
4133,4132,d77ef79ee4580a65dcb1e0e26b91d017,train/d77ef79ee4580a65dcb1e0e26b91d017.dicom,False,10,10,True
4134,4133,d786442ae2ad8b9bec49fece2659d564,train/d786442ae2ad8b9bec49fece2659d564.dicom,False,3,3,True
4135,4134,d79068eb77a5aa51eb57904fbfce1720,train/d79068eb77a5aa51eb57904fbfce1720.dicom,False,5,5,True
4136,4135,d791f10dbcb0ab7c0c34dafd2fdf8b08,train/d791f10dbcb0ab7c0c34dafd2fdf8b08.dicom,False,13,13,True
4137,4136,d79e29f792f1225d45994d75d624f8d1,train/d79e29f792f1225d45994d75d624f8d1.dicom,False,5,5,True
4138,4137,d7a418b9be0b9981e1a5e81f97e70690,train/d7a418b9be0b9981e1a5e81f97e70690.dicom,False,16,16,True
4139,4138,d7aea6f37597df566725da73655edcc2,train/d7aea6f37597df566725da73655edcc2.dicom,False,20,20,True
4140,4139,d7b69078f953c292ffe719e864f53b21,train/d7b69078f953c292ffe719e864f53b21.dicom,True,0,0,True
4141,4140,d7bbb290f6691900ee45ea1ed1d5787f,train/d7bbb290f6691900ee45ea1ed1d5787f.dicom,False,9,9,True
4142,4141,d7c148eb16f56462447f7f9c78ce390d,train/d7c148eb16f56462447f7f9c78ce390d.dicom,False,6,6,True
4143,4142,d7c8b14cc4c55e569c6bb92637b27595,train/d7c8b14cc4c55e569c6bb92637b27595.dicom,False,5,5,True
4144,4143,d7d10dd5db989860a2758763e97edc05,train/d7d10dd5db989860a2758763e97edc05.dicom,False,8,8,True
4145,4144,d7d4917de30bc1fe416ca55703dfae65,train/d7d4917de30bc1fe416ca55703dfae65.dicom,False,6,6,True
4146,4145,d7d4e27e5a9b3752fddcf5c6080026d5,train/d7d4e27e5a9b3752fddcf5c6080026d5.dicom,False,5,5,True
4147,4146,d7d7a197eb6dae4936fc641168a7abe8,train/d7d7a197eb6dae4936fc641168a7abe8.dicom,False,4,4,True
4148,4147,d7eafe6a9ffafc052512cac5aa378efb,train/d7eafe6a9ffafc052512cac5aa378efb.dicom,False,9,9,True
4149,4148,d7eda97fb8a4ab94a7c0dfd1d3d1c17e,train/d7eda97fb8a4ab94a7c0dfd1d3d1c17e.dicom,False,3,3,True
4150,4149,d7fab14d2d4bb9d001b64f4fb59cee80,train/d7fab14d2d4bb9d001b64f4fb59cee80.dicom,True,0,0,True
4151,4150,d80e04e5a52a954fcc1004a53f2ef4a5,train/d80e04e5a52a954fcc1004a53f2ef4a5.dicom,False,3,3,True
4152,4151,d8220f2e082dae72b6db9b8a86637695,train/d8220f2e082dae72b6db9b8a86637695.dicom,False,9,9,True
4153,4152,d8275cd2eabf34a7f7bf22bdd838bc70,train/d8275cd2eabf34a7f7bf22bdd838bc70.dicom,False,40,40,True
4154,4153,d84454d6b6109ee5d68a81e49a45cb4f,train/d84454d6b6109ee5d68a81e49a45cb4f.dicom,False,6,6,True
4155,4154,d846ef7992c9efb128ba7e3c25fa6a64,train/d846ef7992c9efb128ba7e3c25fa6a64.dicom,False,6,6,True
4156,4155,d86ef0cf8f2fe8de11926a45bbce5379,train/d86ef0cf8f2fe8de11926a45bbce5379.dicom,False,13,13,True
4157,4156,d876777df161eb8f02cc9e134916f104,train/d876777df161eb8f02cc9e134916f104.dicom,False,5,5,True
4158,4157,d8863e2fc68e2bb33caa4c05bdbbd363,train/d8863e2fc68e2bb33caa4c05bdbbd363.dicom,False,6,6,True
4159,4158,d888fbee05acda2b655ba4136c1958fa,train/d888fbee05acda2b655ba4136c1958fa.dicom,True,0,0,True
4160,4159,d8a3fe9536afba5813aa8025506c810a,train/d8a3fe9536afba5813aa8025506c810a.dicom,True,0,0,True
4161,4160,d8b297c773294eb23707c0a7f693c5fc,train/d8b297c773294eb23707c0a7f693c5fc.dicom,False,12,12,True
4162,4161,d8b75d2a0acb6e0fa20ef05300b7e006,train/d8b75d2a0acb6e0fa20ef05300b7e006.dicom,False,8,8,True
4163,4162,d8bed8c7cbb164f7e8dcc5708ef41f7b,train/d8bed8c7cbb164f7e8dcc5708ef41f7b.dicom,False,20,20,True
4164,4163,d8d73dcf93b13ff0bd2f11639abd0003,train/d8d73dcf93b13ff0bd2f11639abd0003.dicom,False,18,18,True
4165,4164,d8dbee83116aef5c27b78b8b6aa53170,train/d8dbee83116aef5c27b78b8b6aa53170.dicom,False,7,7,True
4166,4165,d8df1cd5564e9a9f4d72b17049d5d79e,train/d8df1cd5564e9a9f4d72b17049d5d79e.dicom,True,0,0,True
4167,4166,d8ecc4a091d838d9a615f100a907d5ec,train/d8ecc4a091d838d9a615f100a907d5ec.dicom,False,10,10,True
4168,4167,d905cbadc9456dc3ad054496c5fa9289,train/d905cbadc9456dc3ad054496c5fa9289.dicom,False,5,5,True
4169,4168,d91079b185012d745fb4c1aa0e04d3b9,train/d91079b185012d745fb4c1aa0e04d3b9.dicom,False,4,4,True
4170,4169,d914b535b048cf5f93363556b0c2b16e,train/d914b535b048cf5f93363556b0c2b16e.dicom,False,8,8,True
4171,4170,d91b584f369006155e911a1dce5261da,train/d91b584f369006155e911a1dce5261da.dicom,False,7,7,True
4172,4171,d9245845860a540560404f47bcda1716,train/d9245845860a540560404f47bcda1716.dicom,False,3,3,True
4173,4172,d925309691e7929d905eaa42f081833f,train/d925309691e7929d905eaa42f081833f.dicom,True,0,0,True
4174,4173,d926d49104e258332d45e8afb02dd575,train/d926d49104e258332d45e8afb02dd575.dicom,False,7,7,True
4175,4174,d93676d54152dd6a7a78cdf2659171d8,train/d93676d54152dd6a7a78cdf2659171d8.dicom,False,12,12,True
4176,4175,d936f8115e8be8a46c5933decd3b6b94,train/d936f8115e8be8a46c5933decd3b6b94.dicom,False,15,15,True
4177,4176,d9486490c0d42c5e7060a64f5d0176d4,train/d9486490c0d42c5e7060a64f5d0176d4.dicom,False,3,3,True
4178,4177,d94b4e689299d6eb3cc8f5ac772d759b,train/d94b4e689299d6eb3cc8f5ac772d759b.dicom,False,14,14,True
4179,4178,d95da4b845c9eee6dbf93b1c27bd4dad,train/d95da4b845c9eee6dbf93b1c27bd4dad.dicom,True,0,0,True
4180,4179,d9910b0b179e65a23b33b1ec0a8b4bb4,train/d9910b0b179e65a23b33b1ec0a8b4bb4.dicom,True,0,0,True
4181,4180,d997f71818df03dd9ba8d4214dcf1856,train/d997f71818df03dd9ba8d4214dcf1856.dicom,True,0,0,True
4182,4181,d99ee7158fccfc6add49cd6b8389fb55,train/d99ee7158fccfc6add49cd6b8389fb55.dicom,False,10,10,True
4183,4182,d9a6b1f6a4175eaee343eef3c1134928,train/d9a6b1f6a4175eaee343eef3c1134928.dicom,False,4,4,True
4184,4183,d9ca6a56d878b6c9f46571e35afb725d,train/d9ca6a56d878b6c9f46571e35afb725d.dicom,False,7,7,True
4185,4184,d9d272d8282ba9ce1ce1065f45cd0456,train/d9d272d8282ba9ce1ce1065f45cd0456.dicom,False,6,6,True
4186,4185,d9e1d3236f81f2cbdbe29bb94b7d45e2,train/d9e1d3236f81f2cbdbe29bb94b7d45e2.dicom,False,6,6,True
4187,4186,d9f6c5f7623550374aff527ad8ba6ccd,train/d9f6c5f7623550374aff527ad8ba6ccd.dicom,False,12,12,True
4188,4187,da0364cb98ded8ccbdea0d70fc8fa38c,train/da0364cb98ded8ccbdea0d70fc8fa38c.dicom,False,18,18,True
4189,4188,da080bbceada7f806710be3c22f34c48,train/da080bbceada7f806710be3c22f34c48.dicom,True,0,0,True
4190,4189,da1f25221a05f7b1852b8191f89aca1f,train/da1f25221a05f7b1852b8191f89aca1f.dicom,False,12,12,True
4191,4190,da1f5d4d40b9a1b9e5c3f4adf092e68c,train/da1f5d4d40b9a1b9e5c3f4adf092e68c.dicom,False,6,6,True
4192,4191,da43f621e092ce20c96b5f4efcc2ea43,train/da43f621e092ce20c96b5f4efcc2ea43.dicom,False,19,19,True
4193,4192,da4cfaa6343960e89066e60b678bbbd7,train/da4cfaa6343960e89066e60b678bbbd7.dicom,False,9,9,True
4194,4193,da4f74aa1442d910174204f6dfb0d074,train/da4f74aa1442d910174204f6dfb0d074.dicom,False,4,4,True
4195,4194,da6434d2962b74259909abfdf93d4e6c,train/da6434d2962b74259909abfdf93d4e6c.dicom,False,5,5,True
4196,4195,da648f4e3bf110e8c31b0fd1859c19c2,train/da648f4e3bf110e8c31b0fd1859c19c2.dicom,False,3,3,True
4197,4196,da668869900c862ce12bd06fde5feb8d,train/da668869900c862ce12bd06fde5feb8d.dicom,False,14,14,True
4198,4197,da7182a1b541864c1687329689b3c438,train/da7182a1b541864c1687329689b3c438.dicom,False,6,6,True
4199,4198,da7ba2750699edc297c106c314963f15,train/da7ba2750699edc297c106c314963f15.dicom,False,4,4,True
4200,4199,da80aff78196208d9395ced4a9f0d485,train/da80aff78196208d9395ced4a9f0d485.dicom,False,3,3,True
4201,4200,da8a1f7ff197b044c9080c8ad34b1df2,train/da8a1f7ff197b044c9080c8ad34b1df2.dicom,False,15,15,True
4202,4201,da922b5ee573e770260d4f6c849a17a5,train/da922b5ee573e770260d4f6c849a17a5.dicom,False,5,5,True
4203,4202,da95c308ecf6b869be4930aa124c0d7e,train/da95c308ecf6b869be4930aa124c0d7e.dicom,False,12,12,True
4204,4203,da9778a74d1eb6016acd497948eae1d1,train/da9778a74d1eb6016acd497948eae1d1.dicom,False,6,6,True
4205,4204,da996e211b26bd509d3ca7136c1e9435,train/da996e211b26bd509d3ca7136c1e9435.dicom,False,6,6,True
4206,4205,daa2bf07bac956d6742ac7fda965cf99,train/daa2bf07bac956d6742ac7fda965cf99.dicom,False,9,9,True
4207,4206,daa38c68b720696d6d0c59fe690dc2a5,train/daa38c68b720696d6d0c59fe690dc2a5.dicom,True,0,0,True
4208,4207,dab8bef96e96c74e44e44b513760086b,train/dab8bef96e96c74e44e44b513760086b.dicom,False,16,16,True
4209,4208,dad083d8150288db33157fde49ab35f9,train/dad083d8150288db33157fde49ab35f9.dicom,False,10,10,True
4210,4209,dadb809c6e432781996add21a4543cd3,train/dadb809c6e432781996add21a4543cd3.dicom,False,5,5,True
4211,4210,dadf619a987c90a4f2c250ae26ed2041,train/dadf619a987c90a4f2c250ae26ed2041.dicom,False,7,7,True
4212,4211,dafe6d3ffe818409176b801fc4798881,train/dafe6d3ffe818409176b801fc4798881.dicom,False,9,9,True
4213,4212,db0409f17482d968dc350ae12a91d913,train/db0409f17482d968dc350ae12a91d913.dicom,False,14,14,True
4214,4213,db14c5746cc1525384f3865b4a20c7b2,train/db14c5746cc1525384f3865b4a20c7b2.dicom,False,4,4,True
4215,4214,db169d0be36123bd55b866d6aa73983b,train/db169d0be36123bd55b866d6aa73983b.dicom,False,15,15,True
4216,4215,db1942c4b69ecc90ff870f987b7c5284,train/db1942c4b69ecc90ff870f987b7c5284.dicom,False,6,6,True
4217,4216,db30e6a7a66927f57bf3cbfd440e377a,train/db30e6a7a66927f57bf3cbfd440e377a.dicom,False,5,5,True
4218,4217,db33ef6234c141325aa449789c23d869,train/db33ef6234c141325aa449789c23d869.dicom,False,7,7,True
4219,4218,db3e54a9097fc39788693da5bbcef8cf,train/db3e54a9097fc39788693da5bbcef8cf.dicom,False,8,8,True
4220,4219,db458f41a65184d55c82cdbee65ed10b,train/db458f41a65184d55c82cdbee65ed10b.dicom,False,8,8,True
4221,4220,db462203729870bda6162307e7d2f319,train/db462203729870bda6162307e7d2f319.dicom,False,7,7,True
4222,4221,db49c96665f4fe0ff5f4420578e2f185,train/db49c96665f4fe0ff5f4420578e2f185.dicom,False,3,3,True
4223,4222,db56d92cb8648d1bd80eff002eefdbf7,train/db56d92cb8648d1bd80eff002eefdbf7.dicom,False,23,23,True
4224,4223,db57f6b752f8f5485e04d8fe8877ab90,train/db57f6b752f8f5485e04d8fe8877ab90.dicom,False,3,3,True
4225,4224,db65300cb20b50abb1e3b30f908ef3e0,train/db65300cb20b50abb1e3b30f908ef3e0.dicom,False,4,4,True
4226,4225,db724caf57a7adc90648a092e9fa2395,train/db724caf57a7adc90648a092e9fa2395.dicom,False,8,8,True
4227,4226,db7da50ba329b52f6779db53689c289f,train/db7da50ba329b52f6779db53689c289f.dicom,False,3,3,True
4228,4227,db8cef631031c241d7eea067c09fde94,train/db8cef631031c241d7eea067c09fde94.dicom,False,8,8,True
4229,4228,db8d818bc4047e5c02af17c31bb78009,train/db8d818bc4047e5c02af17c31bb78009.dicom,False,14,14,True
4230,4229,dba73ad098671788c3ed72fc9b07bdd3,train/dba73ad098671788c3ed72fc9b07bdd3.dicom,False,5,5,True
4231,4230,dbca1fb4fbbfbd6032a9764f3e922ad3,train/dbca1fb4fbbfbd6032a9764f3e922ad3.dicom,False,5,5,True
4232,4231,dbcfcf58619fc013b719b680aa71b91b,train/dbcfcf58619fc013b719b680aa71b91b.dicom,False,5,5,True
4233,4232,dbd95448052d2fd61f31da0c52f05845,train/dbd95448052d2fd61f31da0c52f05845.dicom,True,0,0,True
4234,4233,dc0fcb0e8d98ec8065bee19fb06670df,train/dc0fcb0e8d98ec8065bee19fb06670df.dicom,False,3,3,True
4235,4234,dc16611b33711249ce1605b2d7148bc0,train/dc16611b33711249ce1605b2d7148bc0.dicom,False,5,5,True
4236,4235,dc249d912181102a5875015b61b92d70,train/dc249d912181102a5875015b61b92d70.dicom,False,4,4,True
4237,4236,dc31ce81fcf53c987f2c8ddcb8c162d4,train/dc31ce81fcf53c987f2c8ddcb8c162d4.dicom,False,6,6,True
4238,4237,dc3d3675ea30a5f3885dcc1b258a6a2e,train/dc3d3675ea30a5f3885dcc1b258a6a2e.dicom,False,16,16,True
4239,4238,dc4d73c10876b27e063b584d49eea496,train/dc4d73c10876b27e063b584d49eea496.dicom,False,7,7,True
4240,4239,dc50912f4b027506434b409550322d6c,train/dc50912f4b027506434b409550322d6c.dicom,True,0,0,True
4241,4240,dc67d031d4eba63b63da5e8da9ca965d,train/dc67d031d4eba63b63da5e8da9ca965d.dicom,True,0,0,True
4242,4241,dc7d6c6fa1fdde25e0aa64a1f6fd594a,train/dc7d6c6fa1fdde25e0aa64a1f6fd594a.dicom,False,19,19,True
4243,4242,dc822ebcbb0cb4879d794f0f1bc3638d,train/dc822ebcbb0cb4879d794f0f1bc3638d.dicom,True,0,0,True
4244,4243,dc8aa159b1b1bfe781235fb843de2e78,train/dc8aa159b1b1bfe781235fb843de2e78.dicom,False,10,10,True
4245,4244,dcb081bb5e1dac41000e96fc37c8c322,train/dcb081bb5e1dac41000e96fc37c8c322.dicom,False,10,10,True
4246,4245,dcbe7cd300844e5e702e7dd68a54794c,train/dcbe7cd300844e5e702e7dd68a54794c.dicom,False,4,4,True
4247,4246,dcc6c3c2c149299292afc9004774505d,train/dcc6c3c2c149299292afc9004774505d.dicom,False,10,10,True
4248,4247,dd0d24793fa18a607a734a0d66d0d760,train/dd0d24793fa18a607a734a0d66d0d760.dicom,False,5,5,True
4249,4248,dd1ec1034edd4e6b9696ea5cbeca6168,train/dd1ec1034edd4e6b9696ea5cbeca6168.dicom,False,4,4,True
4250,4249,dd229e11cb18d836618643df8129b2c4,train/dd229e11cb18d836618643df8129b2c4.dicom,False,5,5,True
4251,4250,dd2fcc4feaa9544f3691e1db071e7e8b,train/dd2fcc4feaa9544f3691e1db071e7e8b.dicom,False,10,10,True
4252,4251,dd375650caabb420aff92ee4a5d833df,train/dd375650caabb420aff92ee4a5d833df.dicom,True,0,0,True
4253,4252,dd736e1b1729796f6212e55b7fef44b7,train/dd736e1b1729796f6212e55b7fef44b7.dicom,False,11,11,True
4254,4253,dd83b3e293e8801c9fb167c53f96e2b6,train/dd83b3e293e8801c9fb167c53f96e2b6.dicom,False,25,25,True
4255,4254,dd8944d0fd8028eae388491f0d0ed3e1,train/dd8944d0fd8028eae388491f0d0ed3e1.dicom,False,5,5,True
4256,4255,dd915e69c819b34a0cd6a9120289e8e6,train/dd915e69c819b34a0cd6a9120289e8e6.dicom,False,6,6,True
4257,4256,ddb599239817420d3cc38fd0eb881c8a,train/ddb599239817420d3cc38fd0eb881c8a.dicom,False,7,7,True
4258,4257,ddc2e81bc04195f7f72109ee5873a2fb,train/ddc2e81bc04195f7f72109ee5873a2fb.dicom,False,6,6,True
4259,4258,ddc38d560476be1d8fc06f8867c0277b,train/ddc38d560476be1d8fc06f8867c0277b.dicom,False,7,7,True
4260,4259,ddc78bd83fc1feb6823701c803bc7f9a,train/ddc78bd83fc1feb6823701c803bc7f9a.dicom,True,0,0,True
4261,4260,ddcd8866dd04a1b1e87bbcf3ab9c6760,train/ddcd8866dd04a1b1e87bbcf3ab9c6760.dicom,False,9,9,True
4262,4261,ddeb40737928ae87d4f71257d5b29c3d,train/ddeb40737928ae87d4f71257d5b29c3d.dicom,False,4,4,True
4263,4262,ddec878b93cd18918c2b81bca339a5e9,train/ddec878b93cd18918c2b81bca339a5e9.dicom,False,18,18,True
4264,4263,ddf1ec27c68bb40da0bebdff2dd95175,train/ddf1ec27c68bb40da0bebdff2dd95175.dicom,False,11,11,True
4265,4264,ddf85fd2c17b59964206fd00d8a71917,train/ddf85fd2c17b59964206fd00d8a71917.dicom,False,7,7,True
4266,4265,ddfc9d530d66058f1dcec6b2685bc254,train/ddfc9d530d66058f1dcec6b2685bc254.dicom,False,5,5,True
4267,4266,ddfe291fa3e2d21ce8681a2e9e4b300a,train/ddfe291fa3e2d21ce8681a2e9e4b300a.dicom,False,6,6,True
4268,4267,ddff143851d1399b550480a41b4c6fe2,train/ddff143851d1399b550480a41b4c6fe2.dicom,False,23,23,True
4269,4268,de029bf544556d1fe712ee43f2614c5c,train/de029bf544556d1fe712ee43f2614c5c.dicom,False,6,6,True
4270,4269,de15c0fca6c7441dd089122ad074a7f3,train/de15c0fca6c7441dd089122ad074a7f3.dicom,False,5,5,True
4271,4270,de20b8c80c04bd2dbe0782fb21738588,train/de20b8c80c04bd2dbe0782fb21738588.dicom,False,10,10,True
4272,4271,de45e56d725f9c1e2d3dec69587b2682,train/de45e56d725f9c1e2d3dec69587b2682.dicom,False,6,6,True
4273,4272,de4917c51024b4f810868d211e4f4d40,train/de4917c51024b4f810868d211e4f4d40.dicom,False,4,4,True
4274,4273,de4ab903cee751d979e2a7c14f51500f,train/de4ab903cee751d979e2a7c14f51500f.dicom,False,9,9,True
4275,4274,de6783eb70869268dbd796a1d27de7a8,train/de6783eb70869268dbd796a1d27de7a8.dicom,False,3,3,True
4276,4275,de6d6efd88431d3253198106bb070471,train/de6d6efd88431d3253198106bb070471.dicom,True,0,0,True
4277,4276,de6e41835b9455151e4e6bed43e31244,train/de6e41835b9455151e4e6bed43e31244.dicom,False,6,6,True
4278,4277,de6e8f086381d773cb6290df0d6a7eb9,train/de6e8f086381d773cb6290df0d6a7eb9.dicom,False,5,5,True
4279,4278,de7c0acddd7ed5fb90f5f5e12458235b,train/de7c0acddd7ed5fb90f5f5e12458235b.dicom,False,4,4,True
4280,4279,de7de41f2a0c21dc5fa8c1b3e05f469d,train/de7de41f2a0c21dc5fa8c1b3e05f469d.dicom,False,10,10,True
4281,4280,de8c78afea91064bd977bb7092b99a63,train/de8c78afea91064bd977bb7092b99a63.dicom,True,0,0,True
4282,4281,deb4afdb821024fd5dfedaddbd7800d3,train/deb4afdb821024fd5dfedaddbd7800d3.dicom,False,5,5,True
4283,4282,debcc0c8e3b22dd08b85037c91da1df7,train/debcc0c8e3b22dd08b85037c91da1df7.dicom,False,7,7,True
4284,4283,deca3ba844d501eb3ea145dc15c2cfb0,train/deca3ba844d501eb3ea145dc15c2cfb0.dicom,False,6,6,True
4285,4284,ded121c1fb2afcda23e7eb5aefa7daa0,train/ded121c1fb2afcda23e7eb5aefa7daa0.dicom,False,7,7,True
4286,4285,def03f80d3b78a52a6f9af13565343ff,train/def03f80d3b78a52a6f9af13565343ff.dicom,False,16,16,True
4287,4286,def6b60a136b880ef5733241781a803d,train/def6b60a136b880ef5733241781a803d.dicom,False,5,5,True
4288,4287,deffec9fbce51979a23bc9932988c78f,train/deffec9fbce51979a23bc9932988c78f.dicom,False,7,7,True
4289,4288,df079ba565294d4e0abd85356d2fdfe4,train/df079ba565294d4e0abd85356d2fdfe4.dicom,False,4,4,True
4290,4289,df1ba068fad70f8cfa474ee67004067c,train/df1ba068fad70f8cfa474ee67004067c.dicom,False,10,10,True
4291,4290,df2e21b90ce0510ed66e161136cf60ad,train/df2e21b90ce0510ed66e161136cf60ad.dicom,False,30,30,True
4292,4291,df4cdf26c36cbf365fc95d261e1d3bcc,train/df4cdf26c36cbf365fc95d261e1d3bcc.dicom,False,9,9,True
4293,4292,df5aa1123fb533c8865b8eaf0bb9c5c8,train/df5aa1123fb533c8865b8eaf0bb9c5c8.dicom,True,0,0,True
4294,4293,df91d818a193e328405cf8a86ed530bb,train/df91d818a193e328405cf8a86ed530bb.dicom,True,0,0,True
4295,4294,dfb2b9c6d978d65bf5b78728f744c830,train/dfb2b9c6d978d65bf5b78728f744c830.dicom,False,6,6,True
4296,4295,dfb91e05ce090dbd08177c0b4531dae3,train/dfb91e05ce090dbd08177c0b4531dae3.dicom,False,5,5,True
4297,4296,dfb9686c9e1146bd8ff746390ad0ab0e,train/dfb9686c9e1146bd8ff746390ad0ab0e.dicom,False,9,9,True
4298,4297,dfc7293d19f545e0de7e67dfb7772653,train/dfc7293d19f545e0de7e67dfb7772653.dicom,False,4,4,True
4299,4298,dfd523a5991fc852654bf1235c6282c6,train/dfd523a5991fc852654bf1235c6282c6.dicom,False,39,39,True
4300,4299,dff0b05ec36121a537d59148ac0443ca,train/dff0b05ec36121a537d59148ac0443ca.dicom,False,5,5,True
4301,4300,dff6766d2464bfe77de7f6f19edbf51a,train/dff6766d2464bfe77de7f6f19edbf51a.dicom,False,8,8,True
4302,4301,e027dbf13a085669fcae603111c049df,train/e027dbf13a085669fcae603111c049df.dicom,False,3,3,True
4303,4302,e034d4e19f562e61b29533f222ec9600,train/e034d4e19f562e61b29533f222ec9600.dicom,False,11,11,True
4304,4303,e038a02993359e092b4b3432064c2ffb,train/e038a02993359e092b4b3432064c2ffb.dicom,True,0,0,True
4305,4304,e04c58b55093d601257c9017dbba66e0,train/e04c58b55093d601257c9017dbba66e0.dicom,False,5,5,True
4306,4305,e04fc8c293aab8b63db7576e123a7d84,train/e04fc8c293aab8b63db7576e123a7d84.dicom,False,12,12,True
4307,4306,e07b71d8648f36747632a87acc3f2e21,train/e07b71d8648f36747632a87acc3f2e21.dicom,False,4,4,True
4308,4307,e0a078144e3167316fa44673aa5e3aab,train/e0a078144e3167316fa44673aa5e3aab.dicom,False,18,18,True
4309,4308,e0a7f7a788eedf388b90bf00bd4e39df,train/e0a7f7a788eedf388b90bf00bd4e39df.dicom,False,18,18,True
4310,4309,e0a868625cea9a6ebbec8788070ae098,train/e0a868625cea9a6ebbec8788070ae098.dicom,False,3,3,True
4311,4310,e0ad8549835ae5a3208c03ce618e79a0,train/e0ad8549835ae5a3208c03ce618e79a0.dicom,False,14,14,True
4312,4311,e0c85d5a6ff74851b3b1ebdfceca5f48,train/e0c85d5a6ff74851b3b1ebdfceca5f48.dicom,False,17,17,True
4313,4312,e0c8a1f0f9ecb4748b67876c19af37ed,train/e0c8a1f0f9ecb4748b67876c19af37ed.dicom,False,7,7,True
4314,4313,e0da968a8b88e3ad9cb42b9e7973bc6d,train/e0da968a8b88e3ad9cb42b9e7973bc6d.dicom,False,3,3,True
4315,4314,e102c995058060f394b532a81bc21011,train/e102c995058060f394b532a81bc21011.dicom,False,10,10,True
4316,4315,e17d969fef9169c3460a0817d60da54b,train/e17d969fef9169c3460a0817d60da54b.dicom,False,4,4,True
4317,4316,e18a100e84aefa9da53dc8cc2fd4f22c,train/e18a100e84aefa9da53dc8cc2fd4f22c.dicom,False,11,11,True
4318,4317,e19c99b75b9523210bfaf40406df82f3,train/e19c99b75b9523210bfaf40406df82f3.dicom,False,5,5,True
4319,4318,e1a4353d3e747a7150cb06cac73f4d6f,train/e1a4353d3e747a7150cb06cac73f4d6f.dicom,False,4,4,True
4320,4319,e1a4dd4c30b1757eafb095021def4d63,train/e1a4dd4c30b1757eafb095021def4d63.dicom,False,11,11,True
4321,4320,e1ba0e65d55cff798f5253a5bc108fd7,train/e1ba0e65d55cff798f5253a5bc108fd7.dicom,False,5,5,True
4322,4321,e1c76d9a72b804e14b4f93f3e23f1fa8,train/e1c76d9a72b804e14b4f93f3e23f1fa8.dicom,False,9,9,True
4323,4322,e1c7cdc2d2faec46612191158a77a38a,train/e1c7cdc2d2faec46612191158a77a38a.dicom,False,13,13,True
4324,4323,e1c88be08dcb3f9baca7cb67c77fbcf9,train/e1c88be08dcb3f9baca7cb67c77fbcf9.dicom,True,0,0,True
4325,4324,e1d60fa0e8a70ed91147dd06a6561e29,train/e1d60fa0e8a70ed91147dd06a6561e29.dicom,False,3,3,True
4326,4325,e1d60fdb0e8b11d6198093e11afb562b,train/e1d60fdb0e8b11d6198093e11afb562b.dicom,False,7,7,True
4327,4326,e1e596163010acb347ac7fa1a48d8d9c,train/e1e596163010acb347ac7fa1a48d8d9c.dicom,False,15,15,True
4328,4327,e1e74a1b970197d2b8a236f4ddd8f3d5,train/e1e74a1b970197d2b8a236f4ddd8f3d5.dicom,True,0,0,True
4329,4328,e1eb9553f694d0eba82535625d70186c,train/e1eb9553f694d0eba82535625d70186c.dicom,False,5,5,True
4330,4329,e231c613316a725fb7f844b9390fa024,train/e231c613316a725fb7f844b9390fa024.dicom,False,9,9,True
4331,4330,e2321f70d075c658946e167356ef516c,train/e2321f70d075c658946e167356ef516c.dicom,False,11,11,True
4332,4331,e23431ed927b6459935d0d5457ca8604,train/e23431ed927b6459935d0d5457ca8604.dicom,False,7,7,True
4333,4332,e2375b4b6839b3783d0918a689eecfd0,train/e2375b4b6839b3783d0918a689eecfd0.dicom,False,4,4,True
4334,4333,e238991c30a0138640205bd05314f400,train/e238991c30a0138640205bd05314f400.dicom,False,6,6,True
4335,4334,e2390bb5d4c550b82277f815a8e5fe9b,train/e2390bb5d4c550b82277f815a8e5fe9b.dicom,False,9,9,True
4336,4335,e2441e5b3cbecdd27c65aea20353cc1d,train/e2441e5b3cbecdd27c65aea20353cc1d.dicom,False,4,4,True
4337,4336,e24bb429606e5f412625957e627a6fa3,train/e24bb429606e5f412625957e627a6fa3.dicom,True,0,0,True
4338,4337,e2516771535cd2d3550541b91d8b1233,train/e2516771535cd2d3550541b91d8b1233.dicom,False,15,15,True
4339,4338,e25910b3bb83c9fbe7601dfaa4032e55,train/e25910b3bb83c9fbe7601dfaa4032e55.dicom,False,8,8,True
4340,4339,e25d75e8e6b0327356d1566d324ecfcb,train/e25d75e8e6b0327356d1566d324ecfcb.dicom,False,4,4,True
4341,4340,e26ef831acab997d0ebbd38bd2773ae0,train/e26ef831acab997d0ebbd38bd2773ae0.dicom,False,5,5,True
4342,4341,e2729583d1f9bbee7c2f1a9f3e483936,train/e2729583d1f9bbee7c2f1a9f3e483936.dicom,False,7,7,True
4343,4342,e282be557a81566f8ccc78271c7f2ff2,train/e282be557a81566f8ccc78271c7f2ff2.dicom,False,3,3,True
4344,4343,e295e1f2ce1695b80db68a73c6042d99,train/e295e1f2ce1695b80db68a73c6042d99.dicom,False,6,6,True
4345,4344,e29eceb0a991c17d07de2fe27a8ddf44,train/e29eceb0a991c17d07de2fe27a8ddf44.dicom,False,10,10,True
4346,4345,e2aac840e7e6f54e6fe0003c60c51c57,train/e2aac840e7e6f54e6fe0003c60c51c57.dicom,False,21,21,True
4347,4346,e2b6dcfadc876caf1673923ee3cedf7d,train/e2b6dcfadc876caf1673923ee3cedf7d.dicom,False,5,5,True
4348,4347,e2ba061bc18b521f763050516e70f87c,train/e2ba061bc18b521f763050516e70f87c.dicom,False,4,4,True
4349,4348,e2c9d3576bec9857de53e8bfedc30e69,train/e2c9d3576bec9857de53e8bfedc30e69.dicom,False,6,6,True
4350,4349,e2cdf4955f581cb30a0e92f006125307,train/e2cdf4955f581cb30a0e92f006125307.dicom,False,6,6,True
4351,4350,e2d9292329797abcf80d3a8887a75fff,train/e2d9292329797abcf80d3a8887a75fff.dicom,True,0,0,True
4352,4351,e2ddc073ae97138d841b53076baf0b33,train/e2ddc073ae97138d841b53076baf0b33.dicom,False,6,6,True
4353,4352,e2de831b92a2dc7237d2b1885ee4bb9c,train/e2de831b92a2dc7237d2b1885ee4bb9c.dicom,False,10,10,True
4354,4353,e2ec7fc4c6f718c7da540ee96d64b724,train/e2ec7fc4c6f718c7da540ee96d64b724.dicom,False,26,26,True
4355,4354,e2edea962c97f3290638096b4f27465f,train/e2edea962c97f3290638096b4f27465f.dicom,True,0,0,True
4356,4355,e2f74cb96fb90ec20839f4ff497c007f,train/e2f74cb96fb90ec20839f4ff497c007f.dicom,False,12,12,True
4357,4356,e307273033fdd5b7e870836a890d1b56,train/e307273033fdd5b7e870836a890d1b56.dicom,False,6,6,True
4358,4357,e312a8c1788a0b47d0ce8c1321a912f9,train/e312a8c1788a0b47d0ce8c1321a912f9.dicom,False,19,19,True
4359,4358,e31be972e181987a8600a8700c1ebe88,train/e31be972e181987a8600a8700c1ebe88.dicom,False,48,48,True
4360,4359,e32bf14c4f6930efc80bfd4f4147ac0f,train/e32bf14c4f6930efc80bfd4f4147ac0f.dicom,True,0,0,True
4361,4360,e33ce975b5a636df54a8a1f592410b0c,train/e33ce975b5a636df54a8a1f592410b0c.dicom,False,6,6,True
4362,4361,e34c8c01586e531b57fe7e67f9d846e9,train/e34c8c01586e531b57fe7e67f9d846e9.dicom,False,5,5,True
4363,4362,e3769a9e37c159ac96c5d2f155d1826c,train/e3769a9e37c159ac96c5d2f155d1826c.dicom,True,0,0,True
4364,4363,e38bb22eeeb25ec645b19e81883b5759,train/e38bb22eeeb25ec645b19e81883b5759.dicom,False,8,8,True
4365,4364,e3a37326d6d7c5c35e6f84cfbb8187ca,train/e3a37326d6d7c5c35e6f84cfbb8187ca.dicom,False,8,8,True
4366,4365,e3b834778550579c140f46805b019e78,train/e3b834778550579c140f46805b019e78.dicom,False,5,5,True
4367,4366,e3b9fe4e47c5650cf87c2e556fb7a1f4,train/e3b9fe4e47c5650cf87c2e556fb7a1f4.dicom,False,4,4,True
4368,4367,e3c5ff1eb0d55039f3bbc3c4875543c3,train/e3c5ff1eb0d55039f3bbc3c4875543c3.dicom,False,18,18,True
4369,4368,e3c9c54cbd1ca5e2dfec4d5f95c1fb65,train/e3c9c54cbd1ca5e2dfec4d5f95c1fb65.dicom,False,6,6,True
4370,4369,e3cc7ffdbe05d3b7b1696c8a2a61a61c,train/e3cc7ffdbe05d3b7b1696c8a2a61a61c.dicom,False,7,7,True
4371,4370,e3d5edcf6b873d7738cd50ccaf6182ef,train/e3d5edcf6b873d7738cd50ccaf6182ef.dicom,False,4,4,True
4372,4371,e3d67e87b9ad31a5795719d97990f3a3,train/e3d67e87b9ad31a5795719d97990f3a3.dicom,False,9,9,True
4373,4372,e3e49b19db364999dc94c01cdc185c1e,train/e3e49b19db364999dc94c01cdc185c1e.dicom,False,6,6,True
4374,4373,e3e8b186331c3acb1b9f82b1f2cbe56d,train/e3e8b186331c3acb1b9f82b1f2cbe56d.dicom,False,12,12,True
4375,4374,e436d21e957755c5a52edcdbd3d700b0,train/e436d21e957755c5a52edcdbd3d700b0.dicom,False,6,6,True
4376,4375,e443471026e11f9cdf418dca3f35017f,train/e443471026e11f9cdf418dca3f35017f.dicom,False,3,3,True
4377,4376,e44c4522979ee8d8b50977b9af91db58,train/e44c4522979ee8d8b50977b9af91db58.dicom,True,0,0,True
4378,4377,e45bf032d966f8d3e6fdd0f03a7fdec4,train/e45bf032d966f8d3e6fdd0f03a7fdec4.dicom,False,14,14,True
4379,4378,e4980f36744d9a8e0dbb26bb97ccbda9,train/e4980f36744d9a8e0dbb26bb97ccbda9.dicom,False,6,6,True
4380,4379,e4a528876744e3a37158645935028c57,train/e4a528876744e3a37158645935028c57.dicom,False,5,5,True
4381,4380,e4a73f3555433a101aa6f6a0ca5006ff,train/e4a73f3555433a101aa6f6a0ca5006ff.dicom,False,6,6,True
4382,4381,e4ac7ebc707ed34608338b58d0917e94,train/e4ac7ebc707ed34608338b58d0917e94.dicom,False,6,6,True
4383,4382,e4b3710c1d18a0fe70a8eb0bfc5de2cc,train/e4b3710c1d18a0fe70a8eb0bfc5de2cc.dicom,False,6,6,True
4384,4383,e4b4d6910f4be64483f87b1325ce7fe3,train/e4b4d6910f4be64483f87b1325ce7fe3.dicom,False,22,22,True
4385,4384,e4be367babe3680af9278fa53a5f6224,train/e4be367babe3680af9278fa53a5f6224.dicom,False,14,14,True
4386,4385,e4d552e0ccc55cd65ed27729e1be30d5,train/e4d552e0ccc55cd65ed27729e1be30d5.dicom,True,0,0,True
4387,4386,e4d919ecede4ac171b4815ba0863f2f7,train/e4d919ecede4ac171b4815ba0863f2f7.dicom,False,15,15,True
4388,4387,e4dec9c7cb04e431f5c3b41430030184,train/e4dec9c7cb04e431f5c3b41430030184.dicom,True,0,0,True
4389,4388,e4e6a45ca9bfadf6a01e7e451539441a,train/e4e6a45ca9bfadf6a01e7e451539441a.dicom,False,13,13,True
4390,4389,e4ef5698e1570bed158879d7b5ab20f7,train/e4ef5698e1570bed158879d7b5ab20f7.dicom,False,4,4,True
4391,4390,e4fe775718f2633a8989f20e06612f01,train/e4fe775718f2633a8989f20e06612f01.dicom,False,14,14,True
4392,4391,e50abd173f7b744b87b84cd7a2d17a79,train/e50abd173f7b744b87b84cd7a2d17a79.dicom,False,7,7,True
4393,4392,e521b0e2fca887f754c05d26a9783103,train/e521b0e2fca887f754c05d26a9783103.dicom,False,4,4,True
4394,4393,e521dced7f05cc201fd9e6e30f145dae,train/e521dced7f05cc201fd9e6e30f145dae.dicom,False,7,7,True
4395,4394,e529c5465cafd94ee9a3b38f7267523a,train/e529c5465cafd94ee9a3b38f7267523a.dicom,False,3,3,True
4396,4395,e531672ae6083e717cbe83d7fc71ddda,train/e531672ae6083e717cbe83d7fc71ddda.dicom,False,9,9,True
4397,4396,e53aa24d4f2f17891ca8a6e8dfc0d8e8,train/e53aa24d4f2f17891ca8a6e8dfc0d8e8.dicom,True,0,0,True
4398,4397,e553a378133c655abbda6a0b64b3077e,train/e553a378133c655abbda6a0b64b3077e.dicom,False,11,11,True
4399,4398,e559048794d171b368b3570107840037,train/e559048794d171b368b3570107840037.dicom,False,12,12,True
4400,4399,e56080a93578380082f934120565c181,train/e56080a93578380082f934120565c181.dicom,False,10,10,True
4401,4400,e563c35ddd67c5124a6787e474dfa319,train/e563c35ddd67c5124a6787e474dfa319.dicom,True,0,0,True
4402,4401,e583b6c45b5622f1e714f57521a22a30,train/e583b6c45b5622f1e714f57521a22a30.dicom,False,18,18,True
4403,4402,e58d508f7915d3ada6edb4d88dc1f5f7,train/e58d508f7915d3ada6edb4d88dc1f5f7.dicom,False,5,5,True
4404,4403,e5a6825407439b31e234e69989ccd542,train/e5a6825407439b31e234e69989ccd542.dicom,False,6,6,True
4405,4404,e5c03ed2c3823410a7a9571117c776ad,train/e5c03ed2c3823410a7a9571117c776ad.dicom,False,3,3,True
4406,4405,e5c83f02dfe7265bb10020c2fc7b487a,train/e5c83f02dfe7265bb10020c2fc7b487a.dicom,False,7,7,True
4407,4406,e5cdc84592cc075cd953fc65fc57f573,train/e5cdc84592cc075cd953fc65fc57f573.dicom,False,4,4,True
4408,4407,e5d63ef8a922c6775c51ce9b511235b9,train/e5d63ef8a922c6775c51ce9b511235b9.dicom,False,10,10,True
4409,4408,e60ce67640c934d4fb3bcac5b334983d,train/e60ce67640c934d4fb3bcac5b334983d.dicom,False,9,9,True
4410,4409,e613a63ea3e1262cd599a32571d11c2e,train/e613a63ea3e1262cd599a32571d11c2e.dicom,False,3,3,True
4411,4410,e62c07fde352cc658af3f989fe0b546f,train/e62c07fde352cc658af3f989fe0b546f.dicom,False,27,27,True
4412,4411,e62c2f1897582761b9a5dbc7dbb1a930,train/e62c2f1897582761b9a5dbc7dbb1a930.dicom,False,4,4,True
4413,4412,e6399a4d1b7a12a9a4c2fcbdc91ea41d,train/e6399a4d1b7a12a9a4c2fcbdc91ea41d.dicom,False,8,8,True
4414,4413,e645d9985d6afaacf2722b9c82b2c9c5,train/e645d9985d6afaacf2722b9c82b2c9c5.dicom,False,4,4,True
4415,4414,e64adf704d7234993a79be4637514d0b,train/e64adf704d7234993a79be4637514d0b.dicom,False,4,4,True
4416,4415,e652b2cebae0a6c74e292b3112d29e6e,train/e652b2cebae0a6c74e292b3112d29e6e.dicom,False,16,16,True
4417,4416,e65784ed3ae371e991d3362ab0eb8a35,train/e65784ed3ae371e991d3362ab0eb8a35.dicom,False,6,6,True
4418,4417,e674608b3b3609bdf9a5c8017ddcacba,train/e674608b3b3609bdf9a5c8017ddcacba.dicom,False,9,9,True
4419,4418,e67e4cab40626c54b8fc20ce6e9e4273,train/e67e4cab40626c54b8fc20ce6e9e4273.dicom,False,6,6,True
4420,4419,e67e91b27935a01b738eaa01ede863fd,train/e67e91b27935a01b738eaa01ede863fd.dicom,False,15,15,True
4421,4420,e68532fbad2aa9d9fee2900c341c8c6b,train/e68532fbad2aa9d9fee2900c341c8c6b.dicom,False,9,9,True
4422,4421,e685922feb4f7e397cd47ac418342071,train/e685922feb4f7e397cd47ac418342071.dicom,False,3,3,True
4423,4422,e6883a6ffa058ed027ac1626175b5aff,train/e6883a6ffa058ed027ac1626175b5aff.dicom,False,7,7,True
4424,4423,e694841193437bcb89ad2c1acbf95f79,train/e694841193437bcb89ad2c1acbf95f79.dicom,False,11,11,True
4425,4424,e6a08696962a275ee2dd46d9ae1c6150,train/e6a08696962a275ee2dd46d9ae1c6150.dicom,False,7,7,True
4426,4425,e6a9b0eb532d8aab0ce29b787d81614b,train/e6a9b0eb532d8aab0ce29b787d81614b.dicom,False,14,14,True
4427,4426,e6b4c5c08d6767a47e348b79bf9ab2d2,train/e6b4c5c08d6767a47e348b79bf9ab2d2.dicom,False,8,8,True
4428,4427,e6d737cf8600e9b07168c04ca7541980,train/e6d737cf8600e9b07168c04ca7541980.dicom,True,0,0,True
4429,4428,e6dcfd8e8ebe5462b3a6e344384826ba,train/e6dcfd8e8ebe5462b3a6e344384826ba.dicom,False,6,6,True
4430,4429,e6df9b3fba3fb8745fe06fe9fb84ecfe,train/e6df9b3fba3fb8745fe06fe9fb84ecfe.dicom,False,12,12,True
4431,4430,e6e114b28a55ec3e9ecac74c55167fef,train/e6e114b28a55ec3e9ecac74c55167fef.dicom,True,0,0,True
4432,4431,e6e11fcf16e269d36b9496612d7ca537,train/e6e11fcf16e269d36b9496612d7ca537.dicom,False,6,6,True
4433,4432,e6e1f33532a2f3f93d17d2be963cd122,train/e6e1f33532a2f3f93d17d2be963cd122.dicom,False,14,14,True
4434,4433,e6fe1659a6cacb4f2ea6ef651481e0ba,train/e6fe1659a6cacb4f2ea6ef651481e0ba.dicom,False,8,8,True
4435,4434,e7136e97a466963b452941e91b6330fe,train/e7136e97a466963b452941e91b6330fe.dicom,False,9,9,True
4436,4435,e719b0f794aebc789651fbd91ade8a05,train/e719b0f794aebc789651fbd91ade8a05.dicom,False,12,12,True
4437,4436,e722a8f83ef80b62f5b6d73828e1f760,train/e722a8f83ef80b62f5b6d73828e1f760.dicom,False,11,11,True
4438,4437,e724ee60258fda4c7f15e0f8d757ee2c,train/e724ee60258fda4c7f15e0f8d757ee2c.dicom,False,5,5,True
4439,4438,e7375b4dfc336c7b166b688f72d86b34,train/e7375b4dfc336c7b166b688f72d86b34.dicom,False,11,11,True
4440,4439,e746ee7a622d991a0c02b55efe234fb9,train/e746ee7a622d991a0c02b55efe234fb9.dicom,True,0,0,True
4441,4440,e74856412eeed254480c9d2f78d001d5,train/e74856412eeed254480c9d2f78d001d5.dicom,False,4,4,True
4442,4441,e74b1c3bddcee3e007b6851bd8ff8174,train/e74b1c3bddcee3e007b6851bd8ff8174.dicom,False,5,5,True
4443,4442,e75fdf059e59a1560645965b64f51cd2,train/e75fdf059e59a1560645965b64f51cd2.dicom,False,8,8,True
4444,4443,e76af44f2856bf89d69d00d43536cf8c,train/e76af44f2856bf89d69d00d43536cf8c.dicom,False,12,12,True
4445,4444,e76c69a0601a1f3f059a762b7fb0614e,train/e76c69a0601a1f3f059a762b7fb0614e.dicom,False,9,9,True
4446,4445,e7a50b38b3dd034c219fad4c10986fe7,train/e7a50b38b3dd034c219fad4c10986fe7.dicom,False,5,5,True
4447,4446,e7a58f5647d24fc877f9cb3d051792e2,train/e7a58f5647d24fc877f9cb3d051792e2.dicom,False,20,20,True
4448,4447,e7a911ddb90533a589331cae6aaf82b2,train/e7a911ddb90533a589331cae6aaf82b2.dicom,False,4,4,True
4449,4448,e7ae00eef602436f48a44b36dc79b383,train/e7ae00eef602436f48a44b36dc79b383.dicom,False,7,7,True
4450,4449,e7af557ff6a1782400710d2c8ddb2568,train/e7af557ff6a1782400710d2c8ddb2568.dicom,False,7,7,True
4451,4450,e7c0727f49a3d279143ed21b382ac1c4,train/e7c0727f49a3d279143ed21b382ac1c4.dicom,False,6,6,True
4452,4451,e7c2c01276add5f38a01ceeec66b7f22,train/e7c2c01276add5f38a01ceeec66b7f22.dicom,False,5,5,True
4453,4452,e7dad9b7047a87bb31b871d98c648d13,train/e7dad9b7047a87bb31b871d98c648d13.dicom,False,13,13,True
4454,4453,e7dec1ffda66e9a315335afa8e961205,train/e7dec1ffda66e9a315335afa8e961205.dicom,True,0,0,True
4455,4454,e7e8948818352b4d800dfac9a8999300,train/e7e8948818352b4d800dfac9a8999300.dicom,False,6,6,True
4456,4455,e7ea94b2fec95a7461b10a7f3eea2897,train/e7ea94b2fec95a7461b10a7f3eea2897.dicom,False,6,6,True
4457,4456,e7ee695015acda8604f34f0da3849efb,train/e7ee695015acda8604f34f0da3849efb.dicom,False,10,10,True
4458,4457,e82620b01bbc77792885029d3cd0d8ae,train/e82620b01bbc77792885029d3cd0d8ae.dicom,False,7,7,True
4459,4458,e82cedee4afa9651a7bd0d57a23280f2,train/e82cedee4afa9651a7bd0d57a23280f2.dicom,False,13,13,True
4460,4459,e85487c53c27918cb638090cc8f16730,train/e85487c53c27918cb638090cc8f16730.dicom,False,6,6,True
4461,4460,e857debbed22981f3fce009cac3031db,train/e857debbed22981f3fce009cac3031db.dicom,False,3,3,True
4462,4461,e86cde1dbe7a082d03b9c38b400e4c67,train/e86cde1dbe7a082d03b9c38b400e4c67.dicom,False,6,6,True
4463,4462,e88010a078a87a4c1cc42cf761e2c72a,train/e88010a078a87a4c1cc42cf761e2c72a.dicom,False,9,9,True
4464,4463,e88addf3e1354820d8b1a4b42083188c,train/e88addf3e1354820d8b1a4b42083188c.dicom,False,13,13,True
4465,4464,e895c0a84cf6c38ffee0cfd5be9849fd,train/e895c0a84cf6c38ffee0cfd5be9849fd.dicom,False,10,10,True
4466,4465,e8acde7bd3c521671dae97d0a75cdde0,train/e8acde7bd3c521671dae97d0a75cdde0.dicom,False,9,9,True
4467,4466,e8cccc190246b1950b4eaa9433f295f3,train/e8cccc190246b1950b4eaa9433f295f3.dicom,False,5,5,True
4468,4467,e8d9fffe6ef4c59d01e8e64cf5c7466c,train/e8d9fffe6ef4c59d01e8e64cf5c7466c.dicom,False,12,12,True
4469,4468,e8e6ff19c3be05a4ccfb20abc4202d52,train/e8e6ff19c3be05a4ccfb20abc4202d52.dicom,False,12,12,True
4470,4469,e9269d70abec8d90f4790c6afaa4a924,train/e9269d70abec8d90f4790c6afaa4a924.dicom,False,6,6,True
4471,4470,e9278ee61a8a275650baf02c600c382e,train/e9278ee61a8a275650baf02c600c382e.dicom,False,3,3,True
4472,4471,e9581123b6819b2cd1bcf6ed35481520,train/e9581123b6819b2cd1bcf6ed35481520.dicom,False,20,20,True
4473,4472,e96d18f0d425aaedc12782dc33aec7a4,train/e96d18f0d425aaedc12782dc33aec7a4.dicom,False,17,17,True
4474,4473,e988f84d11f5903f930dd67fa55ce628,train/e988f84d11f5903f930dd67fa55ce628.dicom,False,20,20,True
4475,4474,e98a76eaefca34840133986ed53cd210,train/e98a76eaefca34840133986ed53cd210.dicom,True,0,0,True
4476,4475,e991a1b8b7d4d863205850ceb863343a,train/e991a1b8b7d4d863205850ceb863343a.dicom,False,4,4,True
4477,4476,e9954e6e3b2d0c5bf990a519c0ba5abe,train/e9954e6e3b2d0c5bf990a519c0ba5abe.dicom,False,24,24,True
4478,4477,e9986131c41216ce7900ddfe19e38ed6,train/e9986131c41216ce7900ddfe19e38ed6.dicom,False,6,6,True
4479,4478,e99ba43b91cf30a1df2c4c4adfe7c3b1,train/e99ba43b91cf30a1df2c4c4adfe7c3b1.dicom,False,5,5,True
4480,4479,e9af0316eb1e082f0b2fac36ecf9a6c6,train/e9af0316eb1e082f0b2fac36ecf9a6c6.dicom,False,9,9,True
4481,4480,e9bbeb5248b591a86ff636b9f0b68549,train/e9bbeb5248b591a86ff636b9f0b68549.dicom,True,0,0,True
4482,4481,e9c0a723726efbed9a1d43d4db015ff3,train/e9c0a723726efbed9a1d43d4db015ff3.dicom,False,10,10,True
4483,4482,e9dffce64ee5dd73e861bd8c407c65cb,train/e9dffce64ee5dd73e861bd8c407c65cb.dicom,False,5,5,True
4484,4483,e9e1a8854e0bec89e37445f9cbf7bb95,train/e9e1a8854e0bec89e37445f9cbf7bb95.dicom,False,5,5,True
4485,4484,ea00fab3726550241cd51c2750892d36,train/ea00fab3726550241cd51c2750892d36.dicom,False,10,10,True
4486,4485,ea0ab2737896670ca5d52dd4b10285ab,train/ea0ab2737896670ca5d52dd4b10285ab.dicom,False,20,20,True
4487,4486,ea14c8ae2edae2b343920df92bfce974,train/ea14c8ae2edae2b343920df92bfce974.dicom,False,7,7,True
4488,4487,ea18aab66eff5e0e540553178f9cad4d,train/ea18aab66eff5e0e540553178f9cad4d.dicom,False,16,16,True
4489,4488,ea4fd210b0300b23ee63f0b8352390be,train/ea4fd210b0300b23ee63f0b8352390be.dicom,False,4,4,True
4490,4489,ea56b3455c844f324b8c9323ebf2ddb2,train/ea56b3455c844f324b8c9323ebf2ddb2.dicom,True,0,0,True
4491,4490,ea61f0761446db10c6286a6e333af0e2,train/ea61f0761446db10c6286a6e333af0e2.dicom,False,4,4,True
4492,4491,ea970ed46ada798de375a4be51f701c9,train/ea970ed46ada798de375a4be51f701c9.dicom,True,0,0,True
4493,4492,ea97fdc2b0bf64e712a784849efbab79,train/ea97fdc2b0bf64e712a784849efbab79.dicom,False,5,5,True
4494,4493,ea99ac7087780248ca58449abd57f377,train/ea99ac7087780248ca58449abd57f377.dicom,False,7,7,True
4495,4494,eaa4b09922cfd1c4130787403173e93a,train/eaa4b09922cfd1c4130787403173e93a.dicom,False,14,14,True
4496,4495,eaa5aa491942a0bbc9a161ed3f08c2b5,train/eaa5aa491942a0bbc9a161ed3f08c2b5.dicom,False,8,8,True
4497,4496,eaa6f57c9cb05f5c4586a5249019001a,train/eaa6f57c9cb05f5c4586a5249019001a.dicom,False,6,6,True
4498,4497,eaaa04823e2280d1cb8cb5b52952d7ad,train/eaaa04823e2280d1cb8cb5b52952d7ad.dicom,False,6,6,True
4499,4498,eaacad7a533d8c301172386cefc0b0f8,train/eaacad7a533d8c301172386cefc0b0f8.dicom,False,6,6,True
4500,4499,eab0be019f53390dbbb3225e86506c09,train/eab0be019f53390dbbb3225e86506c09.dicom,True,0,0,True
4501,4500,eab57c526a617da691b80234ed8ee9d9,train/eab57c526a617da691b80234ed8ee9d9.dicom,False,6,6,True
4502,4501,eabf04158953bb71ac4e934f4e28d160,train/eabf04158953bb71ac4e934f4e28d160.dicom,False,18,18,True
4503,4502,eabff4780c183c33d17681a21f1356b4,train/eabff4780c183c33d17681a21f1356b4.dicom,False,4,4,True
4504,4503,eacc53e9f724bd51a38d76306e6db8d2,train/eacc53e9f724bd51a38d76306e6db8d2.dicom,False,11,11,True
4505,4504,eae9d1efd139bba5e4acbb3333eff429,train/eae9d1efd139bba5e4acbb3333eff429.dicom,False,3,3,True
4506,4505,eaef6aa0bc70059db2c376b924d29ba2,train/eaef6aa0bc70059db2c376b924d29ba2.dicom,False,4,4,True
4507,4506,eb0c86ba705f5dfebc0d3b4d59d2dcab,train/eb0c86ba705f5dfebc0d3b4d59d2dcab.dicom,False,12,12,True
4508,4507,eb268b0b19f47cf268626dafc1d6f45f,train/eb268b0b19f47cf268626dafc1d6f45f.dicom,False,6,6,True
4509,4508,eb319a3149253e25a32a6f2926cf67b2,train/eb319a3149253e25a32a6f2926cf67b2.dicom,False,11,11,True
4510,4509,eb331754f1d31043109a9cc9aa968ab6,train/eb331754f1d31043109a9cc9aa968ab6.dicom,False,6,6,True
4511,4510,eb384402d0dee9dc9818a0b65681bf67,train/eb384402d0dee9dc9818a0b65681bf67.dicom,False,5,5,True
4512,4511,eb38f65822271c1130b1c25cebe98f90,train/eb38f65822271c1130b1c25cebe98f90.dicom,False,6,6,True
4513,4512,eb3f408d6ce7818e66b775cbed9b53b1,train/eb3f408d6ce7818e66b775cbed9b53b1.dicom,False,4,4,True
4514,4513,eb504655d27862892ea7c99c352d5aad,train/eb504655d27862892ea7c99c352d5aad.dicom,False,12,12,True
4515,4514,eb6c714df22142229464c6b83e47d7d6,train/eb6c714df22142229464c6b83e47d7d6.dicom,False,12,12,True
4516,4515,eb72e2bb09327ca57b150dab46677e1f,train/eb72e2bb09327ca57b150dab46677e1f.dicom,False,8,8,True
4517,4516,eb76c1606548e4410a5fa74b70ebe5c9,train/eb76c1606548e4410a5fa74b70ebe5c9.dicom,False,8,8,True
4518,4517,eb9b834aa6ef13e715d55dac9beb0bb7,train/eb9b834aa6ef13e715d55dac9beb0bb7.dicom,False,6,6,True
4519,4518,eb9e22a9dbb15c3a9b957945351e651d,train/eb9e22a9dbb15c3a9b957945351e651d.dicom,False,7,7,True
4520,4519,ebb0f756621fb2c6dcfa2b82d4fc8ed8,train/ebb0f756621fb2c6dcfa2b82d4fc8ed8.dicom,False,7,7,True
4521,4520,ebcf699a8c42843567184fb71f33160c,train/ebcf699a8c42843567184fb71f33160c.dicom,True,0,0,True
4522,4521,ebe4ab991ab3c0551a697e34f5e83b36,train/ebe4ab991ab3c0551a697e34f5e83b36.dicom,False,14,14,True
4523,4522,ebf4ffbcf6de699bf9deab70f0dee8ff,train/ebf4ffbcf6de699bf9deab70f0dee8ff.dicom,False,6,6,True
4524,4523,ebfa9ce8a25b09fee878068fd7cd9212,train/ebfa9ce8a25b09fee878068fd7cd9212.dicom,False,5,5,True
4525,4524,ec0b1ecd417bf735801bf2b971ab61ed,train/ec0b1ecd417bf735801bf2b971ab61ed.dicom,False,4,4,True
4526,4525,ec0d8eda3ff0b4fe8d3a7a7b795fed21,train/ec0d8eda3ff0b4fe8d3a7a7b795fed21.dicom,False,5,5,True
4527,4526,ec513a0af055499f1b188cc6a9175ee1,train/ec513a0af055499f1b188cc6a9175ee1.dicom,False,10,10,True
4528,4527,ec6ec12533b8495bb7344d8895dd4f05,train/ec6ec12533b8495bb7344d8895dd4f05.dicom,False,29,29,True
4529,4528,ec7572df0f93d21860c5dc1147d1393b,train/ec7572df0f93d21860c5dc1147d1393b.dicom,False,6,6,True
4530,4529,ec9927d1322b9c33ad265903e06ee108,train/ec9927d1322b9c33ad265903e06ee108.dicom,False,4,4,True
4531,4530,eca27ff9495044fbcd347ee51a8f1187,train/eca27ff9495044fbcd347ee51a8f1187.dicom,False,19,19,True
4532,4531,ecadf9a1eca2152b13f18d3a0b8bfba4,train/ecadf9a1eca2152b13f18d3a0b8bfba4.dicom,False,4,4,True
4533,4532,ecae6af88e3b859c906e9b149a422b3f,train/ecae6af88e3b859c906e9b149a422b3f.dicom,False,6,6,True
4534,4533,ecb9c0dda8a3ec89624e780ac054d2e0,train/ecb9c0dda8a3ec89624e780ac054d2e0.dicom,False,5,5,True
4535,4534,ecce24df48ffadc82e635c279a18c622,train/ecce24df48ffadc82e635c279a18c622.dicom,False,6,6,True
4536,4535,ecd11f0b7b55d7d0515fb569cbcc39d8,train/ecd11f0b7b55d7d0515fb569cbcc39d8.dicom,False,12,12,True
4537,4536,ecd1275cbffcd530452e2b20dd070b4e,train/ecd1275cbffcd530452e2b20dd070b4e.dicom,False,13,13,True
4538,4537,ecda8c2d80adc70ee958fcb0361c3286,train/ecda8c2d80adc70ee958fcb0361c3286.dicom,False,6,6,True
4539,4538,ecdaa71066f64d1f0592799186135925,train/ecdaa71066f64d1f0592799186135925.dicom,False,8,8,True
4540,4539,ecef71a87df9aee5cca62966f95d9f26,train/ecef71a87df9aee5cca62966f95d9f26.dicom,False,6,6,True
4541,4540,ecf36a90601939ea964925fce1f0cc41,train/ecf36a90601939ea964925fce1f0cc41.dicom,False,8,8,True
4542,4541,ecf474d5d4f65d7a3e23370a68b8c6a0,train/ecf474d5d4f65d7a3e23370a68b8c6a0.dicom,False,46,46,True
4543,4542,ecf9eb0e92ca13ace0ac71331f964371,train/ecf9eb0e92ca13ace0ac71331f964371.dicom,False,12,12,True
4544,4543,ed06295915b52f5fcc88e158ab0c7100,train/ed06295915b52f5fcc88e158ab0c7100.dicom,True,0,0,True
4545,4544,ed12402a2b76cda47517d5073b35eb9a,train/ed12402a2b76cda47517d5073b35eb9a.dicom,False,4,4,True
4546,4545,ed1a545ab109f23cd065a5e5e512df1a,train/ed1a545ab109f23cd065a5e5e512df1a.dicom,False,14,14,True
4547,4546,ed427a3b0eb541083e0d2d6c2ae2ac31,train/ed427a3b0eb541083e0d2d6c2ae2ac31.dicom,False,3,3,True
4548,4547,ed4efe30ae54fe3f57904eb7d738fd99,train/ed4efe30ae54fe3f57904eb7d738fd99.dicom,False,6,6,True
4549,4548,ed5a8bb58eb699827e3d05b535f28933,train/ed5a8bb58eb699827e3d05b535f28933.dicom,False,3,3,True
4550,4549,ed68ca5f01252d51a5f07c8fc9835898,train/ed68ca5f01252d51a5f07c8fc9835898.dicom,False,7,7,True
4551,4550,ed696103132aee457b0e11ce0d7b7d27,train/ed696103132aee457b0e11ce0d7b7d27.dicom,False,9,9,True
4552,4551,ed6b8aafbebda034d02fb57cbe7a2439,train/ed6b8aafbebda034d02fb57cbe7a2439.dicom,False,4,4,True
4553,4552,ed6f20cff422347c954f41eac82fac8b,train/ed6f20cff422347c954f41eac82fac8b.dicom,False,10,10,True
4554,4553,ed89af5c7c30f2c96b4cd8a5402748ae,train/ed89af5c7c30f2c96b4cd8a5402748ae.dicom,False,6,6,True
4555,4554,ed9f5c40c389c115089e5a8f15e162b0,train/ed9f5c40c389c115089e5a8f15e162b0.dicom,False,12,12,True
4556,4555,eda23140c7a820d76c89bc994768888d,train/eda23140c7a820d76c89bc994768888d.dicom,True,0,0,True
4557,4556,edb4d2772dc7746b93dc0d7e181a25ef,train/edb4d2772dc7746b93dc0d7e181a25ef.dicom,False,6,6,True
4558,4557,edb61d8f85f46f6da703ab9730bf35b1,train/edb61d8f85f46f6da703ab9730bf35b1.dicom,False,3,3,True
4559,4558,edb67efb2fbf3647dbf9c4daec79da3f,train/edb67efb2fbf3647dbf9c4daec79da3f.dicom,False,3,3,True
4560,4559,edbb3284303d5df669dc8bd73ea38358,train/edbb3284303d5df669dc8bd73ea38358.dicom,False,13,13,True
4561,4560,edc6ab1b2233143d011edf7706c32b6c,train/edc6ab1b2233143d011edf7706c32b6c.dicom,False,14,14,True
4562,4561,ede3e4041468a91f1a8027aeaa10e540,train/ede3e4041468a91f1a8027aeaa10e540.dicom,False,8,8,True
4563,4562,ede72bdbae3f743b8febe5433c49d126,train/ede72bdbae3f743b8febe5433c49d126.dicom,False,5,5,True
4564,4563,edec03d88f6da9a7dcd76772432d9c23,train/edec03d88f6da9a7dcd76772432d9c23.dicom,False,4,4,True
4565,4564,edeef2dceeafd6d5ebe67880f2f9162c,train/edeef2dceeafd6d5ebe67880f2f9162c.dicom,False,8,8,True
4566,4565,ee1abdde3a0e65f9e0b832dfdbbea5de,train/ee1abdde3a0e65f9e0b832dfdbbea5de.dicom,True,0,0,True
4567,4566,ee1ce355f6de728da4c7a40715b16826,train/ee1ce355f6de728da4c7a40715b16826.dicom,False,12,12,True
4568,4567,ee253aab2bfa090c01a596a449159233,train/ee253aab2bfa090c01a596a449159233.dicom,False,12,12,True
4569,4568,ee387adc8e34dcbb696539dcbb626a9d,train/ee387adc8e34dcbb696539dcbb626a9d.dicom,False,21,21,True
4570,4569,ee3b2a3399a40af7703ce312d43df635,train/ee3b2a3399a40af7703ce312d43df635.dicom,False,8,8,True
4571,4570,ee47fd39217a0d25550cb6b9badd3ee2,train/ee47fd39217a0d25550cb6b9badd3ee2.dicom,False,19,19,True
4572,4571,ee530c9de44ad59a5467104a429ded64,train/ee530c9de44ad59a5467104a429ded64.dicom,False,6,6,True
4573,4572,ee53128143074612b8b482d5450aaef2,train/ee53128143074612b8b482d5450aaef2.dicom,False,7,7,True
4574,4573,ee6c07d4bebff60ce328cd0e59d39305,train/ee6c07d4bebff60ce328cd0e59d39305.dicom,False,5,5,True
4575,4574,ee7cc34733914fd5924eb5d75a27fba3,train/ee7cc34733914fd5924eb5d75a27fba3.dicom,False,5,5,True
4576,4575,ee87cffb47722b3161ea80a75fa307a4,train/ee87cffb47722b3161ea80a75fa307a4.dicom,False,11,11,True
4577,4576,ee9e445e316c60e028de2486e3f459df,train/ee9e445e316c60e028de2486e3f459df.dicom,False,14,14,True
4578,4577,eea2d38f25bbee2095457fff9b8b2200,train/eea2d38f25bbee2095457fff9b8b2200.dicom,True,0,0,True
4579,4578,eea459fdf4b72989a21ac94125a64f0e,train/eea459fdf4b72989a21ac94125a64f0e.dicom,False,4,4,True
4580,4579,eebb4b0a4472b69b72b1004b5b4bfcaa,train/eebb4b0a4472b69b72b1004b5b4bfcaa.dicom,False,6,6,True
4581,4580,eebe67275df5f83998a5fe7c147c81cc,train/eebe67275df5f83998a5fe7c147c81cc.dicom,True,0,0,True
4582,4581,eec404a6f4d2db9c179dbe4549de4fdb,train/eec404a6f4d2db9c179dbe4549de4fdb.dicom,True,0,0,True
4583,4582,eedb247767ce38e4dd2498c5dd56dc11,train/eedb247767ce38e4dd2498c5dd56dc11.dicom,False,10,10,True
4584,4583,eee88aa055892224d0fa0518f304996b,train/eee88aa055892224d0fa0518f304996b.dicom,False,3,3,True
4585,4584,eeee9953810eee9388b3a0c5a4ad4ef6,train/eeee9953810eee9388b3a0c5a4ad4ef6.dicom,False,8,8,True
4586,4585,eef3fe7c5ff44ffe54fc80c27365343e,train/eef3fe7c5ff44ffe54fc80c27365343e.dicom,False,5,5,True
4587,4586,eefb68d818bf732e1cda9be83b641a19,train/eefb68d818bf732e1cda9be83b641a19.dicom,False,7,7,True
4588,4587,ef063a93b1392dc44be6a968b8e32838,train/ef063a93b1392dc44be6a968b8e32838.dicom,False,6,6,True
4589,4588,ef0b10e9d207fa0ff2f4e2f59a590970,train/ef0b10e9d207fa0ff2f4e2f59a590970.dicom,False,6,6,True
4590,4589,ef0c1fe356460c25e02dd26a6013e895,train/ef0c1fe356460c25e02dd26a6013e895.dicom,False,6,6,True
4591,4590,ef2e25ee2c102a3b20052b4a3770f0d8,train/ef2e25ee2c102a3b20052b4a3770f0d8.dicom,False,8,8,True
4592,4591,ef3216f8485fe691d819f831ea07e9ce,train/ef3216f8485fe691d819f831ea07e9ce.dicom,False,5,5,True
4593,4592,ef3577342a00289f6fccf26d6b61c7ac,train/ef3577342a00289f6fccf26d6b61c7ac.dicom,False,3,3,True
4594,4593,ef50301bda56ee37e33b99fde2be8c7f,train/ef50301bda56ee37e33b99fde2be8c7f.dicom,False,11,11,True
4595,4594,ef52e83e7d040c6fcb278fa3ee8ad35a,train/ef52e83e7d040c6fcb278fa3ee8ad35a.dicom,False,4,4,True
4596,4595,ef58076f0eec194a3f303b469ac081de,train/ef58076f0eec194a3f303b469ac081de.dicom,False,5,5,True
4597,4596,ef63342a9d28339d09338c16573066c6,train/ef63342a9d28339d09338c16573066c6.dicom,False,4,4,True
4598,4597,ef725f99c37d1a779747e5f592a620fb,train/ef725f99c37d1a779747e5f592a620fb.dicom,False,6,6,True
4599,4598,ef85cda3a115da5e7399342ac986d489,train/ef85cda3a115da5e7399342ac986d489.dicom,False,9,9,True
4600,4599,ef8abdca805f7af833aecafaddbf818e,train/ef8abdca805f7af833aecafaddbf818e.dicom,False,4,4,True
4601,4600,ef8c3f4f4d6b6d278abdbc8077051629,train/ef8c3f4f4d6b6d278abdbc8077051629.dicom,False,7,7,True
4602,4601,ef9ba80e23c77ad5c619e74bfbdffd8b,train/ef9ba80e23c77ad5c619e74bfbdffd8b.dicom,False,11,11,True
4603,4602,ef9d2c00f3825adfdc8a574600d156d3,train/ef9d2c00f3825adfdc8a574600d156d3.dicom,True,0,0,True
4604,4603,efb4c40bcdca8c2e5100a9febf5fbd4b,train/efb4c40bcdca8c2e5100a9febf5fbd4b.dicom,False,9,9,True
4605,4604,efb838879b6ee5f7d44b56ff592d83a4,train/efb838879b6ee5f7d44b56ff592d83a4.dicom,True,0,0,True
4606,4605,efbc06ce023ce45d33b8473672773aef,train/efbc06ce023ce45d33b8473672773aef.dicom,False,9,9,True
4607,4606,efc7bc78ce88e95191fdab525f974c24,train/efc7bc78ce88e95191fdab525f974c24.dicom,False,11,11,True
4608,4607,efd841b9897ceb215d30cff8e1fb85b4,train/efd841b9897ceb215d30cff8e1fb85b4.dicom,False,6,6,True
4609,4608,effc4dc50dd44a151333e9c7dc1ff73e,train/effc4dc50dd44a151333e9c7dc1ff73e.dicom,False,5,5,True
4610,4609,f0105dcab1f42815442e5a2b0247eb21,train/f0105dcab1f42815442e5a2b0247eb21.dicom,False,5,5,True
4611,4610,f0267345c2bb297314f8c9db2b33ffb2,train/f0267345c2bb297314f8c9db2b33ffb2.dicom,False,4,4,True
4612,4611,f034b173fe81cebbf8ba0b793c3d3eb1,train/f034b173fe81cebbf8ba0b793c3d3eb1.dicom,False,7,7,True
4613,4612,f04b3db35749d0bb959a9dbb8e5858c9,train/f04b3db35749d0bb959a9dbb8e5858c9.dicom,False,6,6,True
4614,4613,f06d2ac151719fe4d2cf5546a9dbb734,train/f06d2ac151719fe4d2cf5546a9dbb734.dicom,False,6,6,True
4615,4614,f0840d1476c8b326484642d6422d756f,train/f0840d1476c8b326484642d6422d756f.dicom,False,5,5,True
4616,4615,f086d97c1eeccba6e2a4e28560b7cd6c,train/f086d97c1eeccba6e2a4e28560b7cd6c.dicom,False,3,3,True
4617,4616,f09ec49805bd445b71404666a53d4a8e,train/f09ec49805bd445b71404666a53d4a8e.dicom,False,6,6,True
4618,4617,f09f740821c6160878d713149db4adf6,train/f09f740821c6160878d713149db4adf6.dicom,False,7,7,True
4619,4618,f0adf7b51f3c26e565e1977c4b6c235a,train/f0adf7b51f3c26e565e1977c4b6c235a.dicom,True,0,0,True
4620,4619,f0b7c809436fc5f445098da06308cebc,train/f0b7c809436fc5f445098da06308cebc.dicom,False,4,4,True
4621,4620,f0c719e77a94983d22ad4a1e96e37f34,train/f0c719e77a94983d22ad4a1e96e37f34.dicom,False,10,10,True
4622,4621,f0dea85c5527d47a3b7f4227813f0b95,train/f0dea85c5527d47a3b7f4227813f0b95.dicom,False,6,6,True
4623,4622,f10143e3eb341eac01909c339a5cf01f,train/f10143e3eb341eac01909c339a5cf01f.dicom,False,8,8,True
4624,4623,f13e10ca4f8d95667e05156f2f51d095,train/f13e10ca4f8d95667e05156f2f51d095.dicom,False,9,9,True
4625,4624,f1a45afaee0efd07fef17057f3942464,train/f1a45afaee0efd07fef17057f3942464.dicom,False,5,5,True
4626,4625,f1a700126451c58e895df07f90c8b1ee,train/f1a700126451c58e895df07f90c8b1ee.dicom,False,3,3,True
4627,4626,f1b743ce8d76f083d3e87da80f1dd522,train/f1b743ce8d76f083d3e87da80f1dd522.dicom,False,10,10,True
4628,4627,f1ba5da6f133d329f7ab9bb241fc0b7b,train/f1ba5da6f133d329f7ab9bb241fc0b7b.dicom,False,5,5,True
4629,4628,f1be25d4ee46f32d585fd6c809c92329,train/f1be25d4ee46f32d585fd6c809c92329.dicom,False,6,6,True
4630,4629,f1c4779f16c3ebad57ecb73dcf2a2c1d,train/f1c4779f16c3ebad57ecb73dcf2a2c1d.dicom,False,10,10,True
4631,4630,f1d1e5089e66fc256f08e621b5dcc9bf,train/f1d1e5089e66fc256f08e621b5dcc9bf.dicom,False,31,31,True
4632,4631,f1da5e509f8a55be3ac43a1b0034ca77,train/f1da5e509f8a55be3ac43a1b0034ca77.dicom,False,4,4,True
4633,4632,f1e4056384e1926c3ae33882e0dc00cb,train/f1e4056384e1926c3ae33882e0dc00cb.dicom,False,15,15,True
4634,4633,f1ece4212015e746f3d90a95feb17546,train/f1ece4212015e746f3d90a95feb17546.dicom,False,3,3,True
4635,4634,f1ed2d380bf23214b0522e753035545c,train/f1ed2d380bf23214b0522e753035545c.dicom,False,9,9,True
4636,4635,f233f426d24061d9584932e52bfdbd49,train/f233f426d24061d9584932e52bfdbd49.dicom,False,25,25,True
4637,4636,f23603293e7a6bb7166cd493d2da2f77,train/f23603293e7a6bb7166cd493d2da2f77.dicom,True,0,0,True
4638,4637,f244d8f6b541d370470f56b8f6ebcb3b,train/f244d8f6b541d370470f56b8f6ebcb3b.dicom,False,12,12,True
4639,4638,f2495f8fc8e1640e7ca9383966aa9f5f,train/f2495f8fc8e1640e7ca9383966aa9f5f.dicom,False,9,9,True
4640,4639,f24f5cb1232f59b8688e655a48127b43,train/f24f5cb1232f59b8688e655a48127b43.dicom,False,8,8,True
4641,4640,f25a910b0e75a30296bb0350b2a648bd,train/f25a910b0e75a30296bb0350b2a648bd.dicom,False,5,5,True
4642,4641,f26e0a7663ac71c9253c155ffdb4b0e4,train/f26e0a7663ac71c9253c155ffdb4b0e4.dicom,False,6,6,True
4643,4642,f289d19e4b47b6f38bc2dca65d2d40bd,train/f289d19e4b47b6f38bc2dca65d2d40bd.dicom,False,10,10,True
4644,4643,f29df9890df1e30033396c8f220a9f14,train/f29df9890df1e30033396c8f220a9f14.dicom,False,11,11,True
4645,4644,f2c0995bf613672b13eb82ee09b1547b,train/f2c0995bf613672b13eb82ee09b1547b.dicom,False,22,22,True
4646,4645,f2ca613f1200588a3f8c44e2516db4bc,train/f2ca613f1200588a3f8c44e2516db4bc.dicom,False,5,5,True
4647,4646,f2e56bf4b304000674dde626b3335ca7,train/f2e56bf4b304000674dde626b3335ca7.dicom,False,14,14,True
4648,4647,f2ea94fbd14e7946114152b0a11d6ade,train/f2ea94fbd14e7946114152b0a11d6ade.dicom,False,3,3,True
4649,4648,f2ee561a5779269382bf01c07da84f91,train/f2ee561a5779269382bf01c07da84f91.dicom,False,4,4,True
4650,4649,f2f1cf0ebcbc9348fba2dcd55f6e8c91,train/f2f1cf0ebcbc9348fba2dcd55f6e8c91.dicom,False,10,10,True
4651,4650,f2f8d46d9438459a795b19be73738cbb,train/f2f8d46d9438459a795b19be73738cbb.dicom,False,4,4,True
4652,4651,f31dd0e07a6342b11cb64cbc8af90835,train/f31dd0e07a6342b11cb64cbc8af90835.dicom,False,7,7,True
4653,4652,f32ab457c492c30221d3a89fe7c6b25a,train/f32ab457c492c30221d3a89fe7c6b25a.dicom,False,5,5,True
4654,4653,f32fbc404c68b727c5bf14bca3ec7b5e,train/f32fbc404c68b727c5bf14bca3ec7b5e.dicom,False,21,21,True
4655,4654,f332f8f1673ac8dbf2d755540520a511,train/f332f8f1673ac8dbf2d755540520a511.dicom,False,8,8,True
4656,4655,f33741a2c2ffaa247cea27ba87e6f4d9,train/f33741a2c2ffaa247cea27ba87e6f4d9.dicom,False,8,8,True
4657,4656,f33c818324f7631eec51571396df362d,train/f33c818324f7631eec51571396df362d.dicom,False,6,6,True
4658,4657,f345c9caf6c388069ca35fcc4bb52001,train/f345c9caf6c388069ca35fcc4bb52001.dicom,False,8,8,True
4659,4658,f347a8de5e60079db066c440949b8395,train/f347a8de5e60079db066c440949b8395.dicom,False,9,9,True
4660,4659,f351e56a857e49f1e5c12b0fbd43db98,train/f351e56a857e49f1e5c12b0fbd43db98.dicom,False,12,12,True
4661,4660,f356caa9aae421a22704f79e158e4321,train/f356caa9aae421a22704f79e158e4321.dicom,False,5,5,True
4662,4661,f369ab97b45fdd8ac73e51af003ae854,train/f369ab97b45fdd8ac73e51af003ae854.dicom,True,0,0,True
4663,4662,f36cb2ce4ae7b6e960550542a99a9bff,train/f36cb2ce4ae7b6e960550542a99a9bff.dicom,False,4,4,True
4664,4663,f3741f47791eca3ad54e01f9c36188a1,train/f3741f47791eca3ad54e01f9c36188a1.dicom,False,13,13,True
4665,4664,f38455688ba4360b502d7c512295953e,train/f38455688ba4360b502d7c512295953e.dicom,False,8,8,True
4666,4665,f3a84940a5a63947852fd915062fed1d,train/f3a84940a5a63947852fd915062fed1d.dicom,True,0,0,True
4667,4666,f3ae85dcad0b8befecc06e496f3c4263,train/f3ae85dcad0b8befecc06e496f3c4263.dicom,False,12,12,True
4668,4667,f3b2d71af1014019e7639088a255e13f,train/f3b2d71af1014019e7639088a255e13f.dicom,False,10,10,True
4669,4668,f3bdfeef73cd67f5583466d3df2829df,train/f3bdfeef73cd67f5583466d3df2829df.dicom,False,5,5,True
4670,4669,f3d513a22e62ef6dae79d398cd1462e8,train/f3d513a22e62ef6dae79d398cd1462e8.dicom,False,7,7,True
4671,4670,f3dc45b4e1efdaf51bc35ab371110877,train/f3dc45b4e1efdaf51bc35ab371110877.dicom,False,9,9,True
4672,4671,f3e804892343e3b12e2542939d9101a6,train/f3e804892343e3b12e2542939d9101a6.dicom,False,7,7,True
4673,4672,f3fc4e540d940916de69e6a7e928cead,train/f3fc4e540d940916de69e6a7e928cead.dicom,False,14,14,True
4674,4673,f40c08b38fce6f2b77c6019d34521357,train/f40c08b38fce6f2b77c6019d34521357.dicom,False,26,26,True
4675,4674,f41016cc32c5ed986f15e4d6169c1c2f,train/f41016cc32c5ed986f15e4d6169c1c2f.dicom,False,6,6,True
4676,4675,f41ccbeeaa2f48cbb13110e15c20a538,train/f41ccbeeaa2f48cbb13110e15c20a538.dicom,False,8,8,True
4677,4676,f42000d2ffb02c74c696fba7678c51a6,train/f42000d2ffb02c74c696fba7678c51a6.dicom,False,6,6,True
4678,4677,f4283460f9f2e254b8b048ce635f1276,train/f4283460f9f2e254b8b048ce635f1276.dicom,False,7,7,True
4679,4678,f458843968166ba8c5af491035ce1651,train/f458843968166ba8c5af491035ce1651.dicom,True,0,0,True
4680,4679,f490b0ddc0cd7f3789c13e1764dfe51a,train/f490b0ddc0cd7f3789c13e1764dfe51a.dicom,False,6,6,True
4681,4680,f491935369d316678118cd07d5646de6,train/f491935369d316678118cd07d5646de6.dicom,False,13,13,True
4682,4681,f4976db55ec34ca21f36c218993ea7a2,train/f4976db55ec34ca21f36c218993ea7a2.dicom,True,0,0,True
4683,4682,f499a3f9610865b8be4ff7c7ac5214cf,train/f499a3f9610865b8be4ff7c7ac5214cf.dicom,False,8,8,True
4684,4683,f4b8c5c84f200ee9e9faba45bb2b0baa,train/f4b8c5c84f200ee9e9faba45bb2b0baa.dicom,False,4,4,True
4685,4684,f4c12a07224893104dec25b926db33a1,train/f4c12a07224893104dec25b926db33a1.dicom,False,9,9,True
4686,4685,f4c97bfedbc71ab64cf312ea2962971e,train/f4c97bfedbc71ab64cf312ea2962971e.dicom,False,10,10,True
4687,4686,f4d7a04f379295bb190b0c95567f7e0a,train/f4d7a04f379295bb190b0c95567f7e0a.dicom,False,6,6,True
4688,4687,f4d7d5de6fbfafb222c389fb23251e80,train/f4d7d5de6fbfafb222c389fb23251e80.dicom,False,12,12,True
4689,4688,f4da0959856bcdd4b91e0c6949b109e3,train/f4da0959856bcdd4b91e0c6949b109e3.dicom,False,4,4,True
4690,4689,f4de2c4362a04f072fa06a8440bc7473,train/f4de2c4362a04f072fa06a8440bc7473.dicom,False,7,7,True
4691,4690,f50d5b9d7f65680d066371d14fcda875,train/f50d5b9d7f65680d066371d14fcda875.dicom,False,3,3,True
4692,4691,f51434ef988e30a05f8b0986814d9485,train/f51434ef988e30a05f8b0986814d9485.dicom,False,20,20,True
4693,4692,f51c1a48919f8b36116ed4aa799dcb23,train/f51c1a48919f8b36116ed4aa799dcb23.dicom,False,13,13,True
4694,4693,f52c1bf308db55a73521eb1a048b1c92,train/f52c1bf308db55a73521eb1a048b1c92.dicom,False,5,5,True
4695,4694,f52ec4da5edc58fc2f93c00316c38fe7,train/f52ec4da5edc58fc2f93c00316c38fe7.dicom,True,0,0,True
4696,4695,f53abed5f97de8473a4a09bd9742282c,train/f53abed5f97de8473a4a09bd9742282c.dicom,False,8,8,True
4697,4696,f53c45bd444bfa9796ac5ce5489136c7,train/f53c45bd444bfa9796ac5ce5489136c7.dicom,False,6,6,True
4698,4697,f55ce69d04d99c8f5e01df3c6838c8ee,train/f55ce69d04d99c8f5e01df3c6838c8ee.dicom,False,5,5,True
4699,4698,f5647785cac236ffe0ec3287f9f6aa84,train/f5647785cac236ffe0ec3287f9f6aa84.dicom,False,4,4,True
4700,4699,f57a452f52edaaaf43d41c78f1f73181,train/f57a452f52edaaaf43d41c78f1f73181.dicom,False,7,7,True
4701,4700,f5824499552ae516c70308416344eb91,train/f5824499552ae516c70308416344eb91.dicom,False,8,8,True
4702,4701,f58508942604632676c1df2639e18010,train/f58508942604632676c1df2639e18010.dicom,False,8,8,True
4703,4702,f58e50c4d7e818b02f28e52fd6f2a9f2,train/f58e50c4d7e818b02f28e52fd6f2a9f2.dicom,False,5,5,True
4704,4703,f58ecf974a05d2f5ece85aa9393cf9d6,train/f58ecf974a05d2f5ece85aa9393cf9d6.dicom,False,17,17,True
4705,4704,f591f6e017545ab779d1e88735340128,train/f591f6e017545ab779d1e88735340128.dicom,False,17,17,True
4706,4705,f59ccb89d776a68b79292bef810333ac,train/f59ccb89d776a68b79292bef810333ac.dicom,False,17,17,True
4707,4706,f5aaeb372cca52343b1dd12027904bc2,train/f5aaeb372cca52343b1dd12027904bc2.dicom,False,4,4,True
4708,4707,f5b2547ee619395f63368aab8996f2fb,train/f5b2547ee619395f63368aab8996f2fb.dicom,False,5,5,True
4709,4708,f5d78a935a1360644d9583fbdef0552e,train/f5d78a935a1360644d9583fbdef0552e.dicom,False,6,6,True
4710,4709,f5de538719c1a637e84474ea30a4e515,train/f5de538719c1a637e84474ea30a4e515.dicom,False,4,4,True
4711,4710,f5e6b0ff23298eff87b65789ee32959e,train/f5e6b0ff23298eff87b65789ee32959e.dicom,False,7,7,True
4712,4711,f5eb3e7e9ee9c4d08377de30251a94e2,train/f5eb3e7e9ee9c4d08377de30251a94e2.dicom,False,9,9,True
4713,4712,f5f1591393eb38f422ba01ece830b176,train/f5f1591393eb38f422ba01ece830b176.dicom,False,6,6,True
4714,4713,f5f8866773cc80861a7f5c30502d0fbb,train/f5f8866773cc80861a7f5c30502d0fbb.dicom,False,9,9,True
4715,4714,f608bb02a0b91160b07fb867bbec84ad,train/f608bb02a0b91160b07fb867bbec84ad.dicom,False,10,10,True
4716,4715,f60cef429e2b47fd330fbfcfd3ec3a31,train/f60cef429e2b47fd330fbfcfd3ec3a31.dicom,False,6,6,True
4717,4716,f6178657260dafbe0088bf3bb12e95fd,train/f6178657260dafbe0088bf3bb12e95fd.dicom,True,0,0,True
4718,4717,f61ac5d1e80c2332240594868a6da019,train/f61ac5d1e80c2332240594868a6da019.dicom,False,9,9,True
4719,4718,f62a549cbf9dedb3a5990a691bd7c27a,train/f62a549cbf9dedb3a5990a691bd7c27a.dicom,False,8,8,True
4720,4719,f62c4b2e9c78abcf338d9226c55b7e1e,train/f62c4b2e9c78abcf338d9226c55b7e1e.dicom,False,5,5,True
4721,4720,f62e254cf73362e117599c99791f706f,train/f62e254cf73362e117599c99791f706f.dicom,False,8,8,True
4722,4721,f6349590bcca0313c865a6658b41cde4,train/f6349590bcca0313c865a6658b41cde4.dicom,False,7,7,True
4723,4722,f635b5ecbb18bd0b90c881dd055fb089,train/f635b5ecbb18bd0b90c881dd055fb089.dicom,False,9,9,True
4724,4723,f6689a5d04b19e0750f5128f629b5d39,train/f6689a5d04b19e0750f5128f629b5d39.dicom,False,8,8,True
4725,4724,f673d781efd8b4830ce480735fdcac8d,train/f673d781efd8b4830ce480735fdcac8d.dicom,False,3,3,True
4726,4725,f680a42a3444d3739c5552face67bf18,train/f680a42a3444d3739c5552face67bf18.dicom,False,8,8,True
4727,4726,f68b31e44bfe5252ca65f6bc22152e61,train/f68b31e44bfe5252ca65f6bc22152e61.dicom,False,4,4,True
4728,4727,f69a67703fe0e5e5bd9535025fbff414,train/f69a67703fe0e5e5bd9535025fbff414.dicom,False,8,8,True
4729,4728,f6e59f1f95016d13f75bad536b8e2af5,train/f6e59f1f95016d13f75bad536b8e2af5.dicom,False,8,8,True
4730,4729,f6ea8fd5566a3776bec64ec816a0eb31,train/f6ea8fd5566a3776bec64ec816a0eb31.dicom,True,0,0,True
4731,4730,f6fc6f200924da874ae95664661e67aa,train/f6fc6f200924da874ae95664661e67aa.dicom,False,12,12,True
4732,4731,f70157a4a06e9ba3da6fae2fc48fb4e9,train/f70157a4a06e9ba3da6fae2fc48fb4e9.dicom,False,3,3,True
4733,4732,f730c80ec55bf2f6b80001ec0686f245,train/f730c80ec55bf2f6b80001ec0686f245.dicom,False,5,5,True
4734,4733,f736d35657c19d752b94cb194d9ed59a,train/f736d35657c19d752b94cb194d9ed59a.dicom,False,9,9,True
4735,4734,f769eea17a2e7678f481f386c3c6261c,train/f769eea17a2e7678f481f386c3c6261c.dicom,False,9,9,True
4736,4735,f774dada729622b4f5e2e1c352169d77,train/f774dada729622b4f5e2e1c352169d77.dicom,True,0,0,True
4737,4736,f77548b76082f9b45c05764493005039,train/f77548b76082f9b45c05764493005039.dicom,False,9,9,True
4738,4737,f7793fee61ea241a3fc07b927e4914f6,train/f7793fee61ea241a3fc07b927e4914f6.dicom,False,6,6,True
4739,4738,f78a273e30b5cd8a2d580fa4959c8433,train/f78a273e30b5cd8a2d580fa4959c8433.dicom,False,6,6,True
4740,4739,f78a44efd6e19fe5e6f71247a4d97126,train/f78a44efd6e19fe5e6f71247a4d97126.dicom,False,5,5,True
4741,4740,f78e1c855e003640a3d79723f16f5f1e,train/f78e1c855e003640a3d79723f16f5f1e.dicom,False,4,4,True
4742,4741,f791a58edd0f0080354090193069373d,train/f791a58edd0f0080354090193069373d.dicom,False,7,7,True
4743,4742,f7987e0db0dcf873c778b099ebd9bf1a,train/f7987e0db0dcf873c778b099ebd9bf1a.dicom,False,9,9,True
4744,4743,f7a56f47ad3ca3e1a06fd41bba7a3b03,train/f7a56f47ad3ca3e1a06fd41bba7a3b03.dicom,False,7,7,True
4745,4744,f7b1e8842f18b17265754367a8d92ee6,train/f7b1e8842f18b17265754367a8d92ee6.dicom,False,7,7,True
4746,4745,f7b3fa818839a04913e45fa796203462,train/f7b3fa818839a04913e45fa796203462.dicom,False,31,31,True
4747,4746,f7c4b8ffe5e3c01d6dd0165c9e3ad64f,train/f7c4b8ffe5e3c01d6dd0165c9e3ad64f.dicom,False,5,5,True
4748,4747,f7cca0874f0a8fdfdcb8952ec15c2e24,train/f7cca0874f0a8fdfdcb8952ec15c2e24.dicom,False,9,9,True
4749,4748,f7dd175ca0962155ec39311b997a5288,train/f7dd175ca0962155ec39311b997a5288.dicom,False,6,6,True
4750,4749,f7f461c0aaa21762f7e9e7e1e7b24dc9,train/f7f461c0aaa21762f7e9e7e1e7b24dc9.dicom,False,6,6,True
4751,4750,f7fd31cb67b22bf95cc94d909b6dd2e3,train/f7fd31cb67b22bf95cc94d909b6dd2e3.dicom,False,4,4,True
4752,4751,f8418a411444f8ea00f9b3affe70a758,train/f8418a411444f8ea00f9b3affe70a758.dicom,False,11,11,True
4753,4752,f853be3a4ec02063d6e9c0279c8cb559,train/f853be3a4ec02063d6e9c0279c8cb559.dicom,False,6,6,True
4754,4753,f866dffa083b0a1b8e5c09a47a2d55f2,train/f866dffa083b0a1b8e5c09a47a2d55f2.dicom,False,5,5,True
4755,4754,f87d4c4e7d55bc2cbd44e80bf51f8bc6,train/f87d4c4e7d55bc2cbd44e80bf51f8bc6.dicom,False,6,6,True
4756,4755,f887788825f5004145c4b29efa89fbc6,train/f887788825f5004145c4b29efa89fbc6.dicom,True,0,0,True
4757,4756,f89143595274fa6016f6eec550442af9,train/f89143595274fa6016f6eec550442af9.dicom,False,6,6,True
4758,4757,f89667b79d3858d6064f49b5fb203800,train/f89667b79d3858d6064f49b5fb203800.dicom,False,5,5,True
4759,4758,f8c4ffc718ece871a52ab5f63b04b41c,train/f8c4ffc718ece871a52ab5f63b04b41c.dicom,False,5,5,True
4760,4759,f8dbc59e1e501220fa867a6d68d93641,train/f8dbc59e1e501220fa867a6d68d93641.dicom,False,10,10,True
4761,4760,f8dee4ee7a507e4e1f6a2b951e63f3d0,train/f8dee4ee7a507e4e1f6a2b951e63f3d0.dicom,False,4,4,True
4762,4761,f8e34b28f4fa0c030e1d55b1190990f1,train/f8e34b28f4fa0c030e1d55b1190990f1.dicom,False,8,8,True
4763,4762,f8e4280d43baa3b536d1ed937672ff93,train/f8e4280d43baa3b536d1ed937672ff93.dicom,False,5,5,True
4764,4763,f8f1d67dcbeb7badd781e2a0f30e020e,train/f8f1d67dcbeb7badd781e2a0f30e020e.dicom,False,3,3,True
4765,4764,f8f3bf0d3d08f814e2764470681998a4,train/f8f3bf0d3d08f814e2764470681998a4.dicom,False,3,3,True
4766,4765,f9004576db9e423ddce7bc64608e2aed,train/f9004576db9e423ddce7bc64608e2aed.dicom,False,9,9,True
4767,4766,f90442f2620175fa21b6afeda865df11,train/f90442f2620175fa21b6afeda865df11.dicom,False,29,29,True
4768,4767,f908ceca3f24d487d583b5530b127013,train/f908ceca3f24d487d583b5530b127013.dicom,False,8,8,True
4769,4768,f9132773a02cfa4cb24f617627155948,train/f9132773a02cfa4cb24f617627155948.dicom,False,3,3,True
4770,4769,f9192d70b8ae33af5fa02c6764e7457c,train/f9192d70b8ae33af5fa02c6764e7457c.dicom,False,4,4,True
4771,4770,f94fc1f4e263bf33a9b1e9c4027a474f,train/f94fc1f4e263bf33a9b1e9c4027a474f.dicom,False,3,3,True
4772,4771,f95dd68c2ff46436c6819c3788ac01d3,train/f95dd68c2ff46436c6819c3788ac01d3.dicom,False,6,6,True
4773,4772,f97b35befd831df48967fda3cef13c12,train/f97b35befd831df48967fda3cef13c12.dicom,False,5,5,True
4774,4773,f9849624906b15585f9f7f998b34193c,train/f9849624906b15585f9f7f998b34193c.dicom,False,4,4,True
4775,4774,f99c888cfe3ec332780b60b44134f681,train/f99c888cfe3ec332780b60b44134f681.dicom,False,8,8,True
4776,4775,f9a0f4bd4bb3553af6e939362bbba5d6,train/f9a0f4bd4bb3553af6e939362bbba5d6.dicom,False,8,8,True
4777,4776,f9b6143fdadf3e46bc016548719a4371,train/f9b6143fdadf3e46bc016548719a4371.dicom,False,7,7,True
4778,4777,f9ba2d912ef79893510ff58bafa70558,train/f9ba2d912ef79893510ff58bafa70558.dicom,False,13,13,True
4779,4778,f9c6b63c9379c69451d44dc64fbcc814,train/f9c6b63c9379c69451d44dc64fbcc814.dicom,False,4,4,True
4780,4779,f9d48a25ddad7cb044c500cb7266455a,train/f9d48a25ddad7cb044c500cb7266455a.dicom,False,6,6,True
4781,4780,f9dda1a40ac162af4e9fbc6027ed5375,train/f9dda1a40ac162af4e9fbc6027ed5375.dicom,False,6,6,True
4782,4781,f9e2672a5b9363b4df480c9b8b773379,train/f9e2672a5b9363b4df480c9b8b773379.dicom,False,8,8,True
4783,4782,f9e33b36ae582d27a5426d7e0692d128,train/f9e33b36ae582d27a5426d7e0692d128.dicom,True,0,0,True
4784,4783,f9e6958221cb9c50deaf7ce3e78b6bf4,train/f9e6958221cb9c50deaf7ce3e78b6bf4.dicom,True,0,0,True
4785,4784,f9e722d2706d42998afff41568223a01,train/f9e722d2706d42998afff41568223a01.dicom,False,9,9,True
4786,4785,f9f7feefb4bac748ff7ad313e4a78906,train/f9f7feefb4bac748ff7ad313e4a78906.dicom,False,9,9,True
4787,4786,f9fea79e8c324d21c93ca0271b84e24e,train/f9fea79e8c324d21c93ca0271b84e24e.dicom,False,6,6,True
4788,4787,fa109c087e46fe1ea27e48ce6d154d2f,train/fa109c087e46fe1ea27e48ce6d154d2f.dicom,False,52,52,True
4789,4788,fa1d691e369b258e948303634d83b2f6,train/fa1d691e369b258e948303634d83b2f6.dicom,False,9,9,True
4790,4789,fa1ffc0e890d0d6fa472f8abb1590b88,train/fa1ffc0e890d0d6fa472f8abb1590b88.dicom,True,0,0,True
4791,4790,fa3b6b158acb587e7cfac000b3737a39,train/fa3b6b158acb587e7cfac000b3737a39.dicom,False,12,12,True
4792,4791,fa4c38b3c5e53e1e84bd0923f2d8e480,train/fa4c38b3c5e53e1e84bd0923f2d8e480.dicom,False,9,9,True
4793,4792,fa5f06ba5deade163b028b37cfe68901,train/fa5f06ba5deade163b028b37cfe68901.dicom,False,17,17,True
4794,4793,fa6cfad334f4061af968f0896319bdf4,train/fa6cfad334f4061af968f0896319bdf4.dicom,False,8,8,True
4795,4794,fa7b469e21cf7a4e7afe9f17cf721259,train/fa7b469e21cf7a4e7afe9f17cf721259.dicom,False,7,7,True
4796,4795,fa7d454b6cb43448ed5a8da49df6ce05,train/fa7d454b6cb43448ed5a8da49df6ce05.dicom,False,12,12,True
4797,4796,fa8115db4830d2b29eccf4f133341a7c,train/fa8115db4830d2b29eccf4f133341a7c.dicom,False,9,9,True
4798,4797,fa8a4206a96b99a55f7e8c84a1ec5892,train/fa8a4206a96b99a55f7e8c84a1ec5892.dicom,True,0,0,True
4799,4798,fa93ce20869f64a1d44d6b8b3d962061,train/fa93ce20869f64a1d44d6b8b3d962061.dicom,False,8,8,True
4800,4799,fa9cd1a78a6d2d8d6e918a8c4125faf4,train/fa9cd1a78a6d2d8d6e918a8c4125faf4.dicom,False,9,9,True
4801,4800,fad39dc356aaa2da58470c6daaba8112,train/fad39dc356aaa2da58470c6daaba8112.dicom,False,7,7,True
4802,4801,fae3d9c7c5d474bb9cac8ac1c8912688,train/fae3d9c7c5d474bb9cac8ac1c8912688.dicom,False,6,6,True
4803,4802,faf2eeb7b3818ff5941115c3f9b6070e,train/faf2eeb7b3818ff5941115c3f9b6070e.dicom,False,7,7,True
4804,4803,fb14e1b207e0ee66ed2e3179323091a8,train/fb14e1b207e0ee66ed2e3179323091a8.dicom,True,0,0,True
4805,4804,fb159c22e0b94e4f00fab42d40efb584,train/fb159c22e0b94e4f00fab42d40efb584.dicom,False,7,7,True
4806,4805,fb16b22a22ab5aa31e8de22118a8183c,train/fb16b22a22ab5aa31e8de22118a8183c.dicom,False,8,8,True
4807,4806,fb2b28e4c2d24f22d4f67804eef69ecf,train/fb2b28e4c2d24f22d4f67804eef69ecf.dicom,False,17,17,True
4808,4807,fb31baa6cb3084cb283c11ee81c32f22,train/fb31baa6cb3084cb283c11ee81c32f22.dicom,False,31,31,True
4809,4808,fb4db65bf21dfd88e154ab703136c69b,train/fb4db65bf21dfd88e154ab703136c69b.dicom,False,6,6,True
4810,4809,fb511731a1fc742451a090891ebaa0ce,train/fb511731a1fc742451a090891ebaa0ce.dicom,False,5,5,True
4811,4810,fb60c3083ec018a8bc953b6af2d39151,train/fb60c3083ec018a8bc953b6af2d39151.dicom,False,4,4,True
4812,4811,fb65f00dc9ea6fe17670ad9564e41db5,train/fb65f00dc9ea6fe17670ad9564e41db5.dicom,False,7,7,True
4813,4812,fb8e11c6b2886b2d41b379e0598669b9,train/fb8e11c6b2886b2d41b379e0598669b9.dicom,False,20,20,True
4814,4813,fb8f8632ea2bb7e136adee05a286105d,train/fb8f8632ea2bb7e136adee05a286105d.dicom,False,5,5,True
4815,4814,fb9212a34ae58d0a54a4880a80da1174,train/fb9212a34ae58d0a54a4880a80da1174.dicom,False,5,5,True
4816,4815,fb929e0efd696fe0f54902da5e7ec57a,train/fb929e0efd696fe0f54902da5e7ec57a.dicom,False,15,15,True
4817,4816,fb986f9e81efde615e0364b35efdb377,train/fb986f9e81efde615e0364b35efdb377.dicom,False,26,26,True
4818,4817,fba40b4a066903eaccbf80e168617e69,train/fba40b4a066903eaccbf80e168617e69.dicom,False,7,7,True
4819,4818,fbace720f1e0ffcf06aa08e8b6e8131d,train/fbace720f1e0ffcf06aa08e8b6e8131d.dicom,False,5,5,True
4820,4819,fbadbb00720fcc1385e05adaca2502e1,train/fbadbb00720fcc1385e05adaca2502e1.dicom,False,3,3,True
4821,4820,fbbc76c4db97f2f7caa7926655f13d32,train/fbbc76c4db97f2f7caa7926655f13d32.dicom,False,15,15,True
4822,4821,fbc1bf59ac6832df4802bd8a473d26f4,train/fbc1bf59ac6832df4802bd8a473d26f4.dicom,False,3,3,True
4823,4822,fbd4d82ec1018ef94b0b4baf2589a6a2,train/fbd4d82ec1018ef94b0b4baf2589a6a2.dicom,False,6,6,True
4824,4823,fbd7d287fcf514d7c8c1d8b08eee47c6,train/fbd7d287fcf514d7c8c1d8b08eee47c6.dicom,False,4,4,True
4825,4824,fbda3ef47493765e3d705185bf5c9538,train/fbda3ef47493765e3d705185bf5c9538.dicom,False,6,6,True
4826,4825,fbe11df20d8794421a72b14fdc3aa593,train/fbe11df20d8794421a72b14fdc3aa593.dicom,False,4,4,True
4827,4826,fbfa7706ae60ef2f3f18211269a8d2ac,train/fbfa7706ae60ef2f3f18211269a8d2ac.dicom,False,13,13,True
4828,4827,fc206ae1d3ef8a63e90642dba9f75e4a,train/fc206ae1d3ef8a63e90642dba9f75e4a.dicom,False,11,11,True
4829,4828,fc217b20fc08dbe61924444274fb1c92,train/fc217b20fc08dbe61924444274fb1c92.dicom,False,6,6,True
4830,4829,fc24ad13f52fb8b4135f5a18a982a1cf,train/fc24ad13f52fb8b4135f5a18a982a1cf.dicom,False,12,12,True
4831,4830,fc34c8cc6321cfc97ec35783a5daa937,train/fc34c8cc6321cfc97ec35783a5daa937.dicom,False,15,15,True
4832,4831,fc40fa29a65f935b15a3763a83d11a15,train/fc40fa29a65f935b15a3763a83d11a15.dicom,False,3,3,True
4833,4832,fc4363ebce3a4aaa7c7d8c4796221c16,train/fc4363ebce3a4aaa7c7d8c4796221c16.dicom,True,0,0,True
4834,4833,fc47195078badf33f2575c3f0db648ab,train/fc47195078badf33f2575c3f0db648ab.dicom,False,3,3,True
4835,4834,fc50039c45fdb6c9224bfff5ba4e64b3,train/fc50039c45fdb6c9224bfff5ba4e64b3.dicom,False,24,24,True
4836,4835,fc63f0bc1c17a196a1985672fe91d660,train/fc63f0bc1c17a196a1985672fe91d660.dicom,True,0,0,True
4837,4836,fc7a5aa2e71f3a9cd2ee1a871303239e,train/fc7a5aa2e71f3a9cd2ee1a871303239e.dicom,False,6,6,True
4838,4837,fc7daec18e1ea6a01e908775052d3e7b,train/fc7daec18e1ea6a01e908775052d3e7b.dicom,False,4,4,True
4839,4838,fc89fd328df2a724d19d1cb78fb97f3c,train/fc89fd328df2a724d19d1cb78fb97f3c.dicom,False,4,4,True
4840,4839,fc8c4737d8852af905ef96b5ca0daef9,train/fc8c4737d8852af905ef96b5ca0daef9.dicom,False,6,6,True
4841,4840,fc9792581d7190c4b20c3e436e2d91bb,train/fc9792581d7190c4b20c3e436e2d91bb.dicom,True,0,0,True
4842,4841,fc979a294242406c565414d75dd68f9f,train/fc979a294242406c565414d75dd68f9f.dicom,False,9,9,True
4843,4842,fcbe95aa17720d5caa68e24f4f664040,train/fcbe95aa17720d5caa68e24f4f664040.dicom,False,3,3,True
4844,4843,fce81c9b7b2d0f705e8c3a19d6197784,train/fce81c9b7b2d0f705e8c3a19d6197784.dicom,False,3,3,True
4845,4844,fcf343f7991ed6cddae630502922296e,train/fcf343f7991ed6cddae630502922296e.dicom,False,3,3,True
4846,4845,fcf451b16c4dd6fe2f066ad3d471cbdd,train/fcf451b16c4dd6fe2f066ad3d471cbdd.dicom,False,5,5,True
4847,4846,fd0101d5a41b3c0a8743502692690bdb,train/fd0101d5a41b3c0a8743502692690bdb.dicom,True,0,0,True
4848,4847,fd079817727211a09fd6b0415463f23d,train/fd079817727211a09fd6b0415463f23d.dicom,False,4,4,True
4849,4848,fd1bd078f5f30ad02ed984c94077bbdb,train/fd1bd078f5f30ad02ed984c94077bbdb.dicom,False,15,15,True
4850,4849,fd23b01b59784498154c9ee6b60dab4a,train/fd23b01b59784498154c9ee6b60dab4a.dicom,False,7,7,True
4851,4850,fd277568d5778bed67a80aabd4c2e297,train/fd277568d5778bed67a80aabd4c2e297.dicom,False,7,7,True
4852,4851,fd2892a3069f461f8a47e714b9b7f755,train/fd2892a3069f461f8a47e714b9b7f755.dicom,True,0,0,True
4853,4852,fd6d801a9b661fd0abe97e5c37567c2b,train/fd6d801a9b661fd0abe97e5c37567c2b.dicom,False,9,9,True
4854,4853,fd709b976ae14089b17bea48208573d8,train/fd709b976ae14089b17bea48208573d8.dicom,False,14,14,True
4855,4854,fd80612e19d0c248b8477125cba4a350,train/fd80612e19d0c248b8477125cba4a350.dicom,False,4,4,True
4856,4855,fd810298e165ef0b9a88bb25fda7a34b,train/fd810298e165ef0b9a88bb25fda7a34b.dicom,False,13,13,True
4857,4856,fd984c0e930169a20e6a2d02e1dab204,train/fd984c0e930169a20e6a2d02e1dab204.dicom,False,5,5,True
4858,4857,fda13aa356913d7c5530897288978420,train/fda13aa356913d7c5530897288978420.dicom,False,11,11,True
4859,4858,fda942e02952bbbe30fb7525fdf408ea,train/fda942e02952bbbe30fb7525fdf408ea.dicom,False,6,6,True
4860,4859,fdbf6600541e76b3b009a11cae0f91c3,train/fdbf6600541e76b3b009a11cae0f91c3.dicom,False,7,7,True
4861,4860,fdc0e4eaee26a9dd7bec404df5428612,train/fdc0e4eaee26a9dd7bec404df5428612.dicom,True,0,0,True
4862,4861,fdcbaf21dccc1202812b5233b960de0b,train/fdcbaf21dccc1202812b5233b960de0b.dicom,False,9,9,True
4863,4862,fdcdbc6befee8ab9553039895835bad8,train/fdcdbc6befee8ab9553039895835bad8.dicom,False,9,9,True
4864,4863,fdd323a08a8d9890c938351d465108b6,train/fdd323a08a8d9890c938351d465108b6.dicom,False,13,13,True
4865,4864,fdd529400be877bedaf4f2df9176cedf,train/fdd529400be877bedaf4f2df9176cedf.dicom,False,10,10,True
4866,4865,fdf40431c67d1e10a8d9ff3c0060b1fa,train/fdf40431c67d1e10a8d9ff3c0060b1fa.dicom,False,3,3,True
4867,4866,fe48b59fe20a779d3a6a32d7a22e4b8b,train/fe48b59fe20a779d3a6a32d7a22e4b8b.dicom,False,5,5,True
4868,4867,fe620114981e611e4e92f017dafc254f,train/fe620114981e611e4e92f017dafc254f.dicom,False,8,8,True
4869,4868,fe712042bd989a581a931a300fee1203,train/fe712042bd989a581a931a300fee1203.dicom,False,3,3,True
4870,4869,fe8d72ce0411fb11e5b254e149634fad,train/fe8d72ce0411fb11e5b254e149634fad.dicom,False,4,4,True
4871,4870,fe90142bc4523ef5e2413ba94415e037,train/fe90142bc4523ef5e2413ba94415e037.dicom,False,17,17,True
4872,4871,fe9ae553a2fa76cba207ebd4b9b0cddb,train/fe9ae553a2fa76cba207ebd4b9b0cddb.dicom,False,12,12,True
4873,4872,fe9e2c89c75a48f88d5d7274ff939b31,train/fe9e2c89c75a48f88d5d7274ff939b31.dicom,False,14,14,True
4874,4873,feb24760f15f661154ccc371571ceb4b,train/feb24760f15f661154ccc371571ceb4b.dicom,False,7,7,True
4875,4874,fec797e0e4b2eff050372800790c01e8,train/fec797e0e4b2eff050372800790c01e8.dicom,False,7,7,True
4876,4875,fee46e386a84e134836e01d0b9a38154,train/fee46e386a84e134836e01d0b9a38154.dicom,False,6,6,True
4877,4876,fee7f5490aee6eb6626adb30d2509868,train/fee7f5490aee6eb6626adb30d2509868.dicom,False,4,4,True
4878,4877,fef3e36fbec340a6ef785936fb8859c6,train/fef3e36fbec340a6ef785936fb8859c6.dicom,False,7,7,True
4879,4878,ff00fd8abeb1fb6646fc3943f802cb8d,train/ff00fd8abeb1fb6646fc3943f802cb8d.dicom,False,3,3,True
4880,4879,ff0191df898268978f2c29231450fd66,train/ff0191df898268978f2c29231450fd66.dicom,False,5,5,True
4881,4880,ff0b6f6423f910a910be0c5729424e58,train/ff0b6f6423f910a910be0c5729424e58.dicom,False,4,4,True
4882,4881,ff177d5fef1586b58fc89b1bf9cc5095,train/ff177d5fef1586b58fc89b1bf9cc5095.dicom,True,0,0,True
4883,4882,ff2659c5a80afab12bf10c8644341a2b,train/ff2659c5a80afab12bf10c8644341a2b.dicom,False,7,7,True
4884,4883,ff335f1c7745c6184a5732cc5a01092d,train/ff335f1c7745c6184a5732cc5a01092d.dicom,False,5,5,True
4885,4884,ff45df5e7c2a2724c532d13eba7cde2f,train/ff45df5e7c2a2724c532d13eba7cde2f.dicom,False,7,7,True
4886,4885,ff4cd09578f32d803e5996a4a2ec29b2,train/ff4cd09578f32d803e5996a4a2ec29b2.dicom,False,6,6,True
4887,4886,ff60d1425ffd67d12aa61e3eb3b45040,train/ff60d1425ffd67d12aa61e3eb3b45040.dicom,False,15,15,True
4888,4887,ff612a13f0bf475515259b986735c4e4,train/ff612a13f0bf475515259b986735c4e4.dicom,True,0,0,True
4889,4888,ff6b2b10b8f2350ab09d8690c9c83154,train/ff6b2b10b8f2350ab09d8690c9c83154.dicom,False,4,4,True
4890,4889,ff924bcbd38f123aec723aa7040d7e43,train/ff924bcbd38f123aec723aa7040d7e43.dicom,False,23,23,True
4891,4890,ffb5d0b005261ed350f7a08c06613a34,train/ffb5d0b005261ed350f7a08c06613a34.dicom,False,6,6,True
4892,4891,ffceb71a80efba3b83c88e11f4b9694b,train/ffceb71a80efba3b83c88e11f4b9694b.dicom,False,5,5,True
4893,4892,ffe6f9fe648a7ec29a50feb92d6c15a4,train/ffe6f9fe648a7ec29a50feb92d6c15a4.dicom,False,5,5,True
4894,4893,ffeffc54594debf3716d6fcd2402a99f,train/ffeffc54594debf3716d6fcd2402a99f.dicom,False,3,3,True
