dataset_index,image_id,file_name,coco_width,coco_height,raw_annotation_count,is_empty_gt,retained_filter_false,removed_when_filter_true,pipeline_audited,loaded_image_shape,post_pipeline_box_count,post_pipeline_label_count,bbox_valid,label_valid,pipeline_load_result,error_message
0,1,train/0005e8e3701dfb1dd93d53e2ff537b6e.jpg,3072,3072,5,False,True,False,True,"[3, 3072, 3072]",5,5,True,True,PASS,
1,2,train/0007d316f756b3fa0baea2ff514ce945.jpg,2304,2880,11,False,True,False,True,"[3, 2880, 2304]",11,11,True,True,PASS,
2,3,train/000d68e42b71d3eac10ccc077aba07c1.jpg,2304,2880,16,False,True,False,True,"[3, 2880, 2304]",16,16,True,True,PASS,
3,4,train/00150343289f317a0ad5629d5b7d9ef9.jpg,2525,2508,17,False,True,False,True,"[3, 2508, 2525]",17,17,True,True,PASS,
4,5,train/001d127bad87592efe45a5c7678f8b8d.jpg,3072,3072,6,False,True,False,True,"[3, 3072, 3072]",6,6,True,True,PASS,
5,6,train/00291f7aff0123ea76a59998effef229.jpg,3072,3072,0,True,True,True,True,"[3, 3072, 3072]",0,0,True,True,PASS,
6,7,train/0046f681f078851293c4e710c4466058.jpg,2304,2880,11,False,True,False,True,"[3, 2880, 2304]",11,11,True,True,PASS,
7,8,train/004d2bc2111d639f5e8441ced52d55cb.jpg,2048,2500,0,True,True,True,True,"[3, 2500, 2048]",0,0,True,True,PASS,
8,9,train/0061cf6d35e253b6e7f03940592cc35e.jpg,2540,3072,7,False,True,False,True,"[3, 3072, 2540]",7,7,True,True,PASS,
9,10,train/00675cd546313f912cadd4ad54415d69.jpg,2606,2992,6,False,True,False,True,"[3, 2992, 2606]",6,6,True,True,PASS,
10,11,train/008b3176a7248a0a189b5731ac8d2e95.jpg,2505,3147,12,False,True,False,True,"[3, 3147, 2505]",12,12,True,True,PASS,
11,12,train/009d4c31ebf87e51c5c8c160a4bd8006.jpg,2762,2890,9,False,True,False,True,"[3, 2890, 2762]",9,9,True,True,PASS,
12,13,train/009d837e29ba400e03856cf8d6a5b545.jpg,2304,2880,5,False,True,False,True,"[3, 2880, 2304]",5,5,True,True,PASS,
13,14,train/00a9f697d85a506d5b281f588addce4e.jpg,2431,2992,0,True,True,True,True,"[3, 2992, 2431]",0,0,True,True,PASS,
14,15,train/00aca42a24e4ea6066cca2546150c36e.jpg,2995,3077,9,False,True,False,True,"[3, 3077, 2995]",9,9,True,True,PASS,
15,16,train/00bcb82818ea83d6a86df241762cd7d0.jpg,2048,2500,5,False,True,False,True,"[3, 2500, 2048]",5,5,True,True,PASS,
16,17,train/00e25f831ccd21bd41b558cfccbf1be7.jpg,2336,2836,0,True,True,True,True,"[3, 2836, 2336]",0,0,True,True,PASS,
17,18,train/00f2f97f74e086e1f82acc285ee4a5c5.jpg,2304,2880,8,False,True,False,True,"[3, 2880, 2304]",8,8,True,True,PASS,
18,19,train/010018c93ed33ae56ed048ee54867e46.jpg,2813,3069,18,False,True,False,True,"[3, 3069, 2813]",18,18,True,True,PASS,
19,20,train/0108949daa13dc94634a7d650a05c0bb.jpg,2304,2880,6,False,True,False,True,"[3, 2880, 2304]",6,6,True,True,PASS,
20,21,train/010a3dbb67bc37800a041866844861b1.jpg,2540,3072,8,False,True,False,True,"[3, 3072, 2540]",8,8,True,True,PASS,
21,22,train/011244ab511b20130d846f5f8f0c3866.jpg,3072,3072,3,False,True,False,True,"[3, 3072, 3072]",3,3,True,True,PASS,
22,23,train/0114c5cd093c742334d5a5fa14140421.jpg,2540,3072,9,False,True,False,True,"[3, 3072, 2540]",9,9,True,True,PASS,
23,24,train/011ae9520e81f1efe71c9d954ec07d09.jpg,3072,3072,18,False,True,False,True,"[3, 3072, 3072]",18,18,True,True,PASS,
24,25,train/013893a5fa90241c65c3efcdbdd2cec1.jpg,3072,3072,8,False,True,False,True,"[3, 3072, 3072]",8,8,True,True,PASS,
25,26,train/014e3dd712dc90f61da7ce8747d8c4c0.jpg,2304,2880,3,False,True,False,True,"[3, 2880, 2304]",3,3,True,True,PASS,
26,27,train/01546d3e6175ceaabd7d92f0c566579d.jpg,2733,3171,6,False,True,False,True,"[3, 3171, 2733]",6,6,True,True,PASS,
27,28,train/01570ee44031e4ebab6031501293bf66.jpg,2304,2880,7,False,True,False,True,"[3, 2880, 2304]",7,7,True,True,PASS,
28,29,train/015d74d7d2667a9b93b8909283af38c8.jpg,3072,3072,0,True,True,True,True,"[3, 3072, 3072]",0,0,True,True,PASS,
29,30,train/015e332b702e4829710941ab7265bd1d.jpg,2008,2088,5,False,True,False,True,"[3, 2088, 2008]",5,5,True,True,PASS,
30,31,train/0162dad8330007f8f0daf43bcf4033f1.jpg,3072,3072,7,False,True,False,True,"[3, 3072, 3072]",7,7,True,True,PASS,
31,32,train/0187da5fd71c7a2917346bf12a67bbe4.jpg,2718,2972,3,False,True,False,True,"[3, 2972, 2718]",3,3,True,True,PASS,
32,33,train/01892129d76aaa1f59d4b22df8a14c0b.jpg,1994,2430,0,True,True,True,True,"[3, 2430, 1994]",0,0,True,True,PASS,
33,34,train/018a2fe44c3451281ec338c27ecc9c53.jpg,2512,2944,15,False,True,False,True,"[3, 2944, 2512]",15,15,True,True,PASS,
34,35,train/018b348fd699821cdbc5bdc0b329982c.jpg,2536,3008,5,False,True,False,True,"[3, 3008, 2536]",5,5,True,True,PASS,
35,36,train/018ef9c5d5b20c5161a5c48703171c3b.jpg,2304,2880,3,False,True,False,True,"[3, 2880, 2304]",3,3,True,True,PASS,
36,37,train/01a3c3d994d85ce5634d2d13c03fd4b0.jpg,3072,3072,14,False,True,False,True,"[3, 3072, 3072]",14,14,True,True,PASS,
37,38,train/01afcfaabc406f0fe1797cb7fa6616c6.jpg,2304,2880,6,False,True,False,True,"[3, 2880, 2304]",6,6,True,True,PASS,
38,39,train/01b0510a8d3b0860429536653db5eb21.jpg,2304,2880,8,False,True,False,True,"[3, 2880, 2304]",8,8,True,True,PASS,
39,40,train/01c2b9fcb0384c84648ed76c736552a8.jpg,2599,2329,7,False,True,False,True,"[3, 2329, 2599]",7,7,True,True,PASS,
40,41,train/01cbbeab94b4d2bfd5cd8a467fee46a7.jpg,2304,2880,9,False,True,False,True,"[3, 2880, 2304]",9,9,True,True,PASS,
41,42,train/01d6446afde9fbf4332904bc331e9660.jpg,3072,3072,6,False,True,False,True,"[3, 3072, 3072]",6,6,True,True,PASS,
42,43,train/01ee6e560f083255a630c41bba779405.jpg,1920,2136,12,False,True,False,True,"[3, 2136, 1920]",12,12,True,True,PASS,
43,44,train/01f88c998eea22d21ee144bc3edfd261.jpg,2048,2500,3,False,True,False,True,"[3, 2500, 2048]",3,3,True,True,PASS,
44,45,train/01fec681f2d698497151a88d6c5205a1.jpg,2588,2680,7,False,True,False,True,"[3, 2680, 2588]",7,7,True,True,PASS,
45,46,train/020717d6ab0b440b37978d9bace9f9b2.jpg,3072,3072,10,False,True,False,True,"[3, 3072, 3072]",10,10,True,True,PASS,
46,47,train/0211f9fe31142ba1e25fb6a2ea3fea38.jpg,2304,2880,8,False,True,False,True,"[3, 2880, 2304]",8,8,True,True,PASS,
47,48,train/021ed4f8af985c0fc68335abb2cf2ed7.jpg,2048,2500,3,False,True,False,True,"[3, 2500, 2048]",3,3,True,True,PASS,
48,49,train/02222df826791117f315ecb2b58c5b69.jpg,2619,3222,3,False,True,False,True,"[3, 3222, 2619]",3,3,True,True,PASS,
49,50,train/023a8b8557d1fd59f272c63be6f3d4c0.jpg,2384,2755,10,False,True,False,True,"[3, 2755, 2384]",10,10,True,True,PASS,
50,51,train/024f9140bd829c346fc91fcf4009d251.jpg,2783,2780,23,False,True,False,True,"[3, 2780, 2783]",23,23,True,True,PASS,
51,52,train/025534801b62d61f1c1c9e571ea74695.jpg,2304,2880,5,False,True,False,True,"[3, 2880, 2304]",5,5,True,True,PASS,
52,53,train/02562eb68a9c682f5f644fa7a099733f.jpg,2304,2880,18,False,True,False,True,"[3, 2880, 2304]",18,18,True,True,PASS,
53,54,train/02617da0a33fe0446a508186417c2646.jpg,2304,2880,12,False,True,False,True,"[3, 2880, 2304]",12,12,True,True,PASS,
54,55,train/027c56d37095bcc595ddd429f96902ae.jpg,3072,3072,9,False,True,False,True,"[3, 3072, 3072]",9,9,True,True,PASS,
55,56,train/028fcc44d3104099480e897541a1ecc3.jpg,2721,3302,9,False,True,False,True,"[3, 3302, 2721]",9,9,True,True,PASS,
56,57,train/02957c14fee52ac6d0617e6d86275a25.jpg,2760,3264,5,False,True,False,True,"[3, 3264, 2760]",5,5,True,True,PASS,
57,58,train/02a4774868d677ef8ecff2168c0161c0.jpg,3072,3072,14,False,True,False,True,"[3, 3072, 3072]",14,14,True,True,PASS,
58,59,train/02acf0e7d0932f9c6a06fd4bbe1f5d90.jpg,3072,3072,7,False,True,False,True,"[3, 3072, 3072]",7,7,True,True,PASS,
59,60,train/02cbfa27d9e4b1d8c279932cd82e0730.jpg,2303,2623,0,True,True,True,True,"[3, 2623, 2303]",0,0,True,True,PASS,
60,61,train/02cd1d17763c869ff3d4af5e28539456.jpg,2304,2880,12,False,True,False,True,"[3, 2880, 2304]",12,12,True,True,PASS,
61,62,train/02d9d0c89022adc381c23e72add7c389.jpg,2304,2880,7,False,True,False,True,"[3, 2880, 2304]",7,7,True,True,PASS,
62,63,train/02de1ec3340e75fd5e7294a84a0342a1.jpg,2304,2880,6,False,True,False,True,"[3, 2880, 2304]",6,6,True,True,PASS,
63,64,train/02efc4e2e6e71e024fbfecb404a008a4.jpg,2800,3035,6,False,True,False,True,"[3, 3035, 2800]",6,6,True,True,PASS,
64,65,train/02fe3eea41166a1d3eb75307a12c4a63.jpg,2736,3107,9,False,True,False,True,"[3, 3107, 2736]",9,9,True,True,PASS,
65,66,train/032111ac5bb2e0cbb9a22745a77eef8f.jpg,2048,2500,0,True,True,True,True,"[3, 2500, 2048]",0,0,True,True,PASS,
66,67,train/0339aac16e3dd93ee397315a224147a6.jpg,2825,2725,3,False,True,False,True,"[3, 2725, 2825]",3,3,True,True,PASS,
67,68,train/033dae57cec0aca171d47090f299bed2.jpg,1952,2288,7,False,True,False,True,"[3, 2288, 1952]",7,7,True,True,PASS,
68,69,train/033e1637bed9b9f3dccac9c6c419adc2.jpg,2874,3197,9,False,True,False,True,"[3, 3197, 2874]",9,9,True,True,PASS,
69,70,train/03431b577d1ccf075e930c4c4913c079.jpg,2560,2952,5,False,True,False,True,"[3, 2952, 2560]",5,5,True,True,PASS,
70,71,train/034cf2b503a9a7efe404f000fb988534.jpg,2304,2880,19,False,True,False,True,"[3, 2880, 2304]",19,19,True,True,PASS,
71,72,train/035480fbf46e946e21e7dce78637c329.jpg,1888,2616,8,False,True,False,True,"[3, 2616, 1888]",8,8,True,True,PASS,
72,73,train/035b53e8aabf8763537a296c291135d1.jpg,2285,2315,3,False,True,False,True,"[3, 2315, 2285]",3,3,True,True,PASS,
73,74,train/036161ca6aa4daa43cc3bc55602e8960.jpg,3000,3000,0,True,True,True,True,"[3, 3000, 3000]",0,0,True,True,PASS,
74,75,train/036b9096b099f0f6c5611da078f73e43.jpg,2660,2688,5,False,True,False,True,"[3, 2688, 2660]",5,5,True,True,PASS,
75,76,train/03810755ae5721d65884360e3bccbf9b.jpg,2524,2892,6,False,True,False,True,"[3, 2892, 2524]",6,6,True,True,PASS,
76,77,train/038a7c88fcd819549f430c1fd907658c.jpg,2736,2746,5,False,True,False,True,"[3, 2746, 2736]",5,5,True,True,PASS,
77,78,train/038fc325ff4aa0a21c76d5dd7c740c89.jpg,2304,2880,15,False,True,False,True,"[3, 2880, 2304]",15,15,True,True,PASS,
78,79,train/0391d2388a2442f14d055d5089a747c6.jpg,2836,3072,5,False,True,False,True,"[3, 3072, 2836]",5,5,True,True,PASS,
79,80,train/039c6997248b3a6ba3c909af35fce0eb.jpg,1848,2032,5,False,True,False,True,"[3, 2032, 1848]",5,5,True,True,PASS,
80,81,train/03a6078c0c12fb076b50ae017e590e19.jpg,2304,2880,10,False,True,False,True,"[3, 2880, 2304]",10,10,True,True,PASS,
81,82,train/03cd593a310656563a5aa3886ff30380.jpg,2304,2880,9,False,True,False,True,"[3, 2880, 2304]",9,9,True,True,PASS,
82,83,train/03dd99aa091caee7b0ce8efdf7f274d5.jpg,2477,2806,6,False,True,False,True,"[3, 2806, 2477]",6,6,True,True,PASS,
83,84,train/03e6ecfa6f6fb33dfeac6ca4f9b459c9.jpg,2776,2992,57,False,True,False,True,"[3, 2992, 2776]",57,57,True,True,PASS,
84,85,train/03f0bf0a7403c050a7ce574f98fd8ab6.jpg,2424,2640,7,False,True,False,True,"[3, 2640, 2424]",7,7,True,True,PASS,
85,86,train/04031e57794b9e8861e3c65e935f11d2.jpg,3072,3072,3,False,True,False,True,"[3, 3072, 3072]",3,3,True,True,PASS,
86,87,train/041081d11262c5f150e655f5e5ff0a2c.jpg,2781,3000,3,False,True,False,True,"[3, 3000, 2781]",3,3,True,True,PASS,
87,88,train/041664dfb960a15686d7e9c4c7b4fd73.jpg,1994,2430,0,True,True,True,True,"[3, 2430, 1994]",0,0,True,True,PASS,
88,89,train/041762ff7fe435f22ea7541e77bfeafa.jpg,2229,3408,8,False,True,False,True,"[3, 3408, 2229]",8,8,True,True,PASS,
89,90,train/0424e80c4f0cae6ea9e65efeed75d5d0.jpg,2465,2885,0,True,True,True,True,"[3, 2885, 2465]",0,0,True,True,PASS,
90,91,train/044c53b3fd48fc029318fbcee70ae0d1.jpg,2893,3039,8,False,True,False,True,"[3, 3039, 2893]",8,8,True,True,PASS,
91,92,train/0452d38f45e4e79f91821e88bb812608.jpg,2694,2254,6,False,True,False,True,"[3, 2254, 2694]",6,6,True,True,PASS,
92,93,train/0453de2faeb8d349af739a68d9dee1cb.jpg,2048,2500,6,False,True,False,True,"[3, 2500, 2048]",6,6,True,True,PASS,
93,94,train/0464251a01ee7eeedd2a537dafc82844.jpg,2528,2854,3,False,True,False,True,"[3, 2854, 2528]",3,3,True,True,PASS,
94,95,train/046ad82db74a4155eaff3586b0d1e068.jpg,2494,2823,17,False,True,False,True,"[3, 2823, 2494]",17,17,True,True,PASS,
95,96,train/047182a6e86808669f896307dcd550c7.jpg,2304,2880,4,False,True,False,True,"[3, 2880, 2304]",4,4,True,True,PASS,
96,97,train/0491b08361fdfb9359cad9d6a078f275.jpg,2540,3072,5,False,True,False,True,"[3, 3072, 2540]",5,5,True,True,PASS,
97,98,train/04923676c5e29c25966fbd07fa12e2e8.jpg,2632,3098,6,False,True,False,True,"[3, 3098, 2632]",6,6,True,True,PASS,
98,99,train/04994993c9e416f32ce24c7e7501d3be.jpg,2304,2880,6,False,True,False,True,"[3, 2880, 2304]",6,6,True,True,PASS,
99,100,train/04aed38b30c4de9461c8a9940e99d811.jpg,2855,2823,8,False,True,False,True,"[3, 2823, 2855]",8,8,True,True,PASS,
100,101,train/04bb8bd7ee6f88a16623fe5c6dd4da91.jpg,3320,2623,9,False,True,False,True,"[3, 2623, 3320]",9,9,True,True,PASS,
101,102,train/04d1f1f8f52b15520f5895be87884fbd.jpg,3072,3072,5,False,True,False,True,"[3, 3072, 3072]",5,5,True,True,PASS,
102,103,train/04d3efc7a608c4d58edb8c1b7f90a708.jpg,2804,3111,8,False,True,False,True,"[3, 3111, 2804]",8,8,True,True,PASS,
103,104,train/04d462de5e02b54e3756875caebda95c.jpg,2416,2660,3,False,True,False,True,"[3, 2660, 2416]",3,3,True,True,PASS,
104,105,train/04e78baf5f049a01b6b4f9a14f0b7c78.jpg,2504,2930,0,True,True,True,True,"[3, 2930, 2504]",0,0,True,True,PASS,
105,106,train/04fbba5834f2abd713e66b3d0e6a678e.jpg,2304,2880,8,False,True,False,True,"[3, 2880, 2304]",8,8,True,True,PASS,
106,107,train/0501d62912b9a6ff04eae4ffc56affc2.jpg,2304,2880,9,False,True,False,True,"[3, 2880, 2304]",9,9,True,True,PASS,
107,108,train/0508d7ea85ba9be425657cc04c24a4f8.jpg,1920,2040,4,False,True,False,True,"[3, 2040, 1920]",4,4,True,True,PASS,
108,109,train/051132a778e61a86eb147c7c6f564dfe.jpg,2304,2880,7,False,True,False,True,"[3, 2880, 2304]",7,7,True,True,PASS,
109,110,train/05154c0bdf203a2bd583d95532d0297d.jpg,2144,2376,5,False,True,False,True,"[3, 2376, 2144]",5,5,True,True,PASS,
110,111,train/051c2436c0acdb5e09d085c7e4a764f3.jpg,2596,2728,8,False,True,False,True,"[3, 2728, 2596]",8,8,True,True,PASS,
111,112,train/051d112b55e4c9f9dfa53307cc2ffb62.jpg,2304,2880,8,False,True,False,True,"[3, 2880, 2304]",8,8,True,True,PASS,
112,113,train/052cf8f6cb59da96df7386adf8d5f6a0.jpg,2540,3072,3,False,True,False,True,"[3, 3072, 2540]",3,3,True,True,PASS,
113,114,train/053700069ddf3c4f1f6c477a48337836.jpg,3072,3072,6,False,True,False,True,"[3, 3072, 3072]",6,6,True,True,PASS,
114,115,train/053cf0f0a75926ebd53f0265bad6aee4.jpg,2048,2500,14,False,True,False,True,"[3, 2500, 2048]",14,14,True,True,PASS,
115,116,train/055ea315ae13148aae178aed27fa980d.jpg,2777,3173,3,False,True,False,True,"[3, 3173, 2777]",3,3,True,True,PASS,
116,117,train/05721adb43ab7c061733568b274c006b.jpg,2304,2880,9,False,True,False,True,"[3, 2880, 2304]",9,9,True,True,PASS,
117,118,train/059412ad34b2c48179f178e3138b5022.jpg,2283,3023,5,False,True,False,True,"[3, 3023, 2283]",5,5,True,True,PASS,
118,119,train/059ec0fc0d6840cff6e268e46f85faa0.jpg,2385,2728,17,False,True,False,True,"[3, 2728, 2385]",17,17,True,True,PASS,
119,120,train/05c0c802db4f100de8e2a9fa4aa62d14.jpg,3072,3072,10,False,True,False,True,"[3, 3072, 3072]",10,10,True,True,PASS,
120,121,train/05d45c0a96b2c363f8b9a34a1f181c58.jpg,3003,2992,5,False,True,False,True,"[3, 2992, 3003]",5,5,True,True,PASS,
121,122,train/05d676834dbed1639cb5eea70c1e307b.jpg,2887,2738,9,False,True,False,True,"[3, 2738, 2887]",9,9,True,True,PASS,
122,123,train/05dfd35f424da60897dfafc2340e0891.jpg,2676,3168,9,False,True,False,True,"[3, 3168, 2676]",9,9,True,True,PASS,
123,124,train/05e0b2465053b685ca37849eac3dd62f.jpg,2048,2500,21,False,True,False,True,"[3, 2500, 2048]",21,21,True,True,PASS,
124,125,train/05e64c5b1e5f246ae6e8bc109e557bf4.jpg,1912,2272,6,False,True,False,True,"[3, 2272, 1912]",6,6,True,True,PASS,
125,126,train/05f202ee95a17a4b1e6dbe1916ffe8bf.jpg,3072,3072,5,False,True,False,True,"[3, 3072, 3072]",5,5,True,True,PASS,
126,127,train/05f4911da872a51502a16e8807ee673f.jpg,2304,2880,5,False,True,False,True,"[3, 2880, 2304]",5,5,True,True,PASS,
127,128,train/06014542a807dabcf30867a2414b5e83.jpg,2652,2920,5,False,True,False,True,"[3, 2920, 2652]",5,5,True,True,PASS,
128,129,train/0608fb82e9965a0a6f3607f93e304d2a.jpg,2784,3052,9,False,True,False,True,"[3, 3052, 2784]",9,9,True,True,PASS,
129,130,train/061fa33f6ba0028fbbad8caaeac8d145.jpg,2304,2880,16,False,True,False,True,"[3, 2880, 2304]",16,16,True,True,PASS,
130,131,train/0622cd29e4e0e4f198abf15614819ae8.jpg,2479,2674,6,False,True,False,True,"[3, 2674, 2479]",6,6,True,True,PASS,
131,132,train/063319de25ce7edb9b1c6b8881290140.jpg,2540,3072,0,True,True,True,True,"[3, 3072, 2540]",0,0,True,True,PASS,
132,133,train/064023f1ff95962a1eee46b9f05f7309.jpg,2208,2688,19,False,True,False,True,"[3, 2688, 2208]",19,19,True,True,PASS,
133,134,train/0686521b0b8cf9426f253601b805fb52.jpg,3000,3000,4,False,True,False,True,"[3, 3000, 3000]",4,4,True,True,PASS,
134,135,train/0690821a2e255ce175bfa7f36e308f63.jpg,2540,3072,3,False,True,False,True,"[3, 3072, 2540]",3,3,True,True,PASS,
135,136,train/0697473448bb5e83ac926fe92271e7d8.jpg,3072,3072,6,False,True,False,True,"[3, 3072, 3072]",6,6,True,True,PASS,
136,137,train/06b04918044786c36584a86273d72747.jpg,2221,2475,5,False,True,False,True,"[3, 2475, 2221]",5,5,True,True,PASS,
137,138,train/06b2ff94bd0270f543deb7074c2a006a.jpg,2500,3012,6,False,True,False,True,"[3, 3012, 2500]",6,6,True,True,PASS,
138,139,train/06dfb2b996464c7b0e4c5177d433edbe.jpg,2304,2880,9,False,True,False,True,"[3, 2880, 2304]",9,9,True,True,PASS,
139,140,train/06e523e21ac668629092e85928b176a3.jpg,2304,2880,6,False,True,False,True,"[3, 2880, 2304]",6,6,True,True,PASS,
140,141,train/06efcd37617307118fd48b3a493c133b.jpg,2517,3028,3,False,True,False,True,"[3, 3028, 2517]",3,3,True,True,PASS,
141,142,train/06f3c1a8441d61da08aac07558ab5f05.jpg,2728,3332,8,False,True,False,True,"[3, 3332, 2728]",8,8,True,True,PASS,
142,143,train/070d087c1badb18ee110e19cbe158a40.jpg,2900,2864,8,False,True,False,True,"[3, 2864, 2900]",8,8,True,True,PASS,
143,144,train/070d372757bfbb0cee7d68fd50369fc4.jpg,2304,2880,6,False,True,False,True,"[3, 2880, 2304]",6,6,True,True,PASS,
144,145,train/0710fe2b90ee68e54b84e795abb018df.jpg,2048,2500,4,False,True,False,True,"[3, 2500, 2048]",4,4,True,True,PASS,
145,146,train/0712b4f7b21e2a06eacece3cf35e3059.jpg,2304,2880,8,False,True,False,True,"[3, 2880, 2304]",8,8,True,True,PASS,
146,147,train/071ff9c782ead87dfa9b1c025c25e769.jpg,3072,3072,8,False,True,False,True,"[3, 3072, 3072]",8,8,True,True,PASS,
147,148,train/074db6a4ab3aebd54fa0f628eb0e9b0e.jpg,2048,2500,8,False,True,False,True,"[3, 2500, 2048]",8,8,True,True,PASS,
148,149,train/0760a14308badcbd370c6866c9db3a0a.jpg,2656,3408,8,False,True,False,True,"[3, 3408, 2656]",8,8,True,True,PASS,
149,150,train/0777120fdd60f6a3cf8eaf3b8cf3585a.jpg,2415,2716,6,False,True,False,True,"[3, 2716, 2415]",6,6,True,True,PASS,
150,151,train/077c76dffde69c0b90c28d78ef2ac31e.jpg,2358,2521,6,False,True,False,True,"[3, 2521, 2358]",6,6,True,True,PASS,
151,152,train/0797fa5e2725c9b801e6d01cfa9a09da.jpg,2304,2880,6,False,True,False,True,"[3, 2880, 2304]",6,6,True,True,PASS,
152,153,train/07ab6d47d868962851d22d4d1249593d.jpg,2048,2500,4,False,True,False,True,"[3, 2500, 2048]",4,4,True,True,PASS,
153,154,train/07ac9545dcc585901865f7f958a7857d.jpg,2304,2880,7,False,True,False,True,"[3, 2880, 2304]",7,7,True,True,PASS,
154,155,train/07bedc010fd13a8e5903473ebcf39cd1.jpg,2636,3204,9,False,True,False,True,"[3, 3204, 2636]",9,9,True,True,PASS,
155,156,train/07c12d0f562f17579aabc18c11e2ad54.jpg,3072,3072,7,False,True,False,True,"[3, 3072, 3072]",7,7,True,True,PASS,
156,157,train/07d004fabfd7246f9ed4283dd5237deb.jpg,2575,2606,7,False,True,False,True,"[3, 2606, 2575]",7,7,True,True,PASS,
157,158,train/07d82e7e5749cbc21633134f489a7fbf.jpg,2304,2880,9,False,True,False,True,"[3, 2880, 2304]",9,9,True,True,PASS,
158,159,train/07db76e6cc063ce8bb90de18216e8ccf.jpg,2304,2880,3,False,True,False,True,"[3, 2880, 2304]",3,3,True,True,PASS,
159,160,train/07e5378ad3928091c08dded1f6b5353d.jpg,1994,2430,0,True,True,True,True,"[3, 2430, 1994]",0,0,True,True,PASS,
160,161,train/081d1700020b6bf0099f1e4d8aeec0f3.jpg,1992,2224,9,False,True,False,True,"[3, 2224, 1992]",9,9,True,True,PASS,
161,162,train/083a89dfc9a74a3f809035f886634ee2.jpg,3072,3072,9,False,True,False,True,"[3, 3072, 3072]",9,9,True,True,PASS,
162,163,train/0844f274f2a388e70231d3133754ac35.jpg,2304,2880,7,False,True,False,True,"[3, 2880, 2304]",7,7,True,True,PASS,
163,164,train/0853ab3a3dbadae1e6f28b933ddff809.jpg,2304,2880,11,False,True,False,True,"[3, 2880, 2304]",11,11,True,True,PASS,
164,165,train/08726b7ba2f04a33ff1b878b75498776.jpg,2304,2880,4,False,True,False,True,"[3, 2880, 2304]",4,4,True,True,PASS,
165,166,train/088006f2453c4183b1ef46fb607bc31c.jpg,2048,2500,4,False,True,False,True,"[3, 2500, 2048]",4,4,True,True,PASS,
166,167,train/088d83359d1a00ba24251220ace42edc.jpg,2504,3176,6,False,True,False,True,"[3, 3176, 2504]",6,6,True,True,PASS,
167,168,train/089a1c26766c10e2d8c4cdb86ed769dc.jpg,2048,2500,0,True,True,True,True,"[3, 2500, 2048]",0,0,True,True,PASS,
168,169,train/08ce56202e44175674fc5f5517e74db4.jpg,2256,3216,16,False,True,False,True,"[3, 3216, 2256]",16,16,True,True,PASS,
169,170,train/08e3d3783927a15d35137c756c1a7e0b.jpg,2540,3072,5,False,True,False,True,"[3, 3072, 2540]",5,5,True,True,PASS,
170,171,train/0905c0dc82fb8fe621c43f53719a55ca.jpg,2304,2880,6,False,True,False,True,"[3, 2880, 2304]",6,6,True,True,PASS,
171,172,train/0906a09b04f8d82c2cad5b820602a403.jpg,2048,2500,8,False,True,False,True,"[3, 2500, 2048]",8,8,True,True,PASS,
172,173,train/090b30ca55ab2a592cd3b24c9407a2bf.jpg,2304,2880,7,False,True,False,True,"[3, 2880, 2304]",7,7,True,True,PASS,
173,174,train/09175449df9374e0f6afe517f7b6249f.jpg,3072,3072,5,False,True,False,True,"[3, 3072, 3072]",5,5,True,True,PASS,
174,175,train/091ce012ed7cb036288d2abdb32504c2.jpg,3072,3072,16,False,True,False,True,"[3, 3072, 3072]",16,16,True,True,PASS,
175,176,train/09376dd7b6deaec0aaf1a2feb7833245.jpg,2648,3264,7,False,True,False,True,"[3, 3264, 2648]",7,7,True,True,PASS,
176,177,train/095c13d937c0dd9f547035344ba6c6c4.jpg,2048,2500,4,False,True,False,True,"[3, 2500, 2048]",4,4,True,True,PASS,
177,178,train/096688dacee6b1a1a5660ad15024a6f9.jpg,2622,2704,5,False,True,False,True,"[3, 2704, 2622]",5,5,True,True,PASS,
178,179,train/09790cae0f405ce0fe4b003dadfc18c7.jpg,2304,2880,5,False,True,False,True,"[3, 2880, 2304]",5,5,True,True,PASS,
179,180,train/097c63f9c6d46cfe5bd4937f277fbdbd.jpg,2304,2880,11,False,True,False,True,"[3, 2880, 2304]",11,11,True,True,PASS,
180,181,train/098d7923f09b8f6f163143ad97dacc12.jpg,3072,3072,5,False,True,False,True,"[3, 3072, 3072]",5,5,True,True,PASS,
181,182,train/09afc85ef67340016e0c8a1c70163769.jpg,3132,3228,3,False,True,False,True,"[3, 3228, 3132]",3,3,True,True,PASS,
182,183,train/09b85abab0d2b7f151815538100717b2.jpg,2540,3072,9,False,True,False,True,"[3, 3072, 2540]",9,9,True,True,PASS,
183,184,train/09b9674023305cb9a0acb367600efffa.jpg,3072,3072,8,False,True,False,True,"[3, 3072, 3072]",8,8,True,True,PASS,
184,185,train/09c9887c189f99704b452f193a40eaf7.jpg,2648,3004,4,False,True,False,True,"[3, 3004, 2648]",4,4,True,True,PASS,
185,186,train/09d6b99ffec66ae485de851924187bfe.jpg,2369,3344,8,False,True,False,True,"[3, 3344, 2369]",8,8,True,True,PASS,
186,187,train/09df460412ce705d0f634436f518f46d.jpg,2048,2500,7,False,True,False,True,"[3, 2500, 2048]",7,7,True,True,PASS,
187,188,train/09ebaedff630f8fa4d5d752f0beb34f2.jpg,2625,3224,0,True,True,True,True,"[3, 3224, 2625]",0,0,True,True,PASS,
188,189,train/09ee91a2120006e587d2e63c7bf0230f.jpg,2622,2716,5,False,True,False,True,"[3, 2716, 2622]",5,5,True,True,PASS,
189,190,train/09f0b00bd079304f72c079d369925aee.jpg,3072,3072,13,False,True,False,True,"[3, 3072, 3072]",13,13,True,True,PASS,
190,191,train/09f9a62fceffacc4d062a7fe24a626b8.jpg,3046,3408,26,False,True,False,True,"[3, 3408, 3046]",26,26,True,True,PASS,
191,192,train/09fca09845746d28dcda4981a8632bd7.jpg,2540,3072,3,False,True,False,True,"[3, 3072, 2540]",3,3,True,True,PASS,
192,193,train/0a072917005494298d153c01bbd8f689.jpg,2048,2500,10,False,True,False,True,"[3, 2500, 2048]",10,10,True,True,PASS,
193,194,train/0a0ac65c40a9ac441651e4bfbde03c4e.jpg,2304,2880,3,False,True,False,True,"[3, 2880, 2304]",3,3,True,True,PASS,
194,195,train/0a114862f10f4021fa7fd916b93aea94.jpg,2304,2880,4,False,True,False,True,"[3, 2880, 2304]",4,4,True,True,PASS,
195,196,train/0a14aeaf02d42990d8bb5d55270b7274.jpg,2774,3043,13,False,True,False,True,"[3, 3043, 2774]",13,13,True,True,PASS,
196,197,train/0a16dc6491142ff8c7c36f3b3f4ebd02.jpg,2173,2818,6,False,True,False,True,"[3, 2818, 2173]",6,6,True,True,PASS,
197,198,train/0a1aef5326b7b24378c6692f7a454e52.jpg,2940,3160,3,False,True,False,True,"[3, 3160, 2940]",3,3,True,True,PASS,
198,199,train/0a2d01ecb9e01cf972c1e1d31ccacb98.jpg,2304,2880,4,False,True,False,True,"[3, 2880, 2304]",4,4,True,True,PASS,
199,200,train/0a411e44ec67f3d5d80a5b3d5a3edca3.jpg,2752,2852,10,False,True,False,True,"[3, 2852, 2752]",10,10,True,True,PASS,
200,201,train/0a425edf1164ad0a73e8b092c4cc8b3b.jpg,2752,3096,22,False,True,False,True,"[3, 3096, 2752]",22,22,True,True,PASS,
201,202,train/0a475ad0b37bba0c638bbbe2ee5d355d.jpg,2048,2500,0,True,True,True,True,"[3, 2500, 2048]",0,0,True,True,PASS,
202,203,train/0a4fbc9ade84a7abd1680eb8ba031a9d.jpg,3000,3000,13,False,True,False,True,"[3, 3000, 3000]",13,13,True,True,PASS,
203,204,train/0a50d4ee79163edbf6f2d5c3082c2f51.jpg,2540,3072,6,False,True,False,True,"[3, 3072, 2540]",6,6,True,True,PASS,
204,205,train/0a61578e3d77b1cebc86d13a41efa31b.jpg,2575,2831,6,False,True,False,True,"[3, 2831, 2575]",6,6,True,True,PASS,
205,206,train/0a678538e529b9f1089c47bb2ffcda9b.jpg,2571,2895,6,False,True,False,True,"[3, 2895, 2571]",6,6,True,True,PASS,
206,207,train/0a695a94168b32705b91779586c6b2e7.jpg,2867,3162,0,True,True,True,True,"[3, 3162, 2867]",0,0,True,True,PASS,
207,208,train/0a9909b1cd924cd593151ba2d3d3dd55.jpg,2192,2576,6,False,True,False,True,"[3, 2576, 2192]",6,6,True,True,PASS,
208,209,train/0aa05f2d84af7e6e733730afa17eac2d.jpg,2536,2576,3,False,True,False,True,"[3, 2576, 2536]",3,3,True,True,PASS,
209,210,train/0aad4ac2ea24742e3f9de3d29fae6d95.jpg,2048,2500,8,False,True,False,True,"[3, 2500, 2048]",8,8,True,True,PASS,
210,211,train/0abd4fc2425edd5c2efb2c149e9319c6.jpg,2613,2619,15,False,True,False,True,"[3, 2619, 2613]",15,15,True,True,PASS,
211,212,train/0ac383fcdc6f1957b3ecceaf0acec909.jpg,2304,2880,13,False,True,False,True,"[3, 2880, 2304]",13,13,True,True,PASS,
212,213,train/0ad98c531de3616cc63a92d6cf871494.jpg,2398,2671,0,True,True,True,True,"[3, 2671, 2398]",0,0,True,True,PASS,
213,214,train/0b0e106a53f9dc3b28a9b15f94510b7a.jpg,2540,3072,27,False,True,False,True,"[3, 3072, 2540]",27,27,True,True,PASS,
214,215,train/0b1b897b1e1e170f1b5fd7aeff553afa.jpg,2304,2880,9,False,True,False,True,"[3, 2880, 2304]",9,9,True,True,PASS,
215,216,train/0b22826cc68b8d3177c5be2f4e1ae720.jpg,2736,3248,5,False,True,False,True,"[3, 3248, 2736]",5,5,True,True,PASS,
216,217,train/0b36cce0b170c34b8c11fd15b42324b2.jpg,3072,3072,0,True,True,True,True,"[3, 3072, 3072]",0,0,True,True,PASS,
217,218,train/0b3f09a003f9cbc1e8c54f230be2ba2d.jpg,2602,2411,4,False,True,False,True,"[3, 2411, 2602]",4,4,True,True,PASS,
218,219,train/0b4c3cb187f7582fa482b8f0fded6bd7.jpg,2304,2880,10,False,True,False,True,"[3, 2880, 2304]",10,10,True,True,PASS,
219,220,train/0b5213c456c26b48ca011b9865c4e6ce.jpg,2839,3177,9,False,True,False,True,"[3, 3177, 2839]",9,9,True,True,PASS,
220,221,train/0b6006be69ea1764f9bf80e5091b1e8e.jpg,2540,3072,6,False,True,False,True,"[3, 3072, 2540]",6,6,True,True,PASS,
221,222,train/0b62bc6644be72ce4dfa5ea77a77f311.jpg,2304,2880,9,False,True,False,True,"[3, 2880, 2304]",9,9,True,True,PASS,
222,223,train/0b630100496870b457008b0f7dae1ea5.jpg,2464,2820,4,False,True,False,True,"[3, 2820, 2464]",4,4,True,True,PASS,
223,224,train/0b7995c5e532803dc1bd077eaa4d2a01.jpg,2715,2937,7,False,True,False,True,"[3, 2937, 2715]",7,7,True,True,PASS,
224,225,train/0b98b21145a9425bf3eeea4b0de425e7.jpg,2208,2688,14,False,True,False,True,"[3, 2688, 2208]",14,14,True,True,PASS,
225,226,train/0bb76fb5f7cfb1dd4c3760f7481a1d05.jpg,3072,3072,3,False,True,False,True,"[3, 3072, 3072]",3,3,True,True,PASS,
226,227,train/0bdf902cc4ac4ad2c49059960f572ab2.jpg,2065,2251,3,False,True,False,True,"[3, 2251, 2065]",3,3,True,True,PASS,
227,228,train/0be2bdac4e84982ad1b24830d2cce470.jpg,2881,2889,6,False,True,False,True,"[3, 2889, 2881]",6,6,True,True,PASS,
228,229,train/0be45114544283beb4f6d371f946e889.jpg,2304,2880,8,False,True,False,True,"[3, 2880, 2304]",8,8,True,True,PASS,
229,230,train/0bed7f179df709d35aef763544ebfebf.jpg,2304,2880,6,False,True,False,True,"[3, 2880, 2304]",6,6,True,True,PASS,
230,231,train/0bee0cde729de2d82b39527c37f11934.jpg,2449,3026,8,False,True,False,True,"[3, 3026, 2449]",8,8,True,True,PASS,
231,232,train/0bef06d948ac1fe20ade505ba9960885.jpg,2610,2975,7,False,True,False,True,"[3, 2975, 2610]",7,7,True,True,PASS,
232,233,train/0bffe44ef7636e7b4a7b9fd883e8e6ea.jpg,2304,2880,4,False,True,False,True,"[3, 2880, 2304]",4,4,True,True,PASS,
233,234,train/0c0e47b7e0ebd10209a81d01e3c889a6.jpg,3072,3072,3,False,True,False,True,"[3, 3072, 3072]",3,3,True,True,PASS,
234,235,train/0c11bc2eb3de5bd737ae186aea0d0306.jpg,2304,2880,5,False,True,False,True,"[3, 2880, 2304]",5,5,True,True,PASS,
235,236,train/0c2079e62ddfb06a8a5300cefaa3a970.jpg,2048,2500,13,False,True,False,True,"[3, 2500, 2048]",13,13,True,True,PASS,
236,237,train/0c25b330d5b20498108b343c644f2a1c.jpg,2304,2880,6,False,True,False,True,"[3, 2880, 2304]",6,6,True,True,PASS,
237,238,train/0c31081e8ada2990bcbef0f12ea60b07.jpg,1856,2160,15,False,True,False,True,"[3, 2160, 1856]",15,15,True,True,PASS,
238,239,train/0c4a6bc602d1d207f217212c68a7131b.jpg,3072,3072,0,True,True,True,True,"[3, 3072, 3072]",0,0,True,True,PASS,
239,240,train/0c577dc6594dab44ebbd6964de673eaa.jpg,3072,3072,11,False,True,False,True,"[3, 3072, 3072]",11,11,True,True,PASS,
240,241,train/0c5ef740a9befbf439439f0b8e652a0c.jpg,2893,2998,3,False,True,False,True,"[3, 2998, 2893]",3,3,True,True,PASS,
241,242,train/0c5ff01c7bfb4362fcd98f36e555b08c.jpg,2304,2880,17,False,True,False,True,"[3, 2880, 2304]",17,17,True,True,PASS,
242,243,train/0c684171749ce2c0c601b9d69b882edb.jpg,2110,2607,7,False,True,False,True,"[3, 2607, 2110]",7,7,True,True,PASS,
243,244,train/0c6a7e3c733bd4f4d89443ca16615fc6.jpg,2897,3404,28,False,True,False,True,"[3, 3404, 2897]",28,28,True,True,PASS,
244,245,train/0c76c19b3f015e0387dd2adcbef86182.jpg,2316,3072,8,False,True,False,True,"[3, 3072, 2316]",8,8,True,True,PASS,
245,246,train/0c7a38f293d5f5e4846aa4ca6db4daf1.jpg,2285,2555,5,False,True,False,True,"[3, 2555, 2285]",5,5,True,True,PASS,
246,247,train/0c7d2e66dd63fca8b98c38146ba96f6c.jpg,2304,2880,4,False,True,False,True,"[3, 2880, 2304]",4,4,True,True,PASS,
247,248,train/0c8447ce02d73c505a90a9c7af8c83ce.jpg,2304,2880,9,False,True,False,True,"[3, 2880, 2304]",9,9,True,True,PASS,
248,249,train/0ca39409412cb8e473da701a1418e4dc.jpg,2048,2500,6,False,True,False,True,"[3, 2500, 2048]",6,6,True,True,PASS,
249,250,train/0ca7c951e2298b9aad37ae0deb4d2a92.jpg,2728,2602,7,False,True,False,True,"[3, 2602, 2728]",7,7,True,True,PASS,
250,251,train/0cb91b8fe14a6d51725371b1956750a0.jpg,2674,3247,6,False,True,False,True,"[3, 3247, 2674]",6,6,True,True,PASS,
251,252,train/0cd291c189895fbdcc14f4d36e1abc81.jpg,2368,2759,0,True,True,True,True,"[3, 2759, 2368]",0,0,True,True,PASS,
252,253,train/0ce7d050a48ce1462cabcd2310e9fb1e.jpg,3072,3072,3,False,True,False,True,"[3, 3072, 3072]",3,3,True,True,PASS,
253,254,train/0cf83a19a8281e4a281dece9854008ac.jpg,2304,2880,5,False,True,False,True,"[3, 2880, 2304]",5,5,True,True,PASS,
254,255,train/0cf8dd905fb4f2f876eb241bf67add40.jpg,2540,3072,0,True,True,True,True,"[3, 3072, 2540]",0,0,True,True,PASS,
255,256,train/0cfae3f740f87ca3b96dec765d06fad0.jpg,2304,2880,5,False,True,False,True,"[3, 2880, 2304]",5,5,True,True,PASS,
256,257,train/0d03df2e9ed557d0c9edcec777056c1f.jpg,2540,3072,28,False,True,False,True,"[3, 3072, 2540]",28,28,True,True,PASS,
257,258,train/0d0a7a1b8c1495d66ac9c427a36d9f6f.jpg,2304,2880,7,False,True,False,True,"[3, 2880, 2304]",7,7,True,True,PASS,
258,259,train/0d0e4dbe84356f8ec4a4ff7616b4850f.jpg,2048,2500,0,True,True,True,True,"[3, 2500, 2048]",0,0,True,True,PASS,
259,260,train/0d266f5353352d86d3c092da96dc67f5.jpg,2540,3072,6,False,True,False,True,"[3, 3072, 2540]",6,6,True,True,PASS,
260,261,train/0d26f6ebf87258f502f8fba529fe3079.jpg,2304,2880,4,False,True,False,True,"[3, 2880, 2304]",4,4,True,True,PASS,
261,262,train/0d30dc1e0070e7a934f39452e3ad3b83.jpg,2080,2344,17,False,True,False,True,"[3, 2344, 2080]",17,17,True,True,PASS,
262,263,train/0d3b1464574b7db3d664dc0aa0b66549.jpg,2835,3000,5,False,True,False,True,"[3, 3000, 2835]",5,5,True,True,PASS,
263,264,train/0d5597f8b17330d498fc5e13893e3081.jpg,3072,3072,10,False,True,False,True,"[3, 3072, 3072]",10,10,True,True,PASS,
264,265,train/0d6231a3ed3eefc3ba60353b9ad00816.jpg,2304,2880,11,False,True,False,True,"[3, 2880, 2304]",11,11,True,True,PASS,
265,266,train/0d94045f9e16f077bc6bbdea9f6c561b.jpg,2295,3408,4,False,True,False,True,"[3, 3408, 2295]",4,4,True,True,PASS,
266,267,train/0d96a4bffbd85c60c4eec095f4c6d34b.jpg,3072,3072,4,False,True,False,True,"[3, 3072, 3072]",4,4,True,True,PASS,
267,268,train/0da97c2c8c5192e678faf9290f25d5c0.jpg,2048,2500,6,False,True,False,True,"[3, 2500, 2048]",6,6,True,True,PASS,
268,269,train/0dbdb924a9140849abd4ff650c5356da.jpg,2420,2764,7,False,True,False,True,"[3, 2764, 2420]",7,7,True,True,PASS,
269,270,train/0dc30d30a14a6a68c9bec20ee32331c2.jpg,2388,2836,6,False,True,False,True,"[3, 2836, 2388]",6,6,True,True,PASS,
270,271,train/0dc7b1615100b4f5d3ae294bae0d5d43.jpg,2304,2880,3,False,True,False,True,"[3, 2880, 2304]",3,3,True,True,PASS,
271,272,train/0df187b5072103a0919c1a34be03e7ed.jpg,2540,3072,13,False,True,False,True,"[3, 3072, 2540]",13,13,True,True,PASS,
272,273,train/0e093fa90e5be5666cd396d722cc84ac.jpg,2902,3205,7,False,True,False,True,"[3, 3205, 2902]",7,7,True,True,PASS,
273,274,train/0e1cfc5b78d1a67bd41974ea2be8bc4c.jpg,2304,2880,5,False,True,False,True,"[3, 2880, 2304]",5,5,True,True,PASS,
274,275,train/0e21abbef40e569be72ab0ad90544f87.jpg,2304,2880,6,False,True,False,True,"[3, 2880, 2304]",6,6,True,True,PASS,
275,276,train/0e5734a5483002be04b734d7c88058be.jpg,2048,2500,4,False,True,False,True,"[3, 2500, 2048]",4,4,True,True,PASS,
276,277,train/0e6af94d17007c94d858b3bb7adb7dac.jpg,2470,3021,13,False,True,False,True,"[3, 3021, 2470]",13,13,True,True,PASS,
277,278,train/0e6da52d629393b3bcf24d8e99c1ea3f.jpg,2540,3072,10,False,True,False,True,"[3, 3072, 2540]",10,10,True,True,PASS,
278,279,train/0e8291c45a5ef61d2d9ecfcf3224899d.jpg,2304,2880,5,False,True,False,True,"[3, 2880, 2304]",5,5,True,True,PASS,
279,280,train/0e87195ff59d4294d61b8bffddb3c03c.jpg,2481,2462,4,False,True,False,True,"[3, 2462, 2481]",4,4,True,True,PASS,
280,281,train/0e88612bd294e249382b9e64d222cdf4.jpg,3072,3072,12,False,True,False,True,"[3, 3072, 3072]",12,12,True,True,PASS,
281,282,train/0e8b19dc3af06aaed4718cd664a896bf.jpg,2405,2716,4,False,True,False,True,"[3, 2716, 2405]",4,4,True,True,PASS,
282,283,train/0e8d3736396b615c0798033f37e4a481.jpg,2863,3141,17,False,True,False,True,"[3, 3141, 2863]",17,17,True,True,PASS,
283,284,train/0e91263f0b1925ff01d5ebde3ce65e1a.jpg,2304,2880,6,False,True,False,True,"[3, 2880, 2304]",6,6,True,True,PASS,
284,285,train/0ea0bf774e0436aec7d1a1e62074c9cd.jpg,2620,3004,6,False,True,False,True,"[3, 3004, 2620]",6,6,True,True,PASS,
285,286,train/0ea4221d568ab487af7c433a3df6307e.jpg,2304,2880,7,False,True,False,True,"[3, 2880, 2304]",7,7,True,True,PASS,
286,287,train/0eac4cf8618d5e582c336217d0291f25.jpg,2304,2880,9,False,True,False,True,"[3, 2880, 2304]",9,9,True,True,PASS,
287,288,train/0ec4947d689af2a94cc913b312368279.jpg,1522,1701,0,True,True,True,True,"[3, 1701, 1522]",0,0,True,True,PASS,
288,289,train/0ecc5a44cb8163dedbdf8d9049e92344.jpg,2999,2882,7,False,True,False,True,"[3, 2882, 2999]",7,7,True,True,PASS,
289,290,train/0ed4c066492aaa2e6f1772b84417e20f.jpg,3196,3264,10,False,True,False,True,"[3, 3264, 3196]",10,10,True,True,PASS,
290,291,train/0ee6114a53757f4531d42e8b19b4751c.jpg,2651,2458,6,False,True,False,True,"[3, 2458, 2651]",6,6,True,True,PASS,
291,292,train/0f186e3eba8d9ebd51feed957204ddbf.jpg,3072,3072,15,False,True,False,True,"[3, 3072, 3072]",15,15,True,True,PASS,
292,293,train/0f1eba57237922d0f9ec0dee62793435.jpg,2674,3332,6,False,True,False,True,"[3, 3332, 2674]",6,6,True,True,PASS,
293,294,train/0f26e889539ff64afd23927ee40436b8.jpg,3072,3072,3,False,True,False,True,"[3, 3072, 3072]",3,3,True,True,PASS,
294,295,train/0f27846dfa86e51c27db5fe4ea5a52ad.jpg,1784,2256,3,False,True,False,True,"[3, 2256, 1784]",3,3,True,True,PASS,
295,296,train/0f389422bffe0f96dc3da175550e0c5b.jpg,2304,2880,6,False,True,False,True,"[3, 2880, 2304]",6,6,True,True,PASS,
296,297,train/0f45742c4d100eeee221f8853d79c9d4.jpg,2304,2880,4,False,True,False,True,"[3, 2880, 2304]",4,4,True,True,PASS,
297,298,train/0f4fd2b86df83111f83444ee90edbea1.jpg,2304,2880,5,False,True,False,True,"[3, 2880, 2304]",5,5,True,True,PASS,
298,299,train/0f5f23a027345ba0f0a63f1eca460b0c.jpg,2112,2440,6,False,True,False,True,"[3, 2440, 2112]",6,6,True,True,PASS,
299,300,train/0f76d35a022a7188cad9a83e283fdc8f.jpg,2304,2880,4,False,True,False,True,"[3, 2880, 2304]",4,4,True,True,PASS,
300,301,train/0f81902a673f0d826b55ea9dc9da297b.jpg,2540,3072,3,False,True,False,True,"[3, 3072, 2540]",3,3,True,True,PASS,
301,302,train/0f8a78e1090c840b4455772fe92d7586.jpg,2881,3339,0,True,True,True,True,"[3, 3339, 2881]",0,0,True,True,PASS,
302,303,train/0fafbbfb67745f8c29351f9f7263b82f.jpg,2304,2880,9,False,True,False,True,"[3, 2880, 2304]",9,9,True,True,PASS,
303,304,train/0fb6d9a425117670ba7c249b35523434.jpg,2361,2673,0,True,True,True,True,"[3, 2673, 2361]",0,0,True,True,PASS,
304,305,train/0fca086ebe001f784d428aa9973ba691.jpg,2473,2530,9,False,True,False,True,"[3, 2530, 2473]",9,9,True,True,PASS,
305,306,train/0fd981034f74251d4a5d72891940d585.jpg,2048,2176,7,False,True,False,True,"[3, 2176, 2048]",7,7,True,True,PASS,
306,307,train/0ffa24230f7064bcdb313507dce02ae3.jpg,2040,2056,7,False,True,False,True,"[3, 2056, 2040]",7,7,True,True,PASS,
307,308,train/101d984c4172312c93efdd42e37e203b.jpg,2048,2500,0,True,True,True,True,"[3, 2500, 2048]",0,0,True,True,PASS,
308,309,train/101f2420808891cab10b4b2f0c1d2875.jpg,2048,2500,0,True,True,True,True,"[3, 2500, 2048]",0,0,True,True,PASS,
309,310,train/103fb193578933a2d53ae31ff0fc3319.jpg,2048,2500,4,False,True,False,True,"[3, 2500, 2048]",4,4,True,True,PASS,
310,311,train/104b915269077619e2b3bbf641506327.jpg,2304,2880,7,False,True,False,True,"[3, 2880, 2304]",7,7,True,True,PASS,
311,312,train/105c3102661ee24684dc180a32dc7119.jpg,2220,2968,5,False,True,False,True,"[3, 2968, 2220]",5,5,True,True,PASS,
312,313,train/1060e455b64eea9e29ca4a3e05b47557.jpg,2048,2500,4,False,True,False,True,"[3, 2500, 2048]",4,4,True,True,PASS,
313,314,train/1066a058b5bae597f2dbb33780c2577d.jpg,2524,2615,19,False,True,False,True,"[3, 2615, 2524]",19,19,True,True,PASS,
314,315,train/106a3da41d2e3d9f508c09b28e8abdaf.jpg,2304,2880,3,False,True,False,True,"[3, 2880, 2304]",3,3,True,True,PASS,
315,316,train/1070b419b62a9b7b1a8e71cd9504ffb8.jpg,2902,2975,5,False,True,False,True,"[3, 2975, 2902]",5,5,True,True,PASS,
316,317,train/1071b3b85121012c5061894bf3b8704b.jpg,2048,2500,6,False,True,False,True,"[3, 2500, 2048]",6,6,True,True,PASS,
317,318,train/107d7671377160a4a5d708849ed5d331.jpg,2255,2241,0,True,True,True,True,"[3, 2241, 2255]",0,0,True,True,PASS,
318,319,train/1085585ceaf60941fd14db7ad3bb2f49.jpg,2232,2844,6,False,True,False,True,"[3, 2844, 2232]",6,6,True,True,PASS,
319,320,train/10ab7eaa1ef08dea7a899cc893564838.jpg,2024,2216,5,False,True,False,True,"[3, 2216, 2024]",5,5,True,True,PASS,
320,321,train/10e7dac260f11046164aa94f2d8add9f.jpg,2571,2920,5,False,True,False,True,"[3, 2920, 2571]",5,5,True,True,PASS,
321,322,train/10e8248185760938d4cae1f0462af88a.jpg,2480,3264,8,False,True,False,True,"[3, 3264, 2480]",8,8,True,True,PASS,
322,323,train/10f28558b1667b3d30d9e4c44f7a5bc6.jpg,2048,2500,6,False,True,False,True,"[3, 2500, 2048]",6,6,True,True,PASS,
323,324,train/110cd42557499b2bcfe84732b281172c.jpg,2048,2500,6,False,True,False,True,"[3, 2500, 2048]",6,6,True,True,PASS,
324,325,train/1125f1da5766f0392d45630133c7bed6.jpg,3072,3072,6,False,True,False,True,"[3, 3072, 3072]",6,6,True,True,PASS,
325,326,train/112cf0367dd8b6aa14b4e384439d9eb7.jpg,2588,3264,8,False,True,False,True,"[3, 3264, 2588]",8,8,True,True,PASS,
326,327,train/112db7d495906f3358852756a87a4bbf.jpg,3072,3072,0,True,True,True,True,"[3, 3072, 3072]",0,0,True,True,PASS,
327,328,train/113274a4ca3c2e72b7ff1bd3ce5006b6.jpg,2304,2880,7,False,True,False,True,"[3, 2880, 2304]",7,7,True,True,PASS,
328,329,train/1133414000e82176ab7852aeacc762eb.jpg,2622,2712,5,False,True,False,True,"[3, 2712, 2622]",5,5,True,True,PASS,
329,330,train/1138649f25528f0ab76c93ac60279ca3.jpg,3072,3072,5,False,True,False,True,"[3, 3072, 3072]",5,5,True,True,PASS,
330,331,train/1146548e94da58c6989a1a6408dfc886.jpg,2400,3204,4,False,True,False,True,"[3, 3204, 2400]",4,4,True,True,PASS,
331,332,train/1148a27d6ea1ec7669de022fe2480890.jpg,2304,2880,7,False,True,False,True,"[3, 2880, 2304]",7,7,True,True,PASS,
332,333,train/11570cdc6847610ab7ff58a076dad709.jpg,3320,2695,3,False,True,False,True,"[3, 2695, 3320]",3,3,True,True,PASS,
333,334,train/116c19c289e285a60ab20cf72090c9fa.jpg,2304,2680,8,False,True,False,True,"[3, 2680, 2304]",8,8,True,True,PASS,
334,335,train/11750f2005f2f50d592c5c5cc145fdfe.jpg,2672,3286,6,False,True,False,True,"[3, 3286, 2672]",6,6,True,True,PASS,
335,336,train/117c218c2534e3d40a6ca0b3d724eb24.jpg,2304,2880,7,False,True,False,True,"[3, 2880, 2304]",7,7,True,True,PASS,
336,337,train/119bc2dba30b0ba7995e189504126ed1.jpg,2736,3076,5,False,True,False,True,"[3, 3076, 2736]",5,5,True,True,PASS,
337,338,train/11b3a0fe7f25bbe7643c60bcb14c35f5.jpg,2304,2880,22,False,True,False,True,"[3, 2880, 2304]",22,22,True,True,PASS,
338,339,train/11b47878746ba8728eda0f9eed048639.jpg,2304,2880,0,True,True,True,True,"[3, 2880, 2304]",0,0,True,True,PASS,
339,340,train/11cfa1a5b04bd1eaa319d08cdb308bb9.jpg,2048,2500,0,True,True,True,True,"[3, 2500, 2048]",0,0,True,True,PASS,
340,341,train/11d5cd186965cfe8e615157e492e34bb.jpg,2304,2880,4,False,True,False,True,"[3, 2880, 2304]",4,4,True,True,PASS,
341,342,train/11dbd33fc77075c94a202362ed8e197e.jpg,3033,2912,13,False,True,False,True,"[3, 2912, 3033]",13,13,True,True,PASS,
342,343,train/11e41fba7056177c8654b7b7408a4ed3.jpg,2487,3056,4,False,True,False,True,"[3, 3056, 2487]",4,4,True,True,PASS,
343,344,train/1224f07d895107573588225f692e94f9.jpg,2040,2264,3,False,True,False,True,"[3, 2264, 2040]",3,3,True,True,PASS,
344,345,train/12268c1ea761140eafee75acabc44fb0.jpg,2552,2980,6,False,True,False,True,"[3, 2980, 2552]",6,6,True,True,PASS,
345,346,train/12399d5b08e5342ade37a56b9c9e5ac5.jpg,2167,2971,5,False,True,False,True,"[3, 2971, 2167]",5,5,True,True,PASS,
346,347,train/1245f853816564c0ee3f1b9e93521ff0.jpg,2304,2880,13,False,True,False,True,"[3, 2880, 2304]",13,13,True,True,PASS,
347,348,train/124ec853c372fcf7f4428b26b32be62f.jpg,2304,2880,3,False,True,False,True,"[3, 2880, 2304]",3,3,True,True,PASS,
348,349,train/1250c704cc9307bf84b43f1aca4d997b.jpg,1920,2328,4,False,True,False,True,"[3, 2328, 1920]",4,4,True,True,PASS,
349,350,train/1254518b2893f58324e93f375cffbd6c.jpg,2540,3072,10,False,True,False,True,"[3, 3072, 2540]",10,10,True,True,PASS,
350,351,train/1259ee6feb64a552e3521ddcb395888c.jpg,2540,3072,10,False,True,False,True,"[3, 3072, 2540]",10,10,True,True,PASS,
351,352,train/126ae7336c7776a82bf3c15c0c6751c0.jpg,2304,2880,7,False,True,False,True,"[3, 2880, 2304]",7,7,True,True,PASS,
352,353,train/12735a3e6ae44fe59babe2a618dbc450.jpg,1994,2430,0,True,True,True,True,"[3, 2430, 1994]",0,0,True,True,PASS,
353,354,train/127f66766091998a72268caf4ec34bef.jpg,2702,2644,14,False,True,False,True,"[3, 2644, 2702]",14,14,True,True,PASS,
354,355,train/1280dc55c1ff852024be232c2942e3fd.jpg,2978,3009,10,False,True,False,True,"[3, 3009, 2978]",10,10,True,True,PASS,
355,356,train/1283d5ba97663aef3b97ee4f1884e9f9.jpg,2304,2880,5,False,True,False,True,"[3, 2880, 2304]",5,5,True,True,PASS,
356,357,train/128f55a981d4192a2990946431a7469b.jpg,2644,3256,12,False,True,False,True,"[3, 3256, 2644]",12,12,True,True,PASS,
357,358,train/1296335140a042ff0270825cdae2fa09.jpg,2588,2844,18,False,True,False,True,"[3, 2844, 2588]",18,18,True,True,PASS,
358,359,train/129a1e7753432edd052a2cdbfbaee00e.jpg,2808,2823,11,False,True,False,True,"[3, 2823, 2808]",11,11,True,True,PASS,
359,360,train/12bd4c85000b33c532fb9d57b5f2a08e.jpg,2540,3072,6,False,True,False,True,"[3, 3072, 2540]",6,6,True,True,PASS,
360,361,train/12ccbda1f9c224e5d5496cd7fe3d26d7.jpg,2304,2880,6,False,True,False,True,"[3, 2880, 2304]",6,6,True,True,PASS,
361,362,train/12d8de45e35e8b8c896109bfb46f8a82.jpg,2534,2954,6,False,True,False,True,"[3, 2954, 2534]",6,6,True,True,PASS,
362,363,train/12e0e910766f2d1b1ccda7c32051643f.jpg,2540,3072,6,False,True,False,True,"[3, 3072, 2540]",6,6,True,True,PASS,
363,364,train/12eb6f4552609edfddfc69189e7c891e.jpg,2048,2500,6,False,True,False,True,"[3, 2500, 2048]",6,6,True,True,PASS,
364,365,train/12ede510c82b53705e33fa758ff03131.jpg,2596,2848,11,False,True,False,True,"[3, 2848, 2596]",11,11,True,True,PASS,
365,366,train/1302aab3d9d19f6bcb9db728e3ce6306.jpg,2304,2880,6,False,True,False,True,"[3, 2880, 2304]",6,6,True,True,PASS,
366,367,train/13088cbf40717bace59ef0961554c08f.jpg,2876,3043,13,False,True,False,True,"[3, 3043, 2876]",13,13,True,True,PASS,
367,368,train/13183cb48b0aae02e88c3f45547d393a.jpg,2385,2362,0,True,True,True,True,"[3, 2362, 2385]",0,0,True,True,PASS,
368,369,train/131adb006bb6b9dcc365b3e645f8a47e.jpg,2304,2880,11,False,True,False,True,"[3, 2880, 2304]",11,11,True,True,PASS,
369,370,train/133a63179438173357f3c4a705c59c06.jpg,2652,3264,6,False,True,False,True,"[3, 3264, 2652]",6,6,True,True,PASS,
370,371,train/133e82d124d799fedca8146107d2c5e7.jpg,2547,2534,4,False,True,False,True,"[3, 2534, 2547]",4,4,True,True,PASS,
371,372,train/133ed9054828b0e75987e00217aef89d.jpg,3000,3000,4,False,True,False,True,"[3, 3000, 3000]",4,4,True,True,PASS,
372,373,train/134cd4124bd1d75563cb47732742e331.jpg,1832,2392,9,False,True,False,True,"[3, 2392, 1832]",9,9,True,True,PASS,
373,374,train/135101b508a998968ea963ebacd63ecb.jpg,2304,2880,7,False,True,False,True,"[3, 2880, 2304]",7,7,True,True,PASS,
374,375,train/1374c483d258203eadf6c6a525899d51.jpg,2304,2880,19,False,True,False,True,"[3, 2880, 2304]",19,19,True,True,PASS,
375,376,train/13776ecb39222a7aaace2d9721abebbe.jpg,3320,3222,7,False,True,False,True,"[3, 3222, 3320]",7,7,True,True,PASS,
376,377,train/13ceff5f3d113919c224c8b42d3c2411.jpg,2304,2880,9,False,True,False,True,"[3, 2880, 2304]",9,9,True,True,PASS,
377,378,train/13dbf07cb1c5273a89053346f7acf0f1.jpg,2851,2695,7,False,True,False,True,"[3, 2695, 2851]",7,7,True,True,PASS,
378,379,train/13df80547c48fd7d14d22e9322f4a17d.jpg,2304,2880,5,False,True,False,True,"[3, 2880, 2304]",5,5,True,True,PASS,
379,380,train/144b76b191aa1e02065903ee1cc3d578.jpg,2304,2880,19,False,True,False,True,"[3, 2880, 2304]",19,19,True,True,PASS,
380,381,train/144d37bbd2dea37c4b1286207f4ba909.jpg,3156,2975,5,False,True,False,True,"[3, 2975, 3156]",5,5,True,True,PASS,
381,382,train/144e272e04daf6ac8d36548ea766da37.jpg,2048,2500,0,True,True,True,True,"[3, 2500, 2048]",0,0,True,True,PASS,
382,383,train/145177b578f321dbf3016984059384d7.jpg,2540,3072,5,False,True,False,True,"[3, 3072, 2540]",5,5,True,True,PASS,
383,384,train/1451cd2c3fcfc23f5ae219814bb27e77.jpg,2540,3072,7,False,True,False,True,"[3, 3072, 2540]",7,7,True,True,PASS,
384,385,train/145691883baff4df3e4863ca6354c44e.jpg,2907,2666,17,False,True,False,True,"[3, 2666, 2907]",17,17,True,True,PASS,
385,386,train/145bbf5912e81c52ceac691693dfc716.jpg,2916,3160,8,False,True,False,True,"[3, 3160, 2916]",8,8,True,True,PASS,
386,387,train/14600a97b1c302343b1b5850ed53ae13.jpg,2304,2880,16,False,True,False,True,"[3, 2880, 2304]",16,16,True,True,PASS,
387,388,train/14629917f69e21145d1e662ef6c0dc2e.jpg,2880,3001,3,False,True,False,True,"[3, 3001, 2880]",3,3,True,True,PASS,
388,389,train/146584f4913fd351785bf9159fd17617.jpg,3072,3072,8,False,True,False,True,"[3, 3072, 3072]",8,8,True,True,PASS,
389,390,train/14742737297b34ac440a0338877663ac.jpg,2304,2880,8,False,True,False,True,"[3, 2880, 2304]",8,8,True,True,PASS,
390,391,train/14783d2f57f9c689d827892bbe112cb8.jpg,1994,2430,0,True,True,True,True,"[3, 2430, 1994]",0,0,True,True,PASS,
391,392,train/14877acfaf8e3b25d9f089e15887c20d.jpg,1994,2430,0,True,True,True,True,"[3, 2430, 1994]",0,0,True,True,PASS,
392,393,train/14a097373f1e4e57878c3929fd2f3b4e.jpg,2848,3044,12,False,True,False,True,"[3, 3044, 2848]",12,12,True,True,PASS,
393,394,train/14c5c3e0782fd77750815c5d2b565e72.jpg,2048,2368,8,False,True,False,True,"[3, 2368, 2048]",8,8,True,True,PASS,
394,395,train/14f8770d112738119f0f31ee75e8fc41.jpg,2540,3072,8,False,True,False,True,"[3, 3072, 2540]",8,8,True,True,PASS,
395,396,train/14fbd0bf63f33188f29e54275fb7cafb.jpg,2048,2500,7,False,True,False,True,"[3, 2500, 2048]",7,7,True,True,PASS,
396,397,train/14fcb6bd9c455b96a9c5f1a7b1229001.jpg,2304,2880,5,False,True,False,True,"[3, 2880, 2304]",5,5,True,True,PASS,
397,398,train/150cfe73d6dd162e02e1bc799a9d71e0.jpg,2576,3230,8,False,True,False,True,"[3, 3230, 2576]",8,8,True,True,PASS,
398,399,train/150d9b226334d9f3471d088307cdc5fd.jpg,2304,2880,7,False,True,False,True,"[3, 2880, 2304]",7,7,True,True,PASS,
399,400,train/1516651227a420f879b4cea1500ee7db.jpg,2540,3072,6,False,True,False,True,"[3, 3072, 2540]",6,6,True,True,PASS,
400,401,train/151893dad65d5077f5a377fc9d0e6881.jpg,2304,2880,19,False,True,False,True,"[3, 2880, 2304]",19,19,True,True,PASS,
401,402,train/151a8ce59aa6e414ee8a9c9d711cee61.jpg,2304,2880,9,False,True,False,True,"[3, 2880, 2304]",9,9,True,True,PASS,
402,403,train/151aade5871241a6deb39da83b9d2c47.jpg,2668,2968,6,False,True,False,True,"[3, 2968, 2668]",6,6,True,True,PASS,
403,404,train/152cc961492edc9e778b6c337f971258.jpg,2304,2880,7,False,True,False,True,"[3, 2880, 2304]",7,7,True,True,PASS,
404,405,train/153da4dfa81a43cdf1176f7859a567e5.jpg,2796,2793,5,False,True,False,True,"[3, 2793, 2796]",5,5,True,True,PASS,
405,406,train/153fd46b282d26c98f85a5886214535e.jpg,2304,2880,6,False,True,False,True,"[3, 2880, 2304]",6,6,True,True,PASS,
406,407,train/1547a22e323240aa623eaa8dcf86d126.jpg,2304,2880,3,False,True,False,True,"[3, 2880, 2304]",3,3,True,True,PASS,
407,408,train/156620bd19b7dee86079be71d26bd87e.jpg,2753,3248,4,False,True,False,True,"[3, 3248, 2753]",4,4,True,True,PASS,
408,409,train/157f5f6e3b028ef503ff946b28afaa92.jpg,2304,2880,3,False,True,False,True,"[3, 2880, 2304]",3,3,True,True,PASS,
409,410,train/159c46115f7d74337f83074f1b99114d.jpg,2634,3141,8,False,True,False,True,"[3, 3141, 2634]",8,8,True,True,PASS,
410,411,train/15a12089e9c773cb200ee8959740e1b3.jpg,1872,2240,19,False,True,False,True,"[3, 2240, 1872]",19,19,True,True,PASS,
411,412,train/15a71d5f1e9a0221e14cde0e0d1a2ccd.jpg,2056,2312,5,False,True,False,True,"[3, 2312, 2056]",5,5,True,True,PASS,
412,413,train/15acee7728e6530dfa2bd01521c7148d.jpg,3320,2920,8,False,True,False,True,"[3, 2920, 3320]",8,8,True,True,PASS,
413,414,train/15b164c54f0bf0baac308b47a45a1468.jpg,2549,2453,14,False,True,False,True,"[3, 2453, 2549]",14,14,True,True,PASS,
414,415,train/15c3fc505c414c69ba757cb3be3ed213.jpg,2620,2868,24,False,True,False,True,"[3, 2868, 2620]",24,24,True,True,PASS,
415,416,train/15edc6ae9aebe34220472aa7fcf34b08.jpg,2400,2588,4,False,True,False,True,"[3, 2588, 2400]",4,4,True,True,PASS,
416,417,train/15f016248709de49e2b725bda5cdd787.jpg,2349,2659,0,True,True,True,True,"[3, 2659, 2349]",0,0,True,True,PASS,
417,418,train/15f023463d88b8f8bc852a9a7b72e6e3.jpg,2517,3264,14,False,True,False,True,"[3, 3264, 2517]",14,14,True,True,PASS,
418,419,train/16041095041e6b5afb13e8da17bf45b4.jpg,2048,2500,5,False,True,False,True,"[3, 2500, 2048]",5,5,True,True,PASS,
419,420,train/1606093b9d036cda7e30316ada6ea2cf.jpg,2694,3124,19,False,True,False,True,"[3, 3124, 2694]",19,19,True,True,PASS,
420,421,train/161166af30d6753f31cffc4d28a6f31d.jpg,2112,2360,4,False,True,False,True,"[3, 2360, 2112]",4,4,True,True,PASS,
421,422,train/16241940f17e8c7aae3e6236b25a7c84.jpg,2048,2500,3,False,True,False,True,"[3, 2500, 2048]",3,3,True,True,PASS,
422,423,train/1625249b80df13df89d06b2c30877a1e.jpg,2122,2751,9,False,True,False,True,"[3, 2751, 2122]",9,9,True,True,PASS,
423,424,train/163898fbc57f00f58ad27e72031a541f.jpg,2048,2500,6,False,True,False,True,"[3, 2500, 2048]",6,6,True,True,PASS,
424,425,train/16565752b931dfbec4b042b26786401a.jpg,2304,2880,4,False,True,False,True,"[3, 2880, 2304]",4,4,True,True,PASS,
425,426,train/1659dcad9ea4f12c3c91b5702e800669.jpg,2304,2880,8,False,True,False,True,"[3, 2880, 2304]",8,8,True,True,PASS,
426,427,train/167a1190bb99a8d01efdd75802745376.jpg,1904,2024,22,False,True,False,True,"[3, 2024, 1904]",22,22,True,True,PASS,
427,428,train/1688c69504b9fd2179225d4b03e677c0.jpg,2048,2500,0,True,True,True,True,"[3, 2500, 2048]",0,0,True,True,PASS,
428,429,train/168ff8ed5a696e2b1270b6449a996cd5.jpg,2863,2470,10,False,True,False,True,"[3, 2470, 2863]",10,10,True,True,PASS,
429,430,train/1691ab3a82040297355b59a34c1e3fa9.jpg,2152,2128,20,False,True,False,True,"[3, 2128, 2152]",20,20,True,True,PASS,
430,431,train/16b02dc3b4e8deb6c1cc686c9ef911dd.jpg,2856,3216,15,False,True,False,True,"[3, 3216, 2856]",15,15,True,True,PASS,
431,432,train/16bd4511e7391b3e3d7da90b6c2653d0.jpg,2380,2997,17,False,True,False,True,"[3, 2997, 2380]",17,17,True,True,PASS,
432,433,train/16edfb76036ad3b10d9479e16ad7e92a.jpg,3072,3072,8,False,True,False,True,"[3, 3072, 3072]",8,8,True,True,PASS,
433,434,train/16f1b7bb98b1a38f6fee5caf9460e4e1.jpg,2048,2500,5,False,True,False,True,"[3, 2500, 2048]",5,5,True,True,PASS,
434,435,train/16fbd1b86994c47ddd120cf5d410033e.jpg,2304,2880,6,False,True,False,True,"[3, 2880, 2304]",6,6,True,True,PASS,
435,436,train/1700104c53dad4e23980cc44dfec1b64.jpg,2540,3072,7,False,True,False,True,"[3, 3072, 2540]",7,7,True,True,PASS,
436,437,train/170709246c0ac68fa305fb3acc2cfb77.jpg,2540,3072,6,False,True,False,True,"[3, 3072, 2540]",6,6,True,True,PASS,
437,438,train/171c5e2bbf7f95d2fb60a8bd81dc9d37.jpg,1994,2430,0,True,True,True,True,"[3, 2430, 1994]",0,0,True,True,PASS,
438,439,train/1720ee54631aff23784053fe1719dfdb.jpg,2540,3072,5,False,True,False,True,"[3, 3072, 2540]",5,5,True,True,PASS,
439,440,train/1722c7262a821be25de56e351d641993.jpg,2304,2880,6,False,True,False,True,"[3, 2880, 2304]",6,6,True,True,PASS,
440,441,train/1725b46578ff86f1a8d21b10d4d4699a.jpg,2304,2880,8,False,True,False,True,"[3, 2880, 2304]",8,8,True,True,PASS,
441,442,train/17285d4b3bcac950397f548d1d715043.jpg,2304,2880,6,False,True,False,True,"[3, 2880, 2304]",6,6,True,True,PASS,
442,443,train/1730d2ebd1cc96e9e5656cdf916ac7f8.jpg,3093,2581,8,False,True,False,True,"[3, 2581, 3093]",8,8,True,True,PASS,
443,444,train/1734a9172a7aa8106b1f32bf7b280e28.jpg,2048,2500,0,True,True,True,True,"[3, 2500, 2048]",0,0,True,True,PASS,
444,445,train/17381ffc2b43778487e782dbb5cb963a.jpg,2426,2912,8,False,True,False,True,"[3, 2912, 2426]",8,8,True,True,PASS,
445,446,train/1756a285d1bc917bbe55024b0727a836.jpg,2048,2500,10,False,True,False,True,"[3, 2500, 2048]",10,10,True,True,PASS,
446,447,train/175e3663cc06a6d4ee39f8f9fa7f9183.jpg,2304,2880,4,False,True,False,True,"[3, 2880, 2304]",4,4,True,True,PASS,
447,448,train/17791317b59d89c03ce7a15826e1b876.jpg,3072,3072,9,False,True,False,True,"[3, 3072, 3072]",9,9,True,True,PASS,
448,449,train/178fec733e92dffa7bdf5b6a0b0d54b7.jpg,2540,3072,12,False,True,False,True,"[3, 3072, 2540]",12,12,True,True,PASS,
449,450,train/179c892993a09dd56d4d09be53489d74.jpg,2048,2500,0,True,True,True,True,"[3, 2500, 2048]",0,0,True,True,PASS,
450,451,train/179caec60f7bf3c620c28350354861a1.jpg,2048,2500,11,False,True,False,True,"[3, 2500, 2048]",11,11,True,True,PASS,
451,452,train/17a34d586de2a9e5a440755ea530ce5d.jpg,2304,2880,7,False,True,False,True,"[3, 2880, 2304]",7,7,True,True,PASS,
452,453,train/17a43dc27cccda142f5d54d378f4aed7.jpg,2456,2487,8,False,True,False,True,"[3, 2487, 2456]",8,8,True,True,PASS,
453,454,train/17b6cfad0ea2ecd3b9511743a608bcb7.jpg,2304,2880,7,False,True,False,True,"[3, 2880, 2304]",7,7,True,True,PASS,
454,455,train/17c2cd33dd23c4ae46c9738e3c346531.jpg,2639,2892,0,True,True,True,True,"[3, 2892, 2639]",0,0,True,True,PASS,
455,456,train/17c980696d1aa513ab00665f1eff7bd6.jpg,2860,3259,0,True,True,True,True,"[3, 3259, 2860]",0,0,True,True,PASS,
456,457,train/17d5b60d0b5decddb51eba55dc4a514b.jpg,3072,3072,3,False,True,False,True,"[3, 3072, 3072]",3,3,True,True,PASS,
457,458,train/17dc4a83558d835efd5f7d6f110f07f3.jpg,1944,2192,9,False,True,False,True,"[3, 2192, 1944]",9,9,True,True,PASS,
458,459,train/17eea018beec6ef78ec675919080e6a1.jpg,1994,2430,0,True,True,True,True,"[3, 2430, 1994]",0,0,True,True,PASS,
459,460,train/1812172c7ad3771c05d1238bb3066217.jpg,2564,2564,28,False,True,False,True,"[3, 2564, 2564]",28,28,True,True,PASS,
460,461,train/181a28291c7bc0a6a721a5759c01fd34.jpg,2304,2880,22,False,True,False,True,"[3, 2880, 2304]",22,22,True,True,PASS,
461,462,train/1820dac3aa7e69930923b2f7a7bb14c1.jpg,3072,3072,3,False,True,False,True,"[3, 3072, 3072]",3,3,True,True,PASS,
462,463,train/183015e171f5159d7e60d43578632a3f.jpg,2048,2500,6,False,True,False,True,"[3, 2500, 2048]",6,6,True,True,PASS,
463,464,train/1831b088f3a62617cb5cacc3d852cd3c.jpg,2048,2500,6,False,True,False,True,"[3, 2500, 2048]",6,6,True,True,PASS,
464,465,train/18384bcf54af7c121723805cbd00f44d.jpg,2048,2500,7,False,True,False,True,"[3, 2500, 2048]",7,7,True,True,PASS,
465,466,train/18533a53425600e4da1e36085cbad104.jpg,2864,2848,6,False,True,False,True,"[3, 2848, 2864]",6,6,True,True,PASS,
466,467,train/18759bb253200a7c5fef22b00d05496b.jpg,2304,2880,4,False,True,False,True,"[3, 2880, 2304]",4,4,True,True,PASS,
467,468,train/18a3dd5dcbabc9484be39f9f2f6c0756.jpg,2540,3072,11,False,True,False,True,"[3, 3072, 2540]",11,11,True,True,PASS,
468,469,train/18a5c8860abc63dbef3627d3e5efd951.jpg,2304,2880,9,False,True,False,True,"[3, 2880, 2304]",9,9,True,True,PASS,
469,470,train/18a61a07e6f5f13ebfee57fa36cd8b6f.jpg,2304,2880,10,False,True,False,True,"[3, 2880, 2304]",10,10,True,True,PASS,
470,471,train/18b362567e282e3ada32ee486ea6bad1.jpg,3072,3072,13,False,True,False,True,"[3, 3072, 3072]",13,13,True,True,PASS,
471,472,train/18ca65f3991cd9e0339abe5d0dcdfc71.jpg,1994,2430,0,True,True,True,True,"[3, 2430, 1994]",0,0,True,True,PASS,
472,473,train/18d37c314615dede5fb25722c8b2ee04.jpg,2304,2880,3,False,True,False,True,"[3, 2880, 2304]",3,3,True,True,PASS,
473,474,train/18e5f8a372c20c95b78d49ce1ab39f16.jpg,2048,2500,4,False,True,False,True,"[3, 2500, 2048]",4,4,True,True,PASS,
474,475,train/18e91ea53a6b6829c70ae2d762605c21.jpg,2304,2880,6,False,True,False,True,"[3, 2880, 2304]",6,6,True,True,PASS,
475,476,train/18ee5156937f823acee35e15110c6521.jpg,2249,2537,0,True,True,True,True,"[3, 2537, 2249]",0,0,True,True,PASS,
476,477,train/18ee9ef3baea468de2087e0edd85e919.jpg,2583,3124,10,False,True,False,True,"[3, 3124, 2583]",10,10,True,True,PASS,
477,478,train/1912296cce436028085697480121b4eb.jpg,2304,2880,4,False,True,False,True,"[3, 2880, 2304]",4,4,True,True,PASS,
478,479,train/1915f70378cedb6947df0126db6e8aad.jpg,2048,2500,4,False,True,False,True,"[3, 2500, 2048]",4,4,True,True,PASS,
479,480,train/191af4a0c5c47c05b06b88f7d6ec671d.jpg,3320,3408,3,False,True,False,True,"[3, 3408, 3320]",3,3,True,True,PASS,
480,481,train/1932e3ca2084c4ef9ee98c747cd21f16.jpg,2304,2880,10,False,True,False,True,"[3, 2880, 2304]",10,10,True,True,PASS,
481,482,train/19417bae94986e8c122ae6efd92e3997.jpg,2428,2750,9,False,True,False,True,"[3, 2750, 2428]",9,9,True,True,PASS,
482,483,train/1951e0eba7c68aa1fbd6d723f19ee7c4.jpg,2304,2880,9,False,True,False,True,"[3, 2880, 2304]",9,9,True,True,PASS,
483,484,train/1981a0c4cdbb5d4eeb9c2572813a453f.jpg,3072,3072,4,False,True,False,True,"[3, 3072, 3072]",4,4,True,True,PASS,
484,485,train/198302ef60405a8889da8fedd5a98ebc.jpg,2304,2880,6,False,True,False,True,"[3, 2880, 2304]",6,6,True,True,PASS,
485,486,train/19850eb0ba7a72faf4b329254ab42828.jpg,2712,3264,14,False,True,False,True,"[3, 3264, 2712]",14,14,True,True,PASS,
486,487,train/19b1cd4c282515de8cc36d61c45e096d.jpg,2048,2500,3,False,True,False,True,"[3, 2500, 2048]",3,3,True,True,PASS,
487,488,train/19b90a86dccdc11c785cc955ee22db2f.jpg,2740,3005,6,False,True,False,True,"[3, 3005, 2740]",6,6,True,True,PASS,
488,489,train/19c193dfd9cd25eaaed6196a21ccafda.jpg,2048,2500,0,True,True,True,True,"[3, 2500, 2048]",0,0,True,True,PASS,
489,490,train/19da7247b897983617e17c69636620ad.jpg,2304,2880,13,False,True,False,True,"[3, 2880, 2304]",13,13,True,True,PASS,
490,491,train/19f915a7d8d00addb6a4846e623b4bfc.jpg,2964,3141,0,True,True,True,True,"[3, 3141, 2964]",0,0,True,True,PASS,
491,492,train/1a1502956162c21302d1601668a7f565.jpg,2304,2880,3,False,True,False,True,"[3, 2880, 2304]",3,3,True,True,PASS,
492,493,train/1a2d61ed3ccdc6c3a230ef73ae6adc4a.jpg,1944,2120,6,False,True,False,True,"[3, 2120, 1944]",6,6,True,True,PASS,
493,494,train/1a39c8cd556ab64679d04d440466a2f5.jpg,3072,3072,9,False,True,False,True,"[3, 3072, 3072]",9,9,True,True,PASS,
494,495,train/1a414a1cb6b545c2ee4de4abede481c7.jpg,2440,2560,13,False,True,False,True,"[3, 2560, 2440]",13,13,True,True,PASS,
495,496,train/1a4a1dfe32d84179b5ab03e56532bcde.jpg,2364,3016,9,False,True,False,True,"[3, 3016, 2364]",9,9,True,True,PASS,
496,497,train/1a4b73e47f99ce15af33427cc16ecc74.jpg,2540,3072,6,False,True,False,True,"[3, 3072, 2540]",6,6,True,True,PASS,
497,498,train/1a4f3604083f0bb00c748cd1c19236c2.jpg,2724,3080,9,False,True,False,True,"[3, 3080, 2724]",9,9,True,True,PASS,
498,499,train/1a6380efb810f2c8fbae25143ab93773.jpg,2796,3018,7,False,True,False,True,"[3, 3018, 2796]",7,7,True,True,PASS,
499,500,train/1a85266eec98f756269a91a56d5fb1a8.jpg,2660,3118,6,False,True,False,True,"[3, 3118, 2660]",6,6,True,True,PASS,
500,501,train/1aaa4b217affae30113bd3a7a384a4c7.jpg,3072,3072,15,False,True,False,True,"[3, 3072, 3072]",15,15,True,True,PASS,
501,502,train/1aaab6baefab214419016ad2f3175120.jpg,2494,2606,6,False,True,False,True,"[3, 2606, 2494]",6,6,True,True,PASS,
502,503,train/1ac1cb704bf021b7f462182beb082291.jpg,3268,3268,9,False,True,False,True,"[3, 3268, 3268]",9,9,True,True,PASS,
503,504,train/1ac82901d20fd381f9aee67859846cef.jpg,1994,2430,0,True,True,True,True,"[3, 2430, 1994]",0,0,True,True,PASS,
504,505,train/1acd93cf651789703cd37ab249f58580.jpg,2368,2904,11,False,True,False,True,"[3, 2904, 2368]",11,11,True,True,PASS,
505,506,train/1ad1420c6bf26f67e1f0d1140e938efd.jpg,2540,3072,6,False,True,False,True,"[3, 3072, 2540]",6,6,True,True,PASS,
506,507,train/1ad9acab15f15722dada12e90242178c.jpg,2048,2500,7,False,True,False,True,"[3, 2500, 2048]",7,7,True,True,PASS,
507,508,train/1adfe6d01589ad3a646a459bb360d5c4.jpg,2304,2880,4,False,True,False,True,"[3, 2880, 2304]",4,4,True,True,PASS,
508,509,train/1aebe196c344ddae48ec99b142bcf4c2.jpg,2292,2549,4,False,True,False,True,"[3, 2549, 2292]",4,4,True,True,PASS,
509,510,train/1aef7fa409ee0cb4579032577e02e9cb.jpg,3072,3072,24,False,True,False,True,"[3, 3072, 3072]",24,24,True,True,PASS,
510,511,train/1b0adf573618b9d4c94b1890852179a0.jpg,3072,3072,7,False,True,False,True,"[3, 3072, 3072]",7,7,True,True,PASS,
511,512,train/1b10ae5a7c9530537364360383fa6667.jpg,1936,1968,7,False,True,False,True,"[3, 1968, 1936]",7,7,True,True,PASS,
512,513,train/1b2a7adb5705d9e3f5b63939046d93c7.jpg,2806,3072,22,False,True,False,True,"[3, 3072, 2806]",22,22,True,True,PASS,
513,514,train/1b3379be7c72c3ae5404df423ed74388.jpg,2736,2623,9,False,True,False,True,"[3, 2623, 2736]",9,9,True,True,PASS,
514,515,train/1b420f79b18aeb2c7644d4998d313f37.jpg,2566,3196,9,False,True,False,True,"[3, 3196, 2566]",9,9,True,True,PASS,
515,516,train/1b44e26dcb2892268d5326bf44ccd2b3.jpg,2304,2880,8,False,True,False,True,"[3, 2880, 2304]",8,8,True,True,PASS,
516,517,train/1b4daa200fc8f2a3c792ca61b7c8857d.jpg,3072,3072,0,True,True,True,True,"[3, 3072, 3072]",0,0,True,True,PASS,
517,518,train/1b5f927abb8fd8e0800d2ad31a5620c1.jpg,1952,2448,13,False,True,False,True,"[3, 2448, 1952]",13,13,True,True,PASS,
518,519,train/1b6b4e0d7f5f7d7ad2bf8b70783244be.jpg,3050,3141,7,False,True,False,True,"[3, 3141, 3050]",7,7,True,True,PASS,
519,520,train/1b6c09c247c93d8fd21adf55814476fb.jpg,2914,3072,4,False,True,False,True,"[3, 3072, 2914]",4,4,True,True,PASS,
520,521,train/1b6fbfb87455d2145db222bc4c3e9875.jpg,3072,3072,7,False,True,False,True,"[3, 3072, 3072]",7,7,True,True,PASS,
521,522,train/1b7fbab20af688131ddebff7bf473879.jpg,2056,2080,5,False,True,False,True,"[3, 2080, 2056]",5,5,True,True,PASS,
522,523,train/1b90f72310730c8e045e85e8b60c308d.jpg,3072,3072,5,False,True,False,True,"[3, 3072, 3072]",5,5,True,True,PASS,
523,524,train/1b95d6b2be1f6e89e865704024d1944b.jpg,1994,2430,0,True,True,True,True,"[3, 2430, 1994]",0,0,True,True,PASS,
524,525,train/1ba0b6688726a0efd3641d086a4dee35.jpg,3072,3072,7,False,True,False,True,"[3, 3072, 3072]",7,7,True,True,PASS,
525,526,train/1bb134a3fb426b7a805ad086164ed865.jpg,2540,3072,4,False,True,False,True,"[3, 3072, 2540]",4,4,True,True,PASS,
526,527,train/1bbd7232924e951e7fa87ffa0f62ec3d.jpg,2353,2349,8,False,True,False,True,"[3, 2349, 2353]",8,8,True,True,PASS,
527,528,train/1bc4c3008d6a7144722daa35a7ff2b00.jpg,2411,2500,6,False,True,False,True,"[3, 2500, 2411]",6,6,True,True,PASS,
528,529,train/1bcf6203521944e6222a000fec9fab38.jpg,1994,2430,0,True,True,True,True,"[3, 2430, 1994]",0,0,True,True,PASS,
529,530,train/1be94a4e06067c5ecd66488cad60a087.jpg,2745,2288,6,False,True,False,True,"[3, 2288, 2745]",6,6,True,True,PASS,
530,531,train/1bf0c30ec9cf3abe34938787e5f9fc28.jpg,2448,2754,0,True,True,True,True,"[3, 2754, 2448]",0,0,True,True,PASS,
531,532,train/1bf31ecce06f5cab7b82b36daea676b6.jpg,2304,2880,8,False,True,False,True,"[3, 2880, 2304]",8,8,True,True,PASS,
532,533,train/1c1a57cb8b3893348ecfb6e704a1b87e.jpg,2540,3072,3,False,True,False,True,"[3, 3072, 2540]",3,3,True,True,PASS,
533,534,train/1c1ef26e3b3323f74041f6dd2371cd24.jpg,2304,2880,6,False,True,False,True,"[3, 2880, 2304]",6,6,True,True,PASS,
534,535,train/1c2621f624311e2ab55fb909b3b53d19.jpg,2112,2344,10,False,True,False,True,"[3, 2344, 2112]",10,10,True,True,PASS,
535,536,train/1c291f2d783a88bb29d4f0973d820cb0.jpg,2642,3170,0,True,True,True,True,"[3, 3170, 2642]",0,0,True,True,PASS,
536,537,train/1c2edaf3f7c1867f34d76dafe8f53d80.jpg,2829,2818,11,False,True,False,True,"[3, 2818, 2829]",11,11,True,True,PASS,
537,538,train/1c32170b4af4ce1a3030eb8167753b06.jpg,2540,3072,9,False,True,False,True,"[3, 3072, 2540]",9,9,True,True,PASS,
538,539,train/1c3e88d7eb1849e80d109ab2f059a2e1.jpg,1994,2430,0,True,True,True,True,"[3, 2430, 1994]",0,0,True,True,PASS,
539,540,train/1c42e4e14355bfa790794d44e3a1a4d2.jpg,2048,2472,3,False,True,False,True,"[3, 2472, 2048]",3,3,True,True,PASS,
540,541,train/1c4d23bf90d9e32947d50b5e01ce4d78.jpg,2304,2880,14,False,True,False,True,"[3, 2880, 2304]",14,14,True,True,PASS,
541,542,train/1c4d37f9cbacdce0f114ed4c3fd94dd5.jpg,2304,2880,7,False,True,False,True,"[3, 2880, 2304]",7,7,True,True,PASS,
542,543,train/1c572f5c1b3f2d9dfb23b48f25a7ace0.jpg,2304,2880,9,False,True,False,True,"[3, 2880, 2304]",9,9,True,True,PASS,
543,544,train/1c62f00b3228d2e131a84d1889e213cc.jpg,2504,2930,0,True,True,True,True,"[3, 2930, 2504]",0,0,True,True,PASS,
544,545,train/1c9e6dbfe347fb693c6c9e0cd82113c8.jpg,2418,2877,0,True,True,True,True,"[3, 2877, 2418]",0,0,True,True,PASS,
545,546,train/1ca93fdd77fb7e2caab2608094201385.jpg,2824,3072,5,False,True,False,True,"[3, 3072, 2824]",5,5,True,True,PASS,
546,547,train/1caa3fd2d741bbb50cc3fdcc32b6f0cd.jpg,2630,2873,24,False,True,False,True,"[3, 2873, 2630]",24,24,True,True,PASS,
547,548,train/1cb2f31d6914dbb6550d2ed5538fc184.jpg,2304,2880,10,False,True,False,True,"[3, 2880, 2304]",10,10,True,True,PASS,
548,549,train/1cec183870c936178be89a81da2cc7fc.jpg,2304,2880,8,False,True,False,True,"[3, 2880, 2304]",8,8,True,True,PASS,
549,550,train/1cfebd799d9854a50bfa74e0271f358e.jpg,2348,2325,0,True,True,True,True,"[3, 2325, 2348]",0,0,True,True,PASS,
550,551,train/1d0b8741c4689494aed1c1859eb891dc.jpg,2846,2861,6,False,True,False,True,"[3, 2861, 2846]",6,6,True,True,PASS,
551,552,train/1d170ae6d3f174b88d55b7a44e1b8963.jpg,2336,2793,0,True,True,True,True,"[3, 2793, 2336]",0,0,True,True,PASS,
552,553,train/1d1b26e179d9394bc1d9971ec50d1aaf.jpg,3072,3072,6,False,True,False,True,"[3, 3072, 3072]",6,6,True,True,PASS,
553,554,train/1d21c69075630b741fe0629e696fa167.jpg,2000,2096,16,False,True,False,True,"[3, 2096, 2000]",16,16,True,True,PASS,
554,555,train/1d2c0ac10d4b141cda8b549c34848b4f.jpg,2304,2880,12,False,True,False,True,"[3, 2880, 2304]",12,12,True,True,PASS,
555,556,train/1d2cef0157f477b7b635a86a85b6f9e4.jpg,2304,2880,18,False,True,False,True,"[3, 2880, 2304]",18,18,True,True,PASS,
556,557,train/1d36704fc4f9a8f997128b92551bbc4d.jpg,3072,3072,13,False,True,False,True,"[3, 3072, 3072]",13,13,True,True,PASS,
557,558,train/1d378b37e94c96925d6e96d281825519.jpg,2304,2880,5,False,True,False,True,"[3, 2880, 2304]",5,5,True,True,PASS,
558,559,train/1d37efa5bcce26d6cc9a224f99db3f0e.jpg,2304,2880,10,False,True,False,True,"[3, 2880, 2304]",10,10,True,True,PASS,
559,560,train/1d63eea24a9f69bc17f1da7af4ffa19a.jpg,1994,2430,0,True,True,True,True,"[3, 2430, 1994]",0,0,True,True,PASS,
560,561,train/1d730f10402fbb1de01aa617b80a8242.jpg,2304,2880,12,False,True,False,True,"[3, 2880, 2304]",12,12,True,True,PASS,
561,562,train/1d74c92a1e6adfcb63162f9b72edfc56.jpg,3072,3072,4,False,True,False,True,"[3, 3072, 3072]",4,4,True,True,PASS,
562,563,train/1d7ba4000ddf7f707822b2aab9ed4b36.jpg,2304,2880,18,False,True,False,True,"[3, 2880, 2304]",18,18,True,True,PASS,
563,564,train/1d7f85337975dded50e1414cef194deb.jpg,2048,2376,6,False,True,False,True,"[3, 2376, 2048]",6,6,True,True,PASS,
564,565,train/1d8f4d5daf11f2b01695b71a862aa813.jpg,2575,3188,4,False,True,False,True,"[3, 3188, 2575]",4,4,True,True,PASS,
565,566,train/1dafb16f8c69e188cf2152200e0cb2ef.jpg,2304,2880,13,False,True,False,True,"[3, 2880, 2304]",13,13,True,True,PASS,
566,567,train/1dbb725a05c9543e9bd2593ac079f970.jpg,2336,2836,0,True,True,True,True,"[3, 2836, 2336]",0,0,True,True,PASS,
567,568,train/1dc3bbcc437933158a734f7e28547bb5.jpg,2304,2880,11,False,True,False,True,"[3, 2880, 2304]",11,11,True,True,PASS,
568,569,train/1dca2f734825798b81f034da81d257f4.jpg,2834,2865,11,False,True,False,True,"[3, 2865, 2834]",11,11,True,True,PASS,
569,570,train/1dd24b51bb2c4e67bf02641925881174.jpg,3320,3408,5,False,True,False,True,"[3, 3408, 3320]",5,5,True,True,PASS,
570,571,train/1dd77edddd2212d41e34dd004d3e26df.jpg,2842,2606,6,False,True,False,True,"[3, 2606, 2842]",6,6,True,True,PASS,
571,572,train/1de1fb0878055fe44cd99abcbde7bfc4.jpg,3072,3072,6,False,True,False,True,"[3, 3072, 3072]",6,6,True,True,PASS,
572,573,train/1e0186710c1b727da188c139c83a820b.jpg,2087,2460,0,True,True,True,True,"[3, 2460, 2087]",0,0,True,True,PASS,
573,574,train/1e019d951139255f4ca9200aee4129c6.jpg,2304,2880,6,False,True,False,True,"[3, 2880, 2304]",6,6,True,True,PASS,
574,575,train/1e1dcf1ea1d974a5fea81b7616a11723.jpg,2446,2731,10,False,True,False,True,"[3, 2731, 2446]",10,10,True,True,PASS,
575,576,train/1e380cbe7d0d59de0527d31486a24fa2.jpg,2880,3260,9,False,True,False,True,"[3, 3260, 2880]",9,9,True,True,PASS,
576,577,train/1e47f8b7036defda2d0191401e1e05d6.jpg,2538,2746,3,False,True,False,True,"[3, 2746, 2538]",3,3,True,True,PASS,
577,578,train/1e584da1fcf0c0297a22f0e36ce86732.jpg,2559,3275,7,False,True,False,True,"[3, 3275, 2559]",7,7,True,True,PASS,
578,579,train/1e58fd00852763634630540c1d09621d.jpg,2776,2823,7,False,True,False,True,"[3, 2823, 2776]",7,7,True,True,PASS,
579,580,train/1e58fd034ba68a69df2b13cccb9ab317.jpg,2906,2678,4,False,True,False,True,"[3, 2678, 2906]",4,4,True,True,PASS,
580,581,train/1e685beca49d62411bb69bc4ddf7ad11.jpg,2048,2500,7,False,True,False,True,"[3, 2500, 2048]",7,7,True,True,PASS,
581,582,train/1e717af900c3f539f967ad27b1ce905f.jpg,2540,3072,8,False,True,False,True,"[3, 3072, 2540]",8,8,True,True,PASS,
582,583,train/1e78773b772343629858fee07ab051ec.jpg,2304,2880,8,False,True,False,True,"[3, 2880, 2304]",8,8,True,True,PASS,
583,584,train/1e8892e58834c2a38f8d0b574327ed81.jpg,3072,2798,12,False,True,False,True,"[3, 2798, 3072]",12,12,True,True,PASS,
584,585,train/1e942d9666eb7b3cd0bf4e2bedae5fd6.jpg,2048,2500,9,False,True,False,True,"[3, 2500, 2048]",9,9,True,True,PASS,
585,586,train/1e96e84ac07738cd2f019b1c1d1aac5c.jpg,2304,2880,10,False,True,False,True,"[3, 2880, 2304]",10,10,True,True,PASS,
586,587,train/1ec44d3bc379cf915de2c69bcb325cc2.jpg,2512,2648,8,False,True,False,True,"[3, 2648, 2512]",8,8,True,True,PASS,
587,588,train/1ec5b9d1af1a295a5e0d1da32d4ed835.jpg,2907,3294,7,False,True,False,True,"[3, 3294, 2907]",7,7,True,True,PASS,
588,589,train/1ed4cf45940bbfbcdc31cf4289c1c1e4.jpg,3072,3072,16,False,True,False,True,"[3, 3072, 3072]",16,16,True,True,PASS,
589,590,train/1ed597069acd8f4b77174148664e84d8.jpg,2540,3072,7,False,True,False,True,"[3, 3072, 2540]",7,7,True,True,PASS,
590,591,train/1ee608f4c2322489c730271c6ef7caba.jpg,2304,2880,4,False,True,False,True,"[3, 2880, 2304]",4,4,True,True,PASS,
591,592,train/1ee72c7f5de164530f9efa3c2d04bffc.jpg,2304,2880,7,False,True,False,True,"[3, 2880, 2304]",7,7,True,True,PASS,
592,593,train/1ee956f957e7b9ec0787e07fe2b76135.jpg,3072,3072,8,False,True,False,True,"[3, 3072, 3072]",8,8,True,True,PASS,
593,594,train/1f13fb95804f83251401097b2bb4aacf.jpg,2781,2715,0,True,True,True,True,"[3, 2715, 2781]",0,0,True,True,PASS,
594,595,train/1f1abf0df154e4d455bd3f93fa8ef1f0.jpg,2456,2692,6,False,True,False,True,"[3, 2692, 2456]",6,6,True,True,PASS,
595,596,train/1f1b451ebe38481d18a61961c9435a64.jpg,1994,2430,0,True,True,True,True,"[3, 2430, 1994]",0,0,True,True,PASS,
596,597,train/1f5a95707791ca66198f87bf0d11e89e.jpg,2304,2880,6,False,True,False,True,"[3, 2880, 2304]",6,6,True,True,PASS,
597,598,train/1f60588926146538eeb34cd3215b4848.jpg,3320,3020,16,False,True,False,True,"[3, 3020, 3320]",16,16,True,True,PASS,
598,599,train/1f68a73472d32146d1cbe3bcd9355337.jpg,2609,2767,3,False,True,False,True,"[3, 2767, 2609]",3,3,True,True,PASS,
599,600,train/1f6cae728b0bab822a84b2014feff03d.jpg,2681,2772,8,False,True,False,True,"[3, 2772, 2681]",8,8,True,True,PASS,
600,601,train/1f80202df9f9ee45002ea22f2f29d31f.jpg,2540,3072,12,False,True,False,True,"[3, 3072, 2540]",12,12,True,True,PASS,
601,602,train/1f897eadcbbca4e2104e7a2d7fd3e0f9.jpg,2385,2814,5,False,True,False,True,"[3, 2814, 2385]",5,5,True,True,PASS,
602,603,train/1fc71d17e68259b0ae13b884ccce7309.jpg,2064,2448,7,False,True,False,True,"[3, 2448, 2064]",7,7,True,True,PASS,
603,604,train/1fcceea02142af619405d89b9ee156fc.jpg,2304,2880,6,False,True,False,True,"[3, 2880, 2304]",6,6,True,True,PASS,
604,605,train/1fce42f55a0de66eb161fc831cd33cc3.jpg,2395,2475,13,False,True,False,True,"[3, 2475, 2395]",13,13,True,True,PASS,
605,606,train/1fec2347206230bc4721f66d8e90971a.jpg,2540,3072,6,False,True,False,True,"[3, 3072, 2540]",6,6,True,True,PASS,
606,607,train/1fec989e95cea875cef982129f8e9097.jpg,1912,2304,8,False,True,False,True,"[3, 2304, 1912]",8,8,True,True,PASS,
607,608,train/2016c404039deb1d04073250fa84a328.jpg,2392,3112,4,False,True,False,True,"[3, 3112, 2392]",4,4,True,True,PASS,
608,609,train/2033bbf90fa9b91519bac29eb334673a.jpg,2884,3028,0,True,True,True,True,"[3, 3028, 2884]",0,0,True,True,PASS,
609,610,train/20374abc6a6d82a106212cddd740a99c.jpg,2503,3203,0,True,True,True,True,"[3, 3203, 2503]",0,0,True,True,PASS,
610,611,train/20394e709ffb7128e582a7b0901dca2d.jpg,2304,2880,6,False,True,False,True,"[3, 2880, 2304]",6,6,True,True,PASS,
611,612,train/206f64789c8237b16ef4da5a38d74cdc.jpg,2532,2776,5,False,True,False,True,"[3, 2776, 2532]",5,5,True,True,PASS,
612,613,train/2072e55e4f38ef869fc492b5e282057b.jpg,2304,2880,17,False,True,False,True,"[3, 2880, 2304]",17,17,True,True,PASS,
613,614,train/2077dfb717706d5ce9a373f1672e869c.jpg,1994,2430,0,True,True,True,True,"[3, 2430, 1994]",0,0,True,True,PASS,
614,615,train/208cddf534a1bc9c35f5faa6a6c51f94.jpg,2270,2524,5,False,True,False,True,"[3, 2524, 2270]",5,5,True,True,PASS,
615,616,train/2094cd7cf01e7e283818e836115596c4.jpg,2138,2409,0,True,True,True,True,"[3, 2409, 2138]",0,0,True,True,PASS,
616,617,train/20d9e4989fab7ecae4243324d81ad309.jpg,2540,3072,6,False,True,False,True,"[3, 3072, 2540]",6,6,True,True,PASS,
617,618,train/20e27597c972c6e7fdb4d1e7638e227e.jpg,2304,2880,11,False,True,False,True,"[3, 2880, 2304]",11,11,True,True,PASS,
618,619,train/20e88cb9beaf2949c3fdd01827404235.jpg,2096,2280,4,False,True,False,True,"[3, 2280, 2096]",4,4,True,True,PASS,
619,620,train/20eb3cf0d35e7ed1616139edbe04bcfc.jpg,3072,3072,3,False,True,False,True,"[3, 3072, 3072]",3,3,True,True,PASS,
620,621,train/21042debbedcf41f16302df107a594a2.jpg,2347,2318,4,False,True,False,True,"[3, 2318, 2347]",4,4,True,True,PASS,
621,622,train/21086ab046da90a4526e5604670a96ce.jpg,2736,2683,7,False,True,False,True,"[3, 2683, 2736]",7,7,True,True,PASS,
622,623,train/2116aa83dd20261a1c6f4b13ea3eafbc.jpg,2576,2980,5,False,True,False,True,"[3, 2980, 2576]",5,5,True,True,PASS,
623,624,train/2121782e288bb5fccf342938ce4faee2.jpg,2304,2880,5,False,True,False,True,"[3, 2880, 2304]",5,5,True,True,PASS,
624,625,train/2139901070c5471f0e289e216bc90198.jpg,1994,2430,0,True,True,True,True,"[3, 2430, 1994]",0,0,True,True,PASS,
625,626,train/215ebc513445e8e809addf6029df970c.jpg,2072,2144,6,False,True,False,True,"[3, 2144, 2072]",6,6,True,True,PASS,
626,627,train/21992194880ed480bd0232be383b8268.jpg,2540,3072,6,False,True,False,True,"[3, 3072, 2540]",6,6,True,True,PASS,
627,628,train/21ab6bc8c66330a258b3513c2ab738fd.jpg,2304,2880,3,False,True,False,True,"[3, 2880, 2304]",3,3,True,True,PASS,
628,629,train/21b7ceae06bcc8d0a4b30debc5570e57.jpg,2388,2876,3,False,True,False,True,"[3, 2876, 2388]",3,3,True,True,PASS,
629,630,train/21b9ef8dedf84d02366305c87a6328d1.jpg,3068,2900,12,False,True,False,True,"[3, 2900, 3068]",12,12,True,True,PASS,
630,631,train/21bdb7a46e19c697209064855102859e.jpg,2304,2880,5,False,True,False,True,"[3, 2880, 2304]",5,5,True,True,PASS,
631,632,train/21cc15968368582b548bdc50f24d1ce5.jpg,2304,2880,4,False,True,False,True,"[3, 2880, 2304]",4,4,True,True,PASS,
632,633,train/21cf533a9fe77bdbee21babd427a0d1f.jpg,2753,3056,11,False,True,False,True,"[3, 3056, 2753]",11,11,True,True,PASS,
633,634,train/21d0e0bb639ebec0b2a2ce0c5c805344.jpg,2984,3395,13,False,True,False,True,"[3, 3395, 2984]",13,13,True,True,PASS,
634,635,train/21d5465ffc737f2c94f66cc5b740614e.jpg,2604,2856,5,False,True,False,True,"[3, 2856, 2604]",5,5,True,True,PASS,
635,636,train/21f596b4f75fd3d0ff54f55ad760272b.jpg,2596,2996,9,False,True,False,True,"[3, 2996, 2596]",9,9,True,True,PASS,
636,637,train/2201904fdc9c81df726cb626bf58edeb.jpg,2540,3072,7,False,True,False,True,"[3, 3072, 2540]",7,7,True,True,PASS,
637,638,train/221c92d2718f1f49ee483ab4afbc7238.jpg,2366,2854,4,False,True,False,True,"[3, 2854, 2366]",4,4,True,True,PASS,
638,639,train/221d68705e17ec11935e410fcc483b0f.jpg,2206,2318,4,False,True,False,True,"[3, 2318, 2206]",4,4,True,True,PASS,
639,640,train/2229148faa205e881cf0d932755c9e40.jpg,2304,2880,12,False,True,False,True,"[3, 2880, 2304]",12,12,True,True,PASS,
640,641,train/222b7757f55bee221e7aba69fc9928d0.jpg,2540,3072,8,False,True,False,True,"[3, 3072, 2540]",8,8,True,True,PASS,
641,642,train/222beb3cd839eacd08d35c2785e48265.jpg,2304,2880,9,False,True,False,True,"[3, 2880, 2304]",9,9,True,True,PASS,
642,643,train/222cd825ec14127cfb030b84780c30d5.jpg,3072,3072,7,False,True,False,True,"[3, 3072, 3072]",7,7,True,True,PASS,
643,644,train/224ad5cca3b13b0a820052fe0491699a.jpg,1776,1728,16,False,True,False,True,"[3, 1728, 1776]",16,16,True,True,PASS,
644,645,train/2254df0c59c659c6eec67a73327bc857.jpg,3072,3072,15,False,True,False,True,"[3, 3072, 3072]",15,15,True,True,PASS,
645,646,train/22576c31ecae86e2e6d580b4bebb5d77.jpg,2284,2772,6,False,True,False,True,"[3, 2772, 2284]",6,6,True,True,PASS,
646,647,train/226452107c14a6218e9c4d582025110b.jpg,3072,3072,17,False,True,False,True,"[3, 3072, 3072]",17,17,True,True,PASS,
647,648,train/22672ab82c290c20b86863291e25ef6c.jpg,2048,2500,22,False,True,False,True,"[3, 2500, 2048]",22,22,True,True,PASS,
648,649,train/2271647c6cb51cd088392c184f8be135.jpg,2048,2500,4,False,True,False,True,"[3, 2500, 2048]",4,4,True,True,PASS,
649,650,train/22807ea675967a02baf8f510543a4a95.jpg,2838,2627,6,False,True,False,True,"[3, 2627, 2838]",6,6,True,True,PASS,
650,651,train/2285e92d66a166fa72444a73f4c5fc52.jpg,2517,3028,4,False,True,False,True,"[3, 3028, 2517]",4,4,True,True,PASS,
651,652,train/228d41a874a5536d83b62b9161da1d61.jpg,2304,2880,8,False,True,False,True,"[3, 2880, 2304]",8,8,True,True,PASS,
652,653,train/228f1394daba97a4ce03ae7e866ec2ac.jpg,2851,3200,5,False,True,False,True,"[3, 3200, 2851]",5,5,True,True,PASS,
653,654,train/22b8e616a61bbc4caaed0cf23b7159df.jpg,2712,3184,6,False,True,False,True,"[3, 3184, 2712]",6,6,True,True,PASS,
654,655,train/22c9f6b6888cce9bad89c72a2f87e56f.jpg,2547,2385,7,False,True,False,True,"[3, 2385, 2547]",7,7,True,True,PASS,
655,656,train/22ca7192ef23cf85a365a0e68ad6f9c7.jpg,2304,2880,7,False,True,False,True,"[3, 2880, 2304]",7,7,True,True,PASS,
656,657,train/22d12a2c3610060793453d39c4330429.jpg,3072,3072,4,False,True,False,True,"[3, 3072, 3072]",4,4,True,True,PASS,
657,658,train/22d7fb75b2d533f5fda002cd41721884.jpg,2304,2880,5,False,True,False,True,"[3, 2880, 2304]",5,5,True,True,PASS,
658,659,train/22f45bf04169a43d02dea6df008de68a.jpg,2632,2496,6,False,True,False,True,"[3, 2496, 2632]",6,6,True,True,PASS,
659,660,train/2300d60e735d646de5632275313f9c95.jpg,3072,3072,0,True,True,True,True,"[3, 3072, 3072]",0,0,True,True,PASS,
660,661,train/230ffa646a0bec6bce8b027cd4c66832.jpg,3072,3072,5,False,True,False,True,"[3, 3072, 3072]",5,5,True,True,PASS,
661,662,train/231a4b73de5ac7e0218f736b6b6ff1f2.jpg,2892,3072,10,False,True,False,True,"[3, 3072, 2892]",10,10,True,True,PASS,
662,663,train/231eceaec9e603e7cdb2021bd2ccbe02.jpg,2304,2880,7,False,True,False,True,"[3, 2880, 2304]",7,7,True,True,PASS,
663,664,train/231f7662ddb1e997de7ae4e11840960f.jpg,3268,3268,6,False,True,False,True,"[3, 3268, 3268]",6,6,True,True,PASS,
664,665,train/23687f2e75cfb173dbfe0a785326d6b3.jpg,3072,3072,3,False,True,False,True,"[3, 3072, 3072]",3,3,True,True,PASS,
665,666,train/236c84dba2293e1afd669eee1b6511c6.jpg,2817,3162,5,False,True,False,True,"[3, 3162, 2817]",5,5,True,True,PASS,
666,667,train/238b1299945de447d94124e14734edab.jpg,2835,3221,17,False,True,False,True,"[3, 3221, 2835]",17,17,True,True,PASS,
667,668,train/23976276263082c45eec8db02176a30b.jpg,2360,2312,7,False,True,False,True,"[3, 2312, 2360]",7,7,True,True,PASS,
668,669,train/23ada7eb0d82a360190e77da2edfcf8f.jpg,1994,2430,0,True,True,True,True,"[3, 2430, 1994]",0,0,True,True,PASS,
669,670,train/23b0639cd035140def992b0ee7fc34f2.jpg,2048,2500,6,False,True,False,True,"[3, 2500, 2048]",6,6,True,True,PASS,
670,671,train/23b8b9881d7effc2a5aa2b7372f01d7f.jpg,2048,2500,8,False,True,False,True,"[3, 2500, 2048]",8,8,True,True,PASS,
671,672,train/23c9516db65572bae3125bcaead302d3.jpg,2609,2509,22,False,True,False,True,"[3, 2509, 2609]",22,22,True,True,PASS,
672,673,train/23ca1279bcbf10d8dc39e769e145a516.jpg,2304,2880,11,False,True,False,True,"[3, 2880, 2304]",11,11,True,True,PASS,
673,674,train/23cc21ad490ea10045c00fba3a208b3f.jpg,2304,2880,8,False,True,False,True,"[3, 2880, 2304]",8,8,True,True,PASS,
674,675,train/23d1c67775a1f20404642b6086b74cc8.jpg,2048,2500,9,False,True,False,True,"[3, 2500, 2048]",9,9,True,True,PASS,
675,676,train/23e3c7a5073d74c1d2daed5ad73fb254.jpg,3072,3072,14,False,True,False,True,"[3, 3072, 3072]",14,14,True,True,PASS,
676,677,train/23f267e42a7e9f496aa143fe11f241ff.jpg,2304,2880,12,False,True,False,True,"[3, 2880, 2304]",12,12,True,True,PASS,
677,678,train/23f29659e174d2c4651857bf304a5d75.jpg,2274,2613,5,False,True,False,True,"[3, 2613, 2274]",5,5,True,True,PASS,
678,679,train/23f29ee2101fa421afeb84cf923ee9b6.jpg,2340,2724,9,False,True,False,True,"[3, 2724, 2340]",9,9,True,True,PASS,
679,680,train/23fcdb51ca6f2495a08911d8bd8f19e8.jpg,2048,2500,8,False,True,False,True,"[3, 2500, 2048]",8,8,True,True,PASS,
680,681,train/2400efb8ccb698992e54ec03286d35ef.jpg,2680,3224,5,False,True,False,True,"[3, 3224, 2680]",5,5,True,True,PASS,
681,682,train/24051b6c68ac93e887c70b671d9197cb.jpg,2304,2880,9,False,True,False,True,"[3, 2880, 2304]",9,9,True,True,PASS,
682,683,train/2415d19465e30def974fc2c9747692d4.jpg,2304,2880,9,False,True,False,True,"[3, 2880, 2304]",9,9,True,True,PASS,
683,684,train/2458bd52db3e463b43967723e0f802b4.jpg,2594,3126,3,False,True,False,True,"[3, 3126, 2594]",3,3,True,True,PASS,
684,685,train/2461bde97f5dad74ca07c6a5e6ce56c1.jpg,2257,2466,7,False,True,False,True,"[3, 2466, 2257]",7,7,True,True,PASS,
685,686,train/2461ca359068b06237e93aae140a25f3.jpg,2540,3072,9,False,True,False,True,"[3, 3072, 2540]",9,9,True,True,PASS,
686,687,train/2469a8efd790f12eb9304f5c013a966e.jpg,2590,3072,6,False,True,False,True,"[3, 3072, 2590]",6,6,True,True,PASS,
687,688,train/247af0fcdbe53ade2def3f79e4eb9345.jpg,2715,3045,7,False,True,False,True,"[3, 3045, 2715]",7,7,True,True,PASS,
688,689,train/24986a34a5f97ddeb44a999d245b949b.jpg,2540,3072,6,False,True,False,True,"[3, 3072, 2540]",6,6,True,True,PASS,
689,690,train/24aae4c9a587c5f0440e6d305bebd26e.jpg,2556,2876,7,False,True,False,True,"[3, 2876, 2556]",7,7,True,True,PASS,
690,691,train/24b3b89454ece6db0ba1a5cb83f3421a.jpg,2304,2880,10,False,True,False,True,"[3, 2880, 2304]",10,10,True,True,PASS,
691,692,train/24b3c4ccc0e19044935c8f40ab37fc18.jpg,2304,2880,13,False,True,False,True,"[3, 2880, 2304]",13,13,True,True,PASS,
692,693,train/24b77560428d23bcaf7c06a536fbb287.jpg,2264,2708,9,False,True,False,True,"[3, 2708, 2264]",9,9,True,True,PASS,
693,694,train/24bf0f138643ee4141ebefba54fb6843.jpg,2304,2880,5,False,True,False,True,"[3, 2880, 2304]",5,5,True,True,PASS,
694,695,train/24c408efe011f2d27322e93440221aa1.jpg,2304,2880,7,False,True,False,True,"[3, 2880, 2304]",7,7,True,True,PASS,
695,696,train/24c7e3233b6ebe3d1159f81ae97daed1.jpg,1944,2152,6,False,True,False,True,"[3, 2152, 1944]",6,6,True,True,PASS,
696,697,train/24d6b814577360fb4d11e0e6aecfefb0.jpg,1624,1752,4,False,True,False,True,"[3, 1752, 1624]",4,4,True,True,PASS,
697,698,train/24dd3c2b634ac8b951b5aa1b24a536c8.jpg,2540,3072,13,False,True,False,True,"[3, 3072, 2540]",13,13,True,True,PASS,
698,699,train/24e9b243d734e26d9de71aa3e08ef9b0.jpg,2304,2880,8,False,True,False,True,"[3, 2880, 2304]",8,8,True,True,PASS,
699,700,train/25207f1f73016eb9d84327860e5c9b49.jpg,2304,2880,12,False,True,False,True,"[3, 2880, 2304]",12,12,True,True,PASS,
700,701,train/2534b21e1fcdf7748a07109999952840.jpg,2516,3060,14,False,True,False,True,"[3, 3060, 2516]",14,14,True,True,PASS,
701,702,train/2534b84ffceb627618e684cb037fdf74.jpg,1992,2024,6,False,True,False,True,"[3, 2024, 1992]",6,6,True,True,PASS,
702,703,train/253760c0117371987f0cbc8b20e684de.jpg,2468,2716,6,False,True,False,True,"[3, 2716, 2468]",6,6,True,True,PASS,
703,704,train/2546f825d7846960568c710eab2cbbd3.jpg,3072,3072,5,False,True,False,True,"[3, 3072, 3072]",5,5,True,True,PASS,
704,705,train/2550db13e3e4174fb2980fbc965c4856.jpg,2722,3277,0,True,True,True,True,"[3, 3277, 2722]",0,0,True,True,PASS,
705,706,train/255f4987d211d413e7823dea2ac6642c.jpg,2927,2623,4,False,True,False,True,"[3, 2623, 2927]",4,4,True,True,PASS,
706,707,train/25673b843469af61ad711cdd1d920a8b.jpg,3169,3243,3,False,True,False,True,"[3, 3243, 3169]",3,3,True,True,PASS,
707,708,train/256b0ad89e73b03f15635e647c2bdb02.jpg,2304,2880,4,False,True,False,True,"[3, 2880, 2304]",4,4,True,True,PASS,
708,709,train/2583527ca7c4a6e278fb4506ba8637ab.jpg,2763,3107,16,False,True,False,True,"[3, 3107, 2763]",16,16,True,True,PASS,
709,710,train/25897fa85891d5fcf7c65d520628cf20.jpg,2304,2880,8,False,True,False,True,"[3, 2880, 2304]",8,8,True,True,PASS,
710,711,train/258b0025af766aa2a485e3221da4b46e.jpg,2048,2500,15,False,True,False,True,"[3, 2500, 2048]",15,15,True,True,PASS,
711,712,train/258d918ebb5b4e4d13e381f0df399b5a.jpg,2846,2776,8,False,True,False,True,"[3, 2776, 2846]",8,8,True,True,PASS,
712,713,train/2592036272857648c597c9045a6588d1.jpg,2304,2880,7,False,True,False,True,"[3, 2880, 2304]",7,7,True,True,PASS,
713,714,train/2596fb668f0ec31ac6622ea546e600cf.jpg,2304,2880,18,False,True,False,True,"[3, 2880, 2304]",18,18,True,True,PASS,
714,715,train/25a73bf0f701b9275c74fc23aa30e681.jpg,2304,2880,8,False,True,False,True,"[3, 2880, 2304]",8,8,True,True,PASS,
715,716,train/25b123c53b8d9f39e9e29e4ee34c9906.jpg,2749,2988,12,False,True,False,True,"[3, 2988, 2749]",12,12,True,True,PASS,
716,717,train/25c278c9f3eac8a0f53780aa5e615e23.jpg,2304,2880,9,False,True,False,True,"[3, 2880, 2304]",9,9,True,True,PASS,
717,718,train/25e383a85bad2e00064e7be23d745f50.jpg,3058,2742,6,False,True,False,True,"[3, 2742, 3058]",6,6,True,True,PASS,
718,719,train/25e47d32d64f7f416d6fb1bf497b4b1a.jpg,2517,3021,0,True,True,True,True,"[3, 3021, 2517]",0,0,True,True,PASS,
719,720,train/25e4fa50ffa395dd163a97ca6bef8fe0.jpg,2096,2392,5,False,True,False,True,"[3, 2392, 2096]",5,5,True,True,PASS,
720,721,train/25e99dd3d0a8e45529b0c04f28a31313.jpg,2770,3001,9,False,True,False,True,"[3, 3001, 2770]",9,9,True,True,PASS,
721,722,train/25f0621dae8874aac9985c4034a565ea.jpg,2732,2848,6,False,True,False,True,"[3, 2848, 2732]",6,6,True,True,PASS,
722,723,train/25f2c7b53a6ed09a9aaf73c30357aaf6.jpg,2188,2168,6,False,True,False,True,"[3, 2168, 2188]",6,6,True,True,PASS,
723,724,train/25fca74811355266a2c7a0bc442db4e3.jpg,3072,3072,14,False,True,False,True,"[3, 3072, 3072]",14,14,True,True,PASS,
724,725,train/26045d6e5c9397d08825496593fbc291.jpg,3000,3000,0,True,True,True,True,"[3, 3000, 3000]",0,0,True,True,PASS,
725,726,train/262cd3e70a033d61a7236aa971be339a.jpg,2269,2658,0,True,True,True,True,"[3, 2658, 2269]",0,0,True,True,PASS,
726,727,train/264fdebe57965c3292ce07c7b4be8c39.jpg,2878,3058,0,True,True,True,True,"[3, 3058, 2878]",0,0,True,True,PASS,
727,728,train/26555d1abc4576ef9e235aba96f4429e.jpg,2304,2880,5,False,True,False,True,"[3, 2880, 2304]",5,5,True,True,PASS,
728,729,train/26562944ced2c6e1eea7abaf0e5a6e5d.jpg,3072,3072,4,False,True,False,True,"[3, 3072, 3072]",4,4,True,True,PASS,
729,730,train/26585204e3c296a3b105bd5bd1c537ee.jpg,2368,3132,14,False,True,False,True,"[3, 3132, 2368]",14,14,True,True,PASS,
730,731,train/26603f3c325594b0a07a9fd73d74bbce.jpg,2304,2880,5,False,True,False,True,"[3, 2880, 2304]",5,5,True,True,PASS,
731,732,train/26697f6b3b73c564a0dd92b2fa1a8b0b.jpg,2540,3072,4,False,True,False,True,"[3, 3072, 2540]",4,4,True,True,PASS,
732,733,train/267d32594c86cba886ed0733e946c1df.jpg,2304,2880,9,False,True,False,True,"[3, 2880, 2304]",9,9,True,True,PASS,
733,734,train/267e7d6c78b3bc498461b69668eb44f8.jpg,1994,2430,0,True,True,True,True,"[3, 2430, 1994]",0,0,True,True,PASS,
734,735,train/26814fc54bbb41c62e1fc2c2646f3288.jpg,2304,2880,7,False,True,False,True,"[3, 2880, 2304]",7,7,True,True,PASS,
735,736,train/268521c3c47990c84e7175a31d8c509c.jpg,2260,2652,7,False,True,False,True,"[3, 2652, 2260]",7,7,True,True,PASS,
736,737,train/268ed28c6d57f5d5383cd5cf8e62e457.jpg,2304,2880,5,False,True,False,True,"[3, 2880, 2304]",5,5,True,True,PASS,
737,738,train/269fc38670939729787d740e47145028.jpg,2541,2958,5,False,True,False,True,"[3, 2958, 2541]",5,5,True,True,PASS,
738,739,train/269fe47164da086b729babc8225ea116.jpg,2099,2615,8,False,True,False,True,"[3, 2615, 2099]",8,8,True,True,PASS,
739,740,train/26a2c28022c4eb76848703d3bd669562.jpg,2304,2880,5,False,True,False,True,"[3, 2880, 2304]",5,5,True,True,PASS,
740,741,train/26be9cde1a3d1a38f19c6753cc9ed40d.jpg,2048,2500,7,False,True,False,True,"[3, 2500, 2048]",7,7,True,True,PASS,
741,742,train/26cff5d4eedc6c89172888ea18b09893.jpg,2304,2880,11,False,True,False,True,"[3, 2880, 2304]",11,11,True,True,PASS,
742,743,train/26d1d5a0ef2e692c6340e74859ffdc53.jpg,3072,3072,15,False,True,False,True,"[3, 3072, 3072]",15,15,True,True,PASS,
743,744,train/26d9a51c0e889911fadbfd7219c6540a.jpg,3320,3408,6,False,True,False,True,"[3, 3408, 3320]",6,6,True,True,PASS,
744,745,train/26e6b6009db476d5b90c4a7e279ba50f.jpg,2304,2880,7,False,True,False,True,"[3, 2880, 2304]",7,7,True,True,PASS,
745,746,train/26fcfa2a147cabce7658e1ea656e1efe.jpg,2304,2880,6,False,True,False,True,"[3, 2880, 2304]",6,6,True,True,PASS,
746,747,train/26fd27f25c4c5329c224f75f5f94d96c.jpg,2304,2880,3,False,True,False,True,"[3, 2880, 2304]",3,3,True,True,PASS,
747,748,train/27128ae2af0e160293897cd55c02993b.jpg,2507,2865,7,False,True,False,True,"[3, 2865, 2507]",7,7,True,True,PASS,
748,749,train/27179c32f1a5d2b20d5a289372823554.jpg,2304,2880,13,False,True,False,True,"[3, 2880, 2304]",13,13,True,True,PASS,
749,750,train/271f9008a6ac0c2fbed2ee6d40ff8750.jpg,2546,3040,7,False,True,False,True,"[3, 3040, 2546]",7,7,True,True,PASS,
750,751,train/2728492d9333328da0ccd73d76d6c00d.jpg,2540,3072,4,False,True,False,True,"[3, 3072, 2540]",4,4,True,True,PASS,
751,752,train/273a53879b3ba9afa3d6d1e3aea0a453.jpg,2540,3072,6,False,True,False,True,"[3, 3072, 2540]",6,6,True,True,PASS,
752,753,train/2752b250ca52cd0afe8b4b980e82310b.jpg,2292,2694,0,True,True,True,True,"[3, 2694, 2292]",0,0,True,True,PASS,
753,754,train/27689b23167e89e1142f6fa265921a3a.jpg,2316,2855,0,True,True,True,True,"[3, 2855, 2316]",0,0,True,True,PASS,
754,755,train/276eab8db40adc114124d1383afeba5c.jpg,2626,2606,4,False,True,False,True,"[3, 2606, 2626]",4,4,True,True,PASS,
755,756,train/277b457e1e341a9194249937b68cd2c2.jpg,2304,2880,5,False,True,False,True,"[3, 2880, 2304]",5,5,True,True,PASS,
756,757,train/27849a742242ed68910ae7592904db7c.jpg,2509,2835,5,False,True,False,True,"[3, 2835, 2509]",5,5,True,True,PASS,
757,758,train/27ae5a2982f9ef772cccfbd14332f965.jpg,3072,3072,6,False,True,False,True,"[3, 3072, 3072]",6,6,True,True,PASS,
758,759,train/27b61449ef8109cb45c3ba3b7642d746.jpg,3072,3072,3,False,True,False,True,"[3, 3072, 3072]",3,3,True,True,PASS,
759,760,train/27b822c5d3b354f096dfb788fd3fa636.jpg,2580,2968,33,False,True,False,True,"[3, 2968, 2580]",33,33,True,True,PASS,
760,761,train/27c2bfe6ab94022f4137c7e421af973c.jpg,2598,3072,6,False,True,False,True,"[3, 3072, 2598]",6,6,True,True,PASS,
761,762,train/27c69745b5ba6930e94b9b29bd1965ad.jpg,3072,3072,5,False,True,False,True,"[3, 3072, 3072]",5,5,True,True,PASS,
762,763,train/27c831fee072b232499541b0aca58d9c.jpg,2688,2208,5,False,True,False,True,"[3, 2208, 2688]",5,5,True,True,PASS,
763,764,train/27ca6b9bd9b4c1f284e450201cfc4613.jpg,2304,2880,5,False,True,False,True,"[3, 2880, 2304]",5,5,True,True,PASS,
764,765,train/27e113d3d158dbdd548b534c26164e55.jpg,3072,3072,13,False,True,False,True,"[3, 3072, 3072]",13,13,True,True,PASS,
765,766,train/27e1d29f27cfe7f88225f4660e75615e.jpg,2452,2726,0,True,True,True,True,"[3, 2726, 2452]",0,0,True,True,PASS,
766,767,train/27e6678a92ac10ed461ddc9f04bd3fcf.jpg,2928,2852,6,False,True,False,True,"[3, 2852, 2928]",6,6,True,True,PASS,
767,768,train/27ea40d58f6894394fc2990d739a8c0e.jpg,2048,2500,14,False,True,False,True,"[3, 2500, 2048]",14,14,True,True,PASS,
768,769,train/27eeacb2cf6ea95a95e0c60a914d45a3.jpg,3072,3072,0,True,True,True,True,"[3, 3072, 3072]",0,0,True,True,PASS,
769,770,train/280266b12a3ac75cac7066556997e865.jpg,2982,3116,7,False,True,False,True,"[3, 3116, 2982]",7,7,True,True,PASS,
770,771,train/281070333d103fe4a02065d7f986b062.jpg,2416,3004,6,False,True,False,True,"[3, 3004, 2416]",6,6,True,True,PASS,
771,772,train/281ea309fd2fd61c9955f9d29c88a092.jpg,2680,3267,15,False,True,False,True,"[3, 3267, 2680]",15,15,True,True,PASS,
772,773,train/28439c0a4f24e1319b22dd12b8a56a14.jpg,2304,2880,11,False,True,False,True,"[3, 2880, 2304]",11,11,True,True,PASS,
773,774,train/285c4b227a6c923d674fa58fdfdd2eca.jpg,2304,2880,7,False,True,False,True,"[3, 2880, 2304]",7,7,True,True,PASS,
774,775,train/285cdfec4d725d327266833adf3ba9d5.jpg,2304,2880,5,False,True,False,True,"[3, 2880, 2304]",5,5,True,True,PASS,
775,776,train/2860567dbd5d3f2597072e0b0e45ccd6.jpg,2304,2880,22,False,True,False,True,"[3, 2880, 2304]",22,22,True,True,PASS,
776,777,train/2866813d0d8eeae54af11160adb68731.jpg,3079,3256,9,False,True,False,True,"[3, 3256, 3079]",9,9,True,True,PASS,
777,778,train/286d4f7bc4282b7dd5fae43ee06cfb8d.jpg,2452,2581,5,False,True,False,True,"[3, 2581, 2452]",5,5,True,True,PASS,
778,779,train/28711a5bb20257be65943b9374dfb3c3.jpg,2064,2464,7,False,True,False,True,"[3, 2464, 2064]",7,7,True,True,PASS,
779,780,train/2877640e69c0276243177a341ed74742.jpg,3075,3270,0,True,True,True,True,"[3, 3270, 3075]",0,0,True,True,PASS,
780,781,train/28896771fc2f06e7fe9444b125644731.jpg,2048,2500,5,False,True,False,True,"[3, 2500, 2048]",5,5,True,True,PASS,
781,782,train/28936b1a86428a44f356135a896b8627.jpg,2048,2500,9,False,True,False,True,"[3, 2500, 2048]",9,9,True,True,PASS,
782,783,train/2895afe060760a377fea0d6c8fcbf9d1.jpg,3072,3072,6,False,True,False,True,"[3, 3072, 3072]",6,6,True,True,PASS,
783,784,train/28c18bf8fcb6c11c5fbc7c00d9f5bacc.jpg,2340,2584,0,True,True,True,True,"[3, 2584, 2340]",0,0,True,True,PASS,
784,785,train/28c8730ff1714318eeabad15e3ae5c51.jpg,2304,2880,6,False,True,False,True,"[3, 2880, 2304]",6,6,True,True,PASS,
785,786,train/28d769becacfbdeebab6d3fda7322cf7.jpg,2540,3072,19,False,True,False,True,"[3, 3072, 2540]",19,19,True,True,PASS,
786,787,train/28eb28a9feba4a3fd37327417aba1ed7.jpg,3000,3000,3,False,True,False,True,"[3, 3000, 3000]",3,3,True,True,PASS,
787,788,train/28ff3d4ede34ff71de27c9091b25fc44.jpg,3072,3072,6,False,True,False,True,"[3, 3072, 3072]",6,6,True,True,PASS,
788,789,train/292cf1b34afba18402da0662070919cf.jpg,3072,3072,7,False,True,False,True,"[3, 3072, 3072]",7,7,True,True,PASS,
789,790,train/294c1b068fb6ecfd27f5106e744ddb4b.jpg,2504,2814,0,True,True,True,True,"[3, 2814, 2504]",0,0,True,True,PASS,
790,791,train/2954986a6bc846398d3cc9bc2297ed84.jpg,2759,3255,21,False,True,False,True,"[3, 3255, 2759]",21,21,True,True,PASS,
791,792,train/2988c0540fad8e078a609d7672525d5a.jpg,1994,2430,0,True,True,True,True,"[3, 2430, 1994]",0,0,True,True,PASS,
792,793,train/299057220a9508923d271ac70bff843b.jpg,2812,2991,6,False,True,False,True,"[3, 2991, 2812]",6,6,True,True,PASS,
793,794,train/299278f67dc5e40ee4fd003595c6e8d7.jpg,2304,2880,9,False,True,False,True,"[3, 2880, 2304]",9,9,True,True,PASS,
794,795,train/2998cdc708e79055543eb95842261f57.jpg,2314,2346,8,False,True,False,True,"[3, 2346, 2314]",8,8,True,True,PASS,
795,796,train/29c96058b2c5a8222b87dcaee1730469.jpg,1984,1912,7,False,True,False,True,"[3, 1912, 1984]",7,7,True,True,PASS,
796,797,train/29cf3341c2f0195c0faddcf2e640045b.jpg,1994,2430,0,True,True,True,True,"[3, 2430, 1994]",0,0,True,True,PASS,
797,798,train/29df463304de180282f55d13d254b409.jpg,2732,2865,4,False,True,False,True,"[3, 2865, 2732]",4,4,True,True,PASS,
798,799,train/29fd996e134b7e6658edb78f41022878.jpg,2733,3408,5,False,True,False,True,"[3, 3408, 2733]",5,5,True,True,PASS,
799,800,train/2a176d08f99af402c877cde732008c46.jpg,2304,2880,8,False,True,False,True,"[3, 2880, 2304]",8,8,True,True,PASS,
800,801,train/2a180035c17769657f1d89651ff4babd.jpg,2792,2520,9,False,True,False,True,"[3, 2520, 2792]",9,9,True,True,PASS,
801,802,train/2a18e11f1134a84a141b5d2f8284112c.jpg,1840,2064,6,False,True,False,True,"[3, 2064, 1840]",6,6,True,True,PASS,
802,803,train/2a2d24f9e9397ea669cf6ec9f850c367.jpg,2334,2500,8,False,True,False,True,"[3, 2500, 2334]",8,8,True,True,PASS,
803,804,train/2a3308874776a5824f84b6ec3fee10b1.jpg,2048,2500,8,False,True,False,True,"[3, 2500, 2048]",8,8,True,True,PASS,
804,805,train/2a335bf71ad32a097557e379b6113ce9.jpg,2817,2793,6,False,True,False,True,"[3, 2793, 2817]",6,6,True,True,PASS,
805,806,train/2a364dea24600221fb6208567bda008b.jpg,2540,3072,11,False,True,False,True,"[3, 3072, 2540]",11,11,True,True,PASS,
806,807,train/2a3cc19a099f06f80007cceb75d43bf0.jpg,2718,2940,0,True,True,True,True,"[3, 2940, 2718]",0,0,True,True,PASS,
807,808,train/2a3def0aa2b27bea4235348e5d4cf345.jpg,3041,2755,12,False,True,False,True,"[3, 2755, 3041]",12,12,True,True,PASS,
808,809,train/2a5abc6af72d3329b7155f17154132f9.jpg,2566,2759,6,False,True,False,True,"[3, 2759, 2566]",6,6,True,True,PASS,
809,810,train/2a6d1ced2d75a229ea936e5f2dbbbe32.jpg,2304,2880,8,False,True,False,True,"[3, 2880, 2304]",8,8,True,True,PASS,
810,811,train/2a7a75a118e112a3b655617f77a3009a.jpg,2304,2880,7,False,True,False,True,"[3, 2880, 2304]",7,7,True,True,PASS,
811,812,train/2a7e782ce2b8c998858e184637c3e9dd.jpg,2540,3072,3,False,True,False,True,"[3, 3072, 2540]",3,3,True,True,PASS,
812,813,train/2a848e44e179f5e9b7d708835cfa5109.jpg,2304,2880,8,False,True,False,True,"[3, 2880, 2304]",8,8,True,True,PASS,
813,814,train/2a8be2bd51a3851ed0ce9c84e9a62426.jpg,1981,2530,3,False,True,False,True,"[3, 2530, 1981]",3,3,True,True,PASS,
814,815,train/2a96255deafcf2f24bf9f266e1c12633.jpg,2343,2401,9,False,True,False,True,"[3, 2401, 2343]",9,9,True,True,PASS,
815,816,train/2aae4700188dd1842bb1851d714d7f38.jpg,2392,2924,6,False,True,False,True,"[3, 2924, 2392]",6,6,True,True,PASS,
816,817,train/2ab378a7f2524b5b5a7ea85b86f0b4ee.jpg,2540,3072,8,False,True,False,True,"[3, 3072, 2540]",8,8,True,True,PASS,
817,818,train/2ad18a594cbaf3c6d6145a7775829554.jpg,2940,3073,28,False,True,False,True,"[3, 3073, 2940]",28,28,True,True,PASS,
818,819,train/2ae73f853f1f9c23c2c9e200046665d1.jpg,2541,2419,5,False,True,False,True,"[3, 2419, 2541]",5,5,True,True,PASS,
819,820,train/2aeb88a0d7394443e815a4b3e15399d4.jpg,2540,3072,5,False,True,False,True,"[3, 3072, 2540]",5,5,True,True,PASS,
820,821,train/2b0d2503cdaa8d34ad9a82cf4fdb546e.jpg,2304,2880,5,False,True,False,True,"[3, 2880, 2304]",5,5,True,True,PASS,
821,822,train/2b0fb0afde2742c14c1c967cdcb20969.jpg,2048,2500,6,False,True,False,True,"[3, 2500, 2048]",6,6,True,True,PASS,
822,823,train/2b24fc9d451749e2edfc5ff60be60192.jpg,2304,2880,11,False,True,False,True,"[3, 2880, 2304]",11,11,True,True,PASS,
823,824,train/2b49559acd55fecfe38a55ca0ed0bf68.jpg,2304,2880,5,False,True,False,True,"[3, 2880, 2304]",5,5,True,True,PASS,
824,825,train/2b4d362bb4e5eb4c37b13b9eaa1ca079.jpg,2600,3008,6,False,True,False,True,"[3, 3008, 2600]",6,6,True,True,PASS,
825,826,train/2b5284b043c6459e1e1e0a4a328cad79.jpg,2540,3072,22,False,True,False,True,"[3, 3072, 2540]",22,22,True,True,PASS,
826,827,train/2b55e75bee255de5460976f84d18b76f.jpg,1936,2360,0,True,True,True,True,"[3, 2360, 1936]",0,0,True,True,PASS,
827,828,train/2b5b141ce31a62f9b997052a3ca73128.jpg,2032,2176,6,False,True,False,True,"[3, 2176, 2032]",6,6,True,True,PASS,
828,829,train/2b658b536fb15c22f623c3d6672b64d0.jpg,3320,2869,23,False,True,False,True,"[3, 2869, 3320]",23,23,True,True,PASS,
829,830,train/2b6b881ebefa187a82a2a51ea677298c.jpg,2783,3154,6,False,True,False,True,"[3, 3154, 2783]",6,6,True,True,PASS,
830,831,train/2b6ec0aa221b1f430e8f5cb1696844dd.jpg,2540,3072,9,False,True,False,True,"[3, 3072, 2540]",9,9,True,True,PASS,
831,832,train/2b8a0c8760862e0bd6dbac062d421396.jpg,3072,3072,11,False,True,False,True,"[3, 3072, 3072]",11,11,True,True,PASS,
832,833,train/2b8cead1c95f1a83f7ea7f7b92f398e4.jpg,2642,3170,0,True,True,True,True,"[3, 3170, 2642]",0,0,True,True,PASS,
833,834,train/2b8d23b406077cd35596765abe6930c8.jpg,2330,2597,3,False,True,False,True,"[3, 2597, 2330]",3,3,True,True,PASS,
834,835,train/2ba459709d0d25824e0baf9f6d4f94e6.jpg,2648,3264,7,False,True,False,True,"[3, 3264, 2648]",7,7,True,True,PASS,
835,836,train/2ba839f1e3d3c2d8760c11ccb7e3f01c.jpg,2048,2448,6,False,True,False,True,"[3, 2448, 2048]",6,6,True,True,PASS,
836,837,train/2bac12b65fe143e0d0a4b56b320782e8.jpg,1920,2152,10,False,True,False,True,"[3, 2152, 1920]",10,10,True,True,PASS,
837,838,train/2bcbeee6ac875c40fd3adc070a35f46b.jpg,2661,2899,9,False,True,False,True,"[3, 2899, 2661]",9,9,True,True,PASS,
838,839,train/2be0cff9073424bcaf946885d1c1adf5.jpg,2304,2880,6,False,True,False,True,"[3, 2880, 2304]",6,6,True,True,PASS,
839,840,train/2be93a3c2bd9a086a39c3806e1811356.jpg,2605,2984,8,False,True,False,True,"[3, 2984, 2605]",8,8,True,True,PASS,
840,841,train/2beb474652da324c06ca0267cc903c1e.jpg,2304,2880,6,False,True,False,True,"[3, 2880, 2304]",6,6,True,True,PASS,
841,842,train/2bec7ab41bfb8b797483fb5af80ace2e.jpg,2500,2048,6,False,True,False,True,"[3, 2048, 2500]",6,6,True,True,PASS,
842,843,train/2c0ecdf04ffe35c6031fe2ae2b3a36f4.jpg,2336,2836,0,True,True,True,True,"[3, 2836, 2336]",0,0,True,True,PASS,
843,844,train/2c2551cc5f69dc282a7dea8202492a85.jpg,2336,2836,0,True,True,True,True,"[3, 2836, 2336]",0,0,True,True,PASS,
844,845,train/2c3979232fe659fb46d4ca12263e75d0.jpg,2540,3072,5,False,True,False,True,"[3, 3072, 2540]",5,5,True,True,PASS,
845,846,train/2c42c054b21c3a7ff91f13e3b43e5418.jpg,2885,2772,8,False,True,False,True,"[3, 2772, 2885]",8,8,True,True,PASS,
846,847,train/2c475d89c90a50567ba0cf5ddd62f68a.jpg,3072,3072,13,False,True,False,True,"[3, 3072, 3072]",13,13,True,True,PASS,
847,848,train/2c535167a6a1466c54bc62eb6100f577.jpg,2304,2880,3,False,True,False,True,"[3, 2880, 2304]",3,3,True,True,PASS,
848,849,train/2c5d9c4fdfc633cb9a6af8ead0c45f19.jpg,2016,2448,5,False,True,False,True,"[3, 2448, 2016]",5,5,True,True,PASS,
849,850,train/2c6c48665c4d007b795cbcb57da481bd.jpg,2659,3346,0,True,True,True,True,"[3, 3346, 2659]",0,0,True,True,PASS,
850,851,train/2c74f4196862f688266048d27224464d.jpg,2424,2822,4,False,True,False,True,"[3, 2822, 2424]",4,4,True,True,PASS,
851,852,train/2c7fbcdc37fba555a38a39db3d9e41a5.jpg,1994,2430,0,True,True,True,True,"[3, 2430, 1994]",0,0,True,True,PASS,
852,853,train/2c8015354af1a7509937c82f2979ba49.jpg,3072,3072,8,False,True,False,True,"[3, 3072, 3072]",8,8,True,True,PASS,
853,854,train/2c892bb46e4187bddce8fe179d7225dc.jpg,2648,2968,6,False,True,False,True,"[3, 2968, 2648]",6,6,True,True,PASS,
854,855,train/2c8f7823a733497e98add3125db370cf.jpg,2540,3072,13,False,True,False,True,"[3, 3072, 2540]",13,13,True,True,PASS,
855,856,train/2cb170e77545abd5b7992c83865eb690.jpg,2513,3408,3,False,True,False,True,"[3, 3408, 2513]",3,3,True,True,PASS,
856,857,train/2cb21c7b25708742a6eed6ba4a59e6eb.jpg,2530,2797,8,False,True,False,True,"[3, 2797, 2530]",8,8,True,True,PASS,
857,858,train/2cb442312ff65f3255923b38dc6dc2fa.jpg,3072,3072,8,False,True,False,True,"[3, 3072, 3072]",8,8,True,True,PASS,
858,859,train/2cb59fe7e250f3e883c884e726719115.jpg,3072,3072,5,False,True,False,True,"[3, 3072, 3072]",5,5,True,True,PASS,
859,860,train/2cd31f05e3d0a2ebdf33e7a90fdc95ac.jpg,2048,2500,3,False,True,False,True,"[3, 2500, 2048]",3,3,True,True,PASS,
860,861,train/2ce046da31101c578df3349c36f325a1.jpg,2304,2880,10,False,True,False,True,"[3, 2880, 2304]",10,10,True,True,PASS,
861,862,train/2ceaa4c6e93b4496df1831cccc3e433a.jpg,2048,2500,6,False,True,False,True,"[3, 2500, 2048]",6,6,True,True,PASS,
862,863,train/2cf24e4b4380252c4dc94a0e63bed062.jpg,3072,3072,5,False,True,False,True,"[3, 3072, 3072]",5,5,True,True,PASS,
863,864,train/2d063af5457785f5c76ae1e6c06c0037.jpg,2048,2500,15,False,True,False,True,"[3, 2500, 2048]",15,15,True,True,PASS,
864,865,train/2d13fc4ff7c24e1110fa0c5593e7c3e7.jpg,2596,2960,3,False,True,False,True,"[3, 2960, 2596]",3,3,True,True,PASS,
865,866,train/2d377f5b2bd10b8ead268046859d939a.jpg,2304,2880,8,False,True,False,True,"[3, 2880, 2304]",8,8,True,True,PASS,
866,867,train/2d4076277667dd84c623c7877ceeefff.jpg,2208,2560,4,False,True,False,True,"[3, 2560, 2208]",4,4,True,True,PASS,
867,868,train/2d40e0cc7dca11e4b2d8574532096c31.jpg,2336,2836,0,True,True,True,True,"[3, 2836, 2336]",0,0,True,True,PASS,
868,869,train/2d4a3f928bbd1cf6cec20fc617af2fa3.jpg,2304,2880,10,False,True,False,True,"[3, 2880, 2304]",10,10,True,True,PASS,
869,870,train/2d5241a2f2800671da3f56606fe86d60.jpg,3000,3000,0,True,True,True,True,"[3, 3000, 3000]",0,0,True,True,PASS,
870,871,train/2d530b729f6935d54ca504c92ffeaa3c.jpg,2540,3072,6,False,True,False,True,"[3, 3072, 2540]",6,6,True,True,PASS,
871,872,train/2d56555f99586d0c8c6e31ab33297c25.jpg,3072,3072,6,False,True,False,True,"[3, 3072, 3072]",6,6,True,True,PASS,
872,873,train/2d64ca640df9686f4d2f6152b6ca74ab.jpg,2540,3072,6,False,True,False,True,"[3, 3072, 2540]",6,6,True,True,PASS,
873,874,train/2d6c36cb32352b891ef90fb11f3215f7.jpg,2304,2880,6,False,True,False,True,"[3, 2880, 2304]",6,6,True,True,PASS,
874,875,train/2d6d1b01427ec2acbdbc2149559585fa.jpg,2698,3120,0,True,True,True,True,"[3, 3120, 2698]",0,0,True,True,PASS,
875,876,train/2d817e7d481f611ed33a74e5cba97550.jpg,2304,2880,8,False,True,False,True,"[3, 2880, 2304]",8,8,True,True,PASS,
876,877,train/2d914572fd6d5cd4b158067b5a1eda1e.jpg,3072,3072,3,False,True,False,True,"[3, 3072, 3072]",3,3,True,True,PASS,
877,878,train/2d9dbcfad0e6a4bfeae0c6fe1f780d98.jpg,3050,2912,4,False,True,False,True,"[3, 2912, 3050]",4,4,True,True,PASS,
878,879,train/2da795e38db0e7086e2479f7aaf1e631.jpg,3072,2958,5,False,True,False,True,"[3, 2958, 3072]",5,5,True,True,PASS,
879,880,train/2dae0b56a64f3708706e63711d970243.jpg,2660,2992,10,False,True,False,True,"[3, 2992, 2660]",10,10,True,True,PASS,
880,881,train/2dd5e1ec060f1389e24a4caffa6d534e.jpg,2540,3072,18,False,True,False,True,"[3, 3072, 2540]",18,18,True,True,PASS,
881,882,train/2de0585a5eea24c7e8672fcd70da26b4.jpg,1768,2280,3,False,True,False,True,"[3, 2280, 1768]",3,3,True,True,PASS,
882,883,train/2df96190b0062c04b4dad588079c4caf.jpg,2304,2880,12,False,True,False,True,"[3, 2880, 2304]",12,12,True,True,PASS,
883,884,train/2e02414c9f4b2b23a7761fe8c2b3bc93.jpg,2880,2411,4,False,True,False,True,"[3, 2411, 2880]",4,4,True,True,PASS,
884,885,train/2e14a1d545fe84fb87891640ba990781.jpg,2304,2880,8,False,True,False,True,"[3, 2880, 2304]",8,8,True,True,PASS,
885,886,train/2e1571fc9e41f68fcc84b6094d664416.jpg,2592,3128,21,False,True,False,True,"[3, 3128, 2592]",21,21,True,True,PASS,
886,887,train/2e285b95faad220e17e6cbfbe514733e.jpg,2048,2500,28,False,True,False,True,"[3, 2500, 2048]",28,28,True,True,PASS,
887,888,train/2e31b4459572dee5881ec70c7b46dcab.jpg,2048,2500,11,False,True,False,True,"[3, 2500, 2048]",11,11,True,True,PASS,
888,889,train/2e37a70ea49570b31cb4b83e5a109a7e.jpg,3072,3072,9,False,True,False,True,"[3, 3072, 3072]",9,9,True,True,PASS,
889,890,train/2e426ab34288f1f7edba1c73feb45a05.jpg,2096,2456,5,False,True,False,True,"[3, 2456, 2096]",5,5,True,True,PASS,
890,891,train/2e4419b8c1f923cff2781be045f4e0d5.jpg,2389,2953,0,True,True,True,True,"[3, 2953, 2389]",0,0,True,True,PASS,
891,892,train/2e4b0a0fb7faf81bc42b46c3247ae8ad.jpg,3072,2900,6,False,True,False,True,"[3, 2900, 3072]",6,6,True,True,PASS,
892,893,train/2e62a91d3bdb8e212af2518125eb9dbc.jpg,2614,3408,7,False,True,False,True,"[3, 3408, 2614]",7,7,True,True,PASS,
893,894,train/2e6afc683a445f6e88ab4a101618f718.jpg,2888,3072,6,False,True,False,True,"[3, 3072, 2888]",6,6,True,True,PASS,
894,895,train/2e7b51cf120ec59d369331d09bba34b8.jpg,2881,3084,14,False,True,False,True,"[3, 3084, 2881]",14,14,True,True,PASS,
895,896,train/2e846b1cde620c95fbb326a4bae3d9df.jpg,3072,3072,5,False,True,False,True,"[3, 3072, 3072]",5,5,True,True,PASS,
896,897,train/2e968b23fc1bc1150bf1943e1b53b031.jpg,2336,2836,0,True,True,True,True,"[3, 2836, 2336]",0,0,True,True,PASS,
897,898,train/2e9caf35e4c86be7006e6588b6e56985.jpg,2971,3408,0,True,True,True,True,"[3, 3408, 2971]",0,0,True,True,PASS,
898,899,train/2e9cb16d1950ad82347cade9cacedc8b.jpg,2048,2500,5,False,True,False,True,"[3, 2500, 2048]",5,5,True,True,PASS,
899,900,train/2ea80a706ffc413d3c8d8c666e869c43.jpg,1994,2430,0,True,True,True,True,"[3, 2430, 1994]",0,0,True,True,PASS,
900,901,train/2ebb05b4c603d590854c621fa4f1fd5c.jpg,2350,2832,8,False,True,False,True,"[3, 2832, 2350]",8,8,True,True,PASS,
901,902,train/2f04c078e7bb7c23addf7464f7c4e925.jpg,2304,2880,9,False,True,False,True,"[3, 2880, 2304]",9,9,True,True,PASS,
902,903,train/2f111f79e145a2062200644c1e77dbd4.jpg,2540,3072,5,False,True,False,True,"[3, 3072, 2540]",5,5,True,True,PASS,
903,904,train/2f1d0d633adb6d339736aa2bb9e2fcb7.jpg,2414,2763,6,False,True,False,True,"[3, 2763, 2414]",6,6,True,True,PASS,
904,905,train/2f3264d3c0a52bb2e280855bcfd35733.jpg,3000,3000,3,False,True,False,True,"[3, 3000, 3000]",3,3,True,True,PASS,
905,906,train/2f35a721ceb1f89cbbd33ade57b32f4e.jpg,2723,3281,11,False,True,False,True,"[3, 3281, 2723]",11,11,True,True,PASS,
906,907,train/2f3bb25eb6ae1a19b982c6ba56f725e2.jpg,2304,2880,9,False,True,False,True,"[3, 2880, 2304]",9,9,True,True,PASS,
907,908,train/2f3f84ed97b4ae346a990e843d929f9d.jpg,2304,2880,14,False,True,False,True,"[3, 2880, 2304]",14,14,True,True,PASS,
908,909,train/2f4573aa154b6ee5f4ba4dc90626f5ec.jpg,3072,3072,16,False,True,False,True,"[3, 3072, 3072]",16,16,True,True,PASS,
909,910,train/2f479f67c2228f246b889508f794b785.jpg,1968,2608,3,False,True,False,True,"[3, 2608, 1968]",3,3,True,True,PASS,
910,911,train/2f4adab67a67f3ee8322175840092fe5.jpg,2784,3272,14,False,True,False,True,"[3, 3272, 2784]",14,14,True,True,PASS,
911,912,train/2f4bc0f22545fa58a89bfa13cc083191.jpg,3072,3072,4,False,True,False,True,"[3, 3072, 3072]",4,4,True,True,PASS,
912,913,train/2f4f119515e7a3c9b76c704caf75976f.jpg,2208,2688,6,False,True,False,True,"[3, 2688, 2208]",6,6,True,True,PASS,
913,914,train/2f5a3aa315379bb01b8b4c9a1ece8e2e.jpg,2304,2880,13,False,True,False,True,"[3, 2880, 2304]",13,13,True,True,PASS,
914,915,train/2f5a677d35532e18388a9993ca166a80.jpg,2783,2831,3,False,True,False,True,"[3, 2831, 2783]",3,3,True,True,PASS,
915,916,train/2fa41afdcc3955d6ab0bdc5656caa0d1.jpg,2304,2880,4,False,True,False,True,"[3, 2880, 2304]",4,4,True,True,PASS,
916,917,train/2fa7906cc0d122c8ef0a654409b5e1d2.jpg,2540,3072,7,False,True,False,True,"[3, 3072, 2540]",7,7,True,True,PASS,
917,918,train/2fd3d0e3b5de5535994ac58f2bd175da.jpg,1992,2264,5,False,True,False,True,"[3, 2264, 1992]",5,5,True,True,PASS,
918,919,train/2fd65c3d2a4c8d35293784167c7a2348.jpg,2350,2912,3,False,True,False,True,"[3, 2912, 2350]",3,3,True,True,PASS,
919,920,train/2fdd72337c9a875cf679564355b4bef2.jpg,2823,2947,6,False,True,False,True,"[3, 2947, 2823]",6,6,True,True,PASS,
920,921,train/2ffbc003cbd77857cd7ec7a69d8f6ce8.jpg,2311,2461,3,False,True,False,True,"[3, 2461, 2311]",3,3,True,True,PASS,
921,922,train/3005e709b7711027df25c715b6ebff02.jpg,2500,2984,6,False,True,False,True,"[3, 2984, 2500]",6,6,True,True,PASS,
922,923,train/300f0557394e4f85b5704774106a2067.jpg,2048,2500,3,False,True,False,True,"[3, 2500, 2048]",3,3,True,True,PASS,
923,924,train/30174f91133f986dd4f8f95d2b2d92b2.jpg,2760,2752,8,False,True,False,True,"[3, 2752, 2760]",8,8,True,True,PASS,
924,925,train/3024b7dc8e38999c16ab20ed51c7aa2e.jpg,2304,2880,13,False,True,False,True,"[3, 2880, 2304]",13,13,True,True,PASS,
925,926,train/30303a4b9ba969bea4e676cbd4a2496c.jpg,2477,2657,10,False,True,False,True,"[3, 2657, 2477]",10,10,True,True,PASS,
926,927,train/3033cf4aadc4811b5e714fb3fe295a4e.jpg,2304,2880,7,False,True,False,True,"[3, 2880, 2304]",7,7,True,True,PASS,
927,928,train/303e0a9c848a6f2697622543d6de3364.jpg,2304,2880,8,False,True,False,True,"[3, 2880, 2304]",8,8,True,True,PASS,
928,929,train/30466896de60f54644199811cfb542f1.jpg,2048,2500,0,True,True,True,True,"[3, 2500, 2048]",0,0,True,True,PASS,
929,930,train/3052424d097d8b94d387a20248639d47.jpg,3156,2954,27,False,True,False,True,"[3, 2954, 3156]",27,27,True,True,PASS,
930,931,train/305c85dddfdddac905f288a8106ca371.jpg,2304,2880,17,False,True,False,True,"[3, 2880, 2304]",17,17,True,True,PASS,
931,932,train/305e4add9c72c91e9984305bf4e85aee.jpg,2304,2880,14,False,True,False,True,"[3, 2880, 2304]",14,14,True,True,PASS,
932,933,train/306d35d649f4fe90bec5b21eb3d8c42f.jpg,2304,2880,4,False,True,False,True,"[3, 2880, 2304]",4,4,True,True,PASS,
933,934,train/306ed332a8e21425894424f73c17b11f.jpg,2304,2880,9,False,True,False,True,"[3, 2880, 2304]",9,9,True,True,PASS,
934,935,train/30732ad387fb4f2429a6c5b965910869.jpg,2540,3072,3,False,True,False,True,"[3, 3072, 2540]",3,3,True,True,PASS,
935,936,train/3095cc822fe5a15e277499c62b74d58e.jpg,2867,3162,0,True,True,True,True,"[3, 3162, 2867]",0,0,True,True,PASS,
936,937,train/309ca3d3a6991e2a001d75f734d88099.jpg,3320,3408,3,False,True,False,True,"[3, 3408, 3320]",3,3,True,True,PASS,
937,938,train/30a08276cab4bd3ba231b2307341b987.jpg,2872,3281,12,False,True,False,True,"[3, 3281, 2872]",12,12,True,True,PASS,
938,939,train/30c105116d347c2f1107e206362dd949.jpg,2540,3072,4,False,True,False,True,"[3, 3072, 2540]",4,4,True,True,PASS,
939,940,train/30c34393c4ba548104b8a65aa2fd76bb.jpg,3072,3072,5,False,True,False,True,"[3, 3072, 3072]",5,5,True,True,PASS,
940,941,train/30cf440566432d0f579a2a10bb3f3bf3.jpg,2304,2880,10,False,True,False,True,"[3, 2880, 2304]",10,10,True,True,PASS,
941,942,train/30d01b42c2a0495ceea5873455e4c4e4.jpg,2304,2880,12,False,True,False,True,"[3, 2880, 2304]",12,12,True,True,PASS,
942,943,train/30d24189cf005a9baf02929afd518832.jpg,2551,3255,4,False,True,False,True,"[3, 3255, 2551]",4,4,True,True,PASS,
943,944,train/30d70dcb9b7a5d7e9028326954feaa35.jpg,2048,2500,8,False,True,False,True,"[3, 2500, 2048]",8,8,True,True,PASS,
944,945,train/3105bf6d00f6c2164ea9285b20692df5.jpg,2304,2880,6,False,True,False,True,"[3, 2880, 2304]",6,6,True,True,PASS,
945,946,train/310a5c5df24cacd7bfc923cf0ce2f310.jpg,2689,3022,17,False,True,False,True,"[3, 3022, 2689]",17,17,True,True,PASS,
946,947,train/310c786eccfed6cb9c04cf9e2d31a5fa.jpg,1896,2320,6,False,True,False,True,"[3, 2320, 1896]",6,6,True,True,PASS,
947,948,train/3115c1b6368f91b45f691edbd63f1a78.jpg,2810,2992,11,False,True,False,True,"[3, 2992, 2810]",11,11,True,True,PASS,
948,949,train/3116e8acc9b97d7a581ea891ae9bed80.jpg,2048,2500,4,False,True,False,True,"[3, 2500, 2048]",4,4,True,True,PASS,
949,950,train/3122e82023dd28ef2ab4595f948e0e17.jpg,3072,3072,6,False,True,False,True,"[3, 3072, 3072]",6,6,True,True,PASS,
950,951,train/3124a602cb56b2a41271a8b658410457.jpg,2304,2880,11,False,True,False,True,"[3, 2880, 2304]",11,11,True,True,PASS,
951,952,train/3126f384167edfe4650413888feb60f1.jpg,2304,2880,6,False,True,False,True,"[3, 2880, 2304]",6,6,True,True,PASS,
952,953,train/3140eff61d10b2a6f29512a73f9f8022.jpg,3072,3072,4,False,True,False,True,"[3, 3072, 3072]",4,4,True,True,PASS,
953,954,train/3143c4090b404863d57a355e61585d0b.jpg,2304,2880,6,False,True,False,True,"[3, 2880, 2304]",6,6,True,True,PASS,
954,955,train/314517b694426a160b93fcdf447fa355.jpg,1928,2280,6,False,True,False,True,"[3, 2280, 1928]",6,6,True,True,PASS,
955,956,train/3145bee8f1346fa89938289eedd7b05c.jpg,2698,2610,8,False,True,False,True,"[3, 2610, 2698]",8,8,True,True,PASS,
956,957,train/314b28b21a620ea16d0de1103157b37d.jpg,2544,2272,12,False,True,False,True,"[3, 2272, 2544]",12,12,True,True,PASS,
957,958,train/315677bd3e1ac182188b6a16490695d2.jpg,2304,2880,7,False,True,False,True,"[3, 2880, 2304]",7,7,True,True,PASS,
958,959,train/3156a168acb759ef3257ea5a5d788a91.jpg,2540,3072,3,False,True,False,True,"[3, 3072, 2540]",3,3,True,True,PASS,
959,960,train/3156b5feb62ed8cfdafef21f1f82a6c1.jpg,3072,3072,11,False,True,False,True,"[3, 3072, 3072]",11,11,True,True,PASS,
960,961,train/315749c6f7397c42913f97db8388f4c2.jpg,2088,2232,8,False,True,False,True,"[3, 2232, 2088]",8,8,True,True,PASS,
961,962,train/3167f8c1907895bbfcd0effb6b25ce5a.jpg,3004,3256,8,False,True,False,True,"[3, 3256, 3004]",8,8,True,True,PASS,
962,963,train/316b07c8233162f6c57b23d94b823ea8.jpg,2540,3072,19,False,True,False,True,"[3, 3072, 2540]",19,19,True,True,PASS,
963,964,train/316ce67a6c95d104d5864cf2f30786bc.jpg,2638,2555,12,False,True,False,True,"[3, 2555, 2638]",12,12,True,True,PASS,
964,965,train/316f325969fa2dfb24fb9706c34fa0a8.jpg,3003,2916,6,False,True,False,True,"[3, 2916, 3003]",6,6,True,True,PASS,
965,966,train/317507bb22f6c10f4f08e8666c0f6ff8.jpg,2304,2880,6,False,True,False,True,"[3, 2880, 2304]",6,6,True,True,PASS,
966,967,train/31873abb42a5af56c33d1681971d014b.jpg,2304,2880,24,False,True,False,True,"[3, 2880, 2304]",24,24,True,True,PASS,
967,968,train/31901b2d1d2eb92c235f47f498b907c0.jpg,1920,2336,5,False,True,False,True,"[3, 2336, 1920]",5,5,True,True,PASS,
968,969,train/319781be30659abddca9230f0bca5311.jpg,2392,2858,6,False,True,False,True,"[3, 2858, 2392]",6,6,True,True,PASS,
969,970,train/31a2b39d2a73f406dbef13c7cd023eb0.jpg,3072,3072,11,False,True,False,True,"[3, 3072, 3072]",11,11,True,True,PASS,
970,971,train/31ab750de5cb0c76b49d45ab1d2186a6.jpg,2517,3028,5,False,True,False,True,"[3, 3028, 2517]",5,5,True,True,PASS,
971,972,train/31b94fc39e55c2494665e6a7ffde03b1.jpg,2906,3222,3,False,True,False,True,"[3, 3222, 2906]",3,3,True,True,PASS,
972,973,train/31bdfdc7f6e09f2df77cefac8e857518.jpg,2048,2500,13,False,True,False,True,"[3, 2500, 2048]",13,13,True,True,PASS,
973,974,train/31ffa866e091965da25a408b4cc7d0db.jpg,2304,2880,8,False,True,False,True,"[3, 2880, 2304]",8,8,True,True,PASS,
974,975,train/320636f4d907fe2a72073b7b5fe33f86.jpg,2548,2940,4,False,True,False,True,"[3, 2940, 2548]",4,4,True,True,PASS,
975,976,train/320ec834b1f64d745ebb19de0cfc184d.jpg,2724,2980,8,False,True,False,True,"[3, 2980, 2724]",8,8,True,True,PASS,
976,977,train/321c111713c3ee5385db0effb54ff568.jpg,2304,2880,5,False,True,False,True,"[3, 2880, 2304]",5,5,True,True,PASS,
977,978,train/321f7e75a35ff3b3cb8a4cfb0ab266c2.jpg,3072,2842,0,True,True,True,True,"[3, 2842, 3072]",0,0,True,True,PASS,
978,979,train/322976528934fc60a595afd9a1bc656d.jpg,2838,2823,8,False,True,False,True,"[3, 2823, 2838]",8,8,True,True,PASS,
979,980,train/322c95c6c1933b38440b167705248747.jpg,2048,2500,0,True,True,True,True,"[3, 2500, 2048]",0,0,True,True,PASS,
980,981,train/323029b8a64431ac83ea6c71804f42c9.jpg,2304,2880,5,False,True,False,True,"[3, 2880, 2304]",5,5,True,True,PASS,
981,982,train/32459f62247d44d5da83192aa03400e4.jpg,1984,2264,10,False,True,False,True,"[3, 2264, 1984]",10,10,True,True,PASS,
982,983,train/324c908cb345ed14be7a468a56f1ceba.jpg,2304,2880,13,False,True,False,True,"[3, 2880, 2304]",13,13,True,True,PASS,
983,984,train/325fece9273ff0bf0ea08a42fe24626d.jpg,3072,3072,11,False,True,False,True,"[3, 3072, 3072]",11,11,True,True,PASS,
984,985,train/326f5799de625f4fddd67b9c7827bfe5.jpg,3110,2903,4,False,True,False,True,"[3, 2903, 3110]",4,4,True,True,PASS,
985,986,train/32712661995a66ff7b5193dd351ce5d3.jpg,2205,2372,0,True,True,True,True,"[3, 2372, 2205]",0,0,True,True,PASS,
986,987,train/3283c0e38a77249f38ca0c949862726a.jpg,2304,2880,6,False,True,False,True,"[3, 2880, 2304]",6,6,True,True,PASS,
987,988,train/328a03f1cf631960207c6f6f3026bdb1.jpg,3072,3072,15,False,True,False,True,"[3, 3072, 3072]",15,15,True,True,PASS,
988,989,train/328c2e4790fad49004a3bf14be3a51c6.jpg,3072,3072,12,False,True,False,True,"[3, 3072, 3072]",12,12,True,True,PASS,
989,990,train/32c05ef69ce090ebbdaa6741c21afc01.jpg,2304,2880,11,False,True,False,True,"[3, 2880, 2304]",11,11,True,True,PASS,
990,991,train/32c5e37a0c5d6cc1eb4b9d23c46dab55.jpg,2048,2500,3,False,True,False,True,"[3, 2500, 2048]",3,3,True,True,PASS,
991,992,train/32d7d0b779485be0f92e8ef0f90cccdf.jpg,2208,2688,0,True,True,True,True,"[3, 2688, 2208]",0,0,True,True,PASS,
992,993,train/32e735ff23d1c5bf5d2d1aa51937ca82.jpg,2304,2880,5,False,True,False,True,"[3, 2880, 2304]",5,5,True,True,PASS,
993,994,train/32ed4f132b9f0077a309b0d91fc944e2.jpg,2838,3052,11,False,True,False,True,"[3, 3052, 2838]",11,11,True,True,PASS,
994,995,train/32f643fbd7e99181193edf3720888743.jpg,2517,3028,0,True,True,True,True,"[3, 3028, 2517]",0,0,True,True,PASS,
995,996,train/330056253f0b74a0808722e9f38ab46b.jpg,2304,2880,5,False,True,False,True,"[3, 2880, 2304]",5,5,True,True,PASS,
996,997,train/330423a5c20c1fab3ba43d966bd6e2e5.jpg,2304,2880,10,False,True,False,True,"[3, 2880, 2304]",10,10,True,True,PASS,
997,998,train/330b3939ea1fe042ad347e8d02abc393.jpg,2304,2880,11,False,True,False,True,"[3, 2880, 2304]",11,11,True,True,PASS,
998,999,train/3312ab0661750f9899b4589eae97731a.jpg,2540,3072,15,False,True,False,True,"[3, 3072, 2540]",15,15,True,True,PASS,
999,1000,train/332f505a735ca0961e7128fc0f166a5c.jpg,2261,2695,6,False,True,False,True,"[3, 2695, 2261]",6,6,True,True,PASS,
1000,1001,train/333a3070db2ef61c7b621e92d370d5c0.jpg,2304,2880,9,False,True,False,True,"[3, 2880, 2304]",9,9,True,True,PASS,
1001,1002,train/333e2b073ea86a0bd0273a7a60ac0dbe.jpg,2368,2937,6,False,True,False,True,"[3, 2937, 2368]",6,6,True,True,PASS,
1002,1003,train/33403064ce25caa5fda270e6158c6b03.jpg,3072,3072,6,False,True,False,True,"[3, 3072, 3072]",6,6,True,True,PASS,
1003,1004,train/3349c0d8861ff59db82c4e6f1d10705a.jpg,2056,2592,17,False,True,False,True,"[3, 2592, 2056]",17,17,True,True,PASS,
1004,1005,train/335c54cca869510a063780bc0fba7ede.jpg,2694,2789,5,False,True,False,True,"[3, 2789, 2694]",5,5,True,True,PASS,
1005,1006,train/3362408dd6a238f4bc0660e763f37e94.jpg,2304,2880,6,False,True,False,True,"[3, 2880, 2304]",6,6,True,True,PASS,
1006,1007,train/3368f56c5e66bc4f6111b5cf5d701f30.jpg,2048,2500,6,False,True,False,True,"[3, 2500, 2048]",6,6,True,True,PASS,
1007,1008,train/336b63df1d774eb3f819e5405feb4fa5.jpg,2304,2880,5,False,True,False,True,"[3, 2880, 2304]",5,5,True,True,PASS,
1008,1009,train/3378210c38d195ff5a7e3b612cded052.jpg,2048,2500,0,True,True,True,True,"[3, 2500, 2048]",0,0,True,True,PASS,
1009,1010,train/3387caf8482024c8887d0a95b4fa0245.jpg,3072,3072,6,False,True,False,True,"[3, 3072, 3072]",6,6,True,True,PASS,
1010,1011,train/33911feed1282c67d5096d50d9070592.jpg,3072,3072,12,False,True,False,True,"[3, 3072, 3072]",12,12,True,True,PASS,
1011,1012,train/339bd65420300e35fa74ef9a042cb778.jpg,3105,3124,11,False,True,False,True,"[3, 3124, 3105]",11,11,True,True,PASS,
1012,1013,train/33a32faebb8177b05000fd34659f0ed6.jpg,2304,2880,5,False,True,False,True,"[3, 2880, 2304]",5,5,True,True,PASS,
1013,1014,train/33b032af243d6b7db06155b99964cbd2.jpg,2304,2880,4,False,True,False,True,"[3, 2880, 2304]",4,4,True,True,PASS,
1014,1015,train/33bcd2002f1d92524e489a70b48aaf38.jpg,2700,2944,7,False,True,False,True,"[3, 2944, 2700]",7,7,True,True,PASS,
1015,1016,train/33c856f133a5a726ffc26fe36d451518.jpg,3012,2971,5,False,True,False,True,"[3, 2971, 3012]",5,5,True,True,PASS,
1016,1017,train/33cf3f2f72ca3c8480456091f6ccedfb.jpg,2304,2880,8,False,True,False,True,"[3, 2880, 2304]",8,8,True,True,PASS,
1017,1018,train/33d11e9c98ade6b3937407364fd07103.jpg,2660,3149,16,False,True,False,True,"[3, 3149, 2660]",16,16,True,True,PASS,
1018,1019,train/33db2b371f7527ae2cd349abe5a7c062.jpg,2304,2880,7,False,True,False,True,"[3, 2880, 2304]",7,7,True,True,PASS,
1019,1020,train/343e1bdfaa62eb9f0148e3cd32aab124.jpg,3072,3072,10,False,True,False,True,"[3, 3072, 3072]",10,10,True,True,PASS,
1020,1021,train/3441c644b35ade894f7a773095219d4f.jpg,2600,2728,8,False,True,False,True,"[3, 2728, 2600]",8,8,True,True,PASS,
1021,1022,train/34557d39d42d74a3355d509f340cfc8a.jpg,3320,2640,16,False,True,False,True,"[3, 2640, 3320]",16,16,True,True,PASS,
1022,1023,train/345639c3ba00cacecffade02ebad61ba.jpg,2324,2724,6,False,True,False,True,"[3, 2724, 2324]",6,6,True,True,PASS,
1023,1024,train/345eb9bedef2fdd0d6d16380ca43005e.jpg,2048,2500,0,True,True,True,True,"[3, 2500, 2048]",0,0,True,True,PASS,
1024,1025,train/3460c8020f8edd51b37ebc33f350d914.jpg,3072,3072,0,True,True,True,True,"[3, 3072, 3072]",0,0,True,True,PASS,
1025,1026,train/3469b1b71a43ca0b62f45805f80231b2.jpg,2208,2688,5,False,True,False,True,"[3, 2688, 2208]",5,5,True,True,PASS,
1026,1027,train/347180362348e522905047dde655b6d7.jpg,2048,2500,5,False,True,False,True,"[3, 2500, 2048]",5,5,True,True,PASS,
1027,1028,train/3479c81736f275a848b74d952ebfab29.jpg,2984,2525,8,False,True,False,True,"[3, 2525, 2984]",8,8,True,True,PASS,
1028,1029,train/34b63ee871b59cc84249bc3c3ec8a4bf.jpg,3072,3072,6,False,True,False,True,"[3, 3072, 3072]",6,6,True,True,PASS,
1029,1030,train/34bc3d49ab74c913ee2517f5e0f4e09e.jpg,2304,2880,7,False,True,False,True,"[3, 2880, 2304]",7,7,True,True,PASS,
1030,1031,train/34c1f477c3cdd534ef53de3c832f1ac4.jpg,2304,2880,13,False,True,False,True,"[3, 2880, 2304]",13,13,True,True,PASS,
1031,1032,train/34c80ab45be6a7d01ee5ee230967f3e1.jpg,3072,3072,19,False,True,False,True,"[3, 3072, 3072]",19,19,True,True,PASS,
1032,1033,train/34c83a38559d01f09ab25ee8ffc79511.jpg,3072,3072,7,False,True,False,True,"[3, 3072, 3072]",7,7,True,True,PASS,
1033,1034,train/34df7bfc75ed0a71f5fea716bdb421f8.jpg,1994,2430,0,True,True,True,True,"[3, 2430, 1994]",0,0,True,True,PASS,
1034,1035,train/34e22877dc637c756273febcdd660178.jpg,2647,3035,7,False,True,False,True,"[3, 3035, 2647]",7,7,True,True,PASS,
1035,1036,train/34e635f644f6d4853776e2d74357b239.jpg,2336,2836,0,True,True,True,True,"[3, 2836, 2336]",0,0,True,True,PASS,
1036,1037,train/34e730b3de639d75296d635521489b39.jpg,2304,2880,6,False,True,False,True,"[3, 2880, 2304]",6,6,True,True,PASS,
1037,1038,train/34e932d09ab7cbec0edaaf188dc8a407.jpg,2304,2880,3,False,True,False,True,"[3, 2880, 2304]",3,3,True,True,PASS,
1038,1039,train/34fa4687fe0cb1a46f70f407ef9c134b.jpg,2304,2880,4,False,True,False,True,"[3, 2880, 2304]",4,4,True,True,PASS,
1039,1040,train/3527884ce43d577c1cc449fc0f17f646.jpg,2304,2880,9,False,True,False,True,"[3, 2880, 2304]",9,9,True,True,PASS,
1040,1041,train/352ab0683046ce107942e9e477007b72.jpg,2304,2880,13,False,True,False,True,"[3, 2880, 2304]",13,13,True,True,PASS,
1041,1042,train/3531c673ad643e73b007a9e9a0a2aadf.jpg,2540,3072,4,False,True,False,True,"[3, 3072, 2540]",4,4,True,True,PASS,
1042,1043,train/353564207b9d09b26db607c43d99ce18.jpg,2304,2880,20,False,True,False,True,"[3, 2880, 2304]",20,20,True,True,PASS,
1043,1044,train/35388720c654dc329d698234c3205892.jpg,2540,3072,6,False,True,False,True,"[3, 3072, 2540]",6,6,True,True,PASS,
1044,1045,train/354bad318bdc4946fbb261867157901f.jpg,2757,2627,6,False,True,False,True,"[3, 2627, 2757]",6,6,True,True,PASS,
1045,1046,train/354fc9f443af86eebc10e9b06a22481b.jpg,2695,3111,14,False,True,False,True,"[3, 3111, 2695]",14,14,True,True,PASS,
1046,1047,train/355d1c27824a343cde65516686c0a425.jpg,2379,2382,5,False,True,False,True,"[3, 2382, 2379]",5,5,True,True,PASS,
1047,1048,train/35666a43bb8105a07d1020d9a4839f2f.jpg,3072,3072,8,False,True,False,True,"[3, 3072, 3072]",8,8,True,True,PASS,
1048,1049,train/357b22f02be38869ae859f0add02b898.jpg,2485,3139,16,False,True,False,True,"[3, 3139, 2485]",16,16,True,True,PASS,
1049,1050,train/357f8f4587f096c180f701f450fffcfa.jpg,2672,3010,9,False,True,False,True,"[3, 3010, 2672]",9,9,True,True,PASS,
1050,1051,train/35815525d36333e4253234cc83fd666c.jpg,1994,2430,0,True,True,True,True,"[3, 2430, 1994]",0,0,True,True,PASS,
1051,1052,train/3583d368951a896ea95b498bb4efaec4.jpg,2656,2793,11,False,True,False,True,"[3, 2793, 2656]",11,11,True,True,PASS,
1052,1053,train/359d3ca7c71e4d786af7380c78fea10d.jpg,2304,2880,6,False,True,False,True,"[3, 2880, 2304]",6,6,True,True,PASS,
1053,1054,train/35d86694979dba2c3cade3f87924385a.jpg,2304,2880,7,False,True,False,True,"[3, 2880, 2304]",7,7,True,True,PASS,
1054,1055,train/35de6aea3a75c405b780f3c1d2db38e0.jpg,2208,2688,7,False,True,False,True,"[3, 2688, 2208]",7,7,True,True,PASS,
1055,1056,train/35e38672875ff60d5a131d91b4db5a6d.jpg,2280,2619,7,False,True,False,True,"[3, 2619, 2280]",7,7,True,True,PASS,
1056,1057,train/3623eea22ab15bd3cc7901e3c00695de.jpg,2498,2992,10,False,True,False,True,"[3, 2992, 2498]",10,10,True,True,PASS,
1057,1058,train/3633b8a8cffa248a55bab4084f4ff5e9.jpg,2304,2880,8,False,True,False,True,"[3, 2880, 2304]",8,8,True,True,PASS,
1058,1059,train/363999879bc614085397f192124c23b0.jpg,2538,2661,14,False,True,False,True,"[3, 2661, 2538]",14,14,True,True,PASS,
1059,1060,train/363dc405e14ed95659d88707f54730de.jpg,3072,3072,13,False,True,False,True,"[3, 3072, 3072]",13,13,True,True,PASS,
1060,1061,train/36429387a098976713296f2beae8063a.jpg,2304,2880,3,False,True,False,True,"[3, 2880, 2304]",3,3,True,True,PASS,
1061,1062,train/364a18cd8e445fdcb63e3692393e6854.jpg,3072,3072,9,False,True,False,True,"[3, 3072, 3072]",9,9,True,True,PASS,
1062,1063,train/367134c4e20c2058bc154bfa25e22e98.jpg,2792,2776,6,False,True,False,True,"[3, 2776, 2792]",6,6,True,True,PASS,
1063,1064,train/367465e5c96651ee8dac93a11fe7c0c0.jpg,2080,2440,6,False,True,False,True,"[3, 2440, 2080]",6,6,True,True,PASS,
1064,1065,train/368befaff55745e30b3f200b298b2fd6.jpg,2846,2385,5,False,True,False,True,"[3, 2385, 2846]",5,5,True,True,PASS,
1065,1066,train/369bf7d495f4a800910764a6f9a9a071.jpg,3072,3072,3,False,True,False,True,"[3, 3072, 3072]",3,3,True,True,PASS,
1066,1067,train/36a0490889068162384a000b02d37ad4.jpg,2304,2880,11,False,True,False,True,"[3, 2880, 2304]",11,11,True,True,PASS,
1067,1068,train/36cf5300d146ed2c232acd54b45f317e.jpg,2048,2500,7,False,True,False,True,"[3, 2500, 2048]",7,7,True,True,PASS,
1068,1069,train/36d12290ed702e358cabe1d85657dafb.jpg,3072,3072,16,False,True,False,True,"[3, 3072, 3072]",16,16,True,True,PASS,
1069,1070,train/36e495b7888099453ba79ff57a2c4334.jpg,2304,2880,9,False,True,False,True,"[3, 2880, 2304]",9,9,True,True,PASS,
1070,1071,train/36f9f3166dc757f415e384e69b0a2447.jpg,2872,3264,7,False,True,False,True,"[3, 3264, 2872]",7,7,True,True,PASS,
1071,1072,train/36fb4eaf5da9525924d1b4ff5bdbd52f.jpg,3320,3408,8,False,True,False,True,"[3, 3408, 3320]",8,8,True,True,PASS,
1072,1073,train/36fb9803c515de8b2b44028af25662ec.jpg,2304,2880,9,False,True,False,True,"[3, 2880, 2304]",9,9,True,True,PASS,
1073,1074,train/37029ba2468f77989cae221948b772ae.jpg,2048,2500,5,False,True,False,True,"[3, 2500, 2048]",5,5,True,True,PASS,
1074,1075,train/37054193bd4e6a2f3ca764088913b0f0.jpg,3072,3072,10,False,True,False,True,"[3, 3072, 3072]",10,10,True,True,PASS,
1075,1076,train/37111bde86ae8d81aa66f2f46f89c03b.jpg,2638,2564,3,False,True,False,True,"[3, 2564, 2638]",3,3,True,True,PASS,
1076,1077,train/371b40dcd28695d56f820de513906913.jpg,2304,2880,7,False,True,False,True,"[3, 2880, 2304]",7,7,True,True,PASS,
1077,1078,train/371d6f540ac601affe81e547b05c551a.jpg,3072,3072,3,False,True,False,True,"[3, 3072, 3072]",3,3,True,True,PASS,
1078,1079,train/371f686aebbbe6929b4bd3b86ab58873.jpg,2304,2880,12,False,True,False,True,"[3, 2880, 2304]",12,12,True,True,PASS,
1079,1080,train/37233691ba64ed88b4e05882d7e41d61.jpg,3320,3408,9,False,True,False,True,"[3, 3408, 3320]",9,9,True,True,PASS,
1080,1081,train/3727a613e597811aee451370fde09c49.jpg,2304,2880,8,False,True,False,True,"[3, 2880, 2304]",8,8,True,True,PASS,
1081,1082,train/372dfcb677a2d0799d2f6e14d2177f1a.jpg,3072,3072,0,True,True,True,True,"[3, 3072, 3072]",0,0,True,True,PASS,
1082,1083,train/373c57c281c8b4476ee2603757fde26a.jpg,1572,1714,5,False,True,False,True,"[3, 1714, 1572]",5,5,True,True,PASS,
1083,1084,train/3759c5c3b6dd31e4f79dad538500928c.jpg,2961,3238,12,False,True,False,True,"[3, 3238, 2961]",12,12,True,True,PASS,
1084,1085,train/378c7f385c547e5e7dc632510939a551.jpg,2736,2952,0,True,True,True,True,"[3, 2952, 2736]",0,0,True,True,PASS,
1085,1086,train/37906d71bae225a2f676c84164224140.jpg,2821,3048,4,False,True,False,True,"[3, 3048, 2821]",4,4,True,True,PASS,
1086,1087,train/37969967243726a9e231291224502076.jpg,2893,3158,5,False,True,False,True,"[3, 3158, 2893]",5,5,True,True,PASS,
1087,1088,train/379aef556ea6744aa51174e342fabcef.jpg,2096,2528,13,False,True,False,True,"[3, 2528, 2096]",13,13,True,True,PASS,
1088,1089,train/379da637859b61609c15e1f4ed2a5e7f.jpg,2896,3096,11,False,True,False,True,"[3, 3096, 2896]",11,11,True,True,PASS,
1089,1090,train/379f083410e64a2fb74761b795bd0a41.jpg,2517,3028,0,True,True,True,True,"[3, 3028, 2517]",0,0,True,True,PASS,
1090,1091,train/37a64f131e20057e6649e0cf60a3efce.jpg,2091,2829,4,False,True,False,True,"[3, 2829, 2091]",4,4,True,True,PASS,
1091,1092,train/37c54c4ca8994215c1ae389f1f4adfd2.jpg,2208,2592,3,False,True,False,True,"[3, 2592, 2208]",3,3,True,True,PASS,
1092,1093,train/37c55613c78c7775df0514fb0c804f4a.jpg,2304,2880,12,False,True,False,True,"[3, 2880, 2304]",12,12,True,True,PASS,
1093,1094,train/37d00f2fdb0521a0f3fd6c7ec458ff61.jpg,2048,2500,6,False,True,False,True,"[3, 2500, 2048]",6,6,True,True,PASS,
1094,1095,train/37d313251f4a6ca33fc7e428389cb9c1.jpg,2642,3170,0,True,True,True,True,"[3, 3170, 2642]",0,0,True,True,PASS,
1095,1096,train/37ec1f4e30acc60a1dd892ab9036274a.jpg,2048,2500,12,False,True,False,True,"[3, 2500, 2048]",12,12,True,True,PASS,
1096,1097,train/37f7e5fce42c1b3d1acc91e9ff43fe02.jpg,2732,2720,6,False,True,False,True,"[3, 2720, 2732]",6,6,True,True,PASS,
1097,1098,train/380d07a94cc4b012812119370de47192.jpg,1864,2368,3,False,True,False,True,"[3, 2368, 1864]",3,3,True,True,PASS,
1098,1099,train/381e9c224c892d437f498779e349469e.jpg,2571,2666,8,False,True,False,True,"[3, 2666, 2571]",8,8,True,True,PASS,
1099,1100,train/3827e2d25e931b294811ad92ae898887.jpg,2540,3072,3,False,True,False,True,"[3, 3072, 2540]",3,3,True,True,PASS,
1100,1101,train/382d4d167434016c3e049eae87439759.jpg,2304,2880,5,False,True,False,True,"[3, 2880, 2304]",5,5,True,True,PASS,
1101,1102,train/382fde0b4f36b498850d79b00cf5593d.jpg,2653,3408,5,False,True,False,True,"[3, 3408, 2653]",5,5,True,True,PASS,
1102,1103,train/3845b3f74a2a76ef0b58310d61d03e6a.jpg,2540,3072,3,False,True,False,True,"[3, 3072, 2540]",3,3,True,True,PASS,
1103,1104,train/3853062c38f4f0888baef9b1ec0a2331.jpg,2334,2479,9,False,True,False,True,"[3, 2479, 2334]",9,9,True,True,PASS,
1104,1105,train/3875a7e4eb1bdb443470a1abbe93cb58.jpg,2304,2880,6,False,True,False,True,"[3, 2880, 2304]",6,6,True,True,PASS,
1105,1106,train/38791e51fbea01ae3935f311e8878f1c.jpg,2540,3072,6,False,True,False,True,"[3, 3072, 2540]",6,6,True,True,PASS,
1106,1107,train/389de59ab4c4dd2b0a4f94d33966b12d.jpg,2304,2880,9,False,True,False,True,"[3, 2880, 2304]",9,9,True,True,PASS,
1107,1108,train/389f167c16b70e1eb1aa219fedc373b7.jpg,2304,2880,6,False,True,False,True,"[3, 2880, 2304]",6,6,True,True,PASS,
1108,1109,train/38ab2d3283b496d60dc137e94d16b7c6.jpg,2908,3244,15,False,True,False,True,"[3, 3244, 2908]",15,15,True,True,PASS,
1109,1110,train/38b3d1f6264e82239b563119ff33df07.jpg,2304,2880,6,False,True,False,True,"[3, 2880, 2304]",6,6,True,True,PASS,
1110,1111,train/38c145abf52f301575550953e6aaa009.jpg,2304,2880,6,False,True,False,True,"[3, 2880, 2304]",6,6,True,True,PASS,
1111,1112,train/38d4443729e3b217cb38e78df6694dd7.jpg,2304,2880,4,False,True,False,True,"[3, 2880, 2304]",4,4,True,True,PASS,
1112,1113,train/38d59aef0ecbc73f365767bc09692283.jpg,2304,2880,11,False,True,False,True,"[3, 2880, 2304]",11,11,True,True,PASS,
1113,1114,train/38d7d44f0a3b6c7129851d7ec6d9c001.jpg,1994,2430,0,True,True,True,True,"[3, 2430, 1994]",0,0,True,True,PASS,
1114,1115,train/38dc1745e9aedd829a5c4989ad2f0758.jpg,3072,3072,6,False,True,False,True,"[3, 3072, 3072]",6,6,True,True,PASS,
1115,1116,train/38e4156d00946746696b72f9bfa791de.jpg,2048,2500,7,False,True,False,True,"[3, 2500, 2048]",7,7,True,True,PASS,
1116,1117,train/38e8d0a7c6e90bb221619d0d8836b3a8.jpg,1872,2064,6,False,True,False,True,"[3, 2064, 1872]",6,6,True,True,PASS,
1117,1118,train/38e987ce7d99adc13adeebb0ca3e3182.jpg,2700,3136,6,False,True,False,True,"[3, 3136, 2700]",6,6,True,True,PASS,
1118,1119,train/38ec375050f7c2bedcb4d1e1e7bb4e12.jpg,2048,2500,5,False,True,False,True,"[3, 2500, 2048]",5,5,True,True,PASS,
1119,1120,train/39095bfc67751891aebabdeeb8b89f5a.jpg,2304,2880,11,False,True,False,True,"[3, 2880, 2304]",11,11,True,True,PASS,
1120,1121,train/3911f0e97683eb279550e59ad3213da0.jpg,2048,2500,14,False,True,False,True,"[3, 2500, 2048]",14,14,True,True,PASS,
1121,1122,train/392910e2001c7d9710d1e11f1bf4bd73.jpg,3008,2767,4,False,True,False,True,"[3, 2767, 3008]",4,4,True,True,PASS,
1122,1123,train/3929f29e01d98f3666da7114c4e554ed.jpg,2540,3072,3,False,True,False,True,"[3, 3072, 2540]",3,3,True,True,PASS,
1123,1124,train/393407def518a76fc2b7e8dbaeafa0ce.jpg,2304,2880,9,False,True,False,True,"[3, 2880, 2304]",9,9,True,True,PASS,
1124,1125,train/393909c0d12d67fd08703d36970014e8.jpg,2808,2948,20,False,True,False,True,"[3, 2948, 2808]",20,20,True,True,PASS,
1125,1126,train/39394c845e092472bfff78c26ce9feb4.jpg,2722,3322,5,False,True,False,True,"[3, 3322, 2722]",5,5,True,True,PASS,
1126,1127,train/393cb25dab7a972a55af7269c046ab4e.jpg,2384,2932,4,False,True,False,True,"[3, 2932, 2384]",4,4,True,True,PASS,
1127,1128,train/394138b182cad5c9af7cac9bd1649a24.jpg,1904,2040,5,False,True,False,True,"[3, 2040, 1904]",5,5,True,True,PASS,
1128,1129,train/394ea2732452334954cf83c6e5b41951.jpg,2404,2516,6,False,True,False,True,"[3, 2516, 2404]",6,6,True,True,PASS,
1129,1130,train/395a89a6041167d0254dc826ddfe7110.jpg,2540,3072,7,False,True,False,True,"[3, 3072, 2540]",7,7,True,True,PASS,
1130,1131,train/397b7968bbdf2db72e34625ad8e874c2.jpg,2687,3184,7,False,True,False,True,"[3, 3184, 2687]",7,7,True,True,PASS,
1131,1132,train/397feff0fc86964d91046470e50273e0.jpg,2844,3183,4,False,True,False,True,"[3, 3183, 2844]",4,4,True,True,PASS,
1132,1133,train/398ca3c2cf798b9483dde58ef6887a31.jpg,2088,2400,3,False,True,False,True,"[3, 2400, 2088]",3,3,True,True,PASS,
1133,1134,train/39a043040baac31c12db628415939f3e.jpg,2304,2880,8,False,True,False,True,"[3, 2880, 2304]",8,8,True,True,PASS,
1134,1135,train/39c0cec7df2082421f852bc79cb333a1.jpg,2304,2880,9,False,True,False,True,"[3, 2880, 2304]",9,9,True,True,PASS,
1135,1136,train/39e1084eccfc3b7961eb19ea7ecaa8b7.jpg,1968,2408,5,False,True,False,True,"[3, 2408, 1968]",5,5,True,True,PASS,
1136,1137,train/39eaf0dbdf50b88ac6b3f02b918ac86a.jpg,2304,2880,6,False,True,False,True,"[3, 2880, 2304]",6,6,True,True,PASS,
1137,1138,train/39fba09b48f252efaa54f0d093a8294d.jpg,2540,3072,7,False,True,False,True,"[3, 3072, 2540]",7,7,True,True,PASS,
1138,1139,train/3a302fbbbf3364aa1a7731b59e6b98ec.jpg,2856,3264,46,False,True,False,True,"[3, 3264, 2856]",46,46,True,True,PASS,
1139,1140,train/3a328d66387d59be8793ee8b4f4bdc1b.jpg,2540,3072,3,False,True,False,True,"[3, 3072, 2540]",3,3,True,True,PASS,
1140,1141,train/3a334de1df19d35fd8d303df42a90468.jpg,2304,2880,3,False,True,False,True,"[3, 2880, 2304]",3,3,True,True,PASS,
1141,1142,train/3a377dcc1d8747ccd388578f46c0d405.jpg,2588,3196,4,False,True,False,True,"[3, 3196, 2588]",4,4,True,True,PASS,
1142,1143,train/3a57be55d3cf1302f582fb95c86e9446.jpg,2160,2336,7,False,True,False,True,"[3, 2336, 2160]",7,7,True,True,PASS,
1143,1144,train/3a59363995006fd88ee83584b1e3f6e7.jpg,2377,3290,9,False,True,False,True,"[3, 3290, 2377]",9,9,True,True,PASS,
1144,1145,train/3a6264c66e1ccad3f67960d50a152708.jpg,2823,3069,14,False,True,False,True,"[3, 3069, 2823]",14,14,True,True,PASS,
1145,1146,train/3a813bd68c097cb009e6ef9d5f884489.jpg,2691,3183,5,False,True,False,True,"[3, 3183, 2691]",5,5,True,True,PASS,
1146,1147,train/3a813d584b7e746b4baeb1e9a2002cfa.jpg,2304,2880,9,False,True,False,True,"[3, 2880, 2304]",9,9,True,True,PASS,
1147,1148,train/3a9cdb601e0845a3e6b45c808fb75bc4.jpg,3072,3072,10,False,True,False,True,"[3, 3072, 3072]",10,10,True,True,PASS,
1148,1149,train/3abc9bc2967d1891119ae82511e479b3.jpg,3080,3319,8,False,True,False,True,"[3, 3319, 3080]",8,8,True,True,PASS,
1149,1150,train/3aefb8dc3f0615131c0dc1477b4e3133.jpg,2048,2500,9,False,True,False,True,"[3, 2500, 2048]",9,9,True,True,PASS,
1150,1151,train/3af25684534b7791434f7dfff22f9550.jpg,2808,2998,10,False,True,False,True,"[3, 2998, 2808]",10,10,True,True,PASS,
1151,1152,train/3b100a95644ac8ab01f261f2edd6f5e2.jpg,2621,3228,0,True,True,True,True,"[3, 3228, 2621]",0,0,True,True,PASS,
1152,1153,train/3b2087f26637d64244ec11da41770aad.jpg,3072,3072,9,False,True,False,True,"[3, 3072, 3072]",9,9,True,True,PASS,
1153,1154,train/3b37f8d28d0153cedc41acb8020a0a6f.jpg,3072,3072,5,False,True,False,True,"[3, 3072, 3072]",5,5,True,True,PASS,
1154,1155,train/3b4323fc59f8c80fd69a6748d4d92eaa.jpg,2304,2880,7,False,True,False,True,"[3, 2880, 2304]",7,7,True,True,PASS,
1155,1156,train/3b464abb85ca7ca83a105e6057afab52.jpg,2508,3136,5,False,True,False,True,"[3, 3136, 2508]",5,5,True,True,PASS,
1156,1157,train/3b520a6957e4c70f34da759e82784125.jpg,3072,3072,15,False,True,False,True,"[3, 3072, 3072]",15,15,True,True,PASS,
1157,1158,train/3b684bf9b1beb9744ac598bb19b6dd6f.jpg,2540,3072,8,False,True,False,True,"[3, 3072, 2540]",8,8,True,True,PASS,
1158,1159,train/3b7b733541b21f511d7d5be899070488.jpg,2304,2880,7,False,True,False,True,"[3, 2880, 2304]",7,7,True,True,PASS,
1159,1160,train/3b7f1edb2129713f1ddd570c48d6ace1.jpg,2336,2836,0,True,True,True,True,"[3, 2836, 2336]",0,0,True,True,PASS,
1160,1161,train/3b84fad11366b42cf32c96c2d0fa84d4.jpg,3000,3000,5,False,True,False,True,"[3, 3000, 3000]",5,5,True,True,PASS,
1161,1162,train/3b887c0550e9722c9b86b7c22ad09e11.jpg,2630,3073,16,False,True,False,True,"[3, 3073, 2630]",16,16,True,True,PASS,
1162,1163,train/3b8e32e6bb1f8849af9fde0925b2761a.jpg,1872,2392,11,False,True,False,True,"[3, 2392, 1872]",11,11,True,True,PASS,
1163,1164,train/3bb06e20b2595be65d7a95e948b2169c.jpg,3320,3408,12,False,True,False,True,"[3, 3408, 3320]",12,12,True,True,PASS,
1164,1165,train/3bc2e1cb9a227c162900a57fb5acd0cf.jpg,2304,2880,9,False,True,False,True,"[3, 2880, 2304]",9,9,True,True,PASS,
1165,1166,train/3bd262a356f149e12cab2c957d79fbde.jpg,2516,2800,4,False,True,False,True,"[3, 2800, 2516]",4,4,True,True,PASS,
1166,1167,train/3bf462b3f48c0a1c35912a77a84f318d.jpg,2616,2880,5,False,True,False,True,"[3, 2880, 2616]",5,5,True,True,PASS,
1167,1168,train/3bf8346b7d5b0743713624143004772f.jpg,2304,2880,16,False,True,False,True,"[3, 2880, 2304]",16,16,True,True,PASS,
1168,1169,train/3c022a8f6192af3d7ca567e509d44801.jpg,2728,2589,6,False,True,False,True,"[3, 2589, 2728]",6,6,True,True,PASS,
1169,1170,train/3c0343764fd0e6b3edb40b15740a597e.jpg,2948,3183,12,False,True,False,True,"[3, 3183, 2948]",12,12,True,True,PASS,
1170,1171,train/3c2064ec0c7fbd9873601524016c9d97.jpg,2304,2880,4,False,True,False,True,"[3, 2880, 2304]",4,4,True,True,PASS,
1171,1172,train/3c3050b54b5ffefafd7d144497cf04d4.jpg,2540,3072,3,False,True,False,True,"[3, 3072, 2540]",3,3,True,True,PASS,
1172,1173,train/3c314b1dd87505c653cd66939582a0aa.jpg,2540,3072,8,False,True,False,True,"[3, 3072, 2540]",8,8,True,True,PASS,
1173,1174,train/3c3977477c6ca3ea8a3d18ba0e4afed4.jpg,2048,2500,19,False,True,False,True,"[3, 2500, 2048]",19,19,True,True,PASS,
1174,1175,train/3c4863368b0bf5c811a52e24fa2cd2d8.jpg,2304,2880,13,False,True,False,True,"[3, 2880, 2304]",13,13,True,True,PASS,
1175,1176,train/3c4b09bd2eab548d9f86223ccb905deb.jpg,2644,3031,9,False,True,False,True,"[3, 3031, 2644]",9,9,True,True,PASS,
1176,1177,train/3c58145fc5651bd028aaee3d5f3d6c40.jpg,2532,3069,21,False,True,False,True,"[3, 3069, 2532]",21,21,True,True,PASS,
1177,1178,train/3c5e999bcc6ac19f375f201c27546de1.jpg,2304,2880,5,False,True,False,True,"[3, 2880, 2304]",5,5,True,True,PASS,
1178,1179,train/3c63e58fcda26e02fdd6619515399985.jpg,2008,2384,11,False,True,False,True,"[3, 2384, 2008]",11,11,True,True,PASS,
1179,1180,train/3c72da81a8c464b9a804b757363291c7.jpg,2633,3193,7,False,True,False,True,"[3, 3193, 2633]",7,7,True,True,PASS,
1180,1181,train/3c7949b75bb527c91a6518e4f40fc87a.jpg,2540,3072,4,False,True,False,True,"[3, 3072, 2540]",4,4,True,True,PASS,
1181,1182,train/3c7f79f9a904282f9dbe9b625216cffc.jpg,3072,3072,9,False,True,False,True,"[3, 3072, 3072]",9,9,True,True,PASS,
1182,1183,train/3c98c90840a9290511ae8192107f8250.jpg,2304,2880,5,False,True,False,True,"[3, 2880, 2304]",5,5,True,True,PASS,
1183,1184,train/3ca77fab496427204152c5bd079ea9ce.jpg,2876,3141,9,False,True,False,True,"[3, 3141, 2876]",9,9,True,True,PASS,
1184,1185,train/3cac0eba7aff674db58e5e7d5cebe985.jpg,2691,3073,17,False,True,False,True,"[3, 3073, 2691]",17,17,True,True,PASS,
1185,1186,train/3cd58e860993b9e6a8c79bfa71ec66c3.jpg,2304,2880,5,False,True,False,True,"[3, 2880, 2304]",5,5,True,True,PASS,
1186,1187,train/3cd8187f824b95bd1d21945cbce7a15a.jpg,2540,3072,7,False,True,False,True,"[3, 3072, 2540]",7,7,True,True,PASS,
1187,1188,train/3cdcd43f230d185be9a3ea2463f348dc.jpg,2456,2766,4,False,True,False,True,"[3, 2766, 2456]",4,4,True,True,PASS,
1188,1189,train/3cdce1131cdbbbc959330bb08be55a3d.jpg,2136,2112,15,False,True,False,True,"[3, 2112, 2136]",15,15,True,True,PASS,
1189,1190,train/3ce8e5fe27fc9db53129cdbdd8de89de.jpg,2048,2500,6,False,True,False,True,"[3, 2500, 2048]",6,6,True,True,PASS,
1190,1191,train/3cf29ab62dd4b9866c7e055c59098d3e.jpg,2540,3072,21,False,True,False,True,"[3, 3072, 2540]",21,21,True,True,PASS,
1191,1192,train/3cf65c76b376cba244af23e119d705b9.jpg,2540,3072,6,False,True,False,True,"[3, 3072, 2540]",6,6,True,True,PASS,
1192,1193,train/3d100048eee5507768634d2733c59b6a.jpg,2520,3032,3,False,True,False,True,"[3, 3032, 2520]",3,3,True,True,PASS,
1193,1194,train/3d10382c3359b2e799d0bc45306e146c.jpg,3320,2895,14,False,True,False,True,"[3, 2895, 3320]",14,14,True,True,PASS,
1194,1195,train/3d3781571117f65ceac27dfbf2979b21.jpg,2540,3072,0,True,True,True,True,"[3, 3072, 2540]",0,0,True,True,PASS,
1195,1196,train/3d4cff7ec8b3e2fe5b3f606880b45e7c.jpg,2172,2542,7,False,True,False,True,"[3, 2542, 2172]",7,7,True,True,PASS,
1196,1197,train/3d51d381e84870cd453748be166fb7ce.jpg,2304,2880,10,False,True,False,True,"[3, 2880, 2304]",10,10,True,True,PASS,
1197,1198,train/3d592a653c8fefc7c85a43cf64c3c0f0.jpg,2540,3072,5,False,True,False,True,"[3, 3072, 2540]",5,5,True,True,PASS,
1198,1199,train/3d6be0fd234f4be9a57ea0ec00d1e6b6.jpg,3072,3072,7,False,True,False,True,"[3, 3072, 3072]",7,7,True,True,PASS,
1199,1200,train/3daa0e551477dbb5c10280fd744c4087.jpg,2304,2880,5,False,True,False,True,"[3, 2880, 2304]",5,5,True,True,PASS,
1200,1201,train/3dae58e1cf69a2284f2a44ded5c7405a.jpg,2571,3018,17,False,True,False,True,"[3, 3018, 2571]",17,17,True,True,PASS,
1201,1202,train/3db920cfa1955efefa82e2f46d2c7519.jpg,2774,3072,10,False,True,False,True,"[3, 3072, 2774]",10,10,True,True,PASS,
1202,1203,train/3dc3da07371be408d6313bd5d04bceec.jpg,3072,3072,0,True,True,True,True,"[3, 3072, 3072]",0,0,True,True,PASS,
1203,1204,train/3dd04efbb7f8f0e2757e8e588350f8e0.jpg,2327,2879,0,True,True,True,True,"[3, 2879, 2327]",0,0,True,True,PASS,
1204,1205,train/3ddadcb081c3779b4b569d9ec57f5208.jpg,2304,2880,8,False,True,False,True,"[3, 2880, 2304]",8,8,True,True,PASS,
1205,1206,train/3ddd8b00908543e9d8a60f528452e59d.jpg,2540,3072,8,False,True,False,True,"[3, 3072, 2540]",8,8,True,True,PASS,
1206,1207,train/3dead8495b3fdcdde5912953e520b303.jpg,2517,2530,9,False,True,False,True,"[3, 2530, 2517]",9,9,True,True,PASS,
1207,1208,train/3df005a70ab162381374fd43655aa145.jpg,3072,3072,8,False,True,False,True,"[3, 3072, 3072]",8,8,True,True,PASS,
1208,1209,train/3dfb420f4634c36fde566f04e6d69651.jpg,2304,2880,7,False,True,False,True,"[3, 2880, 2304]",7,7,True,True,PASS,
1209,1210,train/3e02670c9c691dbbd7f9aaa851bb70ae.jpg,2931,3056,5,False,True,False,True,"[3, 3056, 2931]",5,5,True,True,PASS,
1210,1211,train/3e2c52e066e6bc9e28a58d7f13c64296.jpg,2517,3028,0,True,True,True,True,"[3, 3028, 2517]",0,0,True,True,PASS,
1211,1212,train/3e2dac4065ec2fa64f4650a95e3edfa2.jpg,2800,2941,4,False,True,False,True,"[3, 2941, 2800]",4,4,True,True,PASS,
1212,1213,train/3e300793e970e7916c36a57fe350f688.jpg,2448,2902,0,True,True,True,True,"[3, 2902, 2448]",0,0,True,True,PASS,
1213,1214,train/3e5c0424caa46a69a36024deb828d5de.jpg,2304,2880,4,False,True,False,True,"[3, 2880, 2304]",4,4,True,True,PASS,
1214,1215,train/3e6dc1696e378ed55ea60091c620af4d.jpg,2420,2788,3,False,True,False,True,"[3, 2788, 2420]",3,3,True,True,PASS,
1215,1216,train/3e79b43f7eacf45268bef2a513f7759a.jpg,2484,2852,13,False,True,False,True,"[3, 2852, 2484]",13,13,True,True,PASS,
1216,1217,train/3e802de7dd2a052ff980de1ff50262ee.jpg,2732,2683,6,False,True,False,True,"[3, 2683, 2732]",6,6,True,True,PASS,
1217,1218,train/3e81b168a5ed4f4419d9ef7aa61fab04.jpg,2304,2880,6,False,True,False,True,"[3, 2880, 2304]",6,6,True,True,PASS,
1218,1219,train/3e81b83d1b4cd8333b3c5986419baff7.jpg,2869,3098,6,False,True,False,True,"[3, 3098, 2869]",6,6,True,True,PASS,
1219,1220,train/3e8719d1ba69b36c24ad3e39a8dd83ed.jpg,2304,2880,4,False,True,False,True,"[3, 2880, 2304]",4,4,True,True,PASS,
1220,1221,train/3ea334ae927f1feeaf80e59b5d937c31.jpg,3072,3072,4,False,True,False,True,"[3, 3072, 3072]",4,4,True,True,PASS,
1221,1222,train/3eaab50f6e8eb3229e752d546e41979b.jpg,2540,3072,9,False,True,False,True,"[3, 3072, 2540]",9,9,True,True,PASS,
1222,1223,train/3eafbfc0db1b4bfa5bfa963b6fe465a8.jpg,2419,2517,7,False,True,False,True,"[3, 2517, 2419]",7,7,True,True,PASS,
1223,1224,train/3eb4d8c855c884225e771d77c18e6215.jpg,2384,2772,7,False,True,False,True,"[3, 2772, 2384]",7,7,True,True,PASS,
1224,1225,train/3ed4693bf10d9e6067d6f1ef88485bb7.jpg,2566,2186,6,False,True,False,True,"[3, 2186, 2566]",6,6,True,True,PASS,
1225,1226,train/3ee425093210d7bb252a277e4788f18f.jpg,2887,2579,7,False,True,False,True,"[3, 2579, 2887]",7,7,True,True,PASS,
1226,1227,train/3ee674202cc0887b7b43db270ca54555.jpg,2304,2880,10,False,True,False,True,"[3, 2880, 2304]",10,10,True,True,PASS,
1227,1228,train/3ee8d416f1b67797ce0495b4393b2aaf.jpg,3072,3072,5,False,True,False,True,"[3, 3072, 3072]",5,5,True,True,PASS,
1228,1229,train/3ee9f520c0a31c20b9851fb79dccec09.jpg,3072,3072,0,True,True,True,True,"[3, 3072, 3072]",0,0,True,True,PASS,
1229,1230,train/3ef799c210c419c0319cd2555eaa3abe.jpg,2642,3170,0,True,True,True,True,"[3, 3170, 2642]",0,0,True,True,PASS,
1230,1231,train/3f0621a867476fca9f51e5eaec666aca.jpg,2540,3072,4,False,True,False,True,"[3, 3072, 2540]",4,4,True,True,PASS,
1231,1232,train/3f0efef8e4a56b73d2b82e83e50c0b90.jpg,2613,2937,4,False,True,False,True,"[3, 2937, 2613]",4,4,True,True,PASS,
1232,1233,train/3f1c30152e33358e5830f3b59bd0c41d.jpg,2642,3170,0,True,True,True,True,"[3, 3170, 2642]",0,0,True,True,PASS,
1233,1234,train/3f2468ef0b5526f0e33834fa4e0fd85d.jpg,2304,2880,3,False,True,False,True,"[3, 2880, 2304]",3,3,True,True,PASS,
1234,1235,train/3f2673ee39dc21448dcf80ed2a6f128f.jpg,2708,3056,8,False,True,False,True,"[3, 3056, 2708]",8,8,True,True,PASS,
1235,1236,train/3f3acd7f9f383c01b4392b8dd8bb8f10.jpg,2048,2352,9,False,True,False,True,"[3, 2352, 2048]",9,9,True,True,PASS,
1236,1237,train/3f3e0555c409d655b5c28669b2f8cf5d.jpg,2757,2755,3,False,True,False,True,"[3, 2755, 2757]",3,3,True,True,PASS,
1237,1238,train/3f444025d87aeacdc84c8cc7d0bf50f6.jpg,1976,2352,6,False,True,False,True,"[3, 2352, 1976]",6,6,True,True,PASS,
1238,1239,train/3f59f95dab9548ad6cbbd7eec034bd57.jpg,2056,2072,10,False,True,False,True,"[3, 2072, 2056]",10,10,True,True,PASS,
1239,1240,train/3f7f3d2e14e41602ac1f5909ce5e4be0.jpg,2520,3196,9,False,True,False,True,"[3, 3196, 2520]",9,9,True,True,PASS,
1240,1241,train/3fad3a7c3d91d5d5eca2c522ac7df822.jpg,2048,2500,3,False,True,False,True,"[3, 2500, 2048]",3,3,True,True,PASS,
1241,1242,train/3fb03f39fb2232e19b6de537731aa5ad.jpg,1994,2430,0,True,True,True,True,"[3, 2430, 1994]",0,0,True,True,PASS,
1242,1243,train/3fbf5ad0dc91fdb688ec53aceaa2bcac.jpg,2580,3408,0,True,True,True,True,"[3, 3408, 2580]",0,0,True,True,PASS,
1243,1244,train/3fcd92fe8e56a1867bb6c72d87a3025d.jpg,2304,2880,6,False,True,False,True,"[3, 2880, 2304]",6,6,True,True,PASS,
1244,1245,train/3fcf06bf3f3395ba65a8b648b68e98d4.jpg,3072,3072,9,False,True,False,True,"[3, 3072, 3072]",9,9,True,True,PASS,
1245,1246,train/3fd0af8df0d247cb4d3c4a89fad6936d.jpg,2304,2880,5,False,True,False,True,"[3, 2880, 2304]",5,5,True,True,PASS,
1246,1247,train/3fd3aa2d64f365c666ce7de3d5352226.jpg,3320,2861,6,False,True,False,True,"[3, 2861, 3320]",6,6,True,True,PASS,
1247,1248,train/3fd5a48543be08bc92fbcaa0971cf50e.jpg,2304,2880,6,False,True,False,True,"[3, 2880, 2304]",6,6,True,True,PASS,
1248,1249,train/3fd9727ab2ea76dac5770130661a738d.jpg,2304,2880,4,False,True,False,True,"[3, 2880, 2304]",4,4,True,True,PASS,
1249,1250,train/3fe37d132711f84805405defb3673681.jpg,2040,1936,6,False,True,False,True,"[3, 1936, 2040]",6,6,True,True,PASS,
1250,1251,train/3fea0b91a09533ea4c546cb1e49b8234.jpg,2048,2500,0,True,True,True,True,"[3, 2500, 2048]",0,0,True,True,PASS,
1251,1252,train/3ff22a602b26d804863daaf6b7230d47.jpg,2304,2880,6,False,True,False,True,"[3, 2880, 2304]",6,6,True,True,PASS,
1252,1253,train/3ffaeb3a9eb495e0a59bd62b09bdf319.jpg,2975,3272,7,False,True,False,True,"[3, 3272, 2975]",7,7,True,True,PASS,
1253,1254,train/3ffb156c2d5e299fb0b69c542862f832.jpg,2304,2880,3,False,True,False,True,"[3, 2880, 2304]",3,3,True,True,PASS,
1254,1255,train/4004f114ab2ecb224ac7484957b79ea4.jpg,1976,1984,17,False,True,False,True,"[3, 1984, 1976]",17,17,True,True,PASS,
1255,1256,train/4010817f919544f7c1c7eef1858ce071.jpg,2817,3328,23,False,True,False,True,"[3, 3328, 2817]",23,23,True,True,PASS,
1256,1257,train/4016b176eaf40d514b0559a0aeb48f21.jpg,2864,2972,10,False,True,False,True,"[3, 2972, 2864]",10,10,True,True,PASS,
1257,1258,train/401aee86de220c3e1fd9baae09f6f7e4.jpg,2080,2488,11,False,True,False,True,"[3, 2488, 2080]",11,11,True,True,PASS,
1258,1259,train/402499b5db5c7e4d68f3024f6a43d819.jpg,2688,3032,5,False,True,False,True,"[3, 3032, 2688]",5,5,True,True,PASS,
1259,1260,train/402e634d189693e887ccd6e488a4b29d.jpg,2542,3408,15,False,True,False,True,"[3, 3408, 2542]",15,15,True,True,PASS,
1260,1261,train/4032f3f1ead75a0d12137f73c6a653d8.jpg,2615,3103,6,False,True,False,True,"[3, 3103, 2615]",6,6,True,True,PASS,
1261,1262,train/40365f729045dde403d39546afc573a2.jpg,3072,3072,6,False,True,False,True,"[3, 3072, 3072]",6,6,True,True,PASS,
1262,1263,train/403867d85b6e84c2ffe7ada4ec656b5c.jpg,2829,3094,4,False,True,False,True,"[3, 3094, 2829]",4,4,True,True,PASS,
1263,1264,train/4068af795c7cb80fec0883dab82f4fbf.jpg,2304,2880,19,False,True,False,True,"[3, 2880, 2304]",19,19,True,True,PASS,
1264,1265,train/407530901f066b6b5b5d486495617fc8.jpg,3072,3072,13,False,True,False,True,"[3, 3072, 3072]",13,13,True,True,PASS,
1265,1266,train/4085e7c5e44d4bc75213131a8a6aee47.jpg,2304,2880,5,False,True,False,True,"[3, 2880, 2304]",5,5,True,True,PASS,
1266,1267,train/40946078a25a73b1cf8ad53d4497b4ca.jpg,2540,3072,6,False,True,False,True,"[3, 3072, 2540]",6,6,True,True,PASS,
1267,1268,train/40956f021a2759da665c4497ca71ea5c.jpg,2536,3264,5,False,True,False,True,"[3, 3264, 2536]",5,5,True,True,PASS,
1268,1269,train/40b51daeb48afacaaa3efca42bcaaf9c.jpg,2304,2880,9,False,True,False,True,"[3, 2880, 2304]",9,9,True,True,PASS,
1269,1270,train/40b734f156870865282a367fb8e3621f.jpg,2304,2880,5,False,True,False,True,"[3, 2880, 2304]",5,5,True,True,PASS,
1270,1271,train/40b9a833fd7bc494e9803286d9349ca6.jpg,1994,2430,0,True,True,True,True,"[3, 2430, 1994]",0,0,True,True,PASS,
1271,1272,train/40c5bb0fb2daacf73f49b8cdfc278a27.jpg,2468,2825,0,True,True,True,True,"[3, 2825, 2468]",0,0,True,True,PASS,
1272,1273,train/40e4e25dffe7079e7523117ca5579aa4.jpg,2304,2880,5,False,True,False,True,"[3, 2880, 2304]",5,5,True,True,PASS,
1273,1274,train/40e919b188ff9c41cf2e3f9c37a4b808.jpg,3000,3000,3,False,True,False,True,"[3, 3000, 3000]",3,3,True,True,PASS,
1274,1275,train/4113bf958daeb1b468c147801007dfc3.jpg,2304,2880,6,False,True,False,True,"[3, 2880, 2304]",6,6,True,True,PASS,
1275,1276,train/4117133a86ed741c387d404a8ffe5581.jpg,2304,2880,11,False,True,False,True,"[3, 2880, 2304]",11,11,True,True,PASS,
1276,1277,train/411720e11033999fe479d1c1a66819e9.jpg,2744,2992,8,False,True,False,True,"[3, 2992, 2744]",8,8,True,True,PASS,
1277,1278,train/4127fa1e8bcb9931cc8b49367eecef78.jpg,2304,2880,20,False,True,False,True,"[3, 2880, 2304]",20,20,True,True,PASS,
1278,1279,train/412c4d81ec9510492343169ea6fc6a68.jpg,2540,3072,13,False,True,False,True,"[3, 3072, 2540]",13,13,True,True,PASS,
1279,1280,train/412fc134e3193cefce521a751c3b254f.jpg,2336,2836,0,True,True,True,True,"[3, 2836, 2336]",0,0,True,True,PASS,
1280,1281,train/413010bcfa8857cbd34a99f115926686.jpg,2540,3072,4,False,True,False,True,"[3, 3072, 2540]",4,4,True,True,PASS,
1281,1282,train/4134e5340d245866991f98a73310358f.jpg,3188,2729,8,False,True,False,True,"[3, 2729, 3188]",8,8,True,True,PASS,
1282,1283,train/413a167473cba4db44ee7be8359d1546.jpg,2048,2500,0,True,True,True,True,"[3, 2500, 2048]",0,0,True,True,PASS,
1283,1284,train/4142e0645234ffd87a9fa0b8aaa6bbb5.jpg,2400,2828,5,False,True,False,True,"[3, 2828, 2400]",5,5,True,True,PASS,
1284,1285,train/414615baf78e32f3405cbcf5b742895d.jpg,2304,2880,9,False,True,False,True,"[3, 2880, 2304]",9,9,True,True,PASS,
1285,1286,train/414ae85a6ec97db19ed913bde0062b11.jpg,2806,3072,15,False,True,False,True,"[3, 3072, 2806]",15,15,True,True,PASS,
1286,1287,train/415f0f58066bad3d69bd5fac2c80574b.jpg,2540,3072,10,False,True,False,True,"[3, 3072, 2540]",10,10,True,True,PASS,
1287,1288,train/4170940c52599e7c3bb9b4088bb3d884.jpg,2540,3072,6,False,True,False,True,"[3, 3072, 2540]",6,6,True,True,PASS,
1288,1289,train/417de085be6029490ca2690608d65e57.jpg,2117,2668,10,False,True,False,True,"[3, 2668, 2117]",10,10,True,True,PASS,
1289,1290,train/418f63372f9d6d1e2e37dcfb466d6740.jpg,1994,2430,0,True,True,True,True,"[3, 2430, 1994]",0,0,True,True,PASS,
1290,1291,train/41981decf2f67490e917ab06a55a677c.jpg,2048,2500,5,False,True,False,True,"[3, 2500, 2048]",5,5,True,True,PASS,
1291,1292,train/41a3987fef185ed06ea962df3493f57a.jpg,2064,2480,6,False,True,False,True,"[3, 2480, 2064]",6,6,True,True,PASS,
1292,1293,train/41a85f4b0d6836e24334e29b3d952e76.jpg,2680,2827,3,False,True,False,True,"[3, 2827, 2680]",3,3,True,True,PASS,
1293,1294,train/41bce02542a90273d79a8cc6d214170d.jpg,2626,2903,9,False,True,False,True,"[3, 2903, 2626]",9,9,True,True,PASS,
1294,1295,train/41c40fd3bd0719e48290cd6f3485ca77.jpg,3072,3072,8,False,True,False,True,"[3, 3072, 3072]",8,8,True,True,PASS,
1295,1296,train/41cee81dbe9886a56b6c3ee56fb23448.jpg,2540,3072,30,False,True,False,True,"[3, 3072, 2540]",30,30,True,True,PASS,
1296,1297,train/41d514ff20e011d114c57e8a5058fe61.jpg,2640,2759,9,False,True,False,True,"[3, 2759, 2640]",9,9,True,True,PASS,
1297,1298,train/41d642577ada2969ece3637f6c800139.jpg,2492,2874,4,False,True,False,True,"[3, 2874, 2492]",4,4,True,True,PASS,
1298,1299,train/41ebb4e4b4434bb495434e6a4026c9d7.jpg,3072,3072,13,False,True,False,True,"[3, 3072, 3072]",13,13,True,True,PASS,
1299,1300,train/41fb428a3813d4efe0f1031d9bff16df.jpg,2304,2880,6,False,True,False,True,"[3, 2880, 2304]",6,6,True,True,PASS,
1300,1301,train/4203ea234a2b4f10be4bd90cddc64347.jpg,1994,2430,0,True,True,True,True,"[3, 2430, 1994]",0,0,True,True,PASS,
1301,1302,train/420e72f8ebc531f2eaed5ee48a3203b4.jpg,2540,3072,4,False,True,False,True,"[3, 3072, 2540]",4,4,True,True,PASS,
1302,1303,train/421a769663792125e8d7d05459a01efb.jpg,2548,3016,4,False,True,False,True,"[3, 3016, 2548]",4,4,True,True,PASS,
1303,1304,train/42288fde1946f3c9261a97405741979c.jpg,2944,2804,4,False,True,False,True,"[3, 2804, 2944]",4,4,True,True,PASS,
1304,1305,train/4230309aa0f542050321fe2be02554d7.jpg,2304,2880,7,False,True,False,True,"[3, 2880, 2304]",7,7,True,True,PASS,
1305,1306,train/4248a80a016d3bb7c12544e32d97330f.jpg,2465,2840,0,True,True,True,True,"[3, 2840, 2465]",0,0,True,True,PASS,
1306,1307,train/424c14b6f0a526ca2e8b4e9be9f70e03.jpg,2304,2880,4,False,True,False,True,"[3, 2880, 2304]",4,4,True,True,PASS,
1307,1308,train/425a34be84f439353a9d4a2f54212e8c.jpg,2609,3120,4,False,True,False,True,"[3, 3120, 2609]",4,4,True,True,PASS,
1308,1309,train/4268985caaa0bb4145dd056d5aa84b27.jpg,2524,2504,14,False,True,False,True,"[3, 2504, 2524]",14,14,True,True,PASS,
1309,1310,train/427693347c93b01e186e65ddabcc01b0.jpg,3072,3072,9,False,True,False,True,"[3, 3072, 3072]",9,9,True,True,PASS,
1310,1311,train/427db646765e399ae43ccd98c50effdc.jpg,2304,2880,6,False,True,False,True,"[3, 2880, 2304]",6,6,True,True,PASS,
1311,1312,train/427f538105c4b3e67683731e4cb6eacf.jpg,2336,2836,0,True,True,True,True,"[3, 2836, 2336]",0,0,True,True,PASS,
1312,1313,train/429ce8e289547fe54bb229c3091cedbf.jpg,3072,3072,4,False,True,False,True,"[3, 3072, 3072]",4,4,True,True,PASS,
1313,1314,train/429f8dfd3cd4748c67b8395f9e8d678e.jpg,2304,2880,8,False,True,False,True,"[3, 2880, 2304]",8,8,True,True,PASS,
1314,1315,train/42a0e01edabc44f812173bb07fa5bb09.jpg,2304,2880,6,False,True,False,True,"[3, 2880, 2304]",6,6,True,True,PASS,
1315,1316,train/42aa1ebd4dbf93efaeb7442f6484ed00.jpg,2304,2880,10,False,True,False,True,"[3, 2880, 2304]",10,10,True,True,PASS,
1316,1317,train/42c049fd05428f7d606e9da4a95a8c3b.jpg,2750,2789,12,False,True,False,True,"[3, 2789, 2750]",12,12,True,True,PASS,
1317,1318,train/42d2ad470aec5b121fb71822abcecd69.jpg,2304,2880,4,False,True,False,True,"[3, 2880, 2304]",4,4,True,True,PASS,
1318,1319,train/42e45c17b9e92a9108ef6f2f47804d8a.jpg,2327,2638,8,False,True,False,True,"[3, 2638, 2327]",8,8,True,True,PASS,
1319,1320,train/42fba4329860d5995fea57553104907a.jpg,2446,2790,10,False,True,False,True,"[3, 2790, 2446]",10,10,True,True,PASS,
1320,1321,train/43042c8224a4438b1ce2bb0695976182.jpg,2304,2880,6,False,True,False,True,"[3, 2880, 2304]",6,6,True,True,PASS,
1321,1322,train/4308b795084095f21117491e3b07f2a7.jpg,2304,2880,27,False,True,False,True,"[3, 2880, 2304]",27,27,True,True,PASS,
1322,1323,train/430e3d75b2b3924e82d5fcf9bec84e8b.jpg,2304,2880,15,False,True,False,True,"[3, 2880, 2304]",15,15,True,True,PASS,
1323,1324,train/4334f287e7a843348a24c4dfa9718d6f.jpg,2540,3072,11,False,True,False,True,"[3, 3072, 2540]",11,11,True,True,PASS,
1324,1325,train/4350258eb4d7ec91137c01233fe0a51c.jpg,2540,3072,7,False,True,False,True,"[3, 3072, 2540]",7,7,True,True,PASS,
1325,1326,train/4361c97e29d8614a2b2a539beaf8aef0.jpg,2749,2929,7,False,True,False,True,"[3, 2929, 2749]",7,7,True,True,PASS,
1326,1327,train/4376c4766028d6873001b6653c5b6a13.jpg,1880,2264,6,False,True,False,True,"[3, 2264, 1880]",6,6,True,True,PASS,
1327,1328,train/43947f72e5d1a4998606a193af8b7a69.jpg,2048,2500,11,False,True,False,True,"[3, 2500, 2048]",11,11,True,True,PASS,
1328,1329,train/43a9edf6cea5fec0b63f8a6d9e2a50d7.jpg,2793,3243,12,False,True,False,True,"[3, 3243, 2793]",12,12,True,True,PASS,
1329,1330,train/43b12f96beff0400ddc04da244e69983.jpg,2304,2880,4,False,True,False,True,"[3, 2880, 2304]",4,4,True,True,PASS,
1330,1331,train/43c1e275bc208f31cc3b1a6c8fda1ea7.jpg,2560,2944,7,False,True,False,True,"[3, 2944, 2560]",7,7,True,True,PASS,
1331,1332,train/43cbc92d48a9318036e947277c3981fd.jpg,2304,2880,15,False,True,False,True,"[3, 2880, 2304]",15,15,True,True,PASS,
1332,1333,train/43d3137e74ebd344636228e786cb91b0.jpg,2688,2208,7,False,True,False,True,"[3, 2208, 2688]",7,7,True,True,PASS,
1333,1334,train/43d5a4a18c3228cf1060d24a9407036c.jpg,2304,2880,4,False,True,False,True,"[3, 2880, 2304]",4,4,True,True,PASS,
1334,1335,train/43d6a61fac5fb77bbf83e0070b914c82.jpg,3072,3072,11,False,True,False,True,"[3, 3072, 3072]",11,11,True,True,PASS,
1335,1336,train/43e11813c6d7bcef779a1a287edc02c4.jpg,2736,2852,6,False,True,False,True,"[3, 2852, 2736]",6,6,True,True,PASS,
1336,1337,train/43e96bafa84091eec856901f949efa05.jpg,3264,3264,3,False,True,False,True,"[3, 3264, 3264]",3,3,True,True,PASS,
1337,1338,train/440d5de43270006800efa1caecede2f1.jpg,2304,2880,5,False,True,False,True,"[3, 2880, 2304]",5,5,True,True,PASS,
1338,1339,train/44227b3ea199ef4a06524f5c843e2608.jpg,2876,2980,11,False,True,False,True,"[3, 2980, 2876]",11,11,True,True,PASS,
1339,1340,train/442c07cd30e5e5acb538377be3dd4051.jpg,2660,3132,3,False,True,False,True,"[3, 3132, 2660]",3,3,True,True,PASS,
1340,1341,train/4462595f31d1a2c5aac2b3a8a49536d4.jpg,2472,2761,7,False,True,False,True,"[3, 2761, 2472]",7,7,True,True,PASS,
1341,1342,train/4479ab54ba10a7609e2baaf28f04a5cb.jpg,2504,2777,0,True,True,True,True,"[3, 2777, 2504]",0,0,True,True,PASS,
1342,1343,train/4492c069f7ada2a19b95a740e9af64e4.jpg,3004,3052,7,False,True,False,True,"[3, 3052, 3004]",7,7,True,True,PASS,
1343,1344,train/44999de3c6dd3312011578cdbfc7116e.jpg,2736,3188,13,False,True,False,True,"[3, 3188, 2736]",13,13,True,True,PASS,
1344,1345,train/44bee0141a26e62f08e6da00b0dbf165.jpg,2480,2212,6,False,True,False,True,"[3, 2212, 2480]",6,6,True,True,PASS,
1345,1346,train/44ca3d27effe04ec7ac6e46ef63099b5.jpg,3072,3072,11,False,True,False,True,"[3, 3072, 3072]",11,11,True,True,PASS,
1346,1347,train/44e0f233a3ade73cab164079b182bf41.jpg,2376,2777,4,False,True,False,True,"[3, 2777, 2376]",4,4,True,True,PASS,
1347,1348,train/44e4be82a8acb16906b5398bc464b472.jpg,2614,3061,6,False,True,False,True,"[3, 3061, 2614]",6,6,True,True,PASS,
1348,1349,train/44ff83f86f81c54ed2540ccddcc68263.jpg,2604,2856,10,False,True,False,True,"[3, 2856, 2604]",10,10,True,True,PASS,
1349,1350,train/4500dc880a0978a7a1f91a0be2756806.jpg,2540,3072,6,False,True,False,True,"[3, 3072, 2540]",6,6,True,True,PASS,
1350,1351,train/4524f9b0da0eb546173210ef937b583c.jpg,2889,3302,9,False,True,False,True,"[3, 3302, 2889]",9,9,True,True,PASS,
1351,1352,train/4529b87e145b07c60ef3c4e3c914dc78.jpg,2780,3204,10,False,True,False,True,"[3, 3204, 2780]",10,10,True,True,PASS,
1352,1353,train/45398cfbf0d0f364c24b5d4458df4c8e.jpg,2292,2868,5,False,True,False,True,"[3, 2868, 2292]",5,5,True,True,PASS,
1353,1354,train/454d4b20bb55eb38f90fd51706531b9e.jpg,2672,2632,7,False,True,False,True,"[3, 2632, 2672]",7,7,True,True,PASS,
1354,1355,train/4552f5fcf83d643416d9da169bfbba67.jpg,1840,2376,7,False,True,False,True,"[3, 2376, 1840]",7,7,True,True,PASS,
1355,1356,train/457e53f750c2f152033022e7918cc296.jpg,2672,2581,9,False,True,False,True,"[3, 2581, 2672]",9,9,True,True,PASS,
1356,1357,train/458a8766b1f96850e9f893e382058988.jpg,2575,2878,6,False,True,False,True,"[3, 2878, 2575]",6,6,True,True,PASS,
1357,1358,train/458c16f2648bd04054649d10a11b9fdf.jpg,2304,2880,10,False,True,False,True,"[3, 2880, 2304]",10,10,True,True,PASS,
1358,1359,train/458dac26200d54d8be49a43e001dc7da.jpg,2304,2880,4,False,True,False,True,"[3, 2880, 2304]",4,4,True,True,PASS,
1359,1360,train/45be6be8ef7817787b00be04c6fd5286.jpg,2540,2984,0,True,True,True,True,"[3, 2984, 2540]",0,0,True,True,PASS,
1360,1361,train/45d77bbb17ed1131a96b6fa31327a9de.jpg,2048,2500,14,False,True,False,True,"[3, 2500, 2048]",14,14,True,True,PASS,
1361,1362,train/45f8fd11d471cfb910172d26f8157ee5.jpg,2304,2880,17,False,True,False,True,"[3, 2880, 2304]",17,17,True,True,PASS,
1362,1363,train/45fad4fe08460cf9aec10986ba13c582.jpg,3072,3072,6,False,True,False,True,"[3, 3072, 3072]",6,6,True,True,PASS,
1363,1364,train/45fe7f662e03438dcf15144ae9d74ce5.jpg,2513,3031,6,False,True,False,True,"[3, 3031, 2513]",6,6,True,True,PASS,
1364,1365,train/46355182cba3399f341d1cd6474f45ac.jpg,2048,2500,5,False,True,False,True,"[3, 2500, 2048]",5,5,True,True,PASS,
1365,1366,train/464c4f4d94d999777e09aca18e381926.jpg,1856,1752,5,False,True,False,True,"[3, 1752, 1856]",5,5,True,True,PASS,
1366,1367,train/4652edceea12613caef68322a7fddec0.jpg,3135,2980,11,False,True,False,True,"[3, 2980, 3135]",11,11,True,True,PASS,
1367,1368,train/466b5b5f21f766aecb22148002ff865a.jpg,2458,2683,3,False,True,False,True,"[3, 2683, 2458]",3,3,True,True,PASS,
1368,1369,train/46b92bf299d677ff131e33dc85a5b8f2.jpg,2336,2836,0,True,True,True,True,"[3, 2836, 2336]",0,0,True,True,PASS,
1369,1370,train/46ddca654164928e6c422e3e2eb24f9e.jpg,2304,2880,9,False,True,False,True,"[3, 2880, 2304]",9,9,True,True,PASS,
1370,1371,train/46e487b18e0988c53bf9056bd3689a6d.jpg,3072,3072,9,False,True,False,True,"[3, 3072, 3072]",9,9,True,True,PASS,
1371,1372,train/46f3ff375571079569284a232627d27c.jpg,2304,2880,4,False,True,False,True,"[3, 2880, 2304]",4,4,True,True,PASS,
1372,1373,train/47062412df3d5cbfe56f5753cfc45035.jpg,2540,3072,8,False,True,False,True,"[3, 3072, 2540]",8,8,True,True,PASS,
1373,1374,train/47110277377a779131d0e08d4389a503.jpg,2703,3298,11,False,True,False,True,"[3, 3298, 2703]",11,11,True,True,PASS,
1374,1375,train/47188d0c91088558e62b52f1c9f06b0d.jpg,3093,2984,13,False,True,False,True,"[3, 2984, 3093]",13,13,True,True,PASS,
1375,1376,train/4719de7513996807940aa3b1bbbb9610.jpg,2096,2304,3,False,True,False,True,"[3, 2304, 2096]",3,3,True,True,PASS,
1376,1377,train/4726c4907566b5876c5c1fc7c5e876f1.jpg,2576,2516,10,False,True,False,True,"[3, 2516, 2576]",10,10,True,True,PASS,
1377,1378,train/472b196c9371aa9d6e9d23ccf82936c2.jpg,2600,2988,5,False,True,False,True,"[3, 2988, 2600]",5,5,True,True,PASS,
1378,1379,train/47322c3b3510df3e395773eca7e06dc8.jpg,2048,2500,3,False,True,False,True,"[3, 2500, 2048]",3,3,True,True,PASS,
1379,1380,train/473e37c62215eca1498bf0584e59b69a.jpg,2517,3028,0,True,True,True,True,"[3, 3028, 2517]",0,0,True,True,PASS,
1380,1381,train/47413ec6c79b4795ea7849cea26ece84.jpg,2614,3208,9,False,True,False,True,"[3, 3208, 2614]",9,9,True,True,PASS,
1381,1382,train/474bbe6ff1f8b29f0e274dc459d95f70.jpg,2514,2899,0,True,True,True,True,"[3, 2899, 2514]",0,0,True,True,PASS,
1382,1383,train/474f5063494b22e24a8a4855b080a640.jpg,2540,3072,7,False,True,False,True,"[3, 3072, 2540]",7,7,True,True,PASS,
1383,1384,train/475705a8adf676e4f6d9db5296ed2b71.jpg,2304,2880,6,False,True,False,True,"[3, 2880, 2304]",6,6,True,True,PASS,
1384,1385,train/4758f12fa97db882fa8b7142014cefb4.jpg,1880,2200,6,False,True,False,True,"[3, 2200, 1880]",6,6,True,True,PASS,
1385,1386,train/476d64deaa4b32e9de9a508d3541f5a9.jpg,2048,2500,3,False,True,False,True,"[3, 2500, 2048]",3,3,True,True,PASS,
1386,1387,train/477085017102d1d52b49984eb8b65a0c.jpg,2304,2880,4,False,True,False,True,"[3, 2880, 2304]",4,4,True,True,PASS,
1387,1388,train/479f688143635e866da68da5dcd88efc.jpg,2148,2457,0,True,True,True,True,"[3, 2457, 2148]",0,0,True,True,PASS,
1388,1389,train/47a50643e0ffee2204984ca1ac6bccf0.jpg,2779,3137,15,False,True,False,True,"[3, 3137, 2779]",15,15,True,True,PASS,
1389,1390,train/47b5f7251d5c95b57e1fd1263587c2bb.jpg,2504,2084,5,False,True,False,True,"[3, 2084, 2504]",5,5,True,True,PASS,
1390,1391,train/47c3488b2b2c3cc1fe426ba89c5ea057.jpg,3072,3072,9,False,True,False,True,"[3, 3072, 3072]",9,9,True,True,PASS,
1391,1392,train/47d1e25eede8a23cc44fda5c031127d6.jpg,3072,3072,5,False,True,False,True,"[3, 3072, 3072]",5,5,True,True,PASS,
1392,1393,train/47d5d77dd3faf937362a6a8c44c3df6d.jpg,2923,3255,15,False,True,False,True,"[3, 3255, 2923]",15,15,True,True,PASS,
1393,1394,train/47ed17dcb2cbeec15182ed335a8b5a9e.jpg,2568,3353,8,False,True,False,True,"[3, 3353, 2568]",8,8,True,True,PASS,
1394,1395,train/480fba9f814cae86968210673cab2c61.jpg,2048,2500,4,False,True,False,True,"[3, 2500, 2048]",4,4,True,True,PASS,
1395,1396,train/481d58f636bb1d5b6d568e190b172a57.jpg,1704,1928,6,False,True,False,True,"[3, 1928, 1704]",6,6,True,True,PASS,
1396,1397,train/4849b3d33dee7a3644c2e5d8b69ebf47.jpg,2048,2240,6,False,True,False,True,"[3, 2240, 2048]",6,6,True,True,PASS,
1397,1398,train/484ac8b02e7fdf5807e95774da5f625f.jpg,2443,3274,7,False,True,False,True,"[3, 3274, 2443]",7,7,True,True,PASS,
1398,1399,train/485c87f489b33281e4a49e4ac0ceded3.jpg,2418,2678,5,False,True,False,True,"[3, 2678, 2418]",5,5,True,True,PASS,
1399,1400,train/485d22df0c99d17579ec2b44799ffb50.jpg,3072,3072,3,False,True,False,True,"[3, 3072, 3072]",3,3,True,True,PASS,
1400,1401,train/4869a847a5271f2eeffe65ff1db8a9b1.jpg,2537,2831,5,False,True,False,True,"[3, 2831, 2537]",5,5,True,True,PASS,
1401,1402,train/48774729b8921e024731f773e541d248.jpg,2304,2880,9,False,True,False,True,"[3, 2880, 2304]",9,9,True,True,PASS,
1402,1403,train/4899401111bd09c261554c3b55009e08.jpg,2304,2880,6,False,True,False,True,"[3, 2880, 2304]",6,6,True,True,PASS,
1403,1404,train/48a92383d627a10126b46b6bfae2bdb5.jpg,2304,2880,3,False,True,False,True,"[3, 2880, 2304]",3,3,True,True,PASS,
1404,1405,train/48bb4ad46a1a86fd959ddb23e5bf3618.jpg,2638,2738,6,False,True,False,True,"[3, 2738, 2638]",6,6,True,True,PASS,
1405,1406,train/48c44319fb3ad32555821ee0c74e6719.jpg,2304,2880,17,False,True,False,True,"[3, 2880, 2304]",17,17,True,True,PASS,
1406,1407,train/48e1b4c86146132c1e3b514ab99050d9.jpg,3072,3072,7,False,True,False,True,"[3, 3072, 3072]",7,7,True,True,PASS,
1407,1408,train/48e258ce61a71b27f93233e021024be8.jpg,2864,3072,7,False,True,False,True,"[3, 3072, 2864]",7,7,True,True,PASS,
1408,1409,train/48e62136c5671259ad62877dfb5339d6.jpg,2556,3044,4,False,True,False,True,"[3, 3044, 2556]",4,4,True,True,PASS,
1409,1410,train/48f3a35fcd6c76d5d0ee2d475b3f1f51.jpg,3000,3000,5,False,True,False,True,"[3, 3000, 3000]",5,5,True,True,PASS,
1410,1411,train/49067626b247a6e8b9bd7e5b1d776c38.jpg,2258,2492,6,False,True,False,True,"[3, 2492, 2258]",6,6,True,True,PASS,
1411,1412,train/49124d28f1789656d1da791c8f60b17a.jpg,2304,2880,5,False,True,False,True,"[3, 2880, 2304]",5,5,True,True,PASS,
1412,1413,train/491c13b1c12bb702181d4795d3dd5083.jpg,2336,2836,0,True,True,True,True,"[3, 2836, 2336]",0,0,True,True,PASS,
1413,1414,train/492c436c00725c4c909ec6fbc9223b92.jpg,2558,2733,28,False,True,False,True,"[3, 2733, 2558]",28,28,True,True,PASS,
1414,1415,train/494ff71dc671dfe9fa10126064b9ce15.jpg,2594,2549,4,False,True,False,True,"[3, 2549, 2594]",4,4,True,True,PASS,
1415,1416,train/495111db9d791a4667f35da65361aec5.jpg,2365,3224,6,False,True,False,True,"[3, 3224, 2365]",6,6,True,True,PASS,
1416,1417,train/495fcdab0b3ae4e0856700741d4ff17b.jpg,3042,3200,6,False,True,False,True,"[3, 3200, 3042]",6,6,True,True,PASS,
1417,1418,train/4972b3b12340e6f5b302c45ac60a1f75.jpg,2304,2880,6,False,True,False,True,"[3, 2880, 2304]",6,6,True,True,PASS,
1418,1419,train/497a208d6060186f0bf3d7ebcf57fc02.jpg,2540,3072,5,False,True,False,True,"[3, 3072, 2540]",5,5,True,True,PASS,
1419,1420,train/4987937425ec6478ba2f1c7549cb5369.jpg,2660,2972,8,False,True,False,True,"[3, 2972, 2660]",8,8,True,True,PASS,
1420,1421,train/498ac0c4815a890629cf509446a47238.jpg,3072,3072,39,False,True,False,True,"[3, 3072, 3072]",39,39,True,True,PASS,
1421,1422,train/499bf22f9d6aba3f7da0609d935c9e1d.jpg,2844,2772,17,False,True,False,True,"[3, 2772, 2844]",17,17,True,True,PASS,
1422,1423,train/49c28afe8b399952b27ba05c8dd9cc04.jpg,2304,2880,6,False,True,False,True,"[3, 2880, 2304]",6,6,True,True,PASS,
1423,1424,train/49c6238789bcdf8f37303fb8f70b7a9d.jpg,2640,2653,5,False,True,False,True,"[3, 2653, 2640]",5,5,True,True,PASS,
1424,1425,train/49c82483ac000168b60056b1153c1afd.jpg,2304,2880,6,False,True,False,True,"[3, 2880, 2304]",6,6,True,True,PASS,
1425,1426,train/49d5b90070caab91081e5e3b26b1a0f5.jpg,3292,2988,8,False,True,False,True,"[3, 2988, 3292]",8,8,True,True,PASS,
1426,1427,train/49ded6fae1ab18e9200f9d9cbf26e884.jpg,2299,3034,12,False,True,False,True,"[3, 3034, 2299]",12,12,True,True,PASS,
1427,1428,train/49eebefcfec20d1e94df3fe97f3464fa.jpg,2647,2373,6,False,True,False,True,"[3, 2373, 2647]",6,6,True,True,PASS,
1428,1429,train/49ffdc3f7a8d0fc1f91335975ac6b44f.jpg,2456,2857,9,False,True,False,True,"[3, 2857, 2456]",9,9,True,True,PASS,
1429,1430,train/4a24da485b9550c8df8b19caff945cdc.jpg,2048,2500,9,False,True,False,True,"[3, 2500, 2048]",9,9,True,True,PASS,
1430,1431,train/4a2dec8f7163be64ef67f0d09056c921.jpg,2704,3051,8,False,True,False,True,"[3, 3051, 2704]",8,8,True,True,PASS,
1431,1432,train/4a300e435a3290c70193efd5d89c033e.jpg,2953,2975,5,False,True,False,True,"[3, 2975, 2953]",5,5,True,True,PASS,
1432,1433,train/4a46cdf01cee2a200f00daedf11576a9.jpg,2995,2810,10,False,True,False,True,"[3, 2810, 2995]",10,10,True,True,PASS,
1433,1434,train/4a5732c7b9983cc84c987f27de556a9a.jpg,3072,3072,7,False,True,False,True,"[3, 3072, 3072]",7,7,True,True,PASS,
1434,1435,train/4a67efd541f3149e52fc543a33abd332.jpg,2916,2802,0,True,True,True,True,"[3, 2802, 2916]",0,0,True,True,PASS,
1435,1436,train/4ac56d1d9d015150191e49197b8ed15e.jpg,2234,2639,5,False,True,False,True,"[3, 2639, 2234]",5,5,True,True,PASS,
1436,1437,train/4ac9c86c8538aadbcd05f36516562692.jpg,3072,3072,3,False,True,False,True,"[3, 3072, 3072]",3,3,True,True,PASS,
1437,1438,train/4adeb5e5837fa7187535346c27d1afa6.jpg,3072,3072,3,False,True,False,True,"[3, 3072, 3072]",3,3,True,True,PASS,
1438,1439,train/4b001bab36d94f73c1ead3ab74690dbc.jpg,1936,2488,32,False,True,False,True,"[3, 2488, 1936]",32,32,True,True,PASS,
1439,1440,train/4b33db392748079f75a5250a15840b74.jpg,3072,3072,8,False,True,False,True,"[3, 3072, 3072]",8,8,True,True,PASS,
1440,1441,train/4b4502be77b11e64bf31e62dc098da41.jpg,2304,2880,6,False,True,False,True,"[3, 2880, 2304]",6,6,True,True,PASS,
1441,1442,train/4b56bc6d22b192f075f13231419dfcc8.jpg,1968,2040,12,False,True,False,True,"[3, 2040, 1968]",12,12,True,True,PASS,
1442,1443,train/4b6420b930df7a0b2b4d64fb1be5a796.jpg,2304,2880,8,False,True,False,True,"[3, 2880, 2304]",8,8,True,True,PASS,
1443,1444,train/4b6ca2a1a046bd045ea254e6550c8b5c.jpg,2634,2772,9,False,True,False,True,"[3, 2772, 2634]",9,9,True,True,PASS,
1444,1445,train/4b8c24a1eaeabd898c28a92d25cc3632.jpg,2304,2880,5,False,True,False,True,"[3, 2880, 2304]",5,5,True,True,PASS,
1445,1446,train/4b91d54f3170a9c8a757e6acd6c25588.jpg,2540,3072,17,False,True,False,True,"[3, 3072, 2540]",17,17,True,True,PASS,
1446,1447,train/4b9ee23b2f17c3621158a9bef81cf86b.jpg,2608,2968,8,False,True,False,True,"[3, 2968, 2608]",8,8,True,True,PASS,
1447,1448,train/4ba255d801f2e52fd54a67d79bd3da8a.jpg,2136,2464,6,False,True,False,True,"[3, 2464, 2136]",6,6,True,True,PASS,
1448,1449,train/4ba445edf32750faf59f06cb09f1ed93.jpg,2304,2880,4,False,True,False,True,"[3, 2880, 2304]",4,4,True,True,PASS,
1449,1450,train/4bb91fbeec0e58edace928f8b991cdbb.jpg,3072,3072,3,False,True,False,True,"[3, 3072, 3072]",3,3,True,True,PASS,
1450,1451,train/4bbfa8505b7fbc0685c14d1003763f9e.jpg,2704,2848,6,False,True,False,True,"[3, 2848, 2704]",6,6,True,True,PASS,
1451,1452,train/4bbfc3389565fc0e2617678317127940.jpg,2088,2528,3,False,True,False,True,"[3, 2528, 2088]",3,3,True,True,PASS,
1452,1453,train/4bbfe3f248e318444c6628c28c2dbfae.jpg,2048,2500,5,False,True,False,True,"[3, 2500, 2048]",5,5,True,True,PASS,
1453,1454,train/4bd2c3d9e7b1e62d3b55d858b5dca1a0.jpg,2304,2880,14,False,True,False,True,"[3, 2880, 2304]",14,14,True,True,PASS,
1454,1455,train/4bd71829299b65b9ba7a01ce24387427.jpg,2787,2670,17,False,True,False,True,"[3, 2670, 2787]",17,17,True,True,PASS,
1455,1456,train/4bdaa2947c7003aff2cd158ae9e186dc.jpg,2304,2880,6,False,True,False,True,"[3, 2880, 2304]",6,6,True,True,PASS,
1456,1457,train/4bdb9e0eb858b60bb9cf97656c5d6130.jpg,2716,2992,26,False,True,False,True,"[3, 2992, 2716]",26,26,True,True,PASS,
1457,1458,train/4befb68953c8c713258a3e676d3df30d.jpg,2048,2500,0,True,True,True,True,"[3, 2500, 2048]",0,0,True,True,PASS,
1458,1459,train/4bfa2fa5fbcaf56ac690ad40fd74b260.jpg,1994,2430,0,True,True,True,True,"[3, 2430, 1994]",0,0,True,True,PASS,
1459,1460,train/4c029c4f3deed9414b157053867709b0.jpg,2392,2884,5,False,True,False,True,"[3, 2884, 2392]",5,5,True,True,PASS,
1460,1461,train/4c02da7cd2dc7415b226103114e5aaf0.jpg,2582,3408,14,False,True,False,True,"[3, 3408, 2582]",14,14,True,True,PASS,
1461,1462,train/4c08ca0e2bce2f1fc972f5b0b10312c7.jpg,2024,2400,4,False,True,False,True,"[3, 2400, 2024]",4,4,True,True,PASS,
1462,1463,train/4c127b111ebdba8c59de22a06ca00a7f.jpg,2642,2923,0,True,True,True,True,"[3, 2923, 2642]",0,0,True,True,PASS,
1463,1464,train/4c136dc24756a39edd30f610a01029df.jpg,2304,2880,7,False,True,False,True,"[3, 2880, 2304]",7,7,True,True,PASS,
1464,1465,train/4c27e9e5e1f0eccd8fbda6137e6d29d3.jpg,2504,2559,0,True,True,True,True,"[3, 2559, 2504]",0,0,True,True,PASS,
1465,1466,train/4c343392ba20dd751dab3f9178bf01af.jpg,2304,2880,6,False,True,False,True,"[3, 2880, 2304]",6,6,True,True,PASS,
1466,1467,train/4c4a83fb016a133dcc7a868e7eb229e7.jpg,3072,3072,7,False,True,False,True,"[3, 3072, 3072]",7,7,True,True,PASS,
1467,1468,train/4c4cf43e7c8529c430c1d1295fee1784.jpg,2504,2476,14,False,True,False,True,"[3, 2476, 2504]",14,14,True,True,PASS,
1468,1469,train/4c5bf28c7cdb9d7c5ac93c78bbd7bdef.jpg,2885,2725,6,False,True,False,True,"[3, 2725, 2885]",6,6,True,True,PASS,
1469,1470,train/4c68b98043a1d2f7215d0db1a761bab3.jpg,2304,2880,6,False,True,False,True,"[3, 2880, 2304]",6,6,True,True,PASS,
1470,1471,train/4c6b4bdeeca13b091e52dd6d674b90f8.jpg,2208,2688,4,False,True,False,True,"[3, 2688, 2208]",4,4,True,True,PASS,
1471,1472,train/4c7d33b4c5bf485af4df30bb8500a002.jpg,3000,3000,5,False,True,False,True,"[3, 3000, 3000]",5,5,True,True,PASS,
1472,1473,train/4c8b34b2b49560459f55016cc28a9b4e.jpg,2304,2880,6,False,True,False,True,"[3, 2880, 2304]",6,6,True,True,PASS,
1473,1474,train/4ccc63ecf9efef91deef0f5849e3ad34.jpg,2286,2272,13,False,True,False,True,"[3, 2272, 2286]",13,13,True,True,PASS,
1474,1475,train/4cccd244506af875fc9d2a32ad2b4b96.jpg,2304,2880,10,False,True,False,True,"[3, 2880, 2304]",10,10,True,True,PASS,
1475,1476,train/4cd6ce29c3b6bab1f3f23509644cd626.jpg,2048,2500,0,True,True,True,True,"[3, 2500, 2048]",0,0,True,True,PASS,
1476,1477,train/4cdc062257b3f9570bef2afe986605a8.jpg,2400,2684,0,True,True,True,True,"[3, 2684, 2400]",0,0,True,True,PASS,
1477,1478,train/4ce311cd58824cdd3b6ca3e0878bb9c1.jpg,2304,2880,3,False,True,False,True,"[3, 2880, 2304]",3,3,True,True,PASS,
1478,1479,train/4cf1b1d76ab89d36c71bb2c1cbd4335b.jpg,2393,2945,9,False,True,False,True,"[3, 2945, 2393]",9,9,True,True,PASS,
1479,1480,train/4cfcd0c0e7dcd3236b98e3361af8b324.jpg,2048,2500,0,True,True,True,True,"[3, 2500, 2048]",0,0,True,True,PASS,
1480,1481,train/4d01d09027d1d1e0513de4c8b4fc20e1.jpg,2829,3069,5,False,True,False,True,"[3, 3069, 2829]",5,5,True,True,PASS,
1481,1482,train/4d0acfb4200c0153173d5d9997e6fe43.jpg,2304,2880,4,False,True,False,True,"[3, 2880, 2304]",4,4,True,True,PASS,
1482,1483,train/4d314293037f079e4916231d262212d3.jpg,2792,3197,5,False,True,False,True,"[3, 3197, 2792]",5,5,True,True,PASS,
1483,1484,train/4d382aae3f8589c113589533ffdb3545.jpg,2517,3028,0,True,True,True,True,"[3, 3028, 2517]",0,0,True,True,PASS,
1484,1485,train/4d3a1fe62d0df7015482f6c8429ed5a8.jpg,2540,3072,6,False,True,False,True,"[3, 3072, 2540]",6,6,True,True,PASS,
1485,1486,train/4d8a51ab3ebdb9b9f91c373b56b5d7f3.jpg,2736,3060,6,False,True,False,True,"[3, 3060, 2736]",6,6,True,True,PASS,
1486,1487,train/4d8fb15d5bf045d6fb3809b305ce9d42.jpg,3072,3072,6,False,True,False,True,"[3, 3072, 3072]",6,6,True,True,PASS,
1487,1488,train/4d911f55a3576833aa411f5718c8021e.jpg,2304,2880,9,False,True,False,True,"[3, 2880, 2304]",9,9,True,True,PASS,
1488,1489,train/4da6d92e1eeeed4658aaa52ce11fe8f4.jpg,3072,3072,13,False,True,False,True,"[3, 3072, 3072]",13,13,True,True,PASS,
1489,1490,train/4db4ecf3e2d32c92cf3f10c7b1643a5b.jpg,2800,3122,15,False,True,False,True,"[3, 3122, 2800]",15,15,True,True,PASS,
1490,1491,train/4db77a5ffb5fa45be829a1cb9f6bc281.jpg,2304,2880,6,False,True,False,True,"[3, 2880, 2304]",6,6,True,True,PASS,
1491,1492,train/4db7b12c1770b0aef3a1ea88bb95d97a.jpg,3268,3268,8,False,True,False,True,"[3, 3268, 3268]",8,8,True,True,PASS,
1492,1493,train/4dba0415612e40d5f6351068afec5188.jpg,3020,2958,8,False,True,False,True,"[3, 2958, 3020]",8,8,True,True,PASS,
1493,1494,train/4dc920678507b8b1f441b541c5f7d8a6.jpg,2304,2880,3,False,True,False,True,"[3, 2880, 2304]",3,3,True,True,PASS,
1494,1495,train/4dd2565b70e524eeabe9a1c6ce75a3a3.jpg,2572,3035,3,False,True,False,True,"[3, 3035, 2572]",3,3,True,True,PASS,
1495,1496,train/4ddc546539907c6884564c6711e6e8f6.jpg,1952,2328,4,False,True,False,True,"[3, 2328, 1952]",4,4,True,True,PASS,
1496,1497,train/4de0046df0947c59999ff9fc24c8f1f8.jpg,2540,3072,9,False,True,False,True,"[3, 3072, 2540]",9,9,True,True,PASS,
1497,1498,train/4de285a2425fae1e19bb809500afb721.jpg,2927,2670,8,False,True,False,True,"[3, 2670, 2927]",8,8,True,True,PASS,
1498,1499,train/4df989ed5a8e07614c7121e0f57ab881.jpg,2698,2933,6,False,True,False,True,"[3, 2933, 2698]",6,6,True,True,PASS,
1499,1500,train/4e05e0eb20d51d18764289ce2c240942.jpg,3000,3000,3,False,True,False,True,"[3, 3000, 3000]",3,3,True,True,PASS,
1500,1501,train/4e0856fe29f4d2eecc45dcac43c39c1e.jpg,2304,2880,8,False,True,False,True,"[3, 2880, 2304]",8,8,True,True,PASS,
1501,1502,train/4e1c7c8139ca923967f318edb0fec0e6.jpg,2628,2880,7,False,True,False,True,"[3, 2880, 2628]",7,7,True,True,PASS,
1502,1503,train/4e29508a919faf1d425a6a8c14d7a08d.jpg,2581,3073,3,False,True,False,True,"[3, 3073, 2581]",3,3,True,True,PASS,
1503,1504,train/4e39db9ee3a3fa04e219e4649581708a.jpg,2304,2880,11,False,True,False,True,"[3, 2880, 2304]",11,11,True,True,PASS,
1504,1505,train/4e3a3b03cf00a9060ac139f57843a241.jpg,2749,3094,10,False,True,False,True,"[3, 3094, 2749]",10,10,True,True,PASS,
1505,1506,train/4e64cec5f0f214dd6ab9eb488fe6ddb9.jpg,2304,2880,3,False,True,False,True,"[3, 2880, 2304]",3,3,True,True,PASS,
1506,1507,train/4e67e6bf89bc680a13cdf9f72cf99423.jpg,2304,2880,9,False,True,False,True,"[3, 2880, 2304]",9,9,True,True,PASS,
1507,1508,train/4e768f77541065c7e5465fc8e049e2d0.jpg,2304,2880,8,False,True,False,True,"[3, 2880, 2304]",8,8,True,True,PASS,
1508,1509,train/4e7a534c72ee26ef1610dd6e5c94d246.jpg,3072,3072,10,False,True,False,True,"[3, 3072, 3072]",10,10,True,True,PASS,
1509,1510,train/4e7fe9cc13468517b324743c8c8b7b40.jpg,2304,2880,12,False,True,False,True,"[3, 2880, 2304]",12,12,True,True,PASS,
1510,1511,train/4e8ff7aae833d90a392038e0469a580b.jpg,2580,2788,6,False,True,False,True,"[3, 2788, 2580]",6,6,True,True,PASS,
1511,1512,train/4ea43f30fdd925340ad598bb10028c97.jpg,2725,3264,18,False,True,False,True,"[3, 3264, 2725]",18,18,True,True,PASS,
1512,1513,train/4eba4a7398dcb610dfc7bd794e52b9e4.jpg,2092,2620,5,False,True,False,True,"[3, 2620, 2092]",5,5,True,True,PASS,
1513,1514,train/4ec0857964d6c66165927a14b9b7f26f.jpg,2520,3142,9,False,True,False,True,"[3, 3142, 2520]",9,9,True,True,PASS,
1514,1515,train/4ec2fcd26cb91d4d33596c69c46e0816.jpg,2624,3072,8,False,True,False,True,"[3, 3072, 2624]",8,8,True,True,PASS,
1515,1516,train/4ed68446e699393eee15c57b87ab6f14.jpg,2048,2500,0,True,True,True,True,"[3, 2500, 2048]",0,0,True,True,PASS,
1516,1517,train/4eed7a6bb03888eade13343f141dd5c8.jpg,2648,2874,9,False,True,False,True,"[3, 2874, 2648]",9,9,True,True,PASS,
1517,1518,train/4ef1312ec852f7b0da904d5c023dd763.jpg,2048,2500,4,False,True,False,True,"[3, 2500, 2048]",4,4,True,True,PASS,
1518,1519,train/4ef589fee1b30a47d9955e4613cf901c.jpg,2995,2975,13,False,True,False,True,"[3, 2975, 2995]",13,13,True,True,PASS,
1519,1520,train/4f15e82336d2e7505d4c9d757d6b1e68.jpg,3072,3072,7,False,True,False,True,"[3, 3072, 3072]",7,7,True,True,PASS,
1520,1521,train/4f1aea7b3a7d3d3af2a5367565bc4f37.jpg,3072,3072,7,False,True,False,True,"[3, 3072, 3072]",7,7,True,True,PASS,
1521,1522,train/4f3f489a6b0257782ee57deaba29b0d8.jpg,2987,3086,7,False,True,False,True,"[3, 3086, 2987]",7,7,True,True,PASS,
1522,1523,train/4f3f5460ae80ab6ec1bf00b33087a828.jpg,2564,3000,20,False,True,False,True,"[3, 3000, 2564]",20,20,True,True,PASS,
1523,1524,train/4f55eff35e0c162fcde67c36b159e6c2.jpg,3320,3408,13,False,True,False,True,"[3, 3408, 3320]",13,13,True,True,PASS,
1524,1525,train/4f6ce4d52f883da96b68389f0c86a3f5.jpg,2540,3072,5,False,True,False,True,"[3, 3072, 2540]",5,5,True,True,PASS,
1525,1526,train/4f85a3489a50abf87136c4544ce8b2ba.jpg,2517,2798,0,True,True,True,True,"[3, 2798, 2517]",0,0,True,True,PASS,
1526,1527,train/4f88ef0610cf30530d9492bf9980ffdd.jpg,3072,3072,0,True,True,True,True,"[3, 3072, 3072]",0,0,True,True,PASS,
1527,1528,train/4fa30afdf5d4bbfcfd9071e2a56e7a4b.jpg,2304,2880,10,False,True,False,True,"[3, 2880, 2304]",10,10,True,True,PASS,
1528,1529,train/4fb8b42ce575d32e3bc864ac4b72b46f.jpg,2452,2642,0,True,True,True,True,"[3, 2642, 2452]",0,0,True,True,PASS,
1529,1530,train/4fc9e9141f0c5a009cc703c2390a1206.jpg,2304,2880,7,False,True,False,True,"[3, 2880, 2304]",7,7,True,True,PASS,
1530,1531,train/4fd945bbe2d065ec9f58c2e86de2e1f9.jpg,2615,2203,3,False,True,False,True,"[3, 2203, 2615]",3,3,True,True,PASS,
1531,1532,train/4fea09c4066a754deae204145651ba66.jpg,2304,2880,10,False,True,False,True,"[3, 2880, 2304]",10,10,True,True,PASS,
1532,1533,train/4ffd7c077cbf6ac90d95669b7cb314cc.jpg,2000,2448,12,False,True,False,True,"[3, 2448, 2000]",12,12,True,True,PASS,
1533,1534,train/5020b0b92309c84c4db2b6efb0c16e98.jpg,2431,2432,5,False,True,False,True,"[3, 2432, 2431]",5,5,True,True,PASS,
1534,1535,train/50297e864bd40ca2a8102013e0a899cd.jpg,2509,3131,5,False,True,False,True,"[3, 3131, 2509]",5,5,True,True,PASS,
1535,1536,train/503b8d4fecc9a637a1bb1f088d66b496.jpg,2336,2836,0,True,True,True,True,"[3, 2836, 2336]",0,0,True,True,PASS,
1536,1537,train/50625148e666a338a8588bd1b1e0b7f3.jpg,2304,2880,7,False,True,False,True,"[3, 2880, 2304]",7,7,True,True,PASS,
1537,1538,train/50708867ca7d310f7a521c99e8404366.jpg,2304,2880,15,False,True,False,True,"[3, 2880, 2304]",15,15,True,True,PASS,
1538,1539,train/50723f9ca4e3cc4b33cac5970f8c442f.jpg,2657,3175,4,False,True,False,True,"[3, 3175, 2657]",4,4,True,True,PASS,
1539,1540,train/5076848df8fa698b517a34f6a8246d43.jpg,2366,2805,5,False,True,False,True,"[3, 2805, 2366]",5,5,True,True,PASS,
1540,1541,train/508083b00dfef2ea10fe2aebee580990.jpg,2304,2880,20,False,True,False,True,"[3, 2880, 2304]",20,20,True,True,PASS,
1541,1542,train/508c4c30d17b6c425cecaaa7121c578a.jpg,3072,3072,5,False,True,False,True,"[3, 3072, 3072]",5,5,True,True,PASS,
1542,1543,train/50937a47ccac712f2dd7e750207c16ba.jpg,2542,2653,8,False,True,False,True,"[3, 2653, 2542]",8,8,True,True,PASS,
1543,1544,train/50b13defc76ed84a3b775856bfda2dfb.jpg,3268,3268,8,False,True,False,True,"[3, 3268, 3268]",8,8,True,True,PASS,
1544,1545,train/50d427f8dcf1ce69704b69db12d52192.jpg,3072,3072,6,False,True,False,True,"[3, 3072, 3072]",6,6,True,True,PASS,
1545,1546,train/50e578a1af0cba03c513965993b9e5fa.jpg,2540,3072,4,False,True,False,True,"[3, 3072, 2540]",4,4,True,True,PASS,
1546,1547,train/50f315c754b3530ac3c9bac3e96b22ac.jpg,2048,2500,10,False,True,False,True,"[3, 2500, 2048]",10,10,True,True,PASS,
1547,1548,train/510de55463812cc7e80f16d523892408.jpg,3320,3408,4,False,True,False,True,"[3, 3408, 3320]",4,4,True,True,PASS,
1548,1549,train/5110151fc236f15afffe7a5f8b9d7173.jpg,2540,3072,5,False,True,False,True,"[3, 3072, 2540]",5,5,True,True,PASS,
1549,1550,train/511b2a7296990326bdc26ed3ca30a329.jpg,2048,2500,5,False,True,False,True,"[3, 2500, 2048]",5,5,True,True,PASS,
1550,1551,train/511e8b50c9a7ecee4e1a8621f262e9ad.jpg,2304,2880,6,False,True,False,True,"[3, 2880, 2304]",6,6,True,True,PASS,
1551,1552,train/51252d90beb12e47b0684e8673080ee0.jpg,3072,3072,8,False,True,False,True,"[3, 3072, 3072]",8,8,True,True,PASS,
1552,1553,train/512e7a3cb8427dccc274f5425a3121dd.jpg,2406,2624,0,True,True,True,True,"[3, 2624, 2406]",0,0,True,True,PASS,
1553,1554,train/513203e29fe43941076e37a945e58c36.jpg,2674,2580,3,False,True,False,True,"[3, 2580, 2674]",3,3,True,True,PASS,
1554,1555,train/51422a086cffde581d437b25a71f2b20.jpg,2304,2880,7,False,True,False,True,"[3, 2880, 2304]",7,7,True,True,PASS,
1555,1556,train/5156d69e540648eb952371ec5c80bc81.jpg,2931,2551,13,False,True,False,True,"[3, 2551, 2931]",13,13,True,True,PASS,
1556,1557,train/515fa6a2f756494eb4b19d7248989268.jpg,2592,3264,6,False,True,False,True,"[3, 3264, 2592]",6,6,True,True,PASS,
1557,1558,train/5161ae032f0552603b6de965b2bb3e09.jpg,2995,3056,11,False,True,False,True,"[3, 3056, 2995]",11,11,True,True,PASS,
1558,1559,train/5164a68ca025b37b2ee9525b66c01071.jpg,3072,3072,18,False,True,False,True,"[3, 3072, 3072]",18,18,True,True,PASS,
1559,1560,train/5170326726acc5b2f50c4426417f3b23.jpg,2579,2678,14,False,True,False,True,"[3, 2678, 2579]",14,14,True,True,PASS,
1560,1561,train/517f3939a9628db4475c2c0ae39b2d1b.jpg,1896,2160,12,False,True,False,True,"[3, 2160, 1896]",12,12,True,True,PASS,
1561,1562,train/5184bc9a54adf7c8cb707c45f21fd741.jpg,2668,3294,8,False,True,False,True,"[3, 3294, 2668]",8,8,True,True,PASS,
1562,1563,train/5186303faebc722fd30549bffab17d28.jpg,1994,2430,0,True,True,True,True,"[3, 2430, 1994]",0,0,True,True,PASS,
1563,1564,train/51866523926ef3d4f2e969f0c6efb13c.jpg,2304,2880,5,False,True,False,True,"[3, 2880, 2304]",5,5,True,True,PASS,
1564,1565,train/51a8a2d913f12d2b39d9fe43fe27aa2d.jpg,3000,3000,4,False,True,False,True,"[3, 3000, 3000]",4,4,True,True,PASS,
1565,1566,train/51a8d7259a0a6deac20b7c4979a7e847.jpg,2174,2234,6,False,True,False,True,"[3, 2234, 2174]",6,6,True,True,PASS,
1566,1567,train/51b168d29879c8972aa29d9f31f4b00c.jpg,2540,3072,9,False,True,False,True,"[3, 3072, 2540]",9,9,True,True,PASS,
1567,1568,train/51b32791c77b71fca56fc28f10ce770c.jpg,2080,2776,15,False,True,False,True,"[3, 2776, 2080]",15,15,True,True,PASS,
1568,1569,train/51cc7892a363b3d3479c7b801f7ca53e.jpg,2540,3072,6,False,True,False,True,"[3, 3072, 2540]",6,6,True,True,PASS,
1569,1570,train/51cce256c4d5b81a6b65a24cfe7b3ba2.jpg,2496,2657,11,False,True,False,True,"[3, 2657, 2496]",11,11,True,True,PASS,
1570,1571,train/51d1cf3040cca32ccbfdb70b95168fbb.jpg,2330,2398,6,False,True,False,True,"[3, 2398, 2330]",6,6,True,True,PASS,
1571,1572,train/51df5eca07ab2ddb3be2eeee9a52c605.jpg,2304,2880,6,False,True,False,True,"[3, 2880, 2304]",6,6,True,True,PASS,
1572,1573,train/51eb9c41906d5d46d35740f53d37ab49.jpg,3186,3154,17,False,True,False,True,"[3, 3154, 3186]",17,17,True,True,PASS,
1573,1574,train/520d974129f659b2ac9588b4f19bc58a.jpg,3072,3072,4,False,True,False,True,"[3, 3072, 3072]",4,4,True,True,PASS,
1574,1575,train/5227d616111561c6fa23dbc07cf46929.jpg,2720,2796,6,False,True,False,True,"[3, 2796, 2720]",6,6,True,True,PASS,
1575,1576,train/522dea0833b59836405679f464299eac.jpg,3072,3072,26,False,True,False,True,"[3, 3072, 3072]",26,26,True,True,PASS,
1576,1577,train/52448f4ee36620bad15bf4c097c6f17e.jpg,2774,2449,11,False,True,False,True,"[3, 2449, 2774]",11,11,True,True,PASS,
1577,1578,train/5260bd9fff6293f51f50232b2f0ebdcb.jpg,3072,3072,9,False,True,False,True,"[3, 3072, 3072]",9,9,True,True,PASS,
1578,1579,train/52637c1cd09bb2655f4c08aaa698a270.jpg,3072,3072,11,False,True,False,True,"[3, 3072, 3072]",11,11,True,True,PASS,
1579,1580,train/5268b1ff61505e50ac05fd430cc45276.jpg,2547,3073,23,False,True,False,True,"[3, 3073, 2547]",23,23,True,True,PASS,
1580,1581,train/528b0f9791c96c9cb1b2e4f510223f8e.jpg,2256,2868,10,False,True,False,True,"[3, 2868, 2256]",10,10,True,True,PASS,
1581,1582,train/52951d7de2485aba8ed62629eee4d254.jpg,2304,2880,3,False,True,False,True,"[3, 2880, 2304]",3,3,True,True,PASS,
1582,1583,train/52979eadb9adb0c1dc9a64fa0d3c4d26.jpg,2304,2880,3,False,True,False,True,"[3, 2880, 2304]",3,3,True,True,PASS,
1583,1584,train/529d855ec524ddf484434d90da0e3f4a.jpg,3072,3072,15,False,True,False,True,"[3, 3072, 3072]",15,15,True,True,PASS,
1584,1585,train/52a4ee5944586edccdb0e1f25b7a9ef8.jpg,2435,2475,19,False,True,False,True,"[3, 2475, 2435]",19,19,True,True,PASS,
1585,1586,train/52ad48bb3bd43f207c56972dbc29ce4e.jpg,2304,2880,8,False,True,False,True,"[3, 2880, 2304]",8,8,True,True,PASS,
1586,1587,train/52c85584532b1c23d447ab91ac1787ef.jpg,2634,3064,9,False,True,False,True,"[3, 3064, 2634]",9,9,True,True,PASS,
1587,1588,train/52d44d46feb0f3aa85e55476860b3ba7.jpg,2304,2880,9,False,True,False,True,"[3, 2880, 2304]",9,9,True,True,PASS,
1588,1589,train/52e2c09b396b3591287d7040a9df8177.jpg,2850,3215,13,False,True,False,True,"[3, 3215, 2850]",13,13,True,True,PASS,
1589,1590,train/52fe2f01573413223b1f7edee17de341.jpg,2304,2880,3,False,True,False,True,"[3, 2880, 2304]",3,3,True,True,PASS,
1590,1591,train/53023065af5f5dbdc581ae1d01c707ba.jpg,2566,3060,4,False,True,False,True,"[3, 3060, 2566]",4,4,True,True,PASS,
1591,1592,train/5308d2b6f06e98bd8e7c16ed6124aff1.jpg,2804,2670,19,False,True,False,True,"[3, 2670, 2804]",19,19,True,True,PASS,
1592,1593,train/5318f62ea80235a9cc82ad475d79ee96.jpg,2706,3048,4,False,True,False,True,"[3, 3048, 2706]",4,4,True,True,PASS,
1593,1594,train/5325bdc682cf5b460a489405dc2369f0.jpg,3072,3072,5,False,True,False,True,"[3, 3072, 3072]",5,5,True,True,PASS,
1594,1595,train/53385a96b1681676153e5e8900eaac66.jpg,2304,2880,9,False,True,False,True,"[3, 2880, 2304]",9,9,True,True,PASS,
1595,1596,train/534b124253b5513add03cd3c64d9b5cc.jpg,2613,3103,7,False,True,False,True,"[3, 3103, 2613]",7,7,True,True,PASS,
1596,1597,train/5386660b78d301f69d170f83885aafe6.jpg,2048,2392,3,False,True,False,True,"[3, 2392, 2048]",3,3,True,True,PASS,
1597,1598,train/53b1a490cd7e3a30e94014bdfd314d14.jpg,2540,3072,21,False,True,False,True,"[3, 3072, 2540]",21,21,True,True,PASS,
1598,1599,train/53b894bd3ec511ae4bec7b5b47ce260a.jpg,2304,2880,10,False,True,False,True,"[3, 2880, 2304]",10,10,True,True,PASS,
1599,1600,train/53be245b32ccb6e9cfd1bee68969fcd5.jpg,2394,2458,20,False,True,False,True,"[3, 2458, 2394]",20,20,True,True,PASS,
1600,1601,train/53c5f82af2582e61a0d2c47c851cc246.jpg,3000,3000,0,True,True,True,True,"[3, 3000, 3000]",0,0,True,True,PASS,
1601,1602,train/53ccff63f08af78b59278f65fa89ab77.jpg,2304,2880,5,False,True,False,True,"[3, 2880, 2304]",5,5,True,True,PASS,
1602,1603,train/53d0c95f346e365f81fb95c5c6a6d027.jpg,2048,2500,9,False,True,False,True,"[3, 2500, 2048]",9,9,True,True,PASS,
1603,1604,train/53d4fbf11ca8be107a343df37ca9eddc.jpg,2416,2724,5,False,True,False,True,"[3, 2724, 2416]",5,5,True,True,PASS,
1604,1605,train/53e2a10eb9969b0e336a51d11dda17f9.jpg,3072,3072,12,False,True,False,True,"[3, 3072, 3072]",12,12,True,True,PASS,
1605,1606,train/53e93d9f8cf885a55e00079256595a86.jpg,2708,3404,28,False,True,False,True,"[3, 3404, 2708]",28,28,True,True,PASS,
1606,1607,train/53f24abf8ff03943c9a413462606cb39.jpg,3320,3408,0,True,True,True,True,"[3, 3408, 3320]",0,0,True,True,PASS,
1607,1608,train/53f8a8327590a490890d3d2acfb08dea.jpg,2304,2880,7,False,True,False,True,"[3, 2880, 2304]",7,7,True,True,PASS,
1608,1609,train/53fd81f25545667511f292625f390087.jpg,1994,2430,0,True,True,True,True,"[3, 2430, 1994]",0,0,True,True,PASS,
1609,1610,train/54122627c6aeed581fde506562a73b2e.jpg,2736,2649,21,False,True,False,True,"[3, 2649, 2736]",21,21,True,True,PASS,
1610,1611,train/54220e92c21a62705bf7a124f88f952b.jpg,2540,3072,4,False,True,False,True,"[3, 3072, 2540]",4,4,True,True,PASS,
1611,1612,train/542f4583f097667ad5f691085f1da789.jpg,2336,2836,0,True,True,True,True,"[3, 2836, 2336]",0,0,True,True,PASS,
1612,1613,train/543278633eea00a31aa950d65ad504c3.jpg,2304,2880,5,False,True,False,True,"[3, 2880, 2304]",5,5,True,True,PASS,
1613,1614,train/543c0591a8706112a0e71620509a398f.jpg,2744,3164,9,False,True,False,True,"[3, 3164, 2744]",9,9,True,True,PASS,
1614,1615,train/54402d9750c85f0e06e3d9464f6c2363.jpg,3060,3132,6,False,True,False,True,"[3, 3132, 3060]",6,6,True,True,PASS,
1615,1616,train/5448e1c9dcfbf590e62b7e862754fbac.jpg,2304,2880,5,False,True,False,True,"[3, 2880, 2304]",5,5,True,True,PASS,
1616,1617,train/5450f21b06e8ee3fcdc1375711bc28ee.jpg,2540,3072,4,False,True,False,True,"[3, 3072, 2540]",4,4,True,True,PASS,
1617,1618,train/54513c2ba05c261ea2b2a87455634b1c.jpg,2311,3408,19,False,True,False,True,"[3, 3408, 2311]",19,19,True,True,PASS,
1618,1619,train/54573b0df6208b2a4b53c2c9c079e1b3.jpg,3072,3072,0,True,True,True,True,"[3, 3072, 3072]",0,0,True,True,PASS,
1619,1620,train/545c9dbeb94829f48598298810c03c22.jpg,2572,2880,6,False,True,False,True,"[3, 2880, 2572]",6,6,True,True,PASS,
1620,1621,train/5467a3e2ca866b4295b2e73089fec5fe.jpg,2056,2048,4,False,True,False,True,"[3, 2048, 2056]",4,4,True,True,PASS,
1621,1622,train/547c05d144ba6fc07c0c4bb052a3baad.jpg,3072,3072,9,False,True,False,True,"[3, 3072, 3072]",9,9,True,True,PASS,
1622,1623,train/5480af204701170956ce3d98f363a3c2.jpg,2048,2500,4,False,True,False,True,"[3, 2500, 2048]",4,4,True,True,PASS,
1623,1624,train/548bf08ac3fb4268aec314b42911af13.jpg,2304,2880,0,True,True,True,True,"[3, 2880, 2304]",0,0,True,True,PASS,
1624,1625,train/548bf1d835906c257ca4557ca44b3e81.jpg,2540,3072,4,False,True,False,True,"[3, 3072, 2540]",4,4,True,True,PASS,
1625,1626,train/54c0150631b47cb729930541e54f3deb.jpg,3072,3072,6,False,True,False,True,"[3, 3072, 3072]",6,6,True,True,PASS,
1626,1627,train/54c29330c2acd1a534ee949951b7f649.jpg,2048,2500,0,True,True,True,True,"[3, 2500, 2048]",0,0,True,True,PASS,
1627,1628,train/54d7976f3b2da92eafd691971f78ea2b.jpg,2540,3072,10,False,True,False,True,"[3, 3072, 2540]",10,10,True,True,PASS,
1628,1629,train/54d9b89fd235a6141bc3512482e988a9.jpg,3072,3072,4,False,True,False,True,"[3, 3072, 3072]",4,4,True,True,PASS,
1629,1630,train/54e6184c63c75a9695d7effc17969ad0.jpg,2048,2500,20,False,True,False,True,"[3, 2500, 2048]",20,20,True,True,PASS,
1630,1631,train/54f9194379210945be0ed72fac357456.jpg,2304,2880,13,False,True,False,True,"[3, 2880, 2304]",13,13,True,True,PASS,
1631,1632,train/54fa20d07ac42e467ab67a87cf8563a3.jpg,2376,3264,7,False,True,False,True,"[3, 3264, 2376]",7,7,True,True,PASS,
1632,1633,train/54faa310d699dd7d3318ed5e786638ce.jpg,3072,3072,0,True,True,True,True,"[3, 3072, 3072]",0,0,True,True,PASS,
1633,1634,train/550b3741c40e9beaddd7aaf69274da50.jpg,2304,2880,6,False,True,False,True,"[3, 2880, 2304]",6,6,True,True,PASS,
1634,1635,train/550d073e57548eab1948b707b7a96132.jpg,2287,2941,6,False,True,False,True,"[3, 2941, 2287]",6,6,True,True,PASS,
1635,1636,train/551456e08a1327bdba41297c8ebb8c6f.jpg,2676,2760,10,False,True,False,True,"[3, 2760, 2676]",10,10,True,True,PASS,
1636,1637,train/55231bc4cc095392e090a72f11ef79c8.jpg,2048,2500,4,False,True,False,True,"[3, 2500, 2048]",4,4,True,True,PASS,
1637,1638,train/5539e48e8091eabd708e85ae1a71a22a.jpg,1976,2072,6,False,True,False,True,"[3, 2072, 1976]",6,6,True,True,PASS,
1638,1639,train/55502b1d1bf95606ecfb0abb4f1fdd98.jpg,3072,3072,0,True,True,True,True,"[3, 3072, 3072]",0,0,True,True,PASS,
1639,1640,train/5562ea946b0ed8574dd20d05a001d6c4.jpg,2521,3081,10,False,True,False,True,"[3, 3081, 2521]",10,10,True,True,PASS,
1640,1641,train/5578d9ba48381064e92e7c9198e1f1b4.jpg,2840,3264,9,False,True,False,True,"[3, 3264, 2840]",9,9,True,True,PASS,
1641,1642,train/557e3236337cc0a98613a715ab9cde44.jpg,1994,2430,0,True,True,True,True,"[3, 2430, 1994]",0,0,True,True,PASS,
1642,1643,train/55a6f35d1fc71adbb833ae726a42e46e.jpg,2513,2928,5,False,True,False,True,"[3, 2928, 2513]",5,5,True,True,PASS,
1643,1644,train/55bb2808e74d4d4bfda40275268603a4.jpg,2144,2424,5,False,True,False,True,"[3, 2424, 2144]",5,5,True,True,PASS,
1644,1645,train/55e39b1282cde6796b82c6b5019a1fb8.jpg,2580,2756,18,False,True,False,True,"[3, 2756, 2580]",18,18,True,True,PASS,
1645,1646,train/55e45c8cf9f997e9970596503683521a.jpg,1952,2080,5,False,True,False,True,"[3, 2080, 1952]",5,5,True,True,PASS,
1646,1647,train/55e6279aac033f9a68822a4f84d765fc.jpg,2192,2505,0,True,True,True,True,"[3, 2505, 2192]",0,0,True,True,PASS,
1647,1648,train/55e7a17c7a91bf95becd6366d7b93640.jpg,2521,2428,6,False,True,False,True,"[3, 2428, 2521]",6,6,True,True,PASS,
1648,1649,train/55f85ec5fcb63977aa18ff153842c150.jpg,2236,2616,6,False,True,False,True,"[3, 2616, 2236]",6,6,True,True,PASS,
1649,1650,train/55fb526d34d6a1397c64f537883fefec.jpg,2279,2941,10,False,True,False,True,"[3, 2941, 2279]",10,10,True,True,PASS,
1650,1651,train/560284e43ee691bdc27fa34135d9a743.jpg,3268,3268,7,False,True,False,True,"[3, 3268, 3268]",7,7,True,True,PASS,
1651,1652,train/56148601578eca84683ee253d6f8833b.jpg,2048,2500,7,False,True,False,True,"[3, 2500, 2048]",7,7,True,True,PASS,
1652,1653,train/566150c4fe08a31a5a17d9d9f6c5f21f.jpg,2304,2880,9,False,True,False,True,"[3, 2880, 2304]",9,9,True,True,PASS,
1653,1654,train/566706c785a16e57c297029ba11efc2c.jpg,3072,3072,3,False,True,False,True,"[3, 3072, 3072]",3,3,True,True,PASS,
1654,1655,train/5673fae597c1b5218f79eead1f413da6.jpg,2304,2880,18,False,True,False,True,"[3, 2880, 2304]",18,18,True,True,PASS,
1655,1656,train/56923ac65e4a3bf6e8ec0af530c4a205.jpg,2540,3072,8,False,True,False,True,"[3, 3072, 2540]",8,8,True,True,PASS,
1656,1657,train/569f16cfa1a0c9536565c78b092d098b.jpg,2048,2500,4,False,True,False,True,"[3, 2500, 2048]",4,4,True,True,PASS,
1657,1658,train/56aac20ce11355082ffffb3d77bd6824.jpg,1994,2430,0,True,True,True,True,"[3, 2430, 1994]",0,0,True,True,PASS,
1658,1659,train/56c3324444472cec9277a83158192c63.jpg,3122,2958,6,False,True,False,True,"[3, 2958, 3122]",6,6,True,True,PASS,
1659,1660,train/56c3bbef093e2a2601cf4373aac9ff92.jpg,2304,2880,6,False,True,False,True,"[3, 2880, 2304]",6,6,True,True,PASS,
1660,1661,train/56dac092c516acffda2ffac85f90e9cc.jpg,3072,3072,9,False,True,False,True,"[3, 3072, 3072]",9,9,True,True,PASS,
1661,1662,train/56dd85ec693c65d811902a9054610f8b.jpg,2304,2880,16,False,True,False,True,"[3, 2880, 2304]",16,16,True,True,PASS,
1662,1663,train/56e12dd250d23cb2199f1f90eb5a337f.jpg,2987,2772,21,False,True,False,True,"[3, 2772, 2987]",21,21,True,True,PASS,
1663,1664,train/56fc900d3d2f8bfec66a7b5577cf2b59.jpg,2225,2499,8,False,True,False,True,"[3, 2499, 2225]",8,8,True,True,PASS,
1664,1665,train/56ff7fcebb05ad791d43e5b043f7d405.jpg,2548,2588,6,False,True,False,True,"[3, 2588, 2548]",6,6,True,True,PASS,
1665,1666,train/57036d99900dabe66e5294251e3f56de.jpg,2540,3072,11,False,True,False,True,"[3, 3072, 2540]",11,11,True,True,PASS,
1666,1667,train/570b01357f936d484c60c80de7c74b86.jpg,2504,2301,0,True,True,True,True,"[3, 2301, 2504]",0,0,True,True,PASS,
1667,1668,train/570f86fa3c8923ee5476ac1b1e7485e0.jpg,2304,2880,6,False,True,False,True,"[3, 2880, 2304]",6,6,True,True,PASS,
1668,1669,train/5714aea8b5a2d9b030196646842a6d47.jpg,2304,2880,22,False,True,False,True,"[3, 2880, 2304]",22,22,True,True,PASS,
1669,1670,train/5719bc77c9b616aab2202280f293699a.jpg,2304,2880,5,False,True,False,True,"[3, 2880, 2304]",5,5,True,True,PASS,
1670,1671,train/571ffeb5344b749ef4e99c75b8449a86.jpg,2586,3356,11,False,True,False,True,"[3, 3356, 2586]",11,11,True,True,PASS,
1671,1672,train/573b1453639e5e3e842956bbc7048547.jpg,3008,2907,16,False,True,False,True,"[3, 2907, 3008]",16,16,True,True,PASS,
1672,1673,train/573ff866dcd6b3a8805c5b87c4df8ff8.jpg,2404,2524,6,False,True,False,True,"[3, 2524, 2404]",6,6,True,True,PASS,
1673,1674,train/57415c4992802274b5a54930019c30f1.jpg,2304,2880,11,False,True,False,True,"[3, 2880, 2304]",11,11,True,True,PASS,
1674,1675,train/575b98a9f9824d519937a776bd819cc4.jpg,2715,2373,4,False,True,False,True,"[3, 2373, 2715]",4,4,True,True,PASS,
1675,1676,train/575c1973c2d617658508d18d94bc2ffa.jpg,2048,2500,0,True,True,True,True,"[3, 2500, 2048]",0,0,True,True,PASS,
1676,1677,train/5766dfc49e91557e8cd4a06a406b8890.jpg,2304,2880,14,False,True,False,True,"[3, 2880, 2304]",14,14,True,True,PASS,
1677,1678,train/577807f1ee94692b516b0b184b89ab35.jpg,2093,2530,0,True,True,True,True,"[3, 2530, 2093]",0,0,True,True,PASS,
1678,1679,train/57850a5fb4ff1a1e8597a8bdea74759a.jpg,2304,2880,4,False,True,False,True,"[3, 2880, 2304]",4,4,True,True,PASS,
1679,1680,train/5789e4266faeb45b6a483cff6b83c5d1.jpg,2493,2874,5,False,True,False,True,"[3, 2874, 2493]",5,5,True,True,PASS,
1680,1681,train/578ccc9ae139b55ba1aad1a0b657b8d5.jpg,2320,2652,7,False,True,False,True,"[3, 2652, 2320]",7,7,True,True,PASS,
1681,1682,train/579ceeec7e5374a80d88551c81db441a.jpg,2492,3092,9,False,True,False,True,"[3, 3092, 2492]",9,9,True,True,PASS,
1682,1683,train/57a083a3936273d9308af1bb7c83791b.jpg,2674,2390,12,False,True,False,True,"[3, 2390, 2674]",12,12,True,True,PASS,
1683,1684,train/57a11dff1b33a1e011eb9ccd9a2f24cc.jpg,2304,2880,7,False,True,False,True,"[3, 2880, 2304]",7,7,True,True,PASS,
1684,1685,train/57b939b0fd7d156a6113a48caad65f0d.jpg,3072,3072,6,False,True,False,True,"[3, 3072, 3072]",6,6,True,True,PASS,
1685,1686,train/57c9ecc9749eb1860f37a308d0b284ec.jpg,2517,3028,0,True,True,True,True,"[3, 3028, 2517]",0,0,True,True,PASS,
1686,1687,train/57d537d956b0881fda614facacdd4408.jpg,2088,2360,8,False,True,False,True,"[3, 2360, 2088]",8,8,True,True,PASS,
1687,1688,train/57d5e49e640aef3fae44cdac47be5ba9.jpg,2304,2880,6,False,True,False,True,"[3, 2880, 2304]",6,6,True,True,PASS,
1688,1689,train/57e0f7ded402e2fac6be1f00fd7c0b19.jpg,3072,3072,8,False,True,False,True,"[3, 3072, 3072]",8,8,True,True,PASS,
1689,1690,train/57e37e82484254e6826397247ac940d1.jpg,2304,2880,7,False,True,False,True,"[3, 2880, 2304]",7,7,True,True,PASS,
1690,1691,train/57ea8252280fae29b410732f1f84bbae.jpg,2336,2836,0,True,True,True,True,"[3, 2836, 2336]",0,0,True,True,PASS,
1691,1692,train/582b7c53ef97d1107d527bf23879353f.jpg,3072,3072,11,False,True,False,True,"[3, 3072, 3072]",11,11,True,True,PASS,
1692,1693,train/5879d22d9f6aec0ba5d682bcc6131e22.jpg,2664,2817,26,False,True,False,True,"[3, 2817, 2664]",26,26,True,True,PASS,
1693,1694,train/587be2890ac536488d3c32debc1c215f.jpg,2048,2500,0,True,True,True,True,"[3, 2500, 2048]",0,0,True,True,PASS,
1694,1695,train/587e0e770264b37149a0c033ee33820c.jpg,2304,2880,6,False,True,False,True,"[3, 2880, 2304]",6,6,True,True,PASS,
1695,1696,train/5895fa847d7ce6fbc0c1ad1ca998b613.jpg,2630,2818,12,False,True,False,True,"[3, 2818, 2630]",12,12,True,True,PASS,
1696,1697,train/589b16dad117199798d05ca550dfcd5e.jpg,2777,2871,0,True,True,True,True,"[3, 2871, 2777]",0,0,True,True,PASS,
1697,1698,train/58ab031cf2346b3a7b8fb32fb9ccd1c1.jpg,2456,2886,6,False,True,False,True,"[3, 2886, 2456]",6,6,True,True,PASS,
1698,1699,train/58ac0fe8d8c2cf736216f42a31e89e85.jpg,2304,2880,4,False,True,False,True,"[3, 2880, 2304]",4,4,True,True,PASS,
1699,1700,train/58bfe68d45f17aae1f4ffb9b5db6d6f8.jpg,2048,2500,0,True,True,True,True,"[3, 2500, 2048]",0,0,True,True,PASS,
1700,1701,train/58c124b011089a70e144fcb9d8d1c178.jpg,2304,2880,4,False,True,False,True,"[3, 2880, 2304]",4,4,True,True,PASS,
1701,1702,train/58c96358e94c768b0eeb723bf985d575.jpg,2540,3072,24,False,True,False,True,"[3, 3072, 2540]",24,24,True,True,PASS,
1702,1703,train/58ce2d9435ef94fcf6fe4eeda8387890.jpg,2540,3072,9,False,True,False,True,"[3, 3072, 2540]",9,9,True,True,PASS,
1703,1704,train/58e1820f96aa84a141c9e217c46dfe71.jpg,2304,2880,14,False,True,False,True,"[3, 2880, 2304]",14,14,True,True,PASS,
1704,1705,train/58f0f69ce610c51dbecd42b9e83677c5.jpg,2304,2880,7,False,True,False,True,"[3, 2880, 2304]",7,7,True,True,PASS,
1705,1706,train/58f1092e67574175f2f17b06b1f66911.jpg,2630,2929,4,False,True,False,True,"[3, 2929, 2630]",4,4,True,True,PASS,
1706,1707,train/5933a74d7c042ba8801e604b79c64933.jpg,2521,2483,3,False,True,False,True,"[3, 2483, 2521]",3,3,True,True,PASS,
1707,1708,train/5935605beb0f08caeb9ff4481157c520.jpg,1994,2430,0,True,True,True,True,"[3, 2430, 1994]",0,0,True,True,PASS,
1708,1709,train/5936f6e1e88d80cfc8b42dd82996b7e7.jpg,2416,2740,7,False,True,False,True,"[3, 2740, 2416]",7,7,True,True,PASS,
1709,1710,train/5938d1edca572c6168c83190a35b4504.jpg,2520,3232,10,False,True,False,True,"[3, 3232, 2520]",10,10,True,True,PASS,
1710,1711,train/59463dec11bd9627f875e0372d9ce1e2.jpg,3072,3072,8,False,True,False,True,"[3, 3072, 3072]",8,8,True,True,PASS,
1711,1712,train/5955a4d3f94e8125db08141bd25a6824.jpg,3072,3072,14,False,True,False,True,"[3, 3072, 3072]",14,14,True,True,PASS,
1712,1713,train/59615049fbc2df4b0aaeb3aca6648421.jpg,2504,2930,8,False,True,False,True,"[3, 2930, 2504]",8,8,True,True,PASS,
1713,1714,train/59782bef0d73440e75ec2f92b4d4e38d.jpg,2774,3069,7,False,True,False,True,"[3, 3069, 2774]",7,7,True,True,PASS,
1714,1715,train/598047ea4f0c2a65a298a50f60f4c7d7.jpg,2600,3004,9,False,True,False,True,"[3, 3004, 2600]",9,9,True,True,PASS,
1715,1716,train/5999e9610932a293d57fa921d4a4905c.jpg,3320,2852,6,False,True,False,True,"[3, 2852, 3320]",6,6,True,True,PASS,
1716,1717,train/5999f46a39109c9af7dc63e3b580a1ba.jpg,2120,2376,7,False,True,False,True,"[3, 2376, 2120]",7,7,True,True,PASS,
1717,1718,train/59a3b8e835e1468ba834b05256198d4b.jpg,2304,2880,3,False,True,False,True,"[3, 2880, 2304]",3,3,True,True,PASS,
1718,1719,train/59a7447696c775e5330241645060ad1c.jpg,2813,2916,5,False,True,False,True,"[3, 2916, 2813]",5,5,True,True,PASS,
1719,1720,train/59b1dc77610f1c18cf6524b476128321.jpg,3072,3072,17,False,True,False,True,"[3, 3072, 3072]",17,17,True,True,PASS,
1720,1721,train/59b55e41fd67eb9e8e3811efba3c032c.jpg,2304,2880,3,False,True,False,True,"[3, 2880, 2304]",3,3,True,True,PASS,
1721,1722,train/59d215990b0e15b66e129d47f1b34943.jpg,2517,3028,4,False,True,False,True,"[3, 3028, 2517]",4,4,True,True,PASS,
1722,1723,train/59e13a6fecb4e883dee11ec8cbefe478.jpg,2048,2500,3,False,True,False,True,"[3, 2500, 2048]",3,3,True,True,PASS,
1723,1724,train/59e1f024cb9e119964b57d942fd72e36.jpg,1968,2264,7,False,True,False,True,"[3, 2264, 1968]",7,7,True,True,PASS,
1724,1725,train/5a0fbc7c40ea94bef4c8342d47c05b26.jpg,2936,3226,9,False,True,False,True,"[3, 3226, 2936]",9,9,True,True,PASS,
1725,1726,train/5a41618b987898b085e2411532f7b9f7.jpg,2304,2880,8,False,True,False,True,"[3, 2880, 2304]",8,8,True,True,PASS,
1726,1727,train/5a43f10c267152bdbf23851b50c1c52d.jpg,2120,2144,16,False,True,False,True,"[3, 2144, 2120]",16,16,True,True,PASS,
1727,1728,train/5a58e4e711cccb78407ae86820d643d0.jpg,3072,3072,15,False,True,False,True,"[3, 3072, 3072]",15,15,True,True,PASS,
1728,1729,train/5a80ba9453fa7f5833b04190e6f7dbf5.jpg,2304,2880,8,False,True,False,True,"[3, 2880, 2304]",8,8,True,True,PASS,
1729,1730,train/5a8231c748478ef6be5055800a2fce17.jpg,3000,3000,7,False,True,False,True,"[3, 3000, 3000]",7,7,True,True,PASS,
1730,1731,train/5a8b04bbb49b5883741d4b183182c661.jpg,2781,3093,0,True,True,True,True,"[3, 3093, 2781]",0,0,True,True,PASS,
1731,1732,train/5a906d95202259b2e2ac0a2aee8f2f65.jpg,2552,2692,6,False,True,False,True,"[3, 2692, 2552]",6,6,True,True,PASS,
1732,1733,train/5a9e67c8d1782a1a1068ba62dc2e34f6.jpg,2048,2500,0,True,True,True,True,"[3, 2500, 2048]",0,0,True,True,PASS,
1733,1734,train/5aa1078fe0601b8d13d779ecf83badac.jpg,2304,2880,13,False,True,False,True,"[3, 2880, 2304]",13,13,True,True,PASS,
1734,1735,train/5ab46f617dc0db05f4eee6def96c5d6e.jpg,2715,3056,5,False,True,False,True,"[3, 3056, 2715]",5,5,True,True,PASS,
1735,1736,train/5af7ba3901d0937dea00f84257c5c8c2.jpg,2058,2546,0,True,True,True,True,"[3, 2546, 2058]",0,0,True,True,PASS,
1736,1737,train/5af9cf3407df191a1c8fb59d76593d22.jpg,2500,2844,5,False,True,False,True,"[3, 2844, 2500]",5,5,True,True,PASS,
1737,1738,train/5afdc4e7edfdefd26c0c8381ac79b358.jpg,3072,3072,0,True,True,True,True,"[3, 3072, 3072]",0,0,True,True,PASS,
1738,1739,train/5b04f2ac084b14227afc7a8a321de6e5.jpg,1944,1968,3,False,True,False,True,"[3, 1968, 1944]",3,3,True,True,PASS,
1739,1740,train/5b05df19287bc68ead3011b06492d5e9.jpg,1941,2194,14,False,True,False,True,"[3, 2194, 1941]",14,14,True,True,PASS,
1740,1741,train/5b117af61738a1b97e73039969841851.jpg,2540,3072,5,False,True,False,True,"[3, 3072, 2540]",5,5,True,True,PASS,
1741,1742,train/5b1670d49882cd6d4718a5bb8616b34f.jpg,2262,2460,3,False,True,False,True,"[3, 2460, 2262]",3,3,True,True,PASS,
1742,1743,train/5b1ca661c257f3ab27cb8d43b7770fab.jpg,2726,3072,6,False,True,False,True,"[3, 3072, 2726]",6,6,True,True,PASS,
1743,1744,train/5b21cf5288e23f7abc39fc7fecae09cd.jpg,3072,2814,7,False,True,False,True,"[3, 2814, 3072]",7,7,True,True,PASS,
1744,1745,train/5b295b1def2ae7beedc752eb0fd668aa.jpg,3020,3188,10,False,True,False,True,"[3, 3188, 3020]",10,10,True,True,PASS,
1745,1746,train/5b2e28bd44d10e3e10605d0d95ffba22.jpg,2605,2801,21,False,True,False,True,"[3, 2801, 2605]",21,21,True,True,PASS,
1746,1747,train/5b34fd56bddef0fba0a3d88286604cbe.jpg,3072,3072,8,False,True,False,True,"[3, 3072, 3072]",8,8,True,True,PASS,
1747,1748,train/5b50aaeb4070f03384ce3173afe0bdcd.jpg,2913,2982,10,False,True,False,True,"[3, 2982, 2913]",10,10,True,True,PASS,
1748,1749,train/5b6ac2868f30a56ee492348f8da40211.jpg,2642,3170,0,True,True,True,True,"[3, 3170, 2642]",0,0,True,True,PASS,
1749,1750,train/5b6f8c860f1ced753af1ba0f047a99ef.jpg,2072,2168,6,False,True,False,True,"[3, 2168, 2072]",6,6,True,True,PASS,
1750,1751,train/5b76b8bc5004e1b673e03e1a5b335034.jpg,2572,3264,6,False,True,False,True,"[3, 3264, 2572]",6,6,True,True,PASS,
1751,1752,train/5b914f255801a14edc598bbe7f480f20.jpg,2999,3205,5,False,True,False,True,"[3, 3205, 2999]",5,5,True,True,PASS,
1752,1753,train/5ba3c5d4c87aeca558d9f2d452854085.jpg,2656,3144,12,False,True,False,True,"[3, 3144, 2656]",12,12,True,True,PASS,
1753,1754,train/5bac140ce817cf691563067d70952e95.jpg,2304,2880,7,False,True,False,True,"[3, 2880, 2304]",7,7,True,True,PASS,
1754,1755,train/5bb68aea19f6eb00d28d0e6386afecfc.jpg,2656,3158,10,False,True,False,True,"[3, 3158, 2656]",10,10,True,True,PASS,
1755,1756,train/5bbac8d8d5d451761634493ddc1b7f38.jpg,2929,2475,10,False,True,False,True,"[3, 2475, 2929]",10,10,True,True,PASS,
1756,1757,train/5bc0153d83e1514ca428123b264a3aa8.jpg,2304,2880,7,False,True,False,True,"[3, 2880, 2304]",7,7,True,True,PASS,
1757,1758,train/5bec9b12b354f2d865db06ae323259b8.jpg,2540,3072,4,False,True,False,True,"[3, 3072, 2540]",4,4,True,True,PASS,
1758,1759,train/5bf3368744630f459a499ccdccc9cdf1.jpg,2846,3145,8,False,True,False,True,"[3, 3145, 2846]",8,8,True,True,PASS,
1759,1760,train/5c0e5d5565e95746f3760193c38a48bf.jpg,2304,2880,7,False,True,False,True,"[3, 2880, 2304]",7,7,True,True,PASS,
1760,1761,train/5c10838d84f0c6a1bf21c375100a1e7d.jpg,2304,2880,6,False,True,False,True,"[3, 2880, 2304]",6,6,True,True,PASS,
1761,1762,train/5c236bd87dff8c15d259c70b842620aa.jpg,2048,2500,11,False,True,False,True,"[3, 2500, 2048]",11,11,True,True,PASS,
1762,1763,train/5c31e0c3f7beb95833196c55509dc127.jpg,1800,2408,3,False,True,False,True,"[3, 2408, 1800]",3,3,True,True,PASS,
1763,1764,train/5c42e55309fada027b5bc8dc772ac88a.jpg,3072,3072,5,False,True,False,True,"[3, 3072, 3072]",5,5,True,True,PASS,
1764,1765,train/5c5692c89519d119928a04d16613b55b.jpg,2304,2880,6,False,True,False,True,"[3, 2880, 2304]",6,6,True,True,PASS,
1765,1766,train/5c6a7334ef6de11f55adff603734e4ea.jpg,2504,2503,0,True,True,True,True,"[3, 2503, 2504]",0,0,True,True,PASS,
1766,1767,train/5c6e3e0700cff1f8d88bad0ba40076aa.jpg,2470,3408,8,False,True,False,True,"[3, 3408, 2470]",8,8,True,True,PASS,
1767,1768,train/5c76b614df36384b545ed038550794c5.jpg,2280,2968,3,False,True,False,True,"[3, 2968, 2280]",3,3,True,True,PASS,
1768,1769,train/5c796eb672128aa15473051998334a09.jpg,2540,3072,4,False,True,False,True,"[3, 3072, 2540]",4,4,True,True,PASS,
1769,1770,train/5c87991b2ad944d1a17e2e5b6a09f156.jpg,2048,2500,0,True,True,True,True,"[3, 2500, 2048]",0,0,True,True,PASS,
1770,1771,train/5ca166e3c183eed19a435a0db42d9939.jpg,2048,2500,10,False,True,False,True,"[3, 2500, 2048]",10,10,True,True,PASS,
1771,1772,train/5cac2353795d14b7b45dc7f755ab4d79.jpg,3072,3072,5,False,True,False,True,"[3, 3072, 3072]",5,5,True,True,PASS,
1772,1773,train/5cb875c0e27e2af51deea598506dd926.jpg,3072,3072,8,False,True,False,True,"[3, 3072, 3072]",8,8,True,True,PASS,
1773,1774,train/5ccbe9cf1b033cccdd76fd99cc6ccd01.jpg,2498,2827,7,False,True,False,True,"[3, 2827, 2498]",7,7,True,True,PASS,
1774,1775,train/5cefd144909538b07270bd3283d567cc.jpg,2540,3072,4,False,True,False,True,"[3, 3072, 2540]",4,4,True,True,PASS,
1775,1776,train/5cf657759ffe1c8ad29c2b6938197dfc.jpg,2048,2500,6,False,True,False,True,"[3, 2500, 2048]",6,6,True,True,PASS,
1776,1777,train/5d2a481a562112395f28010b079a9cf1.jpg,2304,2880,20,False,True,False,True,"[3, 2880, 2304]",20,20,True,True,PASS,
1777,1778,train/5d37206ee0084505c5509d92029ee95e.jpg,2160,2408,4,False,True,False,True,"[3, 2408, 2160]",4,4,True,True,PASS,
1778,1779,train/5d3d38eae35191d06fd2a0261fa74934.jpg,2304,2880,8,False,True,False,True,"[3, 2880, 2304]",8,8,True,True,PASS,
1779,1780,train/5d4a7daa7e70085f6e5489fff404c1e9.jpg,3000,3000,0,True,True,True,True,"[3, 3000, 3000]",0,0,True,True,PASS,
1780,1781,train/5d552285af8132602f23a7951eec8efe.jpg,2716,2928,6,False,True,False,True,"[3, 2928, 2716]",6,6,True,True,PASS,
1781,1782,train/5d5a37ba110538a40cbc037126af47d3.jpg,2776,3256,11,False,True,False,True,"[3, 3256, 2776]",11,11,True,True,PASS,
1782,1783,train/5d6c0df203f0e3f04467e27507029026.jpg,2851,2967,15,False,True,False,True,"[3, 2967, 2851]",15,15,True,True,PASS,
1783,1784,train/5d839d09ab9417b4ea3e6e92961e0747.jpg,2304,2880,3,False,True,False,True,"[3, 2880, 2304]",3,3,True,True,PASS,
1784,1785,train/5d8aad3fbe2a422089ebf41678bda3ce.jpg,2702,3035,5,False,True,False,True,"[3, 3035, 2702]",5,5,True,True,PASS,
1785,1786,train/5d8c27abe7add51ed3ede20c7d091f16.jpg,2645,2652,18,False,True,False,True,"[3, 2652, 2645]",18,18,True,True,PASS,
1786,1787,train/5d911ff93f3820e66d76ffe822300426.jpg,2475,2520,9,False,True,False,True,"[3, 2520, 2475]",9,9,True,True,PASS,
1787,1788,train/5d915a93afa7a4d47aeb206eefba2465.jpg,3320,3408,12,False,True,False,True,"[3, 3408, 3320]",12,12,True,True,PASS,
1788,1789,train/5da264775732004f1b724b660138854a.jpg,3072,3072,6,False,True,False,True,"[3, 3072, 3072]",6,6,True,True,PASS,
1789,1790,train/5da459bb842baf8b844d998f5b6c996c.jpg,2472,2968,10,False,True,False,True,"[3, 2968, 2472]",10,10,True,True,PASS,
1790,1791,train/5dcc50d9eb1c4959a2a0dbdf2845ffc3.jpg,2510,2690,0,True,True,True,True,"[3, 2690, 2510]",0,0,True,True,PASS,
1791,1792,train/5dd28adf45035593337e0af14785f7ae.jpg,2304,2880,5,False,True,False,True,"[3, 2880, 2304]",5,5,True,True,PASS,
1792,1793,train/5de91fab780d937e6cba46c4e807bb12.jpg,2725,2687,18,False,True,False,True,"[3, 2687, 2725]",18,18,True,True,PASS,
1793,1794,train/5df359e160b87cd0d9f496a1e6648b1f.jpg,3072,3072,0,True,True,True,True,"[3, 3072, 3072]",0,0,True,True,PASS,
1794,1795,train/5dfb216441a8b99cf5e617ba76cf164a.jpg,2048,2500,10,False,True,False,True,"[3, 2500, 2048]",10,10,True,True,PASS,
1795,1796,train/5e02cde47ed2fd338141e3dcff3139b9.jpg,1896,2384,6,False,True,False,True,"[3, 2384, 1896]",6,6,True,True,PASS,
1796,1797,train/5e06a5e29082d7c841672d9d5ee5173d.jpg,2540,3072,5,False,True,False,True,"[3, 3072, 2540]",5,5,True,True,PASS,
1797,1798,train/5e3b89e075787f07cfccd64d9182f149.jpg,1928,2160,6,False,True,False,True,"[3, 2160, 1928]",6,6,True,True,PASS,
1798,1799,train/5e3fbd3cf75a49590a141e5aa5572137.jpg,2540,3072,0,True,True,True,True,"[3, 3072, 2540]",0,0,True,True,PASS,
1799,1800,train/5e679b95d1ce29e2bb0938b6b305a265.jpg,2304,2880,15,False,True,False,True,"[3, 2880, 2304]",15,15,True,True,PASS,
1800,1801,train/5e7edf8a5f636b67a2a854b284360cfa.jpg,2540,3072,4,False,True,False,True,"[3, 3072, 2540]",4,4,True,True,PASS,
1801,1802,train/5e808e9cbcb8cb66f3c798e9e5ea4e03.jpg,1994,2430,0,True,True,True,True,"[3, 2430, 1994]",0,0,True,True,PASS,
1802,1803,train/5e81bf594edfd5481fc4a2fe942bb0a6.jpg,2615,2704,5,False,True,False,True,"[3, 2704, 2615]",5,5,True,True,PASS,
1803,1804,train/5e90e76ac63c847409ad08821c7d5937.jpg,2540,3072,6,False,True,False,True,"[3, 3072, 2540]",6,6,True,True,PASS,
1804,1805,train/5ea84b103e1046041d21c48a61e3fcd2.jpg,2304,2880,4,False,True,False,True,"[3, 2880, 2304]",4,4,True,True,PASS,
1805,1806,train/5eaf3a8e7bc9dd931af72662081f009b.jpg,2804,2436,4,False,True,False,True,"[3, 2436, 2804]",4,4,True,True,PASS,
1806,1807,train/5eb3f5cb8e18778cad831a75d0e74d95.jpg,1994,2430,0,True,True,True,True,"[3, 2430, 1994]",0,0,True,True,PASS,
1807,1808,train/5ed9dc88e3fc76c9cb834ed274994ebf.jpg,3072,3072,5,False,True,False,True,"[3, 3072, 3072]",5,5,True,True,PASS,
1808,1809,train/5ee7d7e6df4cda91b44134754044751c.jpg,2432,2655,11,False,True,False,True,"[3, 2655, 2432]",11,11,True,True,PASS,
1809,1810,train/5f09150b3d82a8e7103c7777278389dd.jpg,2380,2873,6,False,True,False,True,"[3, 2873, 2380]",6,6,True,True,PASS,
1810,1811,train/5f21557d7c24e3f023db5c6e866b5119.jpg,2304,2880,6,False,True,False,True,"[3, 2880, 2304]",6,6,True,True,PASS,
1811,1812,train/5f39b234c96c89da0f9db28c873b75b1.jpg,2208,2688,11,False,True,False,True,"[3, 2688, 2208]",11,11,True,True,PASS,
1812,1813,train/5f4eff3b76151906fe87be784d191a1f.jpg,2304,2880,5,False,True,False,True,"[3, 2880, 2304]",5,5,True,True,PASS,
1813,1814,train/5f565b018973e7c70aad47a92a5c14ea.jpg,2048,2500,10,False,True,False,True,"[3, 2500, 2048]",10,10,True,True,PASS,
1814,1815,train/5f6d317d6ef78eb1f66b9cf0f0bd8555.jpg,2048,2500,12,False,True,False,True,"[3, 2500, 2048]",12,12,True,True,PASS,
1815,1816,train/5f7b80742cd833dcb52b3f2de3de412f.jpg,1994,2430,0,True,True,True,True,"[3, 2430, 1994]",0,0,True,True,PASS,
1816,1817,train/5fac617f1ce097354f1a28e8fa5036e5.jpg,2401,2638,9,False,True,False,True,"[3, 2638, 2401]",9,9,True,True,PASS,
1817,1818,train/5fb44599ac9e8866dc107e366467cafc.jpg,2796,3116,9,False,True,False,True,"[3, 3116, 2796]",9,9,True,True,PASS,
1818,1819,train/5fbe80c51a1b3fb43bb5143803482282.jpg,2792,3080,3,False,True,False,True,"[3, 3080, 2792]",3,3,True,True,PASS,
1819,1820,train/5fd4c67e23e05c603525dae871ee1077.jpg,2661,2941,3,False,True,False,True,"[3, 2941, 2661]",3,3,True,True,PASS,
1820,1821,train/5fd698415fe157a7bc7fa75a52ecabc6.jpg,2304,2880,6,False,True,False,True,"[3, 2880, 2304]",6,6,True,True,PASS,
1821,1822,train/5fec3c0902c51a7a230544f540e2244d.jpg,3072,3072,3,False,True,False,True,"[3, 3072, 3072]",3,3,True,True,PASS,
1822,1823,train/5ff1e6bd7cb14179a70db035d3aa6ba6.jpg,2760,3264,13,False,True,False,True,"[3, 3264, 2760]",13,13,True,True,PASS,
1823,1824,train/5ff1fca7e25f078c81b1e22a057dcd69.jpg,2540,3072,6,False,True,False,True,"[3, 3072, 2540]",6,6,True,True,PASS,
1824,1825,train/5ff9bf9ce4a5732215ab6da888a4a510.jpg,2304,2880,5,False,True,False,True,"[3, 2880, 2304]",5,5,True,True,PASS,
1825,1826,train/5ffa2d8c4717aa06a6cdec9f74e775c9.jpg,2304,2880,3,False,True,False,True,"[3, 2880, 2304]",3,3,True,True,PASS,
1826,1827,train/600f30b4b9e4eab1d027065d4b0140fc.jpg,2304,2880,6,False,True,False,True,"[3, 2880, 2304]",6,6,True,True,PASS,
1827,1828,train/60398630bcbf4f2fa6f5730fd9a9f4dc.jpg,3072,3072,7,False,True,False,True,"[3, 3072, 3072]",7,7,True,True,PASS,
1828,1829,train/603b1ac8a6e947e4cb0992dbed44f0d9.jpg,2540,3072,5,False,True,False,True,"[3, 3072, 2540]",5,5,True,True,PASS,
1829,1830,train/604340ab6423f81a91ac72182163e9a4.jpg,2420,2632,14,False,True,False,True,"[3, 2632, 2420]",14,14,True,True,PASS,
1830,1831,train/604ce8a56fd0539880b17f999ad10468.jpg,2527,2789,0,True,True,True,True,"[3, 2789, 2527]",0,0,True,True,PASS,
1831,1832,train/6056fe4eed40998cc745482220bd33a6.jpg,2715,2835,7,False,True,False,True,"[3, 2835, 2715]",7,7,True,True,PASS,
1832,1833,train/606147f7461d5d7642f887d6b1b9d16b.jpg,1976,2136,12,False,True,False,True,"[3, 2136, 1976]",12,12,True,True,PASS,
1833,1834,train/606765fe716741ebafc722890c81aaf8.jpg,2740,2792,8,False,True,False,True,"[3, 2792, 2740]",8,8,True,True,PASS,
1834,1835,train/60679b51d403a3a1fc020a0a86fedd8d.jpg,3000,3000,3,False,True,False,True,"[3, 3000, 3000]",3,3,True,True,PASS,
1835,1836,train/6067e2a8536a187d543ebd4fab4af731.jpg,2304,2880,5,False,True,False,True,"[3, 2880, 2304]",5,5,True,True,PASS,
1836,1837,train/6072a9325dcf5318517a0696040a9dcc.jpg,2208,2688,8,False,True,False,True,"[3, 2688, 2208]",8,8,True,True,PASS,
1837,1838,train/607867449f9bc95be2e163509e254752.jpg,2939,3000,3,False,True,False,True,"[3, 3000, 2939]",3,3,True,True,PASS,
1838,1839,train/6081e75c58a050442a9ff3a5a2a51ffc.jpg,2160,2661,3,False,True,False,True,"[3, 2661, 2160]",3,3,True,True,PASS,
1839,1840,train/609aa57eca1fce9afb86a341b7b560fc.jpg,2694,2722,5,False,True,False,True,"[3, 2722, 2694]",5,5,True,True,PASS,
1840,1841,train/609eb619fc23177db779067b5cc816a7.jpg,2598,2725,8,False,True,False,True,"[3, 2725, 2598]",8,8,True,True,PASS,
1841,1842,train/60ba71ee189d4892f99bdbe3fa08f98a.jpg,2540,3072,8,False,True,False,True,"[3, 3072, 2540]",8,8,True,True,PASS,
1842,1843,train/60d769f30bc9d356998abeeba51fa6ff.jpg,2048,2500,5,False,True,False,True,"[3, 2500, 2048]",5,5,True,True,PASS,
1843,1844,train/60e641e62376dc3cfa71299033535b40.jpg,1994,2430,0,True,True,True,True,"[3, 2430, 1994]",0,0,True,True,PASS,
1844,1845,train/60ef7a89da46636e62b8351d15bff6c6.jpg,2048,2500,12,False,True,False,True,"[3, 2500, 2048]",12,12,True,True,PASS,
1845,1846,train/60f2171aff3d6e13a8987e59d7a87739.jpg,1968,2152,7,False,True,False,True,"[3, 2152, 1968]",7,7,True,True,PASS,
1846,1847,train/60fe9e6fc41b0e1f8be7b7b6b13db5cc.jpg,2715,2767,6,False,True,False,True,"[3, 2767, 2715]",6,6,True,True,PASS,
1847,1848,train/610d69d7787f995a196a5d8ea8ed1be5.jpg,2974,2920,12,False,True,False,True,"[3, 2920, 2974]",12,12,True,True,PASS,
1848,1849,train/611077472d2fc78135ad2ad32059888e.jpg,2304,2880,6,False,True,False,True,"[3, 2880, 2304]",6,6,True,True,PASS,
1849,1850,train/611310e3e1ec37e73e74f1a756b3bb69.jpg,2304,2880,14,False,True,False,True,"[3, 2880, 2304]",14,14,True,True,PASS,
1850,1851,train/61306376f68f499c2d6e52b56225012b.jpg,2218,2328,7,False,True,False,True,"[3, 2328, 2218]",7,7,True,True,PASS,
1851,1852,train/6137da0107d18f2bc35b6814c0f00ac8.jpg,2808,3026,6,False,True,False,True,"[3, 3026, 2808]",6,6,True,True,PASS,
1852,1853,train/613fd7f3a8b48248d4027c90a414ff9a.jpg,2282,2613,12,False,True,False,True,"[3, 2613, 2282]",12,12,True,True,PASS,
1853,1854,train/6145c49011a33ec5d61866a3a7085f33.jpg,2048,2500,0,True,True,True,True,"[3, 2500, 2048]",0,0,True,True,PASS,
1854,1855,train/614b0af08224c7163278ff78abc8bad7.jpg,3072,3072,7,False,True,False,True,"[3, 3072, 3072]",7,7,True,True,PASS,
1855,1856,train/614e79f6a2879432b2af4287d954f98f.jpg,2048,2500,0,True,True,True,True,"[3, 2500, 2048]",0,0,True,True,PASS,
1856,1857,train/616f7784ae537b00b14617a57b53de73.jpg,2540,3072,8,False,True,False,True,"[3, 3072, 2540]",8,8,True,True,PASS,
1857,1858,train/61a02fd2f3c838c3e5daf2786bb6e54a.jpg,2304,2880,6,False,True,False,True,"[3, 2880, 2304]",6,6,True,True,PASS,
1858,1859,train/61b870f53ee51305fca5b584ffaf4a8d.jpg,3072,3072,4,False,True,False,True,"[3, 3072, 3072]",4,4,True,True,PASS,
1859,1860,train/61d21c0ea3c0e8904647974163dcbefe.jpg,2048,2500,5,False,True,False,True,"[3, 2500, 2048]",5,5,True,True,PASS,
1860,1861,train/61d584d7b486245f3e861371fcf7da9b.jpg,2304,2880,18,False,True,False,True,"[3, 2880, 2304]",18,18,True,True,PASS,
1861,1862,train/61d9e4505c1f8391ce055d3ce793a899.jpg,2048,2500,5,False,True,False,True,"[3, 2500, 2048]",5,5,True,True,PASS,
1862,1863,train/61dd944679b8bfd6d5f5a84c9e7738e3.jpg,2184,2512,5,False,True,False,True,"[3, 2512, 2184]",5,5,True,True,PASS,
1863,1864,train/61e0b38cea96d57adb044ac496e556ff.jpg,2332,2564,0,True,True,True,True,"[3, 2564, 2332]",0,0,True,True,PASS,
1864,1865,train/61eda4cf19454682248154196d27cf07.jpg,2562,3332,7,False,True,False,True,"[3, 3332, 2562]",7,7,True,True,PASS,
1865,1866,train/61f8bb57e67b95c4555d4427998c0498.jpg,2863,2716,4,False,True,False,True,"[3, 2716, 2863]",4,4,True,True,PASS,
1866,1867,train/61fee17f99b29fc46130613d0e7ba7c2.jpg,2193,2389,0,True,True,True,True,"[3, 2389, 2193]",0,0,True,True,PASS,
1867,1868,train/6206fcafbe92f484f03def2b5074a8a8.jpg,2048,2500,4,False,True,False,True,"[3, 2500, 2048]",4,4,True,True,PASS,
1868,1869,train/62071e073320c21515baab6e5c55ddf8.jpg,3320,3408,18,False,True,False,True,"[3, 3408, 3320]",18,18,True,True,PASS,
1869,1870,train/623a14228a9ea0c33a9012c02ef70487.jpg,2431,3011,14,False,True,False,True,"[3, 3011, 2431]",14,14,True,True,PASS,
1870,1871,train/624fadcfe3f204dd43ce49bdce00c0f4.jpg,2152,2376,13,False,True,False,True,"[3, 2376, 2152]",13,13,True,True,PASS,
1871,1872,train/6253c422540c84bc747b4426ed507452.jpg,1896,2256,5,False,True,False,True,"[3, 2256, 1896]",5,5,True,True,PASS,
1872,1873,train/6257b0277b6dc697985febc707d83011.jpg,2728,2687,6,False,True,False,True,"[3, 2687, 2728]",6,6,True,True,PASS,
1873,1874,train/62643c38a525c1223f3a836af96f220d.jpg,2304,2880,3,False,True,False,True,"[3, 2880, 2304]",3,3,True,True,PASS,
1874,1875,train/62727c1647992609be0ff403bc2362ac.jpg,2210,2753,7,False,True,False,True,"[3, 2753, 2210]",7,7,True,True,PASS,
1875,1876,train/6284e06225c1bba8f413896721002e1f.jpg,2336,2836,0,True,True,True,True,"[3, 2836, 2336]",0,0,True,True,PASS,
1876,1877,train/62863bee894cbb15f96074e8da760b40.jpg,2796,3264,11,False,True,False,True,"[3, 3264, 2796]",11,11,True,True,PASS,
1877,1878,train/628ab07625d7ac80f9c909b4380e75b3.jpg,2304,2880,5,False,True,False,True,"[3, 2880, 2304]",5,5,True,True,PASS,
1878,1879,train/628ba9788c00a8fa5fd77992fa9f63ed.jpg,2304,2880,10,False,True,False,True,"[3, 2880, 2304]",10,10,True,True,PASS,
1879,1880,train/6290796d31e7984c5bd7dac745d16bc1.jpg,1994,2430,0,True,True,True,True,"[3, 2430, 1994]",0,0,True,True,PASS,
1880,1881,train/62b135c34d01b4af10c39d65939d9d43.jpg,2304,2880,7,False,True,False,True,"[3, 2880, 2304]",7,7,True,True,PASS,
1881,1882,train/62b2efa946bc993544fe42785b40fcdb.jpg,2048,2500,7,False,True,False,True,"[3, 2500, 2048]",7,7,True,True,PASS,
1882,1883,train/62c14fe41339b118b7fa4a0bb569f3f9.jpg,2401,2263,0,True,True,True,True,"[3, 2263, 2401]",0,0,True,True,PASS,
1883,1884,train/62fad4135a04319bc5e499828b05ac70.jpg,3072,3072,5,False,True,False,True,"[3, 3072, 3072]",5,5,True,True,PASS,
1884,1885,train/630bd57c91d01444795cb63e9efe8741.jpg,2645,3037,0,True,True,True,True,"[3, 3037, 2645]",0,0,True,True,PASS,
1885,1886,train/6312578be73812b1634727a012980bc6.jpg,2616,2872,12,False,True,False,True,"[3, 2872, 2616]",12,12,True,True,PASS,
1886,1887,train/6314692e3a4f5fc017e052dbd1cd683e.jpg,2304,2880,14,False,True,False,True,"[3, 2880, 2304]",14,14,True,True,PASS,
1887,1888,train/63236a382e8f97864ea5af5d1c7a5d5a.jpg,2194,2519,3,False,True,False,True,"[3, 2519, 2194]",3,3,True,True,PASS,
1888,1889,train/6324583b0c0d0428991e94d43a9d5d09.jpg,1994,2430,0,True,True,True,True,"[3, 2430, 1994]",0,0,True,True,PASS,
1889,1890,train/633440744a1f7413483909dc0af84de1.jpg,3072,3072,20,False,True,False,True,"[3, 3072, 3072]",20,20,True,True,PASS,
1890,1891,train/63382fd6688255077d3e61f946fa8c35.jpg,2859,2653,4,False,True,False,True,"[3, 2653, 2859]",4,4,True,True,PASS,
1891,1892,train/633a915d9f92edf4edc1c4a85548201f.jpg,2304,2880,14,False,True,False,True,"[3, 2880, 2304]",14,14,True,True,PASS,
1892,1893,train/63415dfe4d7eb0c122a6818e84195475.jpg,3072,3072,15,False,True,False,True,"[3, 3072, 3072]",15,15,True,True,PASS,
1893,1894,train/6359437f875d6b26535d627e1c2cf31f.jpg,3072,3072,5,False,True,False,True,"[3, 3072, 3072]",5,5,True,True,PASS,
1894,1895,train/6371c2201020a3f7e4c5a56f8f7a4fea.jpg,2304,2880,18,False,True,False,True,"[3, 2880, 2304]",18,18,True,True,PASS,
1895,1896,train/63803ddfb3ea3bb435ff62c45ba78fde.jpg,2088,2152,6,False,True,False,True,"[3, 2152, 2088]",6,6,True,True,PASS,
1896,1897,train/6398a304dcec08b7e3f31d0bdd6358a5.jpg,2674,2907,7,False,True,False,True,"[3, 2907, 2674]",7,7,True,True,PASS,
1897,1898,train/639a44bdf6f3cfe5d05f96683604e758.jpg,3072,3072,11,False,True,False,True,"[3, 3072, 3072]",11,11,True,True,PASS,
1898,1899,train/639e8235c7931fa2efb4f74bca333e00.jpg,3072,3072,0,True,True,True,True,"[3, 3072, 3072]",0,0,True,True,PASS,
1899,1900,train/63a853b45510dfc485c9dbc998539cd1.jpg,2016,2192,5,False,True,False,True,"[3, 2192, 2016]",5,5,True,True,PASS,
1900,1901,train/63ae0334ee9804a3bb06d66432fefa26.jpg,2072,2328,9,False,True,False,True,"[3, 2328, 2072]",9,9,True,True,PASS,
1901,1902,train/63af905bd663fe539c2b6c3190dd222d.jpg,2024,2456,12,False,True,False,True,"[3, 2456, 2024]",12,12,True,True,PASS,
1902,1903,train/63ce5324b5bcb2e4c556a6112dead354.jpg,2048,2500,0,True,True,True,True,"[3, 2500, 2048]",0,0,True,True,PASS,
1903,1904,train/63cf713d392ce347a329b20e8bd4782b.jpg,3072,3072,14,False,True,False,True,"[3, 3072, 3072]",14,14,True,True,PASS,
1904,1905,train/63f24af3bd9f735911958c1190306af1.jpg,3072,3072,7,False,True,False,True,"[3, 3072, 3072]",7,7,True,True,PASS,
1905,1906,train/642617909307cc0ba39930495ed65a41.jpg,3320,3408,18,False,True,False,True,"[3, 3408, 3320]",18,18,True,True,PASS,
1906,1907,train/6452a9e9489dadc789cb44af7d3dadab.jpg,2304,2880,6,False,True,False,True,"[3, 2880, 2304]",6,6,True,True,PASS,
1907,1908,train/646728c609148567b18df0b37a9f8ec5.jpg,2748,2868,8,False,True,False,True,"[3, 2868, 2748]",8,8,True,True,PASS,
1908,1909,train/648e0c26a323b1050a5d4ad9c57d6257.jpg,3072,3072,9,False,True,False,True,"[3, 3072, 3072]",9,9,True,True,PASS,
1909,1910,train/649ec80ede7722141ecea3c810107176.jpg,2304,2880,5,False,True,False,True,"[3, 2880, 2304]",5,5,True,True,PASS,
1910,1911,train/64a46917dfbd81f3747a1635f47f622d.jpg,3320,2967,11,False,True,False,True,"[3, 2967, 3320]",11,11,True,True,PASS,
1911,1912,train/64b17a1d9119aa0a4df55d164eae856b.jpg,2497,3033,16,False,True,False,True,"[3, 3033, 2497]",16,16,True,True,PASS,
1912,1913,train/64bb0c2fe03598b5b9c90ddc2f68eaeb.jpg,2770,2899,5,False,True,False,True,"[3, 2899, 2770]",5,5,True,True,PASS,
1913,1914,train/64c4cafb533cc198f91e6ddbddee9a0e.jpg,2742,3247,8,False,True,False,True,"[3, 3247, 2742]",8,8,True,True,PASS,
1914,1915,train/64e323f8638652f7bf813a933ebcbf07.jpg,1944,2080,3,False,True,False,True,"[3, 2080, 1944]",3,3,True,True,PASS,
1915,1916,train/64f09bf84016428dd43f8984b2c303f7.jpg,2048,2500,0,True,True,True,True,"[3, 2500, 2048]",0,0,True,True,PASS,
1916,1917,train/64f4fa78d723ad71e2422bc74bcd38f4.jpg,2762,3056,11,False,True,False,True,"[3, 3056, 2762]",11,11,True,True,PASS,
1917,1918,train/64fbc7536c3e0b4609b471e2b8a1f54f.jpg,2304,2880,5,False,True,False,True,"[3, 2880, 2304]",5,5,True,True,PASS,
1918,1919,train/64fd03319a30c50cfa302fc5457baf3f.jpg,2947,3314,6,False,True,False,True,"[3, 3314, 2947]",6,6,True,True,PASS,
1919,1920,train/6503bb06d6f9dc44244a562742a16c97.jpg,2304,2880,5,False,True,False,True,"[3, 2880, 2304]",5,5,True,True,PASS,
1920,1921,train/6544852e523b70450c51b767f71eb275.jpg,2892,2680,9,False,True,False,True,"[3, 2680, 2892]",9,9,True,True,PASS,
1921,1922,train/654957991bdf2ede340cc5335285be5f.jpg,2214,2986,10,False,True,False,True,"[3, 2986, 2214]",10,10,True,True,PASS,
1922,1923,train/65591c33ed8729b0ed1eebf4f59e418b.jpg,2304,2880,7,False,True,False,True,"[3, 2880, 2304]",7,7,True,True,PASS,
1923,1924,train/65624a2cdd11858b1ebadc900859214d.jpg,2109,3018,4,False,True,False,True,"[3, 3018, 2109]",4,4,True,True,PASS,
1924,1925,train/65629f1b90ec2b7ccc093f8ddfd6a992.jpg,2488,3116,3,False,True,False,True,"[3, 3116, 2488]",3,3,True,True,PASS,
1925,1926,train/656744b811b1f0e3c65dd457b3cd8cd9.jpg,2540,3072,5,False,True,False,True,"[3, 3072, 2540]",5,5,True,True,PASS,
1926,1927,train/6567f32646a35e8a0841790870de5c7a.jpg,2975,2941,6,False,True,False,True,"[3, 2941, 2975]",6,6,True,True,PASS,
1927,1928,train/657d78347d17af866338af4f1dab0c71.jpg,1928,2152,5,False,True,False,True,"[3, 2152, 1928]",5,5,True,True,PASS,
1928,1929,train/659c6031ed4b7d875e5e14662eb50bf2.jpg,2792,3264,12,False,True,False,True,"[3, 3264, 2792]",12,12,True,True,PASS,
1929,1930,train/659da0929f184579263a7a070729008e.jpg,2860,2833,6,False,True,False,True,"[3, 2833, 2860]",6,6,True,True,PASS,
1930,1931,train/659e8fa4b3d038c98fbfc0ab4cfcd411.jpg,2450,3341,22,False,True,False,True,"[3, 3341, 2450]",22,22,True,True,PASS,
1931,1932,train/65ad4fb69f36c807fce87e66a1c6533d.jpg,2504,2930,3,False,True,False,True,"[3, 2930, 2504]",3,3,True,True,PASS,
1932,1933,train/65bf4d6bc6fcf6a912ef3ec74bf9e35c.jpg,2868,3264,8,False,True,False,True,"[3, 3264, 2868]",8,8,True,True,PASS,
1933,1934,train/65c9045820f5c8bb44b60cbbf5402d29.jpg,2304,2880,7,False,True,False,True,"[3, 2880, 2304]",7,7,True,True,PASS,
1934,1935,train/65dfd8ef3a4201185c6fd6e9135cb20d.jpg,2304,2880,6,False,True,False,True,"[3, 2880, 2304]",6,6,True,True,PASS,
1935,1936,train/65ea8c1976e3b9d6da2bd3f377a89519.jpg,3072,3072,3,False,True,False,True,"[3, 3072, 3072]",3,3,True,True,PASS,
1936,1937,train/65f02d75dda093dfaf39ffaec74c5f56.jpg,2048,2500,3,False,True,False,True,"[3, 2500, 2048]",3,3,True,True,PASS,
1937,1938,train/6605faf598579d666064f0a09cee2557.jpg,2517,3028,4,False,True,False,True,"[3, 3028, 2517]",4,4,True,True,PASS,
1938,1939,train/660d934ad8ecf6701af7eb703e1cb4c8.jpg,2048,2500,5,False,True,False,True,"[3, 2500, 2048]",5,5,True,True,PASS,
1939,1940,train/6612d7f6119514cbeda6de56571d9f84.jpg,2584,2916,6,False,True,False,True,"[3, 2916, 2584]",6,6,True,True,PASS,
1940,1941,train/662fe30af3399b56c1579e95b0c6c87e.jpg,3268,3268,17,False,True,False,True,"[3, 3268, 3268]",17,17,True,True,PASS,
1941,1942,train/66332eb5425bcdc6854aae970cc656b9.jpg,2936,2963,16,False,True,False,True,"[3, 2963, 2936]",16,16,True,True,PASS,
1942,1943,train/66396f621903b00a1b7e1f54c8e5e8b3.jpg,1888,2359,5,False,True,False,True,"[3, 2359, 1888]",5,5,True,True,PASS,
1943,1944,train/665ba9b5664d7055c1d0ac1a44ea1ea9.jpg,2304,2880,8,False,True,False,True,"[3, 2880, 2304]",8,8,True,True,PASS,
1944,1945,train/6669f6481deca63ed9c421d5ac012c76.jpg,2936,3092,6,False,True,False,True,"[3, 3092, 2936]",6,6,True,True,PASS,
1945,1946,train/66728ec6afc52c3ebc77242449757162.jpg,2304,2880,5,False,True,False,True,"[3, 2880, 2304]",5,5,True,True,PASS,
1946,1947,train/667a27b0998f298db945ff935be9dd29.jpg,3072,3072,8,False,True,False,True,"[3, 3072, 3072]",8,8,True,True,PASS,
1947,1948,train/66856d8ef0cf387346c195d4e4adcf1a.jpg,2304,2880,11,False,True,False,True,"[3, 2880, 2304]",11,11,True,True,PASS,
1948,1949,train/6692df8a8c5f641eff181a2f589bfe80.jpg,2576,2876,12,False,True,False,True,"[3, 2876, 2576]",12,12,True,True,PASS,
1949,1950,train/66a1a5d0239bd22d299a1e1333ed5d0b.jpg,3313,2903,13,False,True,False,True,"[3, 2903, 3313]",13,13,True,True,PASS,
1950,1951,train/66a42146929520fe337cad37816f4384.jpg,2859,2547,7,False,True,False,True,"[3, 2547, 2859]",7,7,True,True,PASS,
1951,1952,train/66bbea98f2c63f90d2c6e0d6792cca54.jpg,2000,2512,5,False,True,False,True,"[3, 2512, 2000]",5,5,True,True,PASS,
1952,1953,train/66c03db83615b5c925b5bbdcd4a3c326.jpg,3072,3072,6,False,True,False,True,"[3, 3072, 3072]",6,6,True,True,PASS,
1953,1954,train/66c570971c7df4782e3dfb9e74f0dd1e.jpg,2517,3028,6,False,True,False,True,"[3, 3028, 2517]",6,6,True,True,PASS,
1954,1955,train/66ca165889a2837cc8534141b6441976.jpg,2304,2880,4,False,True,False,True,"[3, 2880, 2304]",4,4,True,True,PASS,
1955,1956,train/66cc79784846f7ec74c4ced47c244b24.jpg,2304,2880,9,False,True,False,True,"[3, 2880, 2304]",9,9,True,True,PASS,
1956,1957,train/66cd940a7bbf8b37c6abecc0a4004661.jpg,3072,3072,6,False,True,False,True,"[3, 3072, 3072]",6,6,True,True,PASS,
1957,1958,train/66d058ae8aa6b41111cab2259989eddb.jpg,1840,1840,6,False,True,False,True,"[3, 1840, 1840]",6,6,True,True,PASS,
1958,1959,train/66d28ab317b915eb7a400ad4a005ebc0.jpg,2540,3072,11,False,True,False,True,"[3, 3072, 2540]",11,11,True,True,PASS,
1959,1960,train/66e2d822ac451ea21fcfa3182c56a651.jpg,2552,3132,6,False,True,False,True,"[3, 3132, 2552]",6,6,True,True,PASS,
1960,1961,train/66e47c15c146fd0f6fb29adf167532ee.jpg,1936,2224,8,False,True,False,True,"[3, 2224, 1936]",8,8,True,True,PASS,
1961,1962,train/66fc91228ec5c614305dd54706f73f80.jpg,2742,3072,20,False,True,False,True,"[3, 3072, 2742]",20,20,True,True,PASS,
1962,1963,train/670c2ddd42c86d8502924bd453b969e4.jpg,1994,2430,0,True,True,True,True,"[3, 2430, 1994]",0,0,True,True,PASS,
1963,1964,train/672ece5866dfa259ad2cede3afd0d41f.jpg,2474,3068,8,False,True,False,True,"[3, 3068, 2474]",8,8,True,True,PASS,
1964,1965,train/673f5442a2c3f1b012fcb0efa77527af.jpg,2304,2880,10,False,True,False,True,"[3, 2880, 2304]",10,10,True,True,PASS,
1965,1966,train/6747991aa8970e35ec44fe90b309d627.jpg,2540,3072,9,False,True,False,True,"[3, 3072, 2540]",9,9,True,True,PASS,
1966,1967,train/6747f99ef0ff341a8b25787e3436db5c.jpg,1994,2430,0,True,True,True,True,"[3, 2430, 1994]",0,0,True,True,PASS,
1967,1968,train/67533fa705019e473c1609ec6ed294d8.jpg,2048,2500,9,False,True,False,True,"[3, 2500, 2048]",9,9,True,True,PASS,
1968,1969,train/675d4dfbc02d948b3be479815f560c2e.jpg,2532,2810,15,False,True,False,True,"[3, 2810, 2532]",15,15,True,True,PASS,
1969,1970,train/675ffaef18559ad337d8abb65ee44624.jpg,2304,2880,6,False,True,False,True,"[3, 2880, 2304]",6,6,True,True,PASS,
1970,1971,train/67635e3e25dcca671541a531ca2b4d0e.jpg,3060,2588,5,False,True,False,True,"[3, 2588, 3060]",5,5,True,True,PASS,
1971,1972,train/678219cc34c08e4b184dbe73ef52a680.jpg,2540,3072,8,False,True,False,True,"[3, 3072, 2540]",8,8,True,True,PASS,
1972,1973,train/67923e1fdac310042f5feb9f788839bf.jpg,1968,2080,11,False,True,False,True,"[3, 2080, 1968]",11,11,True,True,PASS,
1973,1974,train/679bff232ad7e9f8623bcd61e7812bab.jpg,2684,2937,0,True,True,True,True,"[3, 2937, 2684]",0,0,True,True,PASS,
1974,1975,train/67c83db34f74fb6203fc52f789ec3a31.jpg,2304,2880,13,False,True,False,True,"[3, 2880, 2304]",13,13,True,True,PASS,
1975,1976,train/67cbbbc94027667fe9fe8fe6ea07f9a2.jpg,2304,2880,6,False,True,False,True,"[3, 2880, 2304]",6,6,True,True,PASS,
1976,1977,train/67cfebc952a1751733ad336895f0d73c.jpg,2376,2848,5,False,True,False,True,"[3, 2848, 2376]",5,5,True,True,PASS,
1977,1978,train/67d4cf6415b37f5a0950ac53897f3d3a.jpg,1984,2008,4,False,True,False,True,"[3, 2008, 1984]",4,4,True,True,PASS,
1978,1979,train/67d6d106da8aa96f4368d7cc11624f7a.jpg,2768,3024,7,False,True,False,True,"[3, 3024, 2768]",7,7,True,True,PASS,
1979,1980,train/67d78accb5656a6e435a912ca941c27e.jpg,2540,3072,12,False,True,False,True,"[3, 3072, 2540]",12,12,True,True,PASS,
1980,1981,train/67e142bee76b89f0ca09bab8d7adaa2e.jpg,2736,2555,4,False,True,False,True,"[3, 2555, 2736]",4,4,True,True,PASS,
1981,1982,train/67fbc13add44ab3cafafb5be3ce3cafc.jpg,2860,3166,0,True,True,True,True,"[3, 3166, 2860]",0,0,True,True,PASS,
1982,1983,train/6807503ed8ab156abd8b43ee6bc4be75.jpg,1848,2088,6,False,True,False,True,"[3, 2088, 1848]",6,6,True,True,PASS,
1983,1984,train/680991cadaa23df90e27c5c89941b917.jpg,2361,3100,3,False,True,False,True,"[3, 3100, 2361]",3,3,True,True,PASS,
1984,1985,train/68122971781f688cce53b8700e0da080.jpg,2304,2880,3,False,True,False,True,"[3, 2880, 2304]",3,3,True,True,PASS,
1985,1986,train/6818b9a73dbaf129b63a2848ac1e576f.jpg,2304,2880,12,False,True,False,True,"[3, 2880, 2304]",12,12,True,True,PASS,
1986,1987,train/68194ba7f002feafff03a21625a07305.jpg,3072,3072,10,False,True,False,True,"[3, 3072, 3072]",10,10,True,True,PASS,
1987,1988,train/682008cffca1751980b4010f4e82520d.jpg,2136,3032,12,False,True,False,True,"[3, 3032, 2136]",12,12,True,True,PASS,
1988,1989,train/68291bf070ea8be26049e41d95b1bd25.jpg,2048,2500,6,False,True,False,True,"[3, 2500, 2048]",6,6,True,True,PASS,
1989,1990,train/682b61023d547b7b92f47dfdea263775.jpg,2923,3179,13,False,True,False,True,"[3, 3179, 2923]",13,13,True,True,PASS,
1990,1991,train/6833c509c10b569d6167db70b83ee5d5.jpg,2626,3408,22,False,True,False,True,"[3, 3408, 2626]",22,22,True,True,PASS,
1991,1992,train/68389e585575ff6e536f3fbff8101474.jpg,2304,2880,13,False,True,False,True,"[3, 2880, 2304]",13,13,True,True,PASS,
1992,1993,train/683ec9af11ca7fe33686ddce989d3768.jpg,2504,2930,3,False,True,False,True,"[3, 2930, 2504]",3,3,True,True,PASS,
1993,1994,train/684626e9ab3384984e4af5ede3a0e6aa.jpg,2439,2593,3,False,True,False,True,"[3, 2593, 2439]",3,3,True,True,PASS,
1994,1995,train/68626e0f21d8b844329c9cba44ff28eb.jpg,2874,2985,0,True,True,True,True,"[3, 2985, 2874]",0,0,True,True,PASS,
1995,1996,train/686af368e33eea31228b8634c5947f6c.jpg,2304,2880,6,False,True,False,True,"[3, 2880, 2304]",6,6,True,True,PASS,
1996,1997,train/6899d63a9d60ee219291ba61f964dbcc.jpg,2808,3348,0,True,True,True,True,"[3, 3348, 2808]",0,0,True,True,PASS,
1997,1998,train/68ab5b60e34d374002405dfe7f14b7ff.jpg,2569,2824,10,False,True,False,True,"[3, 2824, 2569]",10,10,True,True,PASS,
1998,1999,train/68ad460a32591dc2d5d522e9c913cad8.jpg,3320,2793,6,False,True,False,True,"[3, 2793, 3320]",6,6,True,True,PASS,
1999,2000,train/68bf44155e1e9cd26c7ac566d5a02289.jpg,2048,2500,5,False,True,False,True,"[3, 2500, 2048]",5,5,True,True,PASS,
2000,2001,train/68c396ded603aae07cb3027b1d2e8a90.jpg,2580,2878,0,True,True,True,True,"[3, 2878, 2580]",0,0,True,True,PASS,
2001,2002,train/68d2d4cacb8e7d2b125fe18516356777.jpg,2617,2475,7,False,True,False,True,"[3, 2475, 2617]",7,7,True,True,PASS,
2002,2003,train/68eb45dbf790f2f829d8c6a8690b0d25.jpg,2616,3264,12,False,True,False,True,"[3, 3264, 2616]",12,12,True,True,PASS,
2003,2004,train/68f7ee667e33c638abc21bcd543ad9d5.jpg,2443,3100,15,False,True,False,True,"[3, 3100, 2443]",15,15,True,True,PASS,
2004,2005,train/68fb6b382475cacea88d364da1730d34.jpg,2304,2880,0,True,True,True,True,"[3, 2880, 2304]",0,0,True,True,PASS,
2005,2006,train/68fcd04c343c408db5acce03b38c2e1e.jpg,2304,2880,8,False,True,False,True,"[3, 2880, 2304]",8,8,True,True,PASS,
2006,2007,train/6900482a91a538ead56b483f77bcf289.jpg,2304,2880,4,False,True,False,True,"[3, 2880, 2304]",4,4,True,True,PASS,
2007,2008,train/690a74b4ebf969fbadc5ad0a1187968d.jpg,2626,2712,12,False,True,False,True,"[3, 2712, 2626]",12,12,True,True,PASS,
2008,2009,train/690becc033b4b41fc20572d5f7f13359.jpg,1994,2430,0,True,True,True,True,"[3, 2430, 1994]",0,0,True,True,PASS,
2009,2010,train/69264b8eef78c43726b78a6fba59d962.jpg,2048,2500,0,True,True,True,True,"[3, 2500, 2048]",0,0,True,True,PASS,
2010,2011,train/693008c77b426c4afc45e990f5f07287.jpg,2048,2500,10,False,True,False,True,"[3, 2500, 2048]",10,10,True,True,PASS,
2011,2012,train/6935c5330b07eb6492d228b1e1a740a5.jpg,1994,2430,0,True,True,True,True,"[3, 2430, 1994]",0,0,True,True,PASS,
2012,2013,train/693a01d0401e233e4f6bd441542dc424.jpg,2429,2827,0,True,True,True,True,"[3, 2827, 2429]",0,0,True,True,PASS,
2013,2014,train/696214f9b38c455d2b867484da3570d8.jpg,2304,2880,7,False,True,False,True,"[3, 2880, 2304]",7,7,True,True,PASS,
2014,2015,train/6974b05fb97620ec153a9eb3200db4eb.jpg,2436,2968,9,False,True,False,True,"[3, 2968, 2436]",9,9,True,True,PASS,
2015,2016,train/697c98dcc1457ad774db7b42a4e1e8b4.jpg,2540,3072,9,False,True,False,True,"[3, 3072, 2540]",9,9,True,True,PASS,
2016,2017,train/698f2c03335010d2ff0a30798f8c2e08.jpg,1994,2430,0,True,True,True,True,"[3, 2430, 1994]",0,0,True,True,PASS,
2017,2018,train/6993fe34fd90adcbbfe75229f5e22306.jpg,2540,3072,4,False,True,False,True,"[3, 3072, 2540]",4,4,True,True,PASS,
2018,2019,train/69972b49aac9f4aea137e51984cf8691.jpg,2304,2880,12,False,True,False,True,"[3, 2880, 2304]",12,12,True,True,PASS,
2019,2020,train/69a2762d9ad4e34d46a08a58596a71e9.jpg,2752,3228,0,True,True,True,True,"[3, 3228, 2752]",0,0,True,True,PASS,
2020,2021,train/69a3e19744062d97e679adf184b667c2.jpg,2304,2880,3,False,True,False,True,"[3, 2880, 2304]",3,3,True,True,PASS,
2021,2022,train/69a4c5a42437d7d7f8cf80a8e0402e15.jpg,2532,2916,5,False,True,False,True,"[3, 2916, 2532]",5,5,True,True,PASS,
2022,2023,train/69afc1cd6a3209dfc08651a43e7628fd.jpg,2048,2500,5,False,True,False,True,"[3, 2500, 2048]",5,5,True,True,PASS,
2023,2024,train/69cb46ac057f1c04cb0a582fcf2f8b96.jpg,2048,2500,6,False,True,False,True,"[3, 2500, 2048]",6,6,True,True,PASS,
2024,2025,train/69e693c4c5f1f8ad419b1d2ed43c7375.jpg,2948,2937,5,False,True,False,True,"[3, 2937, 2948]",5,5,True,True,PASS,
2025,2026,train/69e956035a447c4d4f4d28e13ed92dc4.jpg,3072,3072,11,False,True,False,True,"[3, 3072, 3072]",11,11,True,True,PASS,
2026,2027,train/69ea3cb5de2b638097e68aa955ad1087.jpg,2336,2836,0,True,True,True,True,"[3, 2836, 2336]",0,0,True,True,PASS,
2027,2028,train/6a0cf3914af765ef60fb7682f4c53cf8.jpg,2048,2500,3,False,True,False,True,"[3, 2500, 2048]",3,3,True,True,PASS,
2028,2029,train/6a0da094696816e8ccc92c81602173d1.jpg,2008,2112,10,False,True,False,True,"[3, 2112, 2008]",10,10,True,True,PASS,
2029,2030,train/6a2119f5509f4f9b7811ff4e7d786a62.jpg,2730,3212,7,False,True,False,True,"[3, 3212, 2730]",7,7,True,True,PASS,
2030,2031,train/6a21c27cbd42e68576a134fca3c0266e.jpg,2253,2835,3,False,True,False,True,"[3, 2835, 2253]",3,3,True,True,PASS,
2031,2032,train/6a226af290752e9d60405e5a5a18e90f.jpg,2304,2880,4,False,True,False,True,"[3, 2880, 2304]",4,4,True,True,PASS,
2032,2033,train/6a245106cf0448251656a6a0bd6aebd5.jpg,2304,2880,6,False,True,False,True,"[3, 2880, 2304]",6,6,True,True,PASS,
2033,2034,train/6a29cfd596229d4ac24ad8cbaa103c11.jpg,2732,3256,8,False,True,False,True,"[3, 3256, 2732]",8,8,True,True,PASS,
2034,2035,train/6a4b3bf66d8876480d5ea698d3f9304a.jpg,2464,2547,9,False,True,False,True,"[3, 2547, 2464]",9,9,True,True,PASS,
2035,2036,train/6a4f9965e83bfad45d66d4afa5d28cc5.jpg,2304,2880,9,False,True,False,True,"[3, 2880, 2304]",9,9,True,True,PASS,
2036,2037,train/6a53a62b736fb59c4e2c35f99778656f.jpg,2367,2551,12,False,True,False,True,"[3, 2551, 2367]",12,12,True,True,PASS,
2037,2038,train/6a5a92798a840e7b12533ada2e2816cb.jpg,2482,2638,5,False,True,False,True,"[3, 2638, 2482]",5,5,True,True,PASS,
2038,2039,train/6a69a393d7beccc1043d5ee8cf0517d4.jpg,2048,2500,8,False,True,False,True,"[3, 2500, 2048]",8,8,True,True,PASS,
2039,2040,train/6a6d716b650b15a1babbcd82ca95d76e.jpg,2304,2880,5,False,True,False,True,"[3, 2880, 2304]",5,5,True,True,PASS,
2040,2041,train/6a731afa074fdf826107fa38023459a5.jpg,2304,2880,10,False,True,False,True,"[3, 2880, 2304]",10,10,True,True,PASS,
2041,2042,train/6a770deeb23778c30bbf5dc7d00f75c4.jpg,2732,2683,10,False,True,False,True,"[3, 2683, 2732]",10,10,True,True,PASS,
2042,2043,train/6a956ce4e56235dd8de081a965a36c2a.jpg,3320,3384,17,False,True,False,True,"[3, 3384, 3320]",17,17,True,True,PASS,
2043,2044,train/6ab69f995bbbc0522d8819fec2cf1d3b.jpg,2859,3408,8,False,True,False,True,"[3, 3408, 2859]",8,8,True,True,PASS,
2044,2045,train/6ab95c0f04cb1c61e635ba82b76df6b9.jpg,2024,2128,5,False,True,False,True,"[3, 2128, 2024]",5,5,True,True,PASS,
2045,2046,train/6acc13406eda521dedfca734ddbe3e25.jpg,2517,3028,11,False,True,False,True,"[3, 3028, 2517]",11,11,True,True,PASS,
2046,2047,train/6ada6149fec45a9046dbfe15e3459ec8.jpg,2304,2880,25,False,True,False,True,"[3, 2880, 2304]",25,25,True,True,PASS,
2047,2048,train/6ada8f68e2f901b30feb74aaa0c32ba4.jpg,1994,2430,0,True,True,True,True,"[3, 2430, 1994]",0,0,True,True,PASS,
2048,2049,train/6ae2757005410f45933298a2bd5d7f50.jpg,2072,2280,9,False,True,False,True,"[3, 2280, 2072]",9,9,True,True,PASS,
2049,2050,train/6aee48100cc84e8ce9fa362fbac6113b.jpg,2745,3192,5,False,True,False,True,"[3, 3192, 2745]",5,5,True,True,PASS,
2050,2051,train/6b2b72d289bf26b3aaf41548df0ab160.jpg,2620,2744,3,False,True,False,True,"[3, 2744, 2620]",3,3,True,True,PASS,
2051,2052,train/6b3c9e72ced5b7a5f40029e034ab6cba.jpg,3268,3268,3,False,True,False,True,"[3, 3268, 3268]",3,3,True,True,PASS,
2052,2053,train/6b49f9a611fb606933242b3409569497.jpg,2486,3120,9,False,True,False,True,"[3, 3120, 2486]",9,9,True,True,PASS,
2053,2054,train/6b6f79dad019a4dee92fa35456f75a48.jpg,3072,3072,23,False,True,False,True,"[3, 3072, 3072]",23,23,True,True,PASS,
2054,2055,train/6b7630266dc2abd86de6c994308a4986.jpg,1872,2080,6,False,True,False,True,"[3, 2080, 1872]",6,6,True,True,PASS,
2055,2056,train/6b86fa23bbe9974e31308a8e4543b1b6.jpg,2544,2766,6,False,True,False,True,"[3, 2766, 2544]",6,6,True,True,PASS,
2056,2057,train/6b8bb3a6cc110df0f2e182c1db0b4b21.jpg,2620,3264,10,False,True,False,True,"[3, 3264, 2620]",10,10,True,True,PASS,
2057,2058,train/6ba7995f98e1c9c494868133536edf13.jpg,2304,2880,3,False,True,False,True,"[3, 2880, 2304]",3,3,True,True,PASS,
2058,2059,train/6bb053f269fb54485e70eb65424578f3.jpg,2517,3028,5,False,True,False,True,"[3, 3028, 2517]",5,5,True,True,PASS,
2059,2060,train/6bb0f4c7693b63f01ca906e712abd4e3.jpg,3072,3072,0,True,True,True,True,"[3, 3072, 3072]",0,0,True,True,PASS,
2060,2061,train/6bb7769006f10cb8681b95246a90902c.jpg,2304,2880,7,False,True,False,True,"[3, 2880, 2304]",7,7,True,True,PASS,
2061,2062,train/6bd56b4aa9ff512573b799ddb4c7deac.jpg,2048,2500,3,False,True,False,True,"[3, 2500, 2048]",3,3,True,True,PASS,
2062,2063,train/6bfb85750420c5ee853ad5372dcfbd76.jpg,2048,2500,14,False,True,False,True,"[3, 2500, 2048]",14,14,True,True,PASS,
2063,2064,train/6c07e9a9fc06aa20e54a83cded97aa7a.jpg,2520,3032,6,False,True,False,True,"[3, 3032, 2520]",6,6,True,True,PASS,
2064,2065,train/6c08a98e48ba72aee1b7b62e1f28e6da.jpg,2208,2688,16,False,True,False,True,"[3, 2688, 2208]",16,16,True,True,PASS,
2065,2066,train/6c28ed764e181113c90d167b3a2db3fa.jpg,2048,2500,3,False,True,False,True,"[3, 2500, 2048]",3,3,True,True,PASS,
2066,2067,train/6c35a010256b29d6db4956f5bffff4a2.jpg,2540,3072,22,False,True,False,True,"[3, 3072, 2540]",22,22,True,True,PASS,
2067,2068,train/6c36bf0795da73a547d0a6269c33daf6.jpg,2670,2818,3,False,True,False,True,"[3, 2818, 2670]",3,3,True,True,PASS,
2068,2069,train/6c45f970e82a55ffca6f7259d82197e7.jpg,2680,3045,8,False,True,False,True,"[3, 3045, 2680]",8,8,True,True,PASS,
2069,2070,train/6c4b3875e507999d883e7bda6428fa30.jpg,2540,3072,7,False,True,False,True,"[3, 3072, 2540]",7,7,True,True,PASS,
2070,2071,train/6c4b78e706f33af6d0561c990df490b0.jpg,2694,2971,8,False,True,False,True,"[3, 2971, 2694]",8,8,True,True,PASS,
2071,2072,train/6c52edbfaea1be8334fd862161a8f4e4.jpg,2571,3086,9,False,True,False,True,"[3, 3086, 2571]",9,9,True,True,PASS,
2072,2073,train/6c6266968277d8d98717a106dfb716c3.jpg,2304,2880,9,False,True,False,True,"[3, 2880, 2304]",9,9,True,True,PASS,
2073,2074,train/6c62972a4eeaf465e0461d4d74394366.jpg,2304,2880,13,False,True,False,True,"[3, 2880, 2304]",13,13,True,True,PASS,
2074,2075,train/6c63a1225abbaf4be97d520df64d9125.jpg,2708,3032,9,False,True,False,True,"[3, 3032, 2708]",9,9,True,True,PASS,
2075,2076,train/6c6443feb73c8113601be5a01242447d.jpg,2868,2908,6,False,True,False,True,"[3, 2908, 2868]",6,6,True,True,PASS,
2076,2077,train/6c7168280c801ce96908597527695ab5.jpg,2653,2776,9,False,True,False,True,"[3, 2776, 2653]",9,9,True,True,PASS,
2077,2078,train/6c7235e58f45b35fa517bb1a855f7504.jpg,2704,3408,11,False,True,False,True,"[3, 3408, 2704]",11,11,True,True,PASS,
2078,2079,train/6c79f2551808438721052023e043ab4d.jpg,3072,3072,10,False,True,False,True,"[3, 3072, 3072]",10,10,True,True,PASS,
2079,2080,train/6c825d5c6349fcc2a6d6af5b13e470b6.jpg,2304,2880,3,False,True,False,True,"[3, 2880, 2304]",3,3,True,True,PASS,
2080,2081,train/6c8d15e1aadce8cc5dc0a4b719818a4c.jpg,2517,3028,4,False,True,False,True,"[3, 3028, 2517]",4,4,True,True,PASS,
2081,2082,train/6cacb05336c1725300d12e762cca0fc8.jpg,2582,2947,7,False,True,False,True,"[3, 2947, 2582]",7,7,True,True,PASS,
2082,2083,train/6cb28973ba5bf897b5c1ef88c79c47c2.jpg,2577,3055,0,True,True,True,True,"[3, 3055, 2577]",0,0,True,True,PASS,
2083,2084,train/6cb76e80cd8312a6cb453b11d5ea44f8.jpg,2551,3072,6,False,True,False,True,"[3, 3072, 2551]",6,6,True,True,PASS,
2084,2085,train/6cbdc71410309c03dd894fa3470f7b8d.jpg,2304,2880,6,False,True,False,True,"[3, 2880, 2304]",6,6,True,True,PASS,
2085,2086,train/6cde3166d972c7b9ceff0e6099d4e374.jpg,2304,2880,10,False,True,False,True,"[3, 2880, 2304]",10,10,True,True,PASS,
2086,2087,train/6ce61a39f1e1bff629566de047ab8775.jpg,2304,2880,7,False,True,False,True,"[3, 2880, 2304]",7,7,True,True,PASS,
2087,2088,train/6cf076d01340d69f77857cd4708692d1.jpg,2305,2433,5,False,True,False,True,"[3, 2433, 2305]",5,5,True,True,PASS,
2088,2089,train/6cf0ce690ad8348d8c44c689aed97836.jpg,2304,2880,6,False,True,False,True,"[3, 2880, 2304]",6,6,True,True,PASS,
2089,2090,train/6cf0ea4eb8810156bfb48f5a7dbeffd3.jpg,2780,2944,23,False,True,False,True,"[3, 2944, 2780]",23,23,True,True,PASS,
2090,2091,train/6d08a56a5d1e0918469413c81abc33bc.jpg,2304,2880,6,False,True,False,True,"[3, 2880, 2304]",6,6,True,True,PASS,
2091,2092,train/6d1ae9283e8be51b5057a189f53bef03.jpg,2304,2880,5,False,True,False,True,"[3, 2880, 2304]",5,5,True,True,PASS,
2092,2093,train/6d2ea40c6bdeaf8c3c7be4ae9125834e.jpg,2836,3072,9,False,True,False,True,"[3, 3072, 2836]",9,9,True,True,PASS,
2093,2094,train/6d3451478ca527968706d5075d5bf0ce.jpg,2648,3122,8,False,True,False,True,"[3, 3122, 2648]",8,8,True,True,PASS,
2094,2095,train/6d3cd7503968e1d95d46dccb35e6b617.jpg,2724,3256,3,False,True,False,True,"[3, 3256, 2724]",3,3,True,True,PASS,
2095,2096,train/6d55788f759da917cf8b89f300764dee.jpg,2048,2500,10,False,True,False,True,"[3, 2500, 2048]",10,10,True,True,PASS,
2096,2097,train/6d58e4bb28efa358fbce1c94e6b15efe.jpg,2412,2690,0,True,True,True,True,"[3, 2690, 2412]",0,0,True,True,PASS,
2097,2098,train/6d5acf3f8a973a26844d617fffe72998.jpg,2304,2880,46,False,True,False,True,"[3, 2880, 2304]",46,46,True,True,PASS,
2098,2099,train/6d6746496137a10dbfbb4019c47174c0.jpg,2636,3192,10,False,True,False,True,"[3, 3192, 2636]",10,10,True,True,PASS,
2099,2100,train/6d80520d7518642b92a089b028407104.jpg,2048,2500,7,False,True,False,True,"[3, 2500, 2048]",7,7,True,True,PASS,
2100,2101,train/6db40e2b46792eab40dfdfff3b29a760.jpg,2048,2500,3,False,True,False,True,"[3, 2500, 2048]",3,3,True,True,PASS,
2101,2102,train/6db6e5b15b7497f9179ec06fb3723d5c.jpg,2304,2880,8,False,True,False,True,"[3, 2880, 2304]",8,8,True,True,PASS,
2102,2103,train/6db88a54762f5e34ce31d2f43deb812d.jpg,2304,2880,6,False,True,False,True,"[3, 2880, 2304]",6,6,True,True,PASS,
2103,2104,train/6dc197d0503400617170a11ab7812d73.jpg,2517,3028,11,False,True,False,True,"[3, 3028, 2517]",11,11,True,True,PASS,
2104,2105,train/6dc207746578921c58e86d97b78534bd.jpg,1728,2344,8,False,True,False,True,"[3, 2344, 1728]",8,8,True,True,PASS,
2105,2106,train/6dc54c273e24de333f3fdd060f74faa1.jpg,2435,2800,5,False,True,False,True,"[3, 2800, 2435]",5,5,True,True,PASS,
2106,2107,train/6dd1a29dcafeb9545da50d85324bb781.jpg,2736,2746,5,False,True,False,True,"[3, 2746, 2736]",5,5,True,True,PASS,
2107,2108,train/6de2efbed6b23441ab46cbcfa980e4bd.jpg,3118,3408,7,False,True,False,True,"[3, 3408, 3118]",7,7,True,True,PASS,
2108,2109,train/6e004d77616aa8546ed689d9360e1080.jpg,2517,3028,0,True,True,True,True,"[3, 3028, 2517]",0,0,True,True,PASS,
2109,2110,train/6e0dd61ae870e3b4f5701af4d7cb5b8b.jpg,2304,2880,0,True,True,True,True,"[3, 2880, 2304]",0,0,True,True,PASS,
2110,2111,train/6e10d8c0ed42868404c04889240d3693.jpg,2496,2797,6,False,True,False,True,"[3, 2797, 2496]",6,6,True,True,PASS,
2111,2112,train/6e11ca52ad7ea9add47da7eded8efe03.jpg,2304,2880,8,False,True,False,True,"[3, 2880, 2304]",8,8,True,True,PASS,
2112,2113,train/6e1a6f52b179c14edd1af37ead978cb2.jpg,2435,2793,5,False,True,False,True,"[3, 2793, 2435]",5,5,True,True,PASS,
2113,2114,train/6e224b4caf02b51618bda425011636f2.jpg,3320,2848,17,False,True,False,True,"[3, 2848, 3320]",17,17,True,True,PASS,
2114,2115,train/6e26e1092a0297a1cbf0a867e3b90326.jpg,2517,3028,0,True,True,True,True,"[3, 3028, 2517]",0,0,True,True,PASS,
2115,2116,train/6e2a38e4cc5b4cd14dba22285a5cd210.jpg,2961,3043,3,False,True,False,True,"[3, 3043, 2961]",3,3,True,True,PASS,
2116,2117,train/6e2c5ac0b017ee374840d5ad3aba3629.jpg,2304,2880,8,False,True,False,True,"[3, 2880, 2304]",8,8,True,True,PASS,
2117,2118,train/6e395f737d2b004443f033eb9ad7ba17.jpg,2804,3000,0,True,True,True,True,"[3, 3000, 2804]",0,0,True,True,PASS,
2118,2119,train/6e3dce43de58cedd6cca477f98b6c94f.jpg,2048,2500,7,False,True,False,True,"[3, 2500, 2048]",7,7,True,True,PASS,
2119,2120,train/6e4391555899c8474c4d32f42b2ba21b.jpg,2787,2912,24,False,True,False,True,"[3, 2912, 2787]",24,24,True,True,PASS,
2120,2121,train/6e45dcf215f6474234248ad70fb897d1.jpg,3072,3072,0,True,True,True,True,"[3, 3072, 3072]",0,0,True,True,PASS,
2121,2122,train/6e469682b53c4c558e23632c4c7e4fe5.jpg,1984,1976,13,False,True,False,True,"[3, 1976, 1984]",13,13,True,True,PASS,
2122,2123,train/6e47a3c35eecd25bf915998f192b32d1.jpg,2320,2831,8,False,True,False,True,"[3, 2831, 2320]",8,8,True,True,PASS,
2123,2124,train/6e48149a34ba1700f265b5e7d9fe0cd1.jpg,2048,2500,0,True,True,True,True,"[3, 2500, 2048]",0,0,True,True,PASS,
2124,2125,train/6e4915e84e38de5d90efe0ecfd8f2cf6.jpg,2048,2500,29,False,True,False,True,"[3, 2500, 2048]",29,29,True,True,PASS,
2125,2126,train/6e5776831430f043f18d70c93239457a.jpg,2253,2254,3,False,True,False,True,"[3, 2254, 2253]",3,3,True,True,PASS,
2126,2127,train/6eae1d4353b0a57087ca071556aef1ec.jpg,2680,2878,0,True,True,True,True,"[3, 2878, 2680]",0,0,True,True,PASS,
2127,2128,train/6ebee97d53199fb6126b8eeb2acc7f44.jpg,3072,2808,10,False,True,False,True,"[3, 2808, 3072]",10,10,True,True,PASS,
2128,2129,train/6ece94f09d405a17472ba1cf4471e548.jpg,2788,2656,6,False,True,False,True,"[3, 2656, 2788]",6,6,True,True,PASS,
2129,2130,train/6ed2ab0e4ba47734a7b2a47deff243c1.jpg,1896,2304,4,False,True,False,True,"[3, 2304, 1896]",4,4,True,True,PASS,
2130,2131,train/6ed469a35361b49e04971347281bc312.jpg,2304,2880,7,False,True,False,True,"[3, 2880, 2304]",7,7,True,True,PASS,
2131,2132,train/6eeead238ec804ca607534249350bcf8.jpg,2088,2336,11,False,True,False,True,"[3, 2336, 2088]",11,11,True,True,PASS,
2132,2133,train/6efabbfe08d43653606d7b16c5ad264d.jpg,2540,3072,6,False,True,False,True,"[3, 3072, 2540]",6,6,True,True,PASS,
2133,2134,train/6f322939176779d7af4f7c76701fa91d.jpg,2392,2592,6,False,True,False,True,"[3, 2592, 2392]",6,6,True,True,PASS,
2134,2135,train/6f5f1420c9f88f1ec8b886e3700410f5.jpg,3288,3209,7,False,True,False,True,"[3, 3209, 3288]",7,7,True,True,PASS,
2135,2136,train/6f79bc390fe626dd3ad6a8cb36116254.jpg,2394,2568,5,False,True,False,True,"[3, 2568, 2394]",5,5,True,True,PASS,
2136,2137,train/6f81359c392e30ddea9260b22d732e69.jpg,2304,2880,11,False,True,False,True,"[3, 2880, 2304]",11,11,True,True,PASS,
2137,2138,train/6f873f0a401ca124ae1e125f081b591e.jpg,3072,3072,0,True,True,True,True,"[3, 3072, 3072]",0,0,True,True,PASS,
2138,2139,train/6f8d6f377c0d4ffcf13554466668be5a.jpg,2540,3072,3,False,True,False,True,"[3, 3072, 2540]",3,3,True,True,PASS,
2139,2140,train/6f8e0af5fff2c4c45f6eb841a4221235.jpg,2472,2844,12,False,True,False,True,"[3, 2844, 2472]",12,12,True,True,PASS,
2140,2141,train/6f9c69586ff53e488b23e7bb6b0556c5.jpg,2304,2880,6,False,True,False,True,"[3, 2880, 2304]",6,6,True,True,PASS,
2141,2142,train/6fa0ca0396d8c8dba1dc037d2d882947.jpg,2304,2880,5,False,True,False,True,"[3, 2880, 2304]",5,5,True,True,PASS,
2142,2143,train/6fa721dbeeea8b191be3336226a2d3e8.jpg,2048,2500,7,False,True,False,True,"[3, 2500, 2048]",7,7,True,True,PASS,
2143,2144,train/6fa7dad34b96816f31cc091a0507bbdd.jpg,3072,3072,13,False,True,False,True,"[3, 3072, 3072]",13,13,True,True,PASS,
2144,2145,train/6fb55d54b54b05b50913b456d1b5d0cc.jpg,2804,3306,11,False,True,False,True,"[3, 3306, 2804]",11,11,True,True,PASS,
2145,2146,train/6fbeb3ec1ec16b267f98fc12cbab9b6f.jpg,2282,2810,7,False,True,False,True,"[3, 2810, 2282]",7,7,True,True,PASS,
2146,2147,train/6fe8a6cb3929ebdfa1cc078b0318e363.jpg,2128,2288,19,False,True,False,True,"[3, 2288, 2128]",19,19,True,True,PASS,
2147,2148,train/6feeabe1a1221a8a4da9560cc86157ed.jpg,3072,3072,8,False,True,False,True,"[3, 3072, 3072]",8,8,True,True,PASS,
2148,2149,train/6ffac7a192bae8415d98c6d03ee4ee2c.jpg,2304,2880,5,False,True,False,True,"[3, 2880, 2304]",5,5,True,True,PASS,
2149,2150,train/70050ec61a0f61030b7ce001eab0fefa.jpg,2652,2972,11,False,True,False,True,"[3, 2972, 2652]",11,11,True,True,PASS,
2150,2151,train/7019341063506a9850df00a5bcf46efa.jpg,2304,2880,4,False,True,False,True,"[3, 2880, 2304]",4,4,True,True,PASS,
2151,2152,train/7021edd61c6640c497c774e6ef61e491.jpg,2504,2544,7,False,True,False,True,"[3, 2544, 2504]",7,7,True,True,PASS,
2152,2153,train/703637c0369923222e87e31bb7477b4f.jpg,2328,2544,10,False,True,False,True,"[3, 2544, 2328]",10,10,True,True,PASS,
2153,2154,train/703a96532637528e3aafb5f5668186cb.jpg,3072,3072,8,False,True,False,True,"[3, 3072, 3072]",8,8,True,True,PASS,
2154,2155,train/703e3e8b33821c0b0553c5d534a5419f.jpg,2537,3408,7,False,True,False,True,"[3, 3408, 2537]",7,7,True,True,PASS,
2155,2156,train/7041c4545b91fb9fd032398c297fd992.jpg,2048,2500,6,False,True,False,True,"[3, 2500, 2048]",6,6,True,True,PASS,
2156,2157,train/7043451da60cb89537435829965759c3.jpg,2048,2500,7,False,True,False,True,"[3, 2500, 2048]",7,7,True,True,PASS,
2157,2158,train/70485d0ffe6e2b1d90b6127c5c023f18.jpg,2812,2816,17,False,True,False,True,"[3, 2816, 2812]",17,17,True,True,PASS,
2158,2159,train/7052aefb2cae8274a2dedc9e21714d96.jpg,2304,2880,6,False,True,False,True,"[3, 2880, 2304]",6,6,True,True,PASS,
2159,2160,train/705ac59fb56577d3db10d09dc5b3f3b3.jpg,2540,3072,3,False,True,False,True,"[3, 3072, 2540]",3,3,True,True,PASS,
2160,2161,train/706e9e2d05f37843759f3e1da02f2d6c.jpg,2517,2598,9,False,True,False,True,"[3, 2598, 2517]",9,9,True,True,PASS,
2161,2162,train/70822307bc21273a21e4a57632f55a0a.jpg,2304,2880,8,False,True,False,True,"[3, 2880, 2304]",8,8,True,True,PASS,
2162,2163,train/708249b5f1cff1ae05f850da5fc2b625.jpg,2304,2880,10,False,True,False,True,"[3, 2880, 2304]",10,10,True,True,PASS,
2163,2164,train/70bb28b860c2c597900d4a0722cf53a7.jpg,1994,2430,0,True,True,True,True,"[3, 2430, 1994]",0,0,True,True,PASS,
2164,2165,train/70c57f59ed881d79ba9c1071b605c42f.jpg,2238,2565,0,True,True,True,True,"[3, 2565, 2238]",0,0,True,True,PASS,
2165,2166,train/70dc4cdf5377a5daa9628a456390ed93.jpg,2694,2950,9,False,True,False,True,"[3, 2950, 2694]",9,9,True,True,PASS,
2166,2167,train/70e09b0d52ed4571aa953c4d844bc5cb.jpg,3072,3072,10,False,True,False,True,"[3, 3072, 3072]",10,10,True,True,PASS,
2167,2168,train/70e621d1855d992b74df22c66021b25d.jpg,2016,2368,4,False,True,False,True,"[3, 2368, 2016]",4,4,True,True,PASS,
2168,2169,train/70eb6d92bf0c7e35e0d55e17d00629fa.jpg,2540,3072,4,False,True,False,True,"[3, 3072, 2540]",4,4,True,True,PASS,
2169,2170,train/70f135c5319675c02b56fc5b82df7c09.jpg,2152,2184,3,False,True,False,True,"[3, 2184, 2152]",3,3,True,True,PASS,
2170,2171,train/713f94c56bcf0a3622522744fb0d24d7.jpg,3072,3072,9,False,True,False,True,"[3, 3072, 3072]",9,9,True,True,PASS,
2171,2172,train/714e4c788c40892e9a5500e4fde9c753.jpg,2304,2880,12,False,True,False,True,"[3, 2880, 2304]",12,12,True,True,PASS,
2172,2173,train/71511f823c4664475131c1519d9bd0a8.jpg,2738,3052,6,False,True,False,True,"[3, 3052, 2738]",6,6,True,True,PASS,
2173,2174,train/715278d742ca1d668e20ffab02e7fe36.jpg,3072,3072,3,False,True,False,True,"[3, 3072, 3072]",3,3,True,True,PASS,
2174,2175,train/717b848dae42dc6c33d6d3a5754e690b.jpg,2817,3383,15,False,True,False,True,"[3, 3383, 2817]",15,15,True,True,PASS,
2175,2176,train/719182f814fc1a742e0fbc1a751f6af7.jpg,2588,2984,8,False,True,False,True,"[3, 2984, 2588]",8,8,True,True,PASS,
2176,2177,train/719962d2d347b4d5a6641074d75b78ad.jpg,2304,2880,4,False,True,False,True,"[3, 2880, 2304]",4,4,True,True,PASS,
2177,2178,train/719ef3ece6314f7962ffe89cfd4cdb7f.jpg,2501,2601,3,False,True,False,True,"[3, 2601, 2501]",3,3,True,True,PASS,
2178,2179,train/71a5a3f60976a7b46875a26dfd7a669e.jpg,3072,3072,6,False,True,False,True,"[3, 3072, 3072]",6,6,True,True,PASS,
2179,2180,train/71ab1b7b29ed23f9c8a5ad1db0e2cbf5.jpg,2304,2880,6,False,True,False,True,"[3, 2880, 2304]",6,6,True,True,PASS,
2180,2181,train/71bb412dd9f1550f447ce895f400599a.jpg,1994,2430,0,True,True,True,True,"[3, 2430, 1994]",0,0,True,True,PASS,
2181,2182,train/71cfb66b2166800fae0283d2f28b0902.jpg,2304,2880,11,False,True,False,True,"[3, 2880, 2304]",11,11,True,True,PASS,
2182,2183,train/71dadd60877ab8a22b3d5075c40415c0.jpg,2787,3098,4,False,True,False,True,"[3, 3098, 2787]",4,4,True,True,PASS,
2183,2184,train/71ddd7f7b44aa49dafb8410e8d542ffb.jpg,2829,3022,4,False,True,False,True,"[3, 3022, 2829]",4,4,True,True,PASS,
2184,2185,train/7216517a6e4daf3bd95b7b065dac16dd.jpg,2394,2687,10,False,True,False,True,"[3, 2687, 2394]",10,10,True,True,PASS,
2185,2186,train/7225983eb43be7f2dcb9e75381a8f3e5.jpg,2304,2880,5,False,True,False,True,"[3, 2880, 2304]",5,5,True,True,PASS,
2186,2187,train/72264a7633d9eaa863732d9d18658516.jpg,2668,3068,6,False,True,False,True,"[3, 3068, 2668]",6,6,True,True,PASS,
2187,2188,train/7237fe007c5cab239011e89137eee3a7.jpg,2080,2668,10,False,True,False,True,"[3, 2668, 2080]",10,10,True,True,PASS,
2188,2189,train/723a57bc840fd54341f543c2832ad6a2.jpg,2304,2880,4,False,True,False,True,"[3, 2880, 2304]",4,4,True,True,PASS,
2189,2190,train/723aaeb1fd6c8333089f301b1f9620e5.jpg,2540,3072,6,False,True,False,True,"[3, 3072, 2540]",6,6,True,True,PASS,
2190,2191,train/723f93a3f0e3905c498839d23b961631.jpg,2540,3072,4,False,True,False,True,"[3, 3072, 2540]",4,4,True,True,PASS,
2191,2192,train/7245fcab6a98659146972d983aa01c6d.jpg,2481,3325,10,False,True,False,True,"[3, 3325, 2481]",10,10,True,True,PASS,
2192,2193,train/7253800842122c9e6e95878b46008f54.jpg,2579,2797,4,False,True,False,True,"[3, 2797, 2579]",4,4,True,True,PASS,
2193,2194,train/725d3455da58a90c17e5eba4b4520e97.jpg,2304,2880,9,False,True,False,True,"[3, 2880, 2304]",9,9,True,True,PASS,
2194,2195,train/72a03107b8c5fffea70fb4d36ebeecb8.jpg,1936,2080,8,False,True,False,True,"[3, 2080, 1936]",8,8,True,True,PASS,
2195,2196,train/72a60e1680fed635062ad42bc5df893d.jpg,2500,2940,8,False,True,False,True,"[3, 2940, 2500]",8,8,True,True,PASS,
2196,2197,train/72a8690f81423e91e710088e939dd664.jpg,2304,2880,6,False,True,False,True,"[3, 2880, 2304]",6,6,True,True,PASS,
2197,2198,train/72bce8eed8324b1544f1698f56a2b0ba.jpg,2680,3033,18,False,True,False,True,"[3, 3033, 2680]",18,18,True,True,PASS,
2198,2199,train/72d2a32355662fd12a16420bd689bbf9.jpg,2304,2880,6,False,True,False,True,"[3, 2880, 2304]",6,6,True,True,PASS,
2199,2200,train/72db011d874a7d2151f75b4f0ae679b2.jpg,2304,2880,15,False,True,False,True,"[3, 2880, 2304]",15,15,True,True,PASS,
2200,2201,train/72dba276d1673ef009c04d2c8a7e3238.jpg,2587,2739,0,True,True,True,True,"[3, 2739, 2587]",0,0,True,True,PASS,
2201,2202,train/7307f00233a2858176b4b8c93213d7de.jpg,2304,2880,6,False,True,False,True,"[3, 2880, 2304]",6,6,True,True,PASS,
2202,2203,train/730b58517ca8b274e1b66e87c723c003.jpg,2000,2208,8,False,True,False,True,"[3, 2208, 2000]",8,8,True,True,PASS,
2203,2204,train/7310cb76b0642a868c3eb66ce74e7d70.jpg,2304,2880,4,False,True,False,True,"[3, 2880, 2304]",4,4,True,True,PASS,
2204,2205,train/7324c001e2512d3ea9197b0151c6c1b0.jpg,2619,2886,9,False,True,False,True,"[3, 2886, 2619]",9,9,True,True,PASS,
2205,2206,train/73389cedf5cac39b292141ad966adfcb.jpg,2304,2880,10,False,True,False,True,"[3, 2880, 2304]",10,10,True,True,PASS,
2206,2207,train/7339f20488fdc162a8b06c2d8c887277.jpg,3072,3072,5,False,True,False,True,"[3, 3072, 3072]",5,5,True,True,PASS,
2207,2208,train/734bbd50e6a2265ae0092510852c9c24.jpg,2719,3056,18,False,True,False,True,"[3, 3056, 2719]",18,18,True,True,PASS,
2208,2209,train/735023a2b17a5222636abc2784772804.jpg,2304,2880,11,False,True,False,True,"[3, 2880, 2304]",11,11,True,True,PASS,
2209,2210,train/7355afc2a3a775378d54578397734408.jpg,2304,2880,5,False,True,False,True,"[3, 2880, 2304]",5,5,True,True,PASS,
2210,2211,train/736548ed94e659b342a15a4b32e71a1f.jpg,2168,2416,17,False,True,False,True,"[3, 2416, 2168]",17,17,True,True,PASS,
2211,2212,train/73677ea9100c2fc6b88ba7442c90bcf9.jpg,2304,2880,21,False,True,False,True,"[3, 2880, 2304]",21,21,True,True,PASS,
2212,2213,train/7379ef3f7d2f47ad02a272c056215448.jpg,1984,2112,6,False,True,False,True,"[3, 2112, 1984]",6,6,True,True,PASS,
2213,2214,train/73a09e14492d3c6c579a48507303431b.jpg,2884,2536,7,False,True,False,True,"[3, 2536, 2884]",7,7,True,True,PASS,
2214,2215,train/73bc384e1f0ca88f3bcb2b5c6a8584f1.jpg,1976,1712,8,False,True,False,True,"[3, 1712, 1976]",8,8,True,True,PASS,
2215,2216,train/73ca5ade271925fe03782a52a85f75b2.jpg,2440,2852,10,False,True,False,True,"[3, 2852, 2440]",10,10,True,True,PASS,
2216,2217,train/73d406f3aaebf4b2d07e73a87ebff608.jpg,3072,3072,6,False,True,False,True,"[3, 3072, 3072]",6,6,True,True,PASS,
2217,2218,train/73dcc0c151e92d0090c75815c315ba83.jpg,1864,2144,8,False,True,False,True,"[3, 2144, 1864]",8,8,True,True,PASS,
2218,2219,train/73e54ffef4d7e3de197b530d4f1ae026.jpg,3072,3072,6,False,True,False,True,"[3, 3072, 3072]",6,6,True,True,PASS,
2219,2220,train/7413687c59af03d7aa10a04225d1ac52.jpg,2136,2576,6,False,True,False,True,"[3, 2576, 2136]",6,6,True,True,PASS,
2220,2221,train/74292e695d6b5868b89acf26363ee93e.jpg,2304,2880,14,False,True,False,True,"[3, 2880, 2304]",14,14,True,True,PASS,
2221,2222,train/742d73529266f013bbbcdf0f2bf9d218.jpg,2540,3072,5,False,True,False,True,"[3, 3072, 2540]",5,5,True,True,PASS,
2222,2223,train/7430af9cdc5fa56f86d71b66a837390c.jpg,2540,3072,3,False,True,False,True,"[3, 3072, 2540]",3,3,True,True,PASS,
2223,2224,train/74335ad1e0f78abc3b8d9c4d3380b5be.jpg,2347,2466,5,False,True,False,True,"[3, 2466, 2347]",5,5,True,True,PASS,
2224,2225,train/7433f75def4589a4eaaba2cc947af95a.jpg,2590,2864,0,True,True,True,True,"[3, 2864, 2590]",0,0,True,True,PASS,
2225,2226,train/743601b5826b3d21eab4b1b90ed73bc3.jpg,2652,2884,3,False,True,False,True,"[3, 2884, 2652]",3,3,True,True,PASS,
2226,2227,train/7444ecc98d1984f4e864b265857bda11.jpg,2540,3072,6,False,True,False,True,"[3, 3072, 2540]",6,6,True,True,PASS,
2227,2228,train/745101df234416c1912639f9aa4816bd.jpg,2540,3072,0,True,True,True,True,"[3, 3072, 2540]",0,0,True,True,PASS,
2228,2229,train/7478eac70ba86cb5e7e7a29a9acbd6e0.jpg,3072,3072,6,False,True,False,True,"[3, 3072, 3072]",6,6,True,True,PASS,
2229,2230,train/747eec98df4c54df053df178cc8c2395.jpg,2543,2795,5,False,True,False,True,"[3, 2795, 2543]",5,5,True,True,PASS,
2230,2231,train/7486840374f87cde690928d1b33aa97c.jpg,2304,2880,9,False,True,False,True,"[3, 2880, 2304]",9,9,True,True,PASS,
2231,2232,train/74a6dc1a51dffd964baef5089fc4d1b6.jpg,2128,2408,4,False,True,False,True,"[3, 2408, 2128]",4,4,True,True,PASS,
2232,2233,train/74eb8e74c7dee9e2342a43703a868387.jpg,2848,2628,6,False,True,False,True,"[3, 2628, 2848]",6,6,True,True,PASS,
2233,2234,train/750371858ec902890736e5d6ee552026.jpg,2304,2880,4,False,True,False,True,"[3, 2880, 2304]",4,4,True,True,PASS,
2234,2235,train/7519a77c0a9036cf63d56d53f708965a.jpg,1728,2368,4,False,True,False,True,"[3, 2368, 1728]",4,4,True,True,PASS,
2235,2236,train/7520d54e60d31f2310d1eb5c77a7507a.jpg,2356,2507,3,False,True,False,True,"[3, 2507, 2356]",3,3,True,True,PASS,
2236,2237,train/752836009ec557fe1f845720bc2914f4.jpg,1994,2430,0,True,True,True,True,"[3, 2430, 1994]",0,0,True,True,PASS,
2237,2238,train/7540b357c67f2049cc0b8808fa2b91fc.jpg,2476,2916,3,False,True,False,True,"[3, 2916, 2476]",3,3,True,True,PASS,
2238,2239,train/7541cb14619967aa42444e6327bb2f59.jpg,2304,2936,6,False,True,False,True,"[3, 2936, 2304]",6,6,True,True,PASS,
2239,2240,train/754e5c9903b4b9bec894ebde02b54db8.jpg,2655,2746,7,False,True,False,True,"[3, 2746, 2655]",7,7,True,True,PASS,
2240,2241,train/75692666e09ea0a3cbfcc4b36241c7c0.jpg,3072,3072,5,False,True,False,True,"[3, 3072, 3072]",5,5,True,True,PASS,
2241,2242,train/756afb66aecaf0675273016e8991d8d4.jpg,2540,3072,5,False,True,False,True,"[3, 3072, 2540]",5,5,True,True,PASS,
2242,2243,train/757b9dce1ec83ee0758ebbac0fc6461a.jpg,2304,2880,8,False,True,False,True,"[3, 2880, 2304]",8,8,True,True,PASS,
2243,2244,train/7593231d642b5869a4974ffbc46adcab.jpg,2607,2739,0,True,True,True,True,"[3, 2739, 2607]",0,0,True,True,PASS,
2244,2245,train/75b1cda9857d6c1b9f0bdb21cc42145f.jpg,2064,2224,6,False,True,False,True,"[3, 2224, 2064]",6,6,True,True,PASS,
2245,2246,train/75dc0e82de7e756942ad4dcdb45c1c8d.jpg,2304,2880,9,False,True,False,True,"[3, 2880, 2304]",9,9,True,True,PASS,
2246,2247,train/75de97fbdf15aa3e1927a97ff9479327.jpg,3072,3072,8,False,True,False,True,"[3, 3072, 3072]",8,8,True,True,PASS,
2247,2248,train/75e726f1b8f916a9e805f1f1e326a02d.jpg,2167,2615,5,False,True,False,True,"[3, 2615, 2167]",5,5,True,True,PASS,
2248,2249,train/75ecc008a5e1a7f034c309b4f3f1e64e.jpg,1912,1920,21,False,True,False,True,"[3, 1920, 1912]",21,21,True,True,PASS,
2249,2250,train/75ed9329d92e12a8d1eb26cdaa0c5094.jpg,3000,3000,7,False,True,False,True,"[3, 3000, 3000]",7,7,True,True,PASS,
2250,2251,train/75ffb5f8839bef4d8719d46c29c46064.jpg,1656,1754,3,False,True,False,True,"[3, 1754, 1656]",3,3,True,True,PASS,
2251,2252,train/760af980f4ad1ef40a517cf7e005ea1b.jpg,1994,2430,0,True,True,True,True,"[3, 2430, 1994]",0,0,True,True,PASS,
2252,2253,train/7610eb1f29002104c258f17b432e8d52.jpg,3320,2814,5,False,True,False,True,"[3, 2814, 3320]",5,5,True,True,PASS,
2253,2254,train/761156f763bd414dfd2037ae413d5fe8.jpg,1984,2296,17,False,True,False,True,"[3, 2296, 1984]",17,17,True,True,PASS,
2254,2255,train/76150430edf4bc123a894d8dfb55b864.jpg,2304,2880,6,False,True,False,True,"[3, 2880, 2304]",6,6,True,True,PASS,
2255,2256,train/762f339322e42d419878a7b9c887553c.jpg,2304,2880,8,False,True,False,True,"[3, 2880, 2304]",8,8,True,True,PASS,
2256,2257,train/76339ec8c17dbcdd117914581cee59f5.jpg,2231,2307,6,False,True,False,True,"[3, 2307, 2231]",6,6,True,True,PASS,
2257,2258,train/764eeaca1e91f7410e68f3daf40de6ab.jpg,2304,2880,4,False,True,False,True,"[3, 2880, 2304]",4,4,True,True,PASS,
2258,2259,train/7652b96082c47799544acbd7858b4280.jpg,2304,2880,7,False,True,False,True,"[3, 2880, 2304]",7,7,True,True,PASS,
2259,2260,train/7653a1c4431f1929ae8c73588e39b8d5.jpg,2636,3111,9,False,True,False,True,"[3, 3111, 2636]",9,9,True,True,PASS,
2260,2261,train/765760a9e2d3b82da72ca1ab86229b79.jpg,2409,2721,12,False,True,False,True,"[3, 2721, 2409]",12,12,True,True,PASS,
2261,2262,train/7661ae717d26893100f399e76e02c438.jpg,2953,3069,4,False,True,False,True,"[3, 3069, 2953]",4,4,True,True,PASS,
2262,2263,train/7664d4a022c8ca9a94c0bb8adb48209c.jpg,3003,3115,7,False,True,False,True,"[3, 3115, 3003]",7,7,True,True,PASS,
2263,2264,train/768480654fabe20d0c1340a17e129808.jpg,2304,2880,11,False,True,False,True,"[3, 2880, 2304]",11,11,True,True,PASS,
2264,2265,train/76890e5a55be1076e0e4367b1a2b35db.jpg,1994,2430,0,True,True,True,True,"[3, 2430, 1994]",0,0,True,True,PASS,
2265,2266,train/768db39e794f0d37d296c418e50d8126.jpg,2182,2028,6,False,True,False,True,"[3, 2028, 2182]",6,6,True,True,PASS,
2266,2267,train/768f286b65425e98e6d03fa3bd1c5ded.jpg,2304,2880,4,False,True,False,True,"[3, 2880, 2304]",4,4,True,True,PASS,
2267,2268,train/7691599752bbacd065fc71d3b54e67d0.jpg,3072,3072,10,False,True,False,True,"[3, 3072, 3072]",10,10,True,True,PASS,
2268,2269,train/76a8a1a491e23dc44e0c33654f10c632.jpg,2048,2500,6,False,True,False,True,"[3, 2500, 2048]",6,6,True,True,PASS,
2269,2270,train/76b3ac42fafec422e9e25c5ae8fab603.jpg,1994,2430,0,True,True,True,True,"[3, 2430, 1994]",0,0,True,True,PASS,
2270,2271,train/76b94abea3d34cdea83ca5011ccab53a.jpg,2304,2880,4,False,True,False,True,"[3, 2880, 2304]",4,4,True,True,PASS,
2271,2272,train/76ba59bd6f06fc0fa1ef003da3052c00.jpg,2872,3370,4,False,True,False,True,"[3, 3370, 2872]",4,4,True,True,PASS,
2272,2273,train/76c39b1acee002408cc8956065ea105e.jpg,2472,2967,0,True,True,True,True,"[3, 2967, 2472]",0,0,True,True,PASS,
2273,2274,train/76daa0fd9fc0346e09cbcc7ac90c9fb1.jpg,2048,2500,10,False,True,False,True,"[3, 2500, 2048]",10,10,True,True,PASS,
2274,2275,train/76f366130d836a1ae9d12749d0150eb1.jpg,2048,2500,10,False,True,False,True,"[3, 2500, 2048]",10,10,True,True,PASS,
2275,2276,train/76f84c8d0216ec44b47059fa80049995.jpg,2304,2880,11,False,True,False,True,"[3, 2880, 2304]",11,11,True,True,PASS,
2276,2277,train/7705b3f3b2a3a2de67e579119f53466e.jpg,3072,3072,13,False,True,False,True,"[3, 3072, 3072]",13,13,True,True,PASS,
2277,2278,train/770ae639d8c1ac0846ce73d7ad5bacad.jpg,3072,3072,0,True,True,True,True,"[3, 3072, 3072]",0,0,True,True,PASS,
2278,2279,train/771bad280d3f521bae62b331ea7db8f4.jpg,2831,3408,4,False,True,False,True,"[3, 3408, 2831]",4,4,True,True,PASS,
2279,2280,train/771e151f13e719b549b4e3d74c4777fe.jpg,2653,2861,10,False,True,False,True,"[3, 2861, 2653]",10,10,True,True,PASS,
2280,2281,train/7729fbb58b8006fe2b8305f9b2b33883.jpg,2304,2880,8,False,True,False,True,"[3, 2880, 2304]",8,8,True,True,PASS,
2281,2282,train/7736d86868e78aeb6cf52f6263fe6598.jpg,2540,3072,4,False,True,False,True,"[3, 3072, 2540]",4,4,True,True,PASS,
2282,2283,train/77411e67a520f43d7e819b9c21a33e2c.jpg,2048,2500,5,False,True,False,True,"[3, 2500, 2048]",5,5,True,True,PASS,
2283,2284,train/77508393a893101ef38598222327703f.jpg,2304,2880,6,False,True,False,True,"[3, 2880, 2304]",6,6,True,True,PASS,
2284,2285,train/776d1803d568d646b2e8d8b0648cde5a.jpg,2540,3072,15,False,True,False,True,"[3, 3072, 2540]",15,15,True,True,PASS,
2285,2286,train/77721a660a5784c2b244167443f1bc26.jpg,2593,3018,10,False,True,False,True,"[3, 3018, 2593]",10,10,True,True,PASS,
2286,2287,train/778592c49dc5b2bd4f4d4f415e174b5c.jpg,2575,2708,5,False,True,False,True,"[3, 2708, 2575]",5,5,True,True,PASS,
2287,2288,train/778c387c2cb631286fc9927be6dc0a04.jpg,2473,2712,6,False,True,False,True,"[3, 2712, 2473]",6,6,True,True,PASS,
2288,2289,train/779f3b4e5deddf8161905698bf806432.jpg,2642,3170,0,True,True,True,True,"[3, 3170, 2642]",0,0,True,True,PASS,
2289,2290,train/77a86229631c04f92af02336b28db006.jpg,2048,2500,13,False,True,False,True,"[3, 2500, 2048]",13,13,True,True,PASS,
2290,2291,train/77b13969911c7f66060294c6cd76f58a.jpg,2304,2880,11,False,True,False,True,"[3, 2880, 2304]",11,11,True,True,PASS,
2291,2292,train/77d62e6304de7f244ac509794c99b483.jpg,3072,3072,11,False,True,False,True,"[3, 3072, 3072]",11,11,True,True,PASS,
2292,2293,train/77d6928016b9ddbb311fe1653289790e.jpg,2304,2880,9,False,True,False,True,"[3, 2880, 2304]",9,9,True,True,PASS,
2293,2294,train/77f4f19048695b17ba4194ae3b9bea8a.jpg,2304,2880,11,False,True,False,True,"[3, 2880, 2304]",11,11,True,True,PASS,
2294,2295,train/78057413f8f7e8a3b1decc815e1f509e.jpg,2048,2500,4,False,True,False,True,"[3, 2500, 2048]",4,4,True,True,PASS,
2295,2296,train/78076acd1cd80e71ff62d4fb58f047bc.jpg,2500,2980,8,False,True,False,True,"[3, 2980, 2500]",8,8,True,True,PASS,
2296,2297,train/78128e6e9a6b5cf69bcc8cc1062d845b.jpg,3093,3001,5,False,True,False,True,"[3, 3001, 3093]",5,5,True,True,PASS,
2297,2298,train/781337185d4b99902d0ebfd2867feab8.jpg,2336,2836,0,True,True,True,True,"[3, 2836, 2336]",0,0,True,True,PASS,
2298,2299,train/783c29f5c65505ff48dca9a55a5f9f8e.jpg,2304,2880,6,False,True,False,True,"[3, 2880, 2304]",6,6,True,True,PASS,
2299,2300,train/7841614f51ed3dfd1c3177a52493c56b.jpg,3072,3072,9,False,True,False,True,"[3, 3072, 3072]",9,9,True,True,PASS,
2300,2301,train/7847f09e3ec0d370353104de17dc6a71.jpg,2304,2880,6,False,True,False,True,"[3, 2880, 2304]",6,6,True,True,PASS,
2301,2302,train/784a4ee98cfc37a7c1ae9721bc8603ed.jpg,3072,3072,14,False,True,False,True,"[3, 3072, 3072]",14,14,True,True,PASS,
2302,2303,train/787379ebcb21a9b806b71c925407e54f.jpg,2008,2544,5,False,True,False,True,"[3, 2544, 2008]",5,5,True,True,PASS,
2303,2304,train/7882c56e6d4e2ec8b97556d8cfce4cf0.jpg,2304,2880,4,False,True,False,True,"[3, 2880, 2304]",4,4,True,True,PASS,
2304,2305,train/789d2cadef93195598e3906ec5fab0e9.jpg,2957,2589,9,False,True,False,True,"[3, 2589, 2957]",9,9,True,True,PASS,
2305,2306,train/78aa8415fbf1c792f7d7c53349d44d4f.jpg,3000,3000,0,True,True,True,True,"[3, 3000, 3000]",0,0,True,True,PASS,
2306,2307,train/78ac03ab2cd9f2e9c7b081761f44f665.jpg,2304,2880,4,False,True,False,True,"[3, 2880, 2304]",4,4,True,True,PASS,
2307,2308,train/78b96ab5b7fc1d75d73b3c9c747d5c96.jpg,2540,3072,8,False,True,False,True,"[3, 3072, 2540]",8,8,True,True,PASS,
2308,2309,train/78d237a2c0fe8f82956cec48132c0b1e.jpg,2048,2500,6,False,True,False,True,"[3, 2500, 2048]",6,6,True,True,PASS,
2309,2310,train/78dba36bdd34da385efcca7bb9ff5fde.jpg,2048,2500,5,False,True,False,True,"[3, 2500, 2048]",5,5,True,True,PASS,
2310,2311,train/78e8eee238eeb6f386be08ece092167c.jpg,2304,2880,13,False,True,False,True,"[3, 2880, 2304]",13,13,True,True,PASS,
2311,2312,train/78faf91d607511da380a6cc4f0a335d1.jpg,3072,3072,9,False,True,False,True,"[3, 3072, 3072]",9,9,True,True,PASS,
2312,2313,train/7924fd832cdee99d93031d908aee05f7.jpg,1888,2192,3,False,True,False,True,"[3, 2192, 1888]",3,3,True,True,PASS,
2313,2314,train/79318d422f9c3d533aae56a3a2db16b8.jpg,2008,2200,3,False,True,False,True,"[3, 2200, 2008]",3,3,True,True,PASS,
2314,2315,train/7944aab8e3c02270d273b8b65fad7305.jpg,2532,2708,7,False,True,False,True,"[3, 2708, 2532]",7,7,True,True,PASS,
2315,2316,train/7959604f5c1f6b274a0da891bc47aad8.jpg,2974,2716,5,False,True,False,True,"[3, 2716, 2974]",5,5,True,True,PASS,
2316,2317,train/7962a93b582c5bc277d892f31dfc5dae.jpg,2765,3380,19,False,True,False,True,"[3, 3380, 2765]",19,19,True,True,PASS,
2317,2318,train/7978725e43f1b301551e0fdbc32faef5.jpg,2540,3072,7,False,True,False,True,"[3, 3072, 2540]",7,7,True,True,PASS,
2318,2319,train/7998e75d4e0f0ada2898d673c8ffecb3.jpg,2540,3072,0,True,True,True,True,"[3, 3072, 2540]",0,0,True,True,PASS,
2319,2320,train/79af351d135ae05867a85d509082f530.jpg,2540,3072,3,False,True,False,True,"[3, 3072, 2540]",3,3,True,True,PASS,
2320,2321,train/79b2e5ab9d3cf6375a3a1fa0386adfdc.jpg,2540,3072,7,False,True,False,True,"[3, 3072, 2540]",7,7,True,True,PASS,
2321,2322,train/79bd8310bd57dfd23d33bfe5b3cc81d3.jpg,2423,2577,9,False,True,False,True,"[3, 2577, 2423]",9,9,True,True,PASS,
2322,2323,train/79c5d4d7f3b2e7a5a183bfbe664c699d.jpg,2304,2880,10,False,True,False,True,"[3, 2880, 2304]",10,10,True,True,PASS,
2323,2324,train/79da84eeb9599d74292b04af9078c3ef.jpg,2304,2880,3,False,True,False,True,"[3, 2880, 2304]",3,3,True,True,PASS,
2324,2325,train/79e8d10895b6cd7b1fca87139719b63a.jpg,3072,3072,3,False,True,False,True,"[3, 3072, 3072]",3,3,True,True,PASS,
2325,2326,train/79edf950abd9ddc4dac37e113e40da5d.jpg,2938,3000,0,True,True,True,True,"[3, 3000, 2938]",0,0,True,True,PASS,
2326,2327,train/79ff39552d8204ba42c5041e7650effc.jpg,2304,2880,5,False,True,False,True,"[3, 2880, 2304]",5,5,True,True,PASS,
2327,2328,train/7a0d573c9f9582d04423325d3ca146e7.jpg,3152,3200,11,False,True,False,True,"[3, 3200, 3152]",11,11,True,True,PASS,
2328,2329,train/7a1d72be9ef473df66d225c53e61f77e.jpg,3072,3072,7,False,True,False,True,"[3, 3072, 3072]",7,7,True,True,PASS,
2329,2330,train/7a3323fefdd4f7613e1ae2d4812c7b75.jpg,2048,2500,6,False,True,False,True,"[3, 2500, 2048]",6,6,True,True,PASS,
2330,2331,train/7a350dc1bcdf2fb34fcc57f05adf9da7.jpg,2304,2880,9,False,True,False,True,"[3, 2880, 2304]",9,9,True,True,PASS,
2331,2332,train/7a4bbf44262ba36208dbb20153f4569d.jpg,2691,3073,10,False,True,False,True,"[3, 3073, 2691]",10,10,True,True,PASS,
2332,2333,train/7a5ed0a74ecc27101ba9cb64066cf452.jpg,2732,2907,8,False,True,False,True,"[3, 2907, 2732]",8,8,True,True,PASS,
2333,2334,train/7a638d347bc64ee76ca339c799602086.jpg,2008,2248,3,False,True,False,True,"[3, 2248, 2008]",3,3,True,True,PASS,
2334,2335,train/7a7b30a642d5f305ccf5f7a6f2e901e8.jpg,3072,3040,9,False,True,False,True,"[3, 3040, 3072]",9,9,True,True,PASS,
2335,2336,train/7a96c5f15fb08c98d2489dc2d1ad05d9.jpg,2336,2836,0,True,True,True,True,"[3, 2836, 2336]",0,0,True,True,PASS,
2336,2337,train/7a99127d0a0c6a00aad2115a6ff9e653.jpg,2613,3077,7,False,True,False,True,"[3, 3077, 2613]",7,7,True,True,PASS,
2337,2338,train/7a9bbc3d02750c716fa773dcae80363b.jpg,2540,3072,6,False,True,False,True,"[3, 3072, 2540]",6,6,True,True,PASS,
2338,2339,train/7ab69502906043cd72e71d1f549c7153.jpg,2048,2500,3,False,True,False,True,"[3, 2500, 2048]",3,3,True,True,PASS,
2339,2340,train/7ac7db2d39f2342de386188e72cd0a72.jpg,2478,2894,5,False,True,False,True,"[3, 2894, 2478]",5,5,True,True,PASS,
2340,2341,train/7acb16c6d6f5cfc41a958e0b41e25106.jpg,2304,2880,4,False,True,False,True,"[3, 2880, 2304]",4,4,True,True,PASS,
2341,2342,train/7acf137fcd503834c79b7a151dd934f0.jpg,2540,3072,5,False,True,False,True,"[3, 3072, 2540]",5,5,True,True,PASS,
2342,2343,train/7acffd33cfddf67f7a7a9cb705096335.jpg,2540,2956,5,False,True,False,True,"[3, 2956, 2540]",5,5,True,True,PASS,
2343,2344,train/7aeae4110d509875a693b23aa17bd9ac.jpg,2304,2880,11,False,True,False,True,"[3, 2880, 2304]",11,11,True,True,PASS,
2344,2345,train/7af1da4ba8580aa54a0bfce36071c8d9.jpg,2935,3000,6,False,True,False,True,"[3, 3000, 2935]",6,6,True,True,PASS,
2345,2346,train/7af293bb03a398b6c01473dafb739d1e.jpg,3072,3072,12,False,True,False,True,"[3, 3072, 3072]",12,12,True,True,PASS,
2346,2347,train/7af60baf02292ff2c0b2a25cc9106358.jpg,2509,2633,12,False,True,False,True,"[3, 2633, 2509]",12,12,True,True,PASS,
2347,2348,train/7aff3521c214e535c920bdbd0b1a8a45.jpg,2421,2898,7,False,True,False,True,"[3, 2898, 2421]",7,7,True,True,PASS,
2348,2349,train/7b0e3bc4d8d010b4f59776da578101b7.jpg,2656,2980,4,False,True,False,True,"[3, 2980, 2656]",4,4,True,True,PASS,
2349,2350,train/7b30d37b73be405bfd91ed5e2d46c473.jpg,2304,2880,10,False,True,False,True,"[3, 2880, 2304]",10,10,True,True,PASS,
2350,2351,train/7b3ebb99b0c19f567eb49c1bfdf4d163.jpg,2753,3137,3,False,True,False,True,"[3, 3137, 2753]",3,3,True,True,PASS,
2351,2352,train/7b41dadbe305cc9f4f6068d473f73daf.jpg,2304,2880,6,False,True,False,True,"[3, 2880, 2304]",6,6,True,True,PASS,
2352,2353,train/7b5d44f6dd14787142deafbe64eb3b03.jpg,2048,2500,8,False,True,False,True,"[3, 2500, 2048]",8,8,True,True,PASS,
2353,2354,train/7b6a241b30dfcf7b91c6d6a63d693fd9.jpg,2304,2880,4,False,True,False,True,"[3, 2880, 2304]",4,4,True,True,PASS,
2354,2355,train/7b6a38d1478375102a8396bedfbf9edf.jpg,1994,2430,0,True,True,True,True,"[3, 2430, 1994]",0,0,True,True,PASS,
2355,2356,train/7b6f5c06586ee0f71a4b0b815062a5a5.jpg,2304,2880,6,False,True,False,True,"[3, 2880, 2304]",6,6,True,True,PASS,
2356,2357,train/7b759182d86f6a44b377ffcfce8a3b53.jpg,2762,2759,7,False,True,False,True,"[3, 2759, 2762]",7,7,True,True,PASS,
2357,2358,train/7b87ff45f630da27a103b7e587bc6fd1.jpg,3072,3072,7,False,True,False,True,"[3, 3072, 3072]",7,7,True,True,PASS,
2358,2359,train/7bd506ddbe0c59432e3c3a24aa2205e1.jpg,2868,3120,4,False,True,False,True,"[3, 3120, 2868]",4,4,True,True,PASS,
2359,2360,train/7bd83b3d3af0ea8150c8f2a737712db1.jpg,2804,3193,8,False,True,False,True,"[3, 3193, 2804]",8,8,True,True,PASS,
2360,2361,train/7bd856b30b7129c81c6803c7f1fe23b3.jpg,2763,2576,12,False,True,False,True,"[3, 2576, 2763]",12,12,True,True,PASS,
2361,2362,train/7be2d2fc4e5821cbf3f5fb7d7d3a3c8e.jpg,2304,2880,10,False,True,False,True,"[3, 2880, 2304]",10,10,True,True,PASS,
2362,2363,train/7bf14801ba177b4d09cee3dd3e452973.jpg,2048,2500,3,False,True,False,True,"[3, 2500, 2048]",3,3,True,True,PASS,
2363,2364,train/7c11b4c81ab766a9aa8e300ddc618084.jpg,2336,2836,0,True,True,True,True,"[3, 2836, 2336]",0,0,True,True,PASS,
2364,2365,train/7c1874e73e85727a0a12139add66bfa6.jpg,1994,2430,0,True,True,True,True,"[3, 2430, 1994]",0,0,True,True,PASS,
2365,2366,train/7c1add6833d5f0102b0d3619a1682a64.jpg,2944,3014,6,False,True,False,True,"[3, 3014, 2944]",6,6,True,True,PASS,
2366,2367,train/7c22cee85ef4ace76782964772819043.jpg,2304,2880,6,False,True,False,True,"[3, 2880, 2304]",6,6,True,True,PASS,
2367,2368,train/7c2e1c2b8ddcfaeae966c23615f01546.jpg,2500,2048,5,False,True,False,True,"[3, 2048, 2500]",5,5,True,True,PASS,
2368,2369,train/7c3c78ed6e4353a39ddc2cbd6230dd54.jpg,2540,3072,6,False,True,False,True,"[3, 3072, 2540]",6,6,True,True,PASS,
2369,2370,train/7c3eb59ae4e838ad4632fe96c25bcdf4.jpg,2208,2688,3,False,True,False,True,"[3, 2688, 2208]",3,3,True,True,PASS,
2370,2371,train/7c3fb9bf622d400c454d0a6b39a1b484.jpg,2304,2880,5,False,True,False,True,"[3, 2880, 2304]",5,5,True,True,PASS,
2371,2372,train/7c42de6dd248ce53880debab2567b521.jpg,2656,3214,0,True,True,True,True,"[3, 3214, 2656]",0,0,True,True,PASS,
2372,2373,train/7c522cd5b56c3fb87c066171a88cf481.jpg,2048,2500,5,False,True,False,True,"[3, 2500, 2048]",5,5,True,True,PASS,
2373,2374,train/7c53cf2eb4f08dbc905b85f144f96b45.jpg,2927,2801,4,False,True,False,True,"[3, 2801, 2927]",4,4,True,True,PASS,
2374,2375,train/7c5b807ba491941d7a260bd1546b863d.jpg,1994,2430,0,True,True,True,True,"[3, 2430, 1994]",0,0,True,True,PASS,
2375,2376,train/7c5f3e2c0518bba6ca3464c385d4787c.jpg,2819,3341,14,False,True,False,True,"[3, 3341, 2819]",14,14,True,True,PASS,
2376,2377,train/7c6bf9b40c9b53c6b49b00c0fa1e61e5.jpg,3072,3072,11,False,True,False,True,"[3, 3072, 3072]",11,11,True,True,PASS,
2377,2378,train/7c6f191b5d28bc1992e491d906f0d1a5.jpg,2612,2528,11,False,True,False,True,"[3, 2528, 2612]",11,11,True,True,PASS,
2378,2379,train/7c76f17be369b75874a62917c8daa626.jpg,2048,2500,4,False,True,False,True,"[3, 2500, 2048]",4,4,True,True,PASS,
2379,2380,train/7c7dce16fd7f16d1abd3a6f47e60cb9f.jpg,2048,2500,6,False,True,False,True,"[3, 2500, 2048]",6,6,True,True,PASS,
2380,2381,train/7c9d52b0b094b37a3e6e520d3882f341.jpg,2642,3170,0,True,True,True,True,"[3, 3170, 2642]",0,0,True,True,PASS,
2381,2382,train/7ca08fd497950fb5cbec73a62cdf8971.jpg,2740,2708,6,False,True,False,True,"[3, 2708, 2740]",6,6,True,True,PASS,
2382,2383,train/7cc9b48563e197c84ec4ee8d30d5b3ce.jpg,2304,2880,17,False,True,False,True,"[3, 2880, 2304]",17,17,True,True,PASS,
2383,2384,train/7ccfe0e344f6c69cf9198684f1c092b0.jpg,2304,2880,5,False,True,False,True,"[3, 2880, 2304]",5,5,True,True,PASS,
2384,2385,train/7cd5b8c196d506b6a1040873bf0472f0.jpg,2845,3408,0,True,True,True,True,"[3, 3408, 2845]",0,0,True,True,PASS,
2385,2386,train/7cd74b5a3c85b77c997f56cdb4995384.jpg,2304,2880,5,False,True,False,True,"[3, 2880, 2304]",5,5,True,True,PASS,
2386,2387,train/7cf206f4cfa9f72eb70cd9d5d9200185.jpg,2436,2865,10,False,True,False,True,"[3, 2865, 2436]",10,10,True,True,PASS,
2387,2388,train/7d084c9a42f2afea0089aa08932a6516.jpg,2304,2880,8,False,True,False,True,"[3, 2880, 2304]",8,8,True,True,PASS,
2388,2389,train/7d0cc84e9002c1eb219559540c014e7a.jpg,2712,3256,14,False,True,False,True,"[3, 3256, 2712]",14,14,True,True,PASS,
2389,2390,train/7d0e636b3ef2ccbb0c67b3243a1478ce.jpg,2304,2880,28,False,True,False,True,"[3, 2880, 2304]",28,28,True,True,PASS,
2390,2391,train/7d0fa5708b67c2bbb2509a468df9b73b.jpg,2424,2313,6,False,True,False,True,"[3, 2313, 2424]",6,6,True,True,PASS,
2391,2392,train/7d24c1ef5bcdd03fc1b01c8e6086c9d1.jpg,2540,3072,9,False,True,False,True,"[3, 3072, 2540]",9,9,True,True,PASS,
2392,2393,train/7d3d289c824d3643eb22cdcde43afdf7.jpg,2048,2500,0,True,True,True,True,"[3, 2500, 2048]",0,0,True,True,PASS,
2393,2394,train/7d3e79d32d233140b7e30880739a42c4.jpg,2460,2330,15,False,True,False,True,"[3, 2330, 2460]",15,15,True,True,PASS,
2394,2395,train/7d3f19498c5e7a48a14376c3e170c68b.jpg,3072,3072,14,False,True,False,True,"[3, 3072, 3072]",14,14,True,True,PASS,
2395,2396,train/7d48ee923365d79f033147cd5f4aafc1.jpg,2048,2500,6,False,True,False,True,"[3, 2500, 2048]",6,6,True,True,PASS,
2396,2397,train/7d574e58da23077fc5c4579da786124b.jpg,2540,3072,7,False,True,False,True,"[3, 3072, 2540]",7,7,True,True,PASS,
2397,2398,train/7d57de3c3c7f81da4daab6094e01e9e8.jpg,2421,2389,0,True,True,True,True,"[3, 2389, 2421]",0,0,True,True,PASS,
2398,2399,train/7d5c70800f518f6584e25b2a88238a22.jpg,2288,2590,4,False,True,False,True,"[3, 2590, 2288]",4,4,True,True,PASS,
2399,2400,train/7d5de314c3280fe6e89ec1e101c1539e.jpg,2606,3408,7,False,True,False,True,"[3, 3408, 2606]",7,7,True,True,PASS,
2400,2401,train/7d610aae49bf4f979e16c2d8859f5f87.jpg,2304,2880,13,False,True,False,True,"[3, 2880, 2304]",13,13,True,True,PASS,
2401,2402,train/7d6b2982de91c0a900396745c79f3c39.jpg,2304,2880,8,False,True,False,True,"[3, 2880, 2304]",8,8,True,True,PASS,
2402,2403,train/7d746268923b15615c93334eff3a6baf.jpg,2311,2841,5,False,True,False,True,"[3, 2841, 2311]",5,5,True,True,PASS,
2403,2404,train/7d97de8bdefaf9875ce1491518cc8199.jpg,2064,2488,5,False,True,False,True,"[3, 2488, 2064]",5,5,True,True,PASS,
2404,2405,train/7da8cf1d4261791fbb0bae6f6bdb33ec.jpg,2304,2880,4,False,True,False,True,"[3, 2880, 2304]",4,4,True,True,PASS,
2405,2406,train/7daa7e5ce05f09404b845efb87f3ea20.jpg,2304,2880,4,False,True,False,True,"[3, 2880, 2304]",4,4,True,True,PASS,
2406,2407,train/7db70125d7739e6cd0c442e7b7592d4c.jpg,2961,3107,16,False,True,False,True,"[3, 3107, 2961]",16,16,True,True,PASS,
2407,2408,train/7dbccd763c4ffbfd0d6b841fb5e4337a.jpg,2972,2796,6,False,True,False,True,"[3, 2796, 2972]",6,6,True,True,PASS,
2408,2409,train/7dd2b5ae3d4201ccc00302c6199a8858.jpg,1888,1968,5,False,True,False,True,"[3, 1968, 1888]",5,5,True,True,PASS,
2409,2410,train/7de4d79d0ed23bf080f899d09a652946.jpg,2719,2916,4,False,True,False,True,"[3, 2916, 2719]",4,4,True,True,PASS,
2410,2411,train/7df5c81873c74ecc40610a1ad4eb2943.jpg,2208,2688,11,False,True,False,True,"[3, 2688, 2208]",11,11,True,True,PASS,
2411,2412,train/7e038329e627ea69d841e973c82763ba.jpg,2629,2986,3,False,True,False,True,"[3, 2986, 2629]",3,3,True,True,PASS,
2412,2413,train/7e16bd1b032a6695e408353dfa8499f9.jpg,2048,2500,5,False,True,False,True,"[3, 2500, 2048]",5,5,True,True,PASS,
2413,2414,train/7e27268a3207b3c92b29380778076742.jpg,3000,3000,5,False,True,False,True,"[3, 3000, 3000]",5,5,True,True,PASS,
2414,2415,train/7e2859fc7565a9b2701b29d682056319.jpg,2048,2500,6,False,True,False,True,"[3, 2500, 2048]",6,6,True,True,PASS,
2415,2416,train/7e2b67509fa24f95e4237ed93ac683e2.jpg,2304,2880,12,False,True,False,True,"[3, 2880, 2304]",12,12,True,True,PASS,
2416,2417,train/7e3f75426ef14f71c12bc517925d75e9.jpg,2540,3072,7,False,True,False,True,"[3, 3072, 2540]",7,7,True,True,PASS,
2417,2418,train/7e534f2dc65f7cef4f864325433017dd.jpg,2304,2880,6,False,True,False,True,"[3, 2880, 2304]",6,6,True,True,PASS,
2418,2419,train/7e6182876c0a09e96176348e2fcd712e.jpg,2304,2880,3,False,True,False,True,"[3, 2880, 2304]",3,3,True,True,PASS,
2419,2420,train/7e6c0dc72fa1db4a501f7ac5f6aac040.jpg,2397,2793,8,False,True,False,True,"[3, 2793, 2397]",8,8,True,True,PASS,
2420,2421,train/7e705e1d7561ee00863609c72d39aded.jpg,2304,2880,5,False,True,False,True,"[3, 2880, 2304]",5,5,True,True,PASS,
2421,2422,train/7e86aee54688699519f47582c4d44bf3.jpg,2593,3018,19,False,True,False,True,"[3, 3018, 2593]",19,19,True,True,PASS,
2422,2423,train/7e9efb8ee0bae7af280f5ea091f8d245.jpg,3072,3072,30,False,True,False,True,"[3, 3072, 3072]",30,30,True,True,PASS,
2423,2424,train/7ea14022f825d9bd869b05c7f10831db.jpg,2829,3001,5,False,True,False,True,"[3, 3001, 2829]",5,5,True,True,PASS,
2424,2425,train/7ea5d9e48085e44708b8fad8974ce953.jpg,2048,2500,5,False,True,False,True,"[3, 2500, 2048]",5,5,True,True,PASS,
2425,2426,train/7eb40f6abadc14f9b9f195c674cc2fd7.jpg,2736,3264,7,False,True,False,True,"[3, 3264, 2736]",7,7,True,True,PASS,
2426,2427,train/7ec4a135c83baf0142cb9d7cfc597937.jpg,3059,2763,7,False,True,False,True,"[3, 2763, 3059]",7,7,True,True,PASS,
2427,2428,train/7ecd6f67f649f26c05805c8359f9e528.jpg,2744,2952,4,False,True,False,True,"[3, 2952, 2744]",4,4,True,True,PASS,
2428,2429,train/7ed01df33497667609ef5a2585b5e36d.jpg,2048,2500,7,False,True,False,True,"[3, 2500, 2048]",7,7,True,True,PASS,
2429,2430,train/7ed7def1a431371634f38e5113c396f2.jpg,2172,2404,5,False,True,False,True,"[3, 2404, 2172]",5,5,True,True,PASS,
2430,2431,train/7eda1e28e4cee7d8016276c87b76259f.jpg,1912,2256,14,False,True,False,True,"[3, 2256, 1912]",14,14,True,True,PASS,
2431,2432,train/7ee89ae8abd9f4ebe6447e05a1b4f744.jpg,1888,2184,8,False,True,False,True,"[3, 2184, 1888]",8,8,True,True,PASS,
2432,2433,train/7ef087c19b4be20d077ae67763a63f63.jpg,2540,3072,6,False,True,False,True,"[3, 3072, 2540]",6,6,True,True,PASS,
2433,2434,train/7f0e383a8f3c1c49b14021f834d2fa24.jpg,2304,2880,4,False,True,False,True,"[3, 2880, 2304]",4,4,True,True,PASS,
2434,2435,train/7f599800cc62ee666b751303ca096f98.jpg,2517,3028,0,True,True,True,True,"[3, 3028, 2517]",0,0,True,True,PASS,
2435,2436,train/7f5eab5de5307d4ae8e2a0fa99c0b41a.jpg,2211,2882,7,False,True,False,True,"[3, 2882, 2211]",7,7,True,True,PASS,
2436,2437,train/7f6545a0985a090403178267ff0295a4.jpg,2304,2880,5,False,True,False,True,"[3, 2880, 2304]",5,5,True,True,PASS,
2437,2438,train/7f777981e2a46b0d4f770de8def6cb78.jpg,2048,2500,3,False,True,False,True,"[3, 2500, 2048]",3,3,True,True,PASS,
2438,2439,train/7f96d122bf50434dcfd3dd9b16d2c05f.jpg,2488,3264,12,False,True,False,True,"[3, 3264, 2488]",12,12,True,True,PASS,
2439,2440,train/7f9a96e7377ba04fc585b805f93d5996.jpg,2304,2880,7,False,True,False,True,"[3, 2880, 2304]",7,7,True,True,PASS,
2440,2441,train/7fa31ce0f6768ace9e8b25d1240feda0.jpg,2571,2988,6,False,True,False,True,"[3, 2988, 2571]",6,6,True,True,PASS,
2441,2442,train/7fb4dd417196cddcbe7816c3512a2417.jpg,2304,2880,3,False,True,False,True,"[3, 2880, 2304]",3,3,True,True,PASS,
2442,2443,train/7fbdcc98dcb6e88187cf7461af6d2d61.jpg,2048,2640,13,False,True,False,True,"[3, 2640, 2048]",13,13,True,True,PASS,
2443,2444,train/7fccbf8d7cf537f74586ca8f1ab56fc1.jpg,3000,3000,4,False,True,False,True,"[3, 3000, 3000]",4,4,True,True,PASS,
2444,2445,train/7fd3b9dfa5050c1f879046960e0cf0d7.jpg,2346,2782,3,False,True,False,True,"[3, 2782, 2346]",3,3,True,True,PASS,
2445,2446,train/7fd93d9774bd704ebd2f9933d6f98df8.jpg,2208,2688,17,False,True,False,True,"[3, 2688, 2208]",17,17,True,True,PASS,
2446,2447,train/7fea37717ab0bf53c7cfa2f10f24c6a0.jpg,2304,2880,3,False,True,False,True,"[3, 2880, 2304]",3,3,True,True,PASS,
2447,2448,train/7feba6ffbc4f98d9d9c032a7ae477177.jpg,2336,2836,0,True,True,True,True,"[3, 2836, 2336]",0,0,True,True,PASS,
2448,2449,train/7ff2bf9cde37a4224e94680ce1b7b828.jpg,1994,2430,0,True,True,True,True,"[3, 2430, 1994]",0,0,True,True,PASS,
2449,2450,train/7ff5bb38db13ea89a27681c6dcf59b55.jpg,2714,3205,5,False,True,False,True,"[3, 3205, 2714]",5,5,True,True,PASS,
2450,2451,train/7ffe83778375bb8229b12c2ad4570c0e.jpg,2048,2500,11,False,True,False,True,"[3, 2500, 2048]",11,11,True,True,PASS,
2451,2452,train/8004676ecf95af8cee446cbcd139a938.jpg,2304,2880,9,False,True,False,True,"[3, 2880, 2304]",9,9,True,True,PASS,
2452,2453,train/800a68b6e6a75b5d6e5c3160ddafe266.jpg,2280,3215,6,False,True,False,True,"[3, 3215, 2280]",6,6,True,True,PASS,
2453,2454,train/8010842479cb7918eee13bc1db7fcc25.jpg,2304,2880,6,False,True,False,True,"[3, 2880, 2304]",6,6,True,True,PASS,
2454,2455,train/8015e5edbf16541fef78e6f8859764e4.jpg,2281,2544,8,False,True,False,True,"[3, 2544, 2281]",8,8,True,True,PASS,
2455,2456,train/80234017eb6caeada9e14d421eb0b8f8.jpg,3072,3072,5,False,True,False,True,"[3, 3072, 3072]",5,5,True,True,PASS,
2456,2457,train/803179ef55f8ecf356363cf194b4ff33.jpg,2700,2696,6,False,True,False,True,"[3, 2696, 2700]",6,6,True,True,PASS,
2457,2458,train/8036ddc6d564439af50497faef05eec3.jpg,2558,3026,10,False,True,False,True,"[3, 3026, 2558]",10,10,True,True,PASS,
2458,2459,train/803e047ce22c14175d0631e947ed1599.jpg,2304,2880,6,False,True,False,True,"[3, 2880, 2304]",6,6,True,True,PASS,
2459,2460,train/8048713c2ed48d97dd887233f24e012a.jpg,2392,2912,5,False,True,False,True,"[3, 2912, 2392]",5,5,True,True,PASS,
2460,2461,train/804bcde30d36e32d9429f00bed7a388d.jpg,2500,2048,3,False,True,False,True,"[3, 2048, 2500]",3,3,True,True,PASS,
2461,2462,train/804bfe2d3e6b0b8a34541a276d7cd7d6.jpg,2304,2880,3,False,True,False,True,"[3, 2880, 2304]",3,3,True,True,PASS,
2462,2463,train/80566fdc49f6da7e1a3e5f69bda6d299.jpg,3292,3332,17,False,True,False,True,"[3, 3332, 3292]",17,17,True,True,PASS,
2463,2464,train/80615519a6e4a619f88f76994b4a05ad.jpg,2540,3072,17,False,True,False,True,"[3, 3072, 2540]",17,17,True,True,PASS,
2464,2465,train/806c20c1d5b38e2ca7941854ec66659f.jpg,2514,2716,3,False,True,False,True,"[3, 2716, 2514]",3,3,True,True,PASS,
2465,2466,train/8072c8f70ffb83e6a82b01aafb25263d.jpg,2521,3056,11,False,True,False,True,"[3, 3056, 2521]",11,11,True,True,PASS,
2466,2467,train/807797c8ef120370d45796ed35260d81.jpg,3072,3072,9,False,True,False,True,"[3, 3072, 3072]",9,9,True,True,PASS,
2467,2468,train/8079e09258000b9f94f8318ce4d0412d.jpg,2549,2576,3,False,True,False,True,"[3, 2576, 2549]",3,3,True,True,PASS,
2468,2469,train/8081c5d9aa37706f9e9d43f8e26d2ee5.jpg,2598,2810,4,False,True,False,True,"[3, 2810, 2598]",4,4,True,True,PASS,
2469,2470,train/8098d1ce056318c03a3c70ccf3707945.jpg,2304,2880,10,False,True,False,True,"[3, 2880, 2304]",10,10,True,True,PASS,
2470,2471,train/809fc376d2a0aeae5d8bb7f7aed6eda0.jpg,1994,2430,0,True,True,True,True,"[3, 2430, 1994]",0,0,True,True,PASS,
2471,2472,train/80b4a951ab0029dbcc40fd4480fc6162.jpg,1984,2264,11,False,True,False,True,"[3, 2264, 1984]",11,11,True,True,PASS,
2472,2473,train/80bc61a643d289b3c2afc3a1ad297e48.jpg,2540,3072,12,False,True,False,True,"[3, 3072, 2540]",12,12,True,True,PASS,
2473,2474,train/80bd0e3e1fbd70822b77e8df2dd00ff2.jpg,1712,1832,8,False,True,False,True,"[3, 1832, 1712]",8,8,True,True,PASS,
2474,2475,train/80c9acacf163bc16010749b2b946e528.jpg,1936,2232,6,False,True,False,True,"[3, 2232, 1936]",6,6,True,True,PASS,
2475,2476,train/80caa435b6ab5edaff4a0a758ffaec6e.jpg,3001,3107,28,False,True,False,True,"[3, 3107, 3001]",28,28,True,True,PASS,
2476,2477,train/80f2bd216bbb01b56cf50c9a85f79233.jpg,3241,3132,17,False,True,False,True,"[3, 3132, 3241]",17,17,True,True,PASS,
2477,2478,train/80f636996b540968f24c909d3c1da685.jpg,2048,2500,5,False,True,False,True,"[3, 2500, 2048]",5,5,True,True,PASS,
2478,2479,train/810491951571933b11959743e41a704b.jpg,2686,2615,11,False,True,False,True,"[3, 2615, 2686]",11,11,True,True,PASS,
2479,2480,train/810a3894117aa4dc8d1cd1d22aa7e9de.jpg,2881,3275,6,False,True,False,True,"[3, 3275, 2881]",6,6,True,True,PASS,
2480,2481,train/8111591b7fea74653fbd7e935a74cf36.jpg,2825,3081,8,False,True,False,True,"[3, 3081, 2825]",8,8,True,True,PASS,
2481,2482,train/8126dc2ffbe33a6be3ea20a6f1174ff7.jpg,2048,2500,3,False,True,False,True,"[3, 2500, 2048]",3,3,True,True,PASS,
2482,2483,train/812dd976fb73bfdcacdb61a6fc2bb957.jpg,2304,2880,9,False,True,False,True,"[3, 2880, 2304]",9,9,True,True,PASS,
2483,2484,train/81314db8b8a964015628efa277e1d7db.jpg,2104,2408,10,False,True,False,True,"[3, 2408, 2104]",10,10,True,True,PASS,
2484,2485,train/8138c0bc649a534f449cf703475528ec.jpg,2540,3072,3,False,True,False,True,"[3, 3072, 2540]",3,3,True,True,PASS,
2485,2486,train/813a6d586e217397402e45009ec068e3.jpg,3072,3072,15,False,True,False,True,"[3, 3072, 3072]",15,15,True,True,PASS,
2486,2487,train/813e13e8b9385cbcffc45356265f6a10.jpg,2537,2750,7,False,True,False,True,"[3, 2750, 2537]",7,7,True,True,PASS,
2487,2488,train/8157a9e66791223fbb7aeac1337953c7.jpg,1994,2430,0,True,True,True,True,"[3, 2430, 1994]",0,0,True,True,PASS,
2488,2489,train/816008f1b6e1fd740b3b52bb9e258377.jpg,2304,2880,12,False,True,False,True,"[3, 2880, 2304]",12,12,True,True,PASS,
2489,2490,train/8169688849f800eed6dded6f1c10a352.jpg,2696,2644,9,False,True,False,True,"[3, 2644, 2696]",9,9,True,True,PASS,
2490,2491,train/818796ebd40823cf964a850393882fea.jpg,2048,2500,6,False,True,False,True,"[3, 2500, 2048]",6,6,True,True,PASS,
2491,2492,train/81b2b950caf9b6c1f2ba9162f3fd259b.jpg,2766,2941,8,False,True,False,True,"[3, 2941, 2766]",8,8,True,True,PASS,
2492,2493,train/81b8689df47e19fee5d5a2b104a3f8b1.jpg,2474,2738,10,False,True,False,True,"[3, 2738, 2474]",10,10,True,True,PASS,
2493,2494,train/81e1bdd75db3ed8260cd2a8a206107a4.jpg,3072,3072,6,False,True,False,True,"[3, 3072, 3072]",6,6,True,True,PASS,
2494,2495,train/82225c7d9d9d257ff166c37a90909c8e.jpg,2321,2690,0,True,True,True,True,"[3, 2690, 2321]",0,0,True,True,PASS,
2495,2496,train/8222ee980c821621f5a6cff2b212b2ff.jpg,3190,3205,10,False,True,False,True,"[3, 3205, 3190]",10,10,True,True,PASS,
2496,2497,train/82240a46a3961830c1f340424fa7ce65.jpg,2604,2628,7,False,True,False,True,"[3, 2628, 2604]",7,7,True,True,PASS,
2497,2498,train/822c4cfa6ccc027318abacda96617282.jpg,2304,2880,5,False,True,False,True,"[3, 2880, 2304]",5,5,True,True,PASS,
2498,2499,train/82336f39711a91abff06905932f534d7.jpg,3072,3072,0,True,True,True,True,"[3, 3072, 3072]",0,0,True,True,PASS,
2499,2500,train/823f25d87fd8839bf338b6d9a97722a4.jpg,2473,2878,5,False,True,False,True,"[3, 2878, 2473]",5,5,True,True,PASS,
2500,2501,train/8242bf2fdc119f6272d0fa3e5b4e583a.jpg,2540,3072,6,False,True,False,True,"[3, 3072, 2540]",6,6,True,True,PASS,
2501,2502,train/824920c963d82a8c0a2a593177ad5b93.jpg,3072,3072,4,False,True,False,True,"[3, 3072, 3072]",4,4,True,True,PASS,
2502,2503,train/82603b0dce20d3f1495c3d02caf391cd.jpg,2304,2880,9,False,True,False,True,"[3, 2880, 2304]",9,9,True,True,PASS,
2503,2504,train/82624b37dc4d0169f3fe6fd87dcb5208.jpg,2897,2657,26,False,True,False,True,"[3, 2657, 2897]",26,26,True,True,PASS,
2504,2505,train/826cff99f07a59af9eca51ff161f1e08.jpg,2642,3170,0,True,True,True,True,"[3, 3170, 2642]",0,0,True,True,PASS,
2505,2506,train/826ef40d8bd63f54f66cc620ad52c8e9.jpg,3072,3072,13,False,True,False,True,"[3, 3072, 3072]",13,13,True,True,PASS,
2506,2507,train/828468076a2fa7c97169cfb83a117593.jpg,2304,2880,6,False,True,False,True,"[3, 2880, 2304]",6,6,True,True,PASS,
2507,2508,train/82877be2465c084b0b9bc186fc7f158f.jpg,2304,2880,7,False,True,False,True,"[3, 2880, 2304]",7,7,True,True,PASS,
2508,2509,train/828c239be4afbb409fc1c190360a73c9.jpg,2016,2264,5,False,True,False,True,"[3, 2264, 2016]",5,5,True,True,PASS,
2509,2510,train/82c1b7407eafb2bcc73fb0dbe9d94272.jpg,1864,2016,6,False,True,False,True,"[3, 2016, 1864]",6,6,True,True,PASS,
2510,2511,train/82c8e033e6fde13b0bf365370407d342.jpg,2048,2500,10,False,True,False,True,"[3, 2500, 2048]",10,10,True,True,PASS,
2511,2512,train/82d5f09eac7d3abea784450255fddc78.jpg,2048,2500,15,False,True,False,True,"[3, 2500, 2048]",15,15,True,True,PASS,
2512,2513,train/82dda789847403a8544ad1e6928571bf.jpg,2212,2401,0,True,True,True,True,"[3, 2401, 2212]",0,0,True,True,PASS,
2513,2514,train/82f62718d5385a45eb2b328b3a90fbdd.jpg,2632,3383,10,False,True,False,True,"[3, 3383, 2632]",10,10,True,True,PASS,
2514,2515,train/830d05f396b604388e2d7b68d79a6bbf.jpg,2696,2868,8,False,True,False,True,"[3, 2868, 2696]",8,8,True,True,PASS,
2515,2516,train/8339682fa8a467c49ed7dc1fbaaee361.jpg,2540,3072,4,False,True,False,True,"[3, 3072, 2540]",4,4,True,True,PASS,
2516,2517,train/834088205c0b6066ebacac10dc6375d5.jpg,2629,2788,5,False,True,False,True,"[3, 2788, 2629]",5,5,True,True,PASS,
2517,2518,train/834f395ef75cdefe26c9d2cb3cf809b4.jpg,2417,2545,3,False,True,False,True,"[3, 2545, 2417]",3,3,True,True,PASS,
2518,2519,train/835413c68fe1d065629f748ed4e67205.jpg,2482,2866,3,False,True,False,True,"[3, 2866, 2482]",3,3,True,True,PASS,
2519,2520,train/8355a97b5adf6ed2baa581c37486248b.jpg,2881,3186,0,True,True,True,True,"[3, 3186, 2881]",0,0,True,True,PASS,
2520,2521,train/835b1552b7be3350d697503504211aa4.jpg,2304,2880,12,False,True,False,True,"[3, 2880, 2304]",12,12,True,True,PASS,
2521,2522,train/835b2647ac2c4168fd8ee19431cfb47b.jpg,2304,2880,4,False,True,False,True,"[3, 2880, 2304]",4,4,True,True,PASS,
2522,2523,train/836875cb65e35b17f6bd79b04d151a39.jpg,3072,3072,10,False,True,False,True,"[3, 3072, 3072]",10,10,True,True,PASS,
2523,2524,train/838752b9510e918a05149382f3b56dab.jpg,2304,2880,5,False,True,False,True,"[3, 2880, 2304]",5,5,True,True,PASS,
2524,2525,train/8387e5ff12264f87c27db2863d4a9c87.jpg,2364,2664,6,False,True,False,True,"[3, 2664, 2364]",6,6,True,True,PASS,
2525,2526,train/838ef4aafc8f2392dabdfbee3a6721e0.jpg,2863,2542,4,False,True,False,True,"[3, 2542, 2863]",4,4,True,True,PASS,
2526,2527,train/8393e0cadb4f98d2755a71ddc72525a7.jpg,2304,2880,3,False,True,False,True,"[3, 2880, 2304]",3,3,True,True,PASS,
2527,2528,train/83b7785191c812c71f06b948e5843515.jpg,2651,2738,6,False,True,False,True,"[3, 2738, 2651]",6,6,True,True,PASS,
2528,2529,train/83bf2acb96d1e39c553401a9c994eff1.jpg,2304,2880,10,False,True,False,True,"[3, 2880, 2304]",10,10,True,True,PASS,
2529,2530,train/83d663ac0f523bd9dd0b6234704767fd.jpg,2304,2880,9,False,True,False,True,"[3, 2880, 2304]",9,9,True,True,PASS,
2530,2531,train/83e7cd905776606181931c7b695db12f.jpg,3268,3268,10,False,True,False,True,"[3, 3268, 3268]",10,10,True,True,PASS,
2531,2532,train/83ead8dbc31cd2bbe0ddc8a93c071520.jpg,2304,2880,8,False,True,False,True,"[3, 2880, 2304]",8,8,True,True,PASS,
2532,2533,train/83ee97a2340f95bc8cf74934b2f8fae2.jpg,2812,2960,9,False,True,False,True,"[3, 2960, 2812]",9,9,True,True,PASS,
2533,2534,train/84073a6a8201f339407be82dda7e1303.jpg,2304,2880,8,False,True,False,True,"[3, 2880, 2304]",8,8,True,True,PASS,
2534,2535,train/841b1864e29f7e6371b6ab16a298142b.jpg,2048,2500,3,False,True,False,True,"[3, 2500, 2048]",3,3,True,True,PASS,
2535,2536,train/84293339bfff0b76aadb731526ac3dd2.jpg,2732,3072,11,False,True,False,True,"[3, 3072, 2732]",11,11,True,True,PASS,
2536,2537,train/8448867ddbba0f6ee5072f8c4d633f3c.jpg,2104,2368,5,False,True,False,True,"[3, 2368, 2104]",5,5,True,True,PASS,
2537,2538,train/844c1b8f13dcca48b733ed0e47504e9a.jpg,3108,3264,4,False,True,False,True,"[3, 3264, 3108]",4,4,True,True,PASS,
2538,2539,train/845d1edaada5683f85efcb17937404be.jpg,2575,2753,4,False,True,False,True,"[3, 2753, 2575]",4,4,True,True,PASS,
2539,2540,train/846a659d3d5f0c9bc9a7f917dea9da79.jpg,2524,2967,13,False,True,False,True,"[3, 2967, 2524]",13,13,True,True,PASS,
2540,2541,train/84749e46e93f4ac01d4a8ae41bb2a179.jpg,1976,2320,6,False,True,False,True,"[3, 2320, 1976]",6,6,True,True,PASS,
2541,2542,train/848a8f3f7a4d210c2ee4901b0e07369a.jpg,2375,2430,0,True,True,True,True,"[3, 2430, 2375]",0,0,True,True,PASS,
2542,2543,train/848da3f12d971aec50f9e4f76eef3a1d.jpg,2453,2615,6,False,True,False,True,"[3, 2615, 2453]",6,6,True,True,PASS,
2543,2544,train/84a27b87601b81cd39889ced2d489f70.jpg,2842,2602,13,False,True,False,True,"[3, 2602, 2842]",13,13,True,True,PASS,
2544,2545,train/84b3b3b5c73b0798b732b4f34f84ca05.jpg,2304,2880,8,False,True,False,True,"[3, 2880, 2304]",8,8,True,True,PASS,
2545,2546,train/84baca7ccea00d8087be7b834603a5db.jpg,2540,3072,4,False,True,False,True,"[3, 3072, 2540]",4,4,True,True,PASS,
2546,2547,train/84c87b7beb63b5b3ac76ed9da17c7033.jpg,2337,2615,4,False,True,False,True,"[3, 2615, 2337]",4,4,True,True,PASS,
2547,2548,train/84c887e039ef9c6f05eac4a7920a3bab.jpg,2373,3408,7,False,True,False,True,"[3, 3408, 2373]",7,7,True,True,PASS,
2548,2549,train/84ccfc2b291a2986d20f22861de7f699.jpg,3000,3000,6,False,True,False,True,"[3, 3000, 3000]",6,6,True,True,PASS,
2549,2550,train/84eb3e8b282f648bbc43c356f058f24e.jpg,3000,3000,18,False,True,False,True,"[3, 3000, 3000]",18,18,True,True,PASS,
2550,2551,train/84fdc0055fe587d2095ace6ad7ffc837.jpg,1992,2112,4,False,True,False,True,"[3, 2112, 1992]",4,4,True,True,PASS,
2551,2552,train/84fe5801e7bcf024bb26b7c9285e43bc.jpg,2579,3045,6,False,True,False,True,"[3, 3045, 2579]",6,6,True,True,PASS,
2552,2553,train/850efce317c8306a07d00f274e8cd8eb.jpg,2940,3040,5,False,True,False,True,"[3, 3040, 2940]",5,5,True,True,PASS,
2553,2554,train/852ec6a0bcb9608ffee9b3fda0867f91.jpg,3320,2657,13,False,True,False,True,"[3, 2657, 3320]",13,13,True,True,PASS,
2554,2555,train/8546bf5046e18c37bdb219c26b5d13cf.jpg,3072,3072,0,True,True,True,True,"[3, 3072, 3072]",0,0,True,True,PASS,
2555,2556,train/8559bb12926cbc66f8a6b40a7fd1207d.jpg,2304,2880,4,False,True,False,True,"[3, 2880, 2304]",4,4,True,True,PASS,
2556,2557,train/8566d9205d59b74e1828d61c6739e15d.jpg,3072,3072,5,False,True,False,True,"[3, 3072, 3072]",5,5,True,True,PASS,
2557,2558,train/8573fa95ec3defbe2dec45d85a5093a1.jpg,2304,2880,16,False,True,False,True,"[3, 2880, 2304]",16,16,True,True,PASS,
2558,2559,train/857b9d89572e03adb17d0630b33709ea.jpg,2208,2688,21,False,True,False,True,"[3, 2688, 2208]",21,21,True,True,PASS,
2559,2560,train/8596ba22a0324a295aa986fa60680492.jpg,2304,2880,7,False,True,False,True,"[3, 2880, 2304]",7,7,True,True,PASS,
2560,2561,train/85bf2bce1d8ac45002dee50ffa3e014a.jpg,1994,2430,0,True,True,True,True,"[3, 2430, 1994]",0,0,True,True,PASS,
2561,2562,train/85ce3df7831fce5801ab5b798aa79c10.jpg,3008,3018,7,False,True,False,True,"[3, 3018, 3008]",7,7,True,True,PASS,
2562,2563,train/85cfc59f138f490784170dbaeb0112a7.jpg,2317,2750,15,False,True,False,True,"[3, 2750, 2317]",15,15,True,True,PASS,
2563,2564,train/85d4fa5daa1c437d7c8fc07db29b98e6.jpg,1808,2216,6,False,True,False,True,"[3, 2216, 1808]",6,6,True,True,PASS,
2564,2565,train/85d5ef7e1090859bf9594d55460d2026.jpg,2304,2880,3,False,True,False,True,"[3, 2880, 2304]",3,3,True,True,PASS,
2565,2566,train/85e4008def6c48bf43bcf70a5d1e2273.jpg,2732,2768,5,False,True,False,True,"[3, 2768, 2732]",5,5,True,True,PASS,
2566,2567,train/85e95b13040ae3e20eccac186b93e6ac.jpg,2304,2880,11,False,True,False,True,"[3, 2880, 2304]",11,11,True,True,PASS,
2567,2568,train/861788e0e73283c8872552da6e6a4b7f.jpg,2626,3081,12,False,True,False,True,"[3, 3081, 2626]",12,12,True,True,PASS,
2568,2569,train/8622dd9ca5c02271e81ebc135a602520.jpg,2304,2880,8,False,True,False,True,"[3, 2880, 2304]",8,8,True,True,PASS,
2569,2570,train/862a7784c0c283c84f570d01bc151667.jpg,2304,2880,8,False,True,False,True,"[3, 2880, 2304]",8,8,True,True,PASS,
2570,2571,train/862f0aaa5644a8a01e86ff585005a259.jpg,2304,2880,4,False,True,False,True,"[3, 2880, 2304]",4,4,True,True,PASS,
2571,2572,train/863827ae84bd3b17640ce459b0022d15.jpg,2500,2048,0,True,True,True,True,"[3, 2048, 2500]",0,0,True,True,PASS,
2572,2573,train/863d09f3ec5bc88cfa15138876a20ab8.jpg,3072,3072,4,False,True,False,True,"[3, 3072, 3072]",4,4,True,True,PASS,
2573,2574,train/864162106b4c83be91a86d4d38595977.jpg,2961,3235,0,True,True,True,True,"[3, 3235, 2961]",0,0,True,True,PASS,
2574,2575,train/8649d84b0796e9deccdd4f6bd8d4e998.jpg,2304,2880,23,False,True,False,True,"[3, 2880, 2304]",23,23,True,True,PASS,
2575,2576,train/865a0a1a1781b55fa40887566aa9cd67.jpg,2661,2882,30,False,True,False,True,"[3, 2882, 2661]",30,30,True,True,PASS,
2576,2577,train/865ea295fcf3442224a58a60a9190b41.jpg,2304,2880,7,False,True,False,True,"[3, 2880, 2304]",7,7,True,True,PASS,
2577,2578,train/86648ae0db784e5a5c20ff8de9cc67b0.jpg,2304,2880,5,False,True,False,True,"[3, 2880, 2304]",5,5,True,True,PASS,
2578,2579,train/86c1b099be1f08120cdc722e88738dc0.jpg,2813,2899,9,False,True,False,True,"[3, 2899, 2813]",9,9,True,True,PASS,
2579,2580,train/86d9b86fe05cf159ca827fad05736c4d.jpg,2048,2500,5,False,True,False,True,"[3, 2500, 2048]",5,5,True,True,PASS,
2580,2581,train/86dbe6128679f9c5752c1c82d040caa2.jpg,3072,3072,6,False,True,False,True,"[3, 3072, 3072]",6,6,True,True,PASS,
2581,2582,train/86e9cd395b754516f0dcf8a317e30517.jpg,2540,3072,6,False,True,False,True,"[3, 3072, 2540]",6,6,True,True,PASS,
2582,2583,train/86ea362edec93fb69697ad8e6920d0d7.jpg,1880,2088,14,False,True,False,True,"[3, 2088, 1880]",14,14,True,True,PASS,
2583,2584,train/87072b31f1655d67bafa2705d96b876b.jpg,3072,3072,7,False,True,False,True,"[3, 3072, 3072]",7,7,True,True,PASS,
2584,2585,train/8708b2d996ae54a106918d7b115ecfea.jpg,2906,2780,8,False,True,False,True,"[3, 2780, 2906]",8,8,True,True,PASS,
2585,2586,train/8709819be5b46c9e0fd3405be96d3740.jpg,2304,2880,3,False,True,False,True,"[3, 2880, 2304]",3,3,True,True,PASS,
2586,2587,train/870dd6c4f5ce36cd38983795253a020a.jpg,2455,2638,0,True,True,True,True,"[3, 2638, 2455]",0,0,True,True,PASS,
2587,2588,train/87222168e0c854adc8d38ecf9715361f.jpg,2304,2880,5,False,True,False,True,"[3, 2880, 2304]",5,5,True,True,PASS,
2588,2589,train/87263262e293c23ec2d03b174ef4ff64.jpg,2304,2880,5,False,True,False,True,"[3, 2880, 2304]",5,5,True,True,PASS,
2589,2590,train/87292fd850fa8494048bbdae18312907.jpg,2304,2880,13,False,True,False,True,"[3, 2880, 2304]",13,13,True,True,PASS,
2590,2591,train/872fcda56bcda425012eef3cbf6ebf95.jpg,2368,3226,13,False,True,False,True,"[3, 3226, 2368]",13,13,True,True,PASS,
2591,2592,train/8751da44b525b4328e1457adab72f8e0.jpg,2540,3072,8,False,True,False,True,"[3, 3072, 2540]",8,8,True,True,PASS,
2592,2593,train/87545bddfd34ccf9d27c19a482f5a409.jpg,2397,2602,5,False,True,False,True,"[3, 2602, 2397]",5,5,True,True,PASS,
2593,2594,train/875ffffa457e0a0aeb8a76872e3fc6d6.jpg,2745,2954,0,True,True,True,True,"[3, 2954, 2745]",0,0,True,True,PASS,
2594,2595,train/8762595001d994ee7c1734a165301a09.jpg,2509,2848,8,False,True,False,True,"[3, 2848, 2509]",8,8,True,True,PASS,
2595,2596,train/87686c267f1534a0b3107cbf62b15222.jpg,2304,2880,13,False,True,False,True,"[3, 2880, 2304]",13,13,True,True,PASS,
2596,2597,train/877735b744c0d327c287cdf7ffb44406.jpg,2304,2880,5,False,True,False,True,"[3, 2880, 2304]",5,5,True,True,PASS,
2597,2598,train/877a53d035ddd0a518cb4c08f7f0d962.jpg,2208,2688,15,False,True,False,True,"[3, 2688, 2208]",15,15,True,True,PASS,
2598,2599,train/8788745c121bcbce59873c943afa0ebd.jpg,2340,2141,13,False,True,False,True,"[3, 2141, 2340]",13,13,True,True,PASS,
2599,2600,train/8794eea4b84bc93cdf786327e3e606f6.jpg,2088,2464,15,False,True,False,True,"[3, 2464, 2088]",15,15,True,True,PASS,
2600,2601,train/879caa633ff0c3c5a9f2c483e757b991.jpg,2048,2500,5,False,True,False,True,"[3, 2500, 2048]",5,5,True,True,PASS,
2601,2602,train/87a516c6446958f3f56cf3e4ab8a0c5f.jpg,3003,3379,11,False,True,False,True,"[3, 3379, 3003]",11,11,True,True,PASS,
2602,2603,train/87a724e9ba23be348dbaf24878afa014.jpg,2492,2772,4,False,True,False,True,"[3, 2772, 2492]",4,4,True,True,PASS,
2603,2604,train/87a8df2f22475c7200ebe891d0f25b88.jpg,2407,2865,14,False,True,False,True,"[3, 2865, 2407]",14,14,True,True,PASS,
2604,2605,train/87c4e738629ba2dfbb78ea55247908f8.jpg,2304,2880,8,False,True,False,True,"[3, 2880, 2304]",8,8,True,True,PASS,
2605,2606,train/87d6a8f38b07e64a2d2bd2e1594a44bf.jpg,2304,2880,8,False,True,False,True,"[3, 2880, 2304]",8,8,True,True,PASS,
2606,2607,train/87f7997c901c0026e338e6f6d79b385f.jpg,2950,3000,16,False,True,False,True,"[3, 3000, 2950]",16,16,True,True,PASS,
2607,2608,train/87fdaa98d570ac156bfaa0d863401373.jpg,1994,2430,0,True,True,True,True,"[3, 2430, 1994]",0,0,True,True,PASS,
2608,2609,train/8820320f9f26502110190b10d5321949.jpg,2304,2880,8,False,True,False,True,"[3, 2880, 2304]",8,8,True,True,PASS,
2609,2610,train/8829ec5d02b48e5f5349b0cde4ddb30b.jpg,2304,2880,6,False,True,False,True,"[3, 2880, 2304]",6,6,True,True,PASS,
2610,2611,train/8833a7356f60fd760f6647555a4d8264.jpg,2817,3306,7,False,True,False,True,"[3, 3306, 2817]",7,7,True,True,PASS,
2611,2612,train/8845010681f45c2c6f2271ac8bebdfbc.jpg,2540,3072,10,False,True,False,True,"[3, 3072, 2540]",10,10,True,True,PASS,
2612,2613,train/886159a41e7589ba0d0713980591e27d.jpg,2504,2372,5,False,True,False,True,"[3, 2372, 2504]",5,5,True,True,PASS,
2613,2614,train/8862ef75274d0c13bba19d7b5f2147c6.jpg,2672,2466,17,False,True,False,True,"[3, 2466, 2672]",17,17,True,True,PASS,
2614,2615,train/888880bfaaf252cc1f400ff43ee21451.jpg,3071,3000,11,False,True,False,True,"[3, 3000, 3071]",11,11,True,True,PASS,
2615,2616,train/88932681cc425d08e5583baeafb9dd12.jpg,2304,2880,7,False,True,False,True,"[3, 2880, 2304]",7,7,True,True,PASS,
2616,2617,train/88974ca0acec2690c1e0377c4523662e.jpg,2329,2822,8,False,True,False,True,"[3, 2822, 2329]",8,8,True,True,PASS,
2617,2618,train/88bf02cc510da5050a869c290d8f8565.jpg,2304,2880,10,False,True,False,True,"[3, 2880, 2304]",10,10,True,True,PASS,
2618,2619,train/88e33acc19c4296385bb217cf333d8ce.jpg,2304,2880,6,False,True,False,True,"[3, 2880, 2304]",6,6,True,True,PASS,
2619,2620,train/88fbcd393052bc2479237d62244d16e2.jpg,2304,2880,3,False,True,False,True,"[3, 2880, 2304]",3,3,True,True,PASS,
2620,2621,train/88fec30ba54121b6e7f1081d2d608704.jpg,2268,2768,7,False,True,False,True,"[3, 2768, 2268]",7,7,True,True,PASS,
2621,2622,train/8900e436ef9c73811c793b32127de1b8.jpg,2472,2980,6,False,True,False,True,"[3, 2980, 2472]",6,6,True,True,PASS,
2622,2623,train/8912ff28e4b5fd0a5e101fef66dabaa5.jpg,2517,3028,0,True,True,True,True,"[3, 3028, 2517]",0,0,True,True,PASS,
2623,2624,train/892e41c7ed24db564a46d384de10c99c.jpg,2540,3072,8,False,True,False,True,"[3, 3072, 2540]",8,8,True,True,PASS,
2624,2625,train/8933f5b721da3ab96e2a6b7efa61fc24.jpg,2480,2960,15,False,True,False,True,"[3, 2960, 2480]",15,15,True,True,PASS,
2625,2626,train/8949bd29efc31aaf1425666bf2bc6f33.jpg,3072,3072,3,False,True,False,True,"[3, 3072, 3072]",3,3,True,True,PASS,
2626,2627,train/89524feaa558a7a2fbed12b38afcf61b.jpg,3072,3072,0,True,True,True,True,"[3, 3072, 3072]",0,0,True,True,PASS,
2627,2628,train/897a9061820965f894abf66586bef0a5.jpg,2468,3072,11,False,True,False,True,"[3, 3072, 2468]",11,11,True,True,PASS,
2628,2629,train/89857d1b7b733e1dfdea1f3298fb3a07.jpg,2936,2975,6,False,True,False,True,"[3, 2975, 2936]",6,6,True,True,PASS,
2629,2630,train/898aa25e4ce627843fa8ea0607a0cfc8.jpg,2537,2909,7,False,True,False,True,"[3, 2909, 2537]",7,7,True,True,PASS,
2630,2631,train/8991d0302a45f1bb372795cea3f18a75.jpg,2304,2880,4,False,True,False,True,"[3, 2880, 2304]",4,4,True,True,PASS,
2631,2632,train/89bab84561df6af7b88b6a7d05254725.jpg,3072,3072,6,False,True,False,True,"[3, 3072, 3072]",6,6,True,True,PASS,
2632,2633,train/89d2c2a6c42bb2bc268b8d535c4f31fa.jpg,2304,2880,7,False,True,False,True,"[3, 2880, 2304]",7,7,True,True,PASS,
2633,2634,train/89e503ac5a54714d03b313b1a6fac252.jpg,2772,3052,10,False,True,False,True,"[3, 3052, 2772]",10,10,True,True,PASS,
2634,2635,train/89e6ab133f587191383608ee04cea79a.jpg,2304,2880,22,False,True,False,True,"[3, 2880, 2304]",22,22,True,True,PASS,
2635,2636,train/89ffa015af2b8418d8f503c0b65c75f2.jpg,2566,3016,0,True,True,True,True,"[3, 3016, 2566]",0,0,True,True,PASS,
2636,2637,train/8a1194107e6ab9101402512dba498e8e.jpg,2684,3008,5,False,True,False,True,"[3, 3008, 2684]",5,5,True,True,PASS,
2637,2638,train/8a454755517a41861d07dd898e6572a5.jpg,2304,2880,17,False,True,False,True,"[3, 2880, 2304]",17,17,True,True,PASS,
2638,2639,train/8a482be3ab941b8b011bd9badcb6c094.jpg,2048,2500,7,False,True,False,True,"[3, 2500, 2048]",7,7,True,True,PASS,
2639,2640,train/8a67f8e2673ceb7004824904b6e72055.jpg,2304,2880,10,False,True,False,True,"[3, 2880, 2304]",10,10,True,True,PASS,
2640,2641,train/8a6df5f9f33f6df888f00882757209d9.jpg,2304,2880,3,False,True,False,True,"[3, 2880, 2304]",3,3,True,True,PASS,
2641,2642,train/8a7ca215a9c86fb9a1352de720c182f3.jpg,2541,3103,10,False,True,False,True,"[3, 3103, 2541]",10,10,True,True,PASS,
2642,2643,train/8a81e64b8258068648760ba016d0d3a6.jpg,2800,2890,14,False,True,False,True,"[3, 2890, 2800]",14,14,True,True,PASS,
2643,2644,train/8a87a85a22182720d845212dfb44daef.jpg,2304,2880,6,False,True,False,True,"[3, 2880, 2304]",6,6,True,True,PASS,
2644,2645,train/8a9f6de8179f600733be50c16c7b929e.jpg,2040,2368,8,False,True,False,True,"[3, 2368, 2040]",8,8,True,True,PASS,
2645,2646,train/8aa01c8d1f096797b2b3f70c0e51c972.jpg,2511,3132,7,False,True,False,True,"[3, 3132, 2511]",7,7,True,True,PASS,
2646,2647,train/8ab165974684980021cfd4d69d0874a5.jpg,2734,2902,10,False,True,False,True,"[3, 2902, 2734]",10,10,True,True,PASS,
2647,2648,train/8ac12a69ad57ca73535e04b6cfba5edb.jpg,2848,3264,32,False,True,False,True,"[3, 3264, 2848]",32,32,True,True,PASS,
2648,2649,train/8ac52862c96cc0f4a21cb3f5314b2505.jpg,2835,3408,16,False,True,False,True,"[3, 3408, 2835]",16,16,True,True,PASS,
2649,2650,train/8ac9d40920ef54d20f860195073a1d2a.jpg,2304,2880,4,False,True,False,True,"[3, 2880, 2304]",4,4,True,True,PASS,
2650,2651,train/8acab997bea043eb15c9aa293b095374.jpg,2304,2880,4,False,True,False,True,"[3, 2880, 2304]",4,4,True,True,PASS,
2651,2652,train/8acbe4fb1e5a886042029febc6700af2.jpg,2304,2880,15,False,True,False,True,"[3, 2880, 2304]",15,15,True,True,PASS,
2652,2653,train/8ad47a88ab880f982a7ca140b355f66e.jpg,1994,2430,0,True,True,True,True,"[3, 2430, 1994]",0,0,True,True,PASS,
2653,2654,train/8ada567dbd73c16928ce0f7477275803.jpg,2473,3081,17,False,True,False,True,"[3, 3081, 2473]",17,17,True,True,PASS,
2654,2655,train/8ae85268313b0db2f58d2193aab645c9.jpg,3072,3072,14,False,True,False,True,"[3, 3072, 3072]",14,14,True,True,PASS,
2655,2656,train/8aecb4535fbfdee0217ef2f37b735c29.jpg,3188,3256,12,False,True,False,True,"[3, 3256, 3188]",12,12,True,True,PASS,
2656,2657,train/8af84125f707b873c506f65de72e02e4.jpg,2296,2394,3,False,True,False,True,"[3, 2394, 2296]",3,3,True,True,PASS,
2657,2658,train/8b06e353ea42754432d11673a4067336.jpg,2304,2880,5,False,True,False,True,"[3, 2880, 2304]",5,5,True,True,PASS,
2658,2659,train/8b0839b2cc2d11420e6cfbc46b5f0f87.jpg,2517,3028,0,True,True,True,True,"[3, 3028, 2517]",0,0,True,True,PASS,
2659,2660,train/8b09d4ec88d8372bded8547543dbbf24.jpg,2600,2937,7,False,True,False,True,"[3, 2937, 2600]",7,7,True,True,PASS,
2660,2661,train/8b1beee6ae2a00d5a98483e50c7ac0f2.jpg,2048,2500,7,False,True,False,True,"[3, 2500, 2048]",7,7,True,True,PASS,
2661,2662,train/8b1d99768092df4a92ed2e3e2eb962e9.jpg,2304,2880,3,False,True,False,True,"[3, 2880, 2304]",3,3,True,True,PASS,
2662,2663,train/8b32bb8de86a0f89db7241a3de5eb5c2.jpg,2304,2880,7,False,True,False,True,"[3, 2880, 2304]",7,7,True,True,PASS,
2663,2664,train/8b37c2ebf7f6d5b446110e75a5cf6ad1.jpg,2936,3289,4,False,True,False,True,"[3, 3289, 2936]",4,4,True,True,PASS,
2664,2665,train/8b5d3109a9d587e6a27ac3b109343c5f.jpg,1994,2430,0,True,True,True,True,"[3, 2430, 1994]",0,0,True,True,PASS,
2665,2666,train/8b704237f088b80ad737f48ff49d8cd9.jpg,2304,2880,10,False,True,False,True,"[3, 2880, 2304]",10,10,True,True,PASS,
2666,2667,train/8b8046a319a835e4dacf1fb2449d880b.jpg,2728,2390,7,False,True,False,True,"[3, 2390, 2728]",7,7,True,True,PASS,
2667,2668,train/8bb45148873379b118cca29a71c28f4e.jpg,2304,2880,8,False,True,False,True,"[3, 2880, 2304]",8,8,True,True,PASS,
2668,2669,train/8bbf80bd095c75b2207ef57a277a661d.jpg,2048,2500,11,False,True,False,True,"[3, 2500, 2048]",11,11,True,True,PASS,
2669,2670,train/8bc2410a31ef52ddb3e2d41cbe1ea7ff.jpg,2304,2880,6,False,True,False,True,"[3, 2880, 2304]",6,6,True,True,PASS,
2670,2671,train/8be157ed11fc1bb06d77637ae7da43bc.jpg,2530,2747,12,False,True,False,True,"[3, 2747, 2530]",12,12,True,True,PASS,
2671,2672,train/8be5bfabd547e1ef91f0b0b7b4d597d4.jpg,2304,2880,23,False,True,False,True,"[3, 2880, 2304]",23,23,True,True,PASS,
2672,2673,train/8bf59d2126095730fe534504609bcc9d.jpg,1848,2264,5,False,True,False,True,"[3, 2264, 1848]",5,5,True,True,PASS,
2673,2674,train/8c000de5f90b8dd6ed6f77923874c20e.jpg,2048,2500,7,False,True,False,True,"[3, 2500, 2048]",7,7,True,True,PASS,
2674,2675,train/8c09865ee3cb674cc41dee8bca45fe5a.jpg,2304,2880,15,False,True,False,True,"[3, 2880, 2304]",15,15,True,True,PASS,
2675,2676,train/8c09c35eeb8472b327cc14b1d51e118c.jpg,2540,3072,3,False,True,False,True,"[3, 3072, 2540]",3,3,True,True,PASS,
2676,2677,train/8c22b37c81902d8c42fec5b9363f79bd.jpg,3320,3035,9,False,True,False,True,"[3, 3035, 3320]",9,9,True,True,PASS,
2677,2678,train/8c564256945c5e76731f827d472683ff.jpg,2048,2500,5,False,True,False,True,"[3, 2500, 2048]",5,5,True,True,PASS,
2678,2679,train/8c6cbbc156f7eb5d6132c937d089f014.jpg,2325,2638,0,True,True,True,True,"[3, 2638, 2325]",0,0,True,True,PASS,
2679,2680,train/8c717fbd10400d0cea8af2a1f59d050b.jpg,3084,2733,3,False,True,False,True,"[3, 2733, 3084]",3,3,True,True,PASS,
2680,2681,train/8c75e7cff1d266d1d4f73187d7c1bbc2.jpg,2318,3144,6,False,True,False,True,"[3, 3144, 2318]",6,6,True,True,PASS,
2681,2682,train/8c9946f1106496dc13bc64cd0532c370.jpg,2521,2967,5,False,True,False,True,"[3, 2967, 2521]",5,5,True,True,PASS,
2682,2683,train/8cacb3b69e1fcc845537d1e4a7c1c5ab.jpg,2540,3072,5,False,True,False,True,"[3, 3072, 2540]",5,5,True,True,PASS,
2683,2684,train/8cb084ad48ad4a21e15bdb8f4567ed8f.jpg,2466,2347,10,False,True,False,True,"[3, 2347, 2466]",10,10,True,True,PASS,
2684,2685,train/8cc5ee4cf5c697d98d7c85951aa4f8d7.jpg,2048,2500,7,False,True,False,True,"[3, 2500, 2048]",7,7,True,True,PASS,
2685,2686,train/8cd75497ddd543845e5a151e9a3b7561.jpg,2540,3072,8,False,True,False,True,"[3, 3072, 2540]",8,8,True,True,PASS,
2686,2687,train/8ce1c8d29072b068ae7c6c185213e156.jpg,2622,2640,4,False,True,False,True,"[3, 2640, 2622]",4,4,True,True,PASS,
2687,2688,train/8ce28abc5f7b1e4b97eef3cf6f2cb218.jpg,2336,2836,0,True,True,True,True,"[3, 2836, 2336]",0,0,True,True,PASS,
2688,2689,train/8cfb544c8ae38f85d48916e5db86c601.jpg,2540,3072,3,False,True,False,True,"[3, 3072, 2540]",3,3,True,True,PASS,
2689,2690,train/8d002d924e667aded2857442587afe81.jpg,3072,3072,10,False,True,False,True,"[3, 3072, 3072]",10,10,True,True,PASS,
2690,2691,train/8d09bc6c72b4f8ad8346be6c55f9f136.jpg,2600,3096,5,False,True,False,True,"[3, 3096, 2600]",5,5,True,True,PASS,
2691,2692,train/8d1c24466cec1a18b96989ced1f5422d.jpg,2304,2880,7,False,True,False,True,"[3, 2880, 2304]",7,7,True,True,PASS,
2692,2693,train/8d435f703d51586aa164b24e5ec3b9b0.jpg,2787,2856,9,False,True,False,True,"[3, 2856, 2787]",9,9,True,True,PASS,
2693,2694,train/8d6a0dcadf3c7322e146e729f4ac4ebf.jpg,1944,2336,14,False,True,False,True,"[3, 2336, 1944]",14,14,True,True,PASS,
2694,2695,train/8d71580638dabfe93678f1a7bab30bfe.jpg,2304,2880,8,False,True,False,True,"[3, 2880, 2304]",8,8,True,True,PASS,
2695,2696,train/8d74ba04415b33be3134b55c868016f8.jpg,2208,2688,6,False,True,False,True,"[3, 2688, 2208]",6,6,True,True,PASS,
2696,2697,train/8d8ac0cdeb07adc1805e5c986b0034c3.jpg,2048,2500,3,False,True,False,True,"[3, 2500, 2048]",3,3,True,True,PASS,
2697,2698,train/8d90a34bf34f673775ffd827112142df.jpg,2304,2880,3,False,True,False,True,"[3, 2880, 2304]",3,3,True,True,PASS,
2698,2699,train/8d92135190568a756e7850cec9f6577a.jpg,2304,2880,7,False,True,False,True,"[3, 2880, 2304]",7,7,True,True,PASS,
2699,2700,train/8db0ec16659e5c003a6b07debf49e554.jpg,2048,2500,6,False,True,False,True,"[3, 2500, 2048]",6,6,True,True,PASS,
2700,2701,train/8db8173d076bab7a3fcc6656a0b3c15a.jpg,2540,3072,5,False,True,False,True,"[3, 3072, 2540]",5,5,True,True,PASS,
2701,2702,train/8dc9c4a2edfac5c6ed1b0246e435aff9.jpg,2304,2880,6,False,True,False,True,"[3, 2880, 2304]",6,6,True,True,PASS,
2702,2703,train/8dcb48f8f81f5d883b1c85b7106a2378.jpg,2567,2955,5,False,True,False,True,"[3, 2955, 2567]",5,5,True,True,PASS,
2703,2704,train/8dd6662d207b63fbfd51d2ccda2910cc.jpg,2304,2880,11,False,True,False,True,"[3, 2880, 2304]",11,11,True,True,PASS,
2704,2705,train/8de1d1a853009572844969d046f99f6b.jpg,2208,2688,6,False,True,False,True,"[3, 2688, 2208]",6,6,True,True,PASS,
2705,2706,train/8de2c306ed9fa7c44c70d249af346d9b.jpg,2540,3072,6,False,True,False,True,"[3, 3072, 2540]",6,6,True,True,PASS,
2706,2707,train/8de556d9cd8d026b8eba03870cc6acba.jpg,2304,2880,8,False,True,False,True,"[3, 2880, 2304]",8,8,True,True,PASS,
2707,2708,train/8df447178660d98a2efcab6323c8f658.jpg,3072,3072,0,True,True,True,True,"[3, 3072, 3072]",0,0,True,True,PASS,
2708,2709,train/8dfdb16f2373ca92d484bb8ae376d7dc.jpg,2304,2880,10,False,True,False,True,"[3, 2880, 2304]",10,10,True,True,PASS,
2709,2710,train/8e063eadea9a6aeb684c893c8598be3e.jpg,2836,3180,8,False,True,False,True,"[3, 3180, 2836]",8,8,True,True,PASS,
2710,2711,train/8e1a18777633a830c6e5897e4dddb6f7.jpg,2764,2880,10,False,True,False,True,"[3, 2880, 2764]",10,10,True,True,PASS,
2711,2712,train/8e3006f8c3906fc969d4aa9aeb31f586.jpg,2674,2758,4,False,True,False,True,"[3, 2758, 2674]",4,4,True,True,PASS,
2712,2713,train/8e36ae96a199bbaea285e074edde991a.jpg,1994,2430,0,True,True,True,True,"[3, 2430, 1994]",0,0,True,True,PASS,
2713,2714,train/8e3cbb3460e37bd5418cb4bc23c07af8.jpg,2384,2684,11,False,True,False,True,"[3, 2684, 2384]",11,11,True,True,PASS,
2714,2715,train/8e49cc23db589bc0acd59a8841128560.jpg,2641,2858,6,False,True,False,True,"[3, 2858, 2641]",6,6,True,True,PASS,
2715,2716,train/8e506a2c5a4a64624770f56bd56fe684.jpg,2304,2880,3,False,True,False,True,"[3, 2880, 2304]",3,3,True,True,PASS,
2716,2717,train/8e5f9d775ab631aca970ca98d32946dc.jpg,2824,3072,9,False,True,False,True,"[3, 3072, 2824]",9,9,True,True,PASS,
2717,2718,train/8e682cb1be531ca41c0e04e45c227797.jpg,2619,2996,9,False,True,False,True,"[3, 2996, 2619]",9,9,True,True,PASS,
2718,2719,train/8e8108b7709b8f9f60eabe001816dbd4.jpg,2304,2880,10,False,True,False,True,"[3, 2880, 2304]",10,10,True,True,PASS,
2719,2720,train/8e8605a691bd8149aad332a64fce5dcf.jpg,2304,2880,12,False,True,False,True,"[3, 2880, 2304]",12,12,True,True,PASS,
2720,2721,train/8e8d8e5b84f477e17297df90008ab053.jpg,2304,2880,7,False,True,False,True,"[3, 2880, 2304]",7,7,True,True,PASS,
2721,2722,train/8e8f6687544bfcd254e60e5e28b260d6.jpg,2048,2500,15,False,True,False,True,"[3, 2500, 2048]",15,15,True,True,PASS,
2722,2723,train/8eb38ce22b1b5323c2dad3a92c79e1bd.jpg,2817,3022,13,False,True,False,True,"[3, 3022, 2817]",13,13,True,True,PASS,
2723,2724,train/8eb496d5dd817b996672eab35e7de8f4.jpg,2304,2880,7,False,True,False,True,"[3, 2880, 2304]",7,7,True,True,PASS,
2724,2725,train/8ebf23deb8ee4d7bba82aa38d3420fee.jpg,2664,2960,5,False,True,False,True,"[3, 2960, 2664]",5,5,True,True,PASS,
2725,2726,train/8ed4976e3f507617cea65e8b068cbb1e.jpg,2433,2840,0,True,True,True,True,"[3, 2840, 2433]",0,0,True,True,PASS,
2726,2727,train/8ef3fb1b703ffcb77d3709d45adf8695.jpg,2540,3072,11,False,True,False,True,"[3, 3072, 2540]",11,11,True,True,PASS,
2727,2728,train/8ef74927dbf4b7819d546c7e1f2e002e.jpg,2660,3333,4,False,True,False,True,"[3, 3333, 2660]",4,4,True,True,PASS,
2728,2729,train/8f0d77c5c2faa59b360bf71cc07f4d4e.jpg,2304,2880,9,False,True,False,True,"[3, 2880, 2304]",9,9,True,True,PASS,
2729,2730,train/8f175ebdd1fb0e26809311ca829077b8.jpg,2540,3072,6,False,True,False,True,"[3, 3072, 2540]",6,6,True,True,PASS,
2730,2731,train/8f186efb51af999168f501bda156eda5.jpg,2812,3275,6,False,True,False,True,"[3, 3275, 2812]",6,6,True,True,PASS,
2731,2732,train/8f2dd210a995d677029f2c3d285ff80e.jpg,2647,3383,11,False,True,False,True,"[3, 3383, 2647]",11,11,True,True,PASS,
2732,2733,train/8f2f0fd9dfa82786b2c02b4a2df53dc1.jpg,2641,3283,10,False,True,False,True,"[3, 3283, 2641]",10,10,True,True,PASS,
2733,2734,train/8f4c737a0dbc8fc4be1e1def59ef4fa9.jpg,2680,3256,8,False,True,False,True,"[3, 3256, 2680]",8,8,True,True,PASS,
2734,2735,train/8f53904e77e3c20fc28a489d9737d973.jpg,2504,2552,0,True,True,True,True,"[3, 2552, 2504]",0,0,True,True,PASS,
2735,2736,train/8f572ec6313554380c112b06168aed35.jpg,2304,2880,8,False,True,False,True,"[3, 2880, 2304]",8,8,True,True,PASS,
2736,2737,train/8f6709f15f4f222cf7af5bb49f73aa18.jpg,1912,2320,6,False,True,False,True,"[3, 2320, 1912]",6,6,True,True,PASS,
2737,2738,train/8f752093ee546364e7a3f570c7e2041d.jpg,2048,2500,0,True,True,True,True,"[3, 2500, 2048]",0,0,True,True,PASS,
2738,2739,train/8f828151dee8b12935726c711c024149.jpg,2441,2458,0,True,True,True,True,"[3, 2458, 2441]",0,0,True,True,PASS,
2739,2740,train/8f98e3e6e86e573a6bd32403086b3707.jpg,2688,2208,14,False,True,False,True,"[3, 2208, 2688]",14,14,True,True,PASS,
2740,2741,train/8fb5356727d6147b99fea57e012b0b64.jpg,2304,2880,8,False,True,False,True,"[3, 2880, 2304]",8,8,True,True,PASS,
2741,2742,train/8fcbf4c0ba3178b938cc3c80df975fe3.jpg,2756,2656,15,False,True,False,True,"[3, 2656, 2756]",15,15,True,True,PASS,
2742,2743,train/8fd4e7599250d006e579f1ffcb28b1b1.jpg,2304,2880,11,False,True,False,True,"[3, 2880, 2304]",11,11,True,True,PASS,
2743,2744,train/8fd72a5ede4e6f75961080e5cfaa1b5e.jpg,2500,2048,5,False,True,False,True,"[3, 2048, 2500]",5,5,True,True,PASS,
2744,2745,train/8fda45c871b6dd0ba4569d560fd49ea6.jpg,2304,2880,3,False,True,False,True,"[3, 2880, 2304]",3,3,True,True,PASS,
2745,2746,train/8fdf29fa92d82675c73489bcbb4dda0a.jpg,2584,2792,7,False,True,False,True,"[3, 2792, 2584]",7,7,True,True,PASS,
2746,2747,train/8fe0e719bc142d9327cb86cc28e82b03.jpg,2304,2880,10,False,True,False,True,"[3, 2880, 2304]",10,10,True,True,PASS,
2747,2748,train/90014bdac9592e29646c4c358275fdfc.jpg,3072,3072,5,False,True,False,True,"[3, 3072, 3072]",5,5,True,True,PASS,
2748,2749,train/900fa6baa0c15f5c96eaed57294ec6d4.jpg,2829,3124,7,False,True,False,True,"[3, 3124, 2829]",7,7,True,True,PASS,
2749,2750,train/90294c2e98cf161d97c32633e5a67ab1.jpg,2626,2725,5,False,True,False,True,"[3, 2725, 2626]",5,5,True,True,PASS,
2750,2751,train/902b03191f0a6bc2e7e47be16b63c38c.jpg,2475,3077,5,False,True,False,True,"[3, 3077, 2475]",5,5,True,True,PASS,
2751,2752,train/902cb4d7b941c2b490c322b01314b352.jpg,2160,2216,6,False,True,False,True,"[3, 2216, 2160]",6,6,True,True,PASS,
2752,2753,train/902d77e0d68673b7f8d12a3ab1483b95.jpg,2088,2448,14,False,True,False,True,"[3, 2448, 2088]",14,14,True,True,PASS,
2753,2754,train/902ff31bc097877d97df0921ca238aa3.jpg,2740,3072,7,False,True,False,True,"[3, 3072, 2740]",7,7,True,True,PASS,
2754,2755,train/9043e39c8e52843751e7cc9edc2c02e6.jpg,2221,2523,7,False,True,False,True,"[3, 2523, 2221]",7,7,True,True,PASS,
2755,2756,train/9049aa8aa21b134a75e38dfc18facced.jpg,2016,1984,5,False,True,False,True,"[3, 1984, 2016]",5,5,True,True,PASS,
2756,2757,train/904b3b12d54cf5f6f4ccccbcaffa3714.jpg,3072,3072,5,False,True,False,True,"[3, 3072, 3072]",5,5,True,True,PASS,
2757,2758,train/904c10ed0347e0a4636ff9d752fad6cd.jpg,3072,3072,5,False,True,False,True,"[3, 3072, 3072]",5,5,True,True,PASS,
2758,2759,train/906a43ceed5a95c81a94cc7c6ea41027.jpg,2517,3007,11,False,True,False,True,"[3, 3007, 2517]",11,11,True,True,PASS,
2759,2760,train/9071e5009f5db86b4c0dd0f6280b2c7a.jpg,2728,3137,11,False,True,False,True,"[3, 3137, 2728]",11,11,True,True,PASS,
2760,2761,train/9074b5859c254e4cc0d1ae9781cfcdf1.jpg,2304,2880,4,False,True,False,True,"[3, 2880, 2304]",4,4,True,True,PASS,
2761,2762,train/90823fdce55e57a5c6de680ccf9ffc38.jpg,3072,3072,6,False,True,False,True,"[3, 3072, 3072]",6,6,True,True,PASS,
2762,2763,train/9089facaf103cdb37adce579bd64f064.jpg,1928,2440,11,False,True,False,True,"[3, 2440, 1928]",11,11,True,True,PASS,
2763,2764,train/908cff12e3ce717c4fc6cba8290b89a6.jpg,2328,2608,14,False,True,False,True,"[3, 2608, 2328]",14,14,True,True,PASS,
2764,2765,train/908e8d4196bf6a2c6a4bc91d62f1e8eb.jpg,2048,2500,8,False,True,False,True,"[3, 2500, 2048]",8,8,True,True,PASS,
2765,2766,train/90a27c3ac3327ddb800b2ae9bcc27ac6.jpg,2427,3060,10,False,True,False,True,"[3, 3060, 2427]",10,10,True,True,PASS,
2766,2767,train/90d8e7b88a0d29d30f98e069b0e2cceb.jpg,2670,2874,10,False,True,False,True,"[3, 2874, 2670]",10,10,True,True,PASS,
2767,2768,train/90f4166c777d2ecf85440797c6ee774c.jpg,2540,3072,7,False,True,False,True,"[3, 3072, 2540]",7,7,True,True,PASS,
2768,2769,train/91001d4c9d10b36d04f1a7d80b100a7d.jpg,2304,2880,3,False,True,False,True,"[3, 2880, 2304]",3,3,True,True,PASS,
2769,2770,train/910c99ddbefd826f8e28f0969d0d162f.jpg,2304,2880,9,False,True,False,True,"[3, 2880, 2304]",9,9,True,True,PASS,
2770,2771,train/9120a0510a95b14a2554cb6cd5319f00.jpg,2192,2617,3,False,True,False,True,"[3, 2617, 2192]",3,3,True,True,PASS,
2771,2772,train/912f2d1789cd50ea5251af9e7f5f6868.jpg,2392,3092,6,False,True,False,True,"[3, 3092, 2392]",6,6,True,True,PASS,
2772,2773,train/9134e1c89231ce785443c0e4eac783a7.jpg,2855,2950,4,False,True,False,True,"[3, 2950, 2855]",4,4,True,True,PASS,
2773,2774,train/91560db4325bf6045259caf6e908ba1f.jpg,2048,2500,3,False,True,False,True,"[3, 2500, 2048]",3,3,True,True,PASS,
2774,2775,train/9163c1b53f6cef4006d0169ee3b24886.jpg,1962,2174,0,True,True,True,True,"[3, 2174, 1962]",0,0,True,True,PASS,
2775,2776,train/9163f352663788a365db4685d32099b6.jpg,3072,3072,3,False,True,False,True,"[3, 3072, 3072]",3,3,True,True,PASS,
2776,2777,train/9174dcffa34a6ea52cff8a626864de26.jpg,2304,2880,9,False,True,False,True,"[3, 2880, 2304]",9,9,True,True,PASS,
2777,2778,train/91783a3a0b479febd50ea952f711d776.jpg,1994,2430,0,True,True,True,True,"[3, 2430, 1994]",0,0,True,True,PASS,
2778,2779,train/917974e9208badd0cf8ed8f757276a1f.jpg,2976,3167,4,False,True,False,True,"[3, 3167, 2976]",4,4,True,True,PASS,
2779,2780,train/917bf10b1a676986b3e548bed07c03f2.jpg,2304,2880,6,False,True,False,True,"[3, 2880, 2304]",6,6,True,True,PASS,
2780,2781,train/9181d4eeda0ebc4ef8f7e2ea50ed627c.jpg,2736,3120,7,False,True,False,True,"[3, 3120, 2736]",7,7,True,True,PASS,
2781,2782,train/9188790e0ad5b3a06595039d9314baad.jpg,2304,2880,11,False,True,False,True,"[3, 2880, 2304]",11,11,True,True,PASS,
2782,2783,train/918eae18d789f73c80e8431e03472648.jpg,2644,2944,4,False,True,False,True,"[3, 2944, 2644]",4,4,True,True,PASS,
2783,2784,train/91a12fbbe1ad5eb62cdf97edeb122280.jpg,2843,3372,20,False,True,False,True,"[3, 3372, 2843]",20,20,True,True,PASS,
2784,2785,train/91b45e8d4bd5c08b849e3a1baea0270a.jpg,1824,2464,9,False,True,False,True,"[3, 2464, 1824]",9,9,True,True,PASS,
2785,2786,train/91c5f8decf441bfaf7c89e7c3dd06fd9.jpg,2694,3001,16,False,True,False,True,"[3, 3001, 2694]",16,16,True,True,PASS,
2786,2787,train/91c6fc1df5829cdaff5705203a351e1e.jpg,2540,3072,11,False,True,False,True,"[3, 3072, 2540]",11,11,True,True,PASS,
2787,2788,train/91ce578ebdd959abb3c14b7c24711d19.jpg,1994,2430,0,True,True,True,True,"[3, 2430, 1994]",0,0,True,True,PASS,
2788,2789,train/91dcbfac33b20bb82e9641211b18f53b.jpg,2540,3072,4,False,True,False,True,"[3, 3072, 2540]",4,4,True,True,PASS,
2789,2790,train/91e4d6c6f6b7527f7963c2ed2f947a4a.jpg,2048,2500,5,False,True,False,True,"[3, 2500, 2048]",5,5,True,True,PASS,
2790,2791,train/91e721ea0143333c5efe5dfb8ca98746.jpg,2788,2098,13,False,True,False,True,"[3, 2098, 2788]",13,13,True,True,PASS,
2791,2792,train/91f1c20e4e0753f19022f919014aaa3d.jpg,2266,2889,7,False,True,False,True,"[3, 2889, 2266]",7,7,True,True,PASS,
2792,2793,train/9209eb472d8c5200cbc8ad2015cbf1a2.jpg,2304,2880,6,False,True,False,True,"[3, 2880, 2304]",6,6,True,True,PASS,
2793,2794,train/920cbb3a89aba24738b16fd78fc79196.jpg,2464,3072,8,False,True,False,True,"[3, 3072, 2464]",8,8,True,True,PASS,
2794,2795,train/92113f2b921dcc352679d94851f4051f.jpg,2304,2880,10,False,True,False,True,"[3, 2880, 2304]",10,10,True,True,PASS,
2795,2796,train/9233b2cb05dd9ae0902badc7482c5481.jpg,1920,1936,7,False,True,False,True,"[3, 1936, 1920]",7,7,True,True,PASS,
2796,2797,train/923878ed8c8260135f856d361df060c9.jpg,2692,3088,3,False,True,False,True,"[3, 3088, 2692]",3,3,True,True,PASS,
2797,2798,train/9246c1061217b8131ccdaea80327e24d.jpg,3043,2958,6,False,True,False,True,"[3, 2958, 3043]",6,6,True,True,PASS,
2798,2799,train/924c710624ba217ea2a275babf7903a6.jpg,2978,2997,7,False,True,False,True,"[3, 2997, 2978]",7,7,True,True,PASS,
2799,2800,train/924eb4734344e5808df5d15855d68178.jpg,3072,3072,16,False,True,False,True,"[3, 3072, 3072]",16,16,True,True,PASS,
2800,2801,train/9255e7154b30dcddd72f1f5ae6e46470.jpg,2664,3086,21,False,True,False,True,"[3, 3086, 2664]",21,21,True,True,PASS,
2801,2802,train/9259faeeda26a934fb32c74b8682e15f.jpg,2995,2924,8,False,True,False,True,"[3, 2924, 2995]",8,8,True,True,PASS,
2802,2803,train/92658ab8e0bb9aa59becf54ecb0e6063.jpg,2957,2755,7,False,True,False,True,"[3, 2755, 2957]",7,7,True,True,PASS,
2803,2804,train/9273bd554f5d9340a11722070a53c65b.jpg,2517,3028,5,False,True,False,True,"[3, 3028, 2517]",5,5,True,True,PASS,
2804,2805,train/9278f10a8ff708a2cb687a2f0366ad74.jpg,2668,2963,9,False,True,False,True,"[3, 2963, 2668]",9,9,True,True,PASS,
2805,2806,train/928076ee487f027f64e040389fc91725.jpg,2304,2880,3,False,True,False,True,"[3, 2880, 2304]",3,3,True,True,PASS,
2806,2807,train/928886f988f5f5791937a0ee73ff0b25.jpg,2048,2500,3,False,True,False,True,"[3, 2500, 2048]",3,3,True,True,PASS,
2807,2808,train/9291d31a52303b92e8df393034a0a367.jpg,2048,2500,5,False,True,False,True,"[3, 2500, 2048]",5,5,True,True,PASS,
2808,2809,train/92928a912d1736877050c8c00c3dacdb.jpg,2304,2880,15,False,True,False,True,"[3, 2880, 2304]",15,15,True,True,PASS,
2809,2810,train/929cadd9346edbd600e909ce306ebfb6.jpg,2864,3088,8,False,True,False,True,"[3, 3088, 2864]",8,8,True,True,PASS,
2810,2811,train/92a7ca7a9adaf9d057f28fecec78e449.jpg,2927,3171,6,False,True,False,True,"[3, 3171, 2927]",6,6,True,True,PASS,
2811,2812,train/92c4bde91acc54147a32701d24422734.jpg,3072,3072,9,False,True,False,True,"[3, 3072, 3072]",9,9,True,True,PASS,
2812,2813,train/92c7afb7f1496f6f676fc6f079337fc8.jpg,2304,2880,6,False,True,False,True,"[3, 2880, 2304]",6,6,True,True,PASS,
2813,2814,train/92c8ef82a9059eade4fd85c649f3b1fe.jpg,2304,2880,7,False,True,False,True,"[3, 2880, 2304]",7,7,True,True,PASS,
2814,2815,train/92ddcf2c387ec3f50403371ca9997ad0.jpg,2304,2880,6,False,True,False,True,"[3, 2880, 2304]",6,6,True,True,PASS,
2815,2816,train/92e484e2051dfa000b770a6ea1e0686b.jpg,2723,3120,20,False,True,False,True,"[3, 3120, 2723]",20,20,True,True,PASS,
2816,2817,train/92e5d2d36ee724738906a15a54647d0e.jpg,2439,3360,10,False,True,False,True,"[3, 3360, 2439]",10,10,True,True,PASS,
2817,2818,train/92e79511cf61feac9fb92f92325c0a19.jpg,2752,2832,13,False,True,False,True,"[3, 2832, 2752]",13,13,True,True,PASS,
2818,2819,train/92e9e7ccc49692f0c6fa6917d7289f6f.jpg,2571,2984,23,False,True,False,True,"[3, 2984, 2571]",23,23,True,True,PASS,
2819,2820,train/92ec72f76087d45365e94f60cd667002.jpg,2540,3072,6,False,True,False,True,"[3, 3072, 2540]",6,6,True,True,PASS,
2820,2821,train/92fae85ed91d9465eb06594a89cf2697.jpg,1994,2430,0,True,True,True,True,"[3, 2430, 1994]",0,0,True,True,PASS,
2821,2822,train/9300415e9ac5678a968ea7b751c8c8ea.jpg,2304,2880,4,False,True,False,True,"[3, 2880, 2304]",4,4,True,True,PASS,
2822,2823,train/9304a2da1a0b23b779266d91a9719415.jpg,2878,3251,3,False,True,False,True,"[3, 3251, 2878]",3,3,True,True,PASS,
2823,2824,train/930659d5e9eb2e7e224255e9337b9f99.jpg,3268,3268,7,False,True,False,True,"[3, 3268, 3268]",7,7,True,True,PASS,
2824,2825,train/93067baae2937e61291bac49adb5308a.jpg,2444,2920,6,False,True,False,True,"[3, 2920, 2444]",6,6,True,True,PASS,
2825,2826,train/9306d40fe3b77bd159c6ab92c0a306c8.jpg,2304,2880,10,False,True,False,True,"[3, 2880, 2304]",10,10,True,True,PASS,
2826,2827,train/930a3d2c506f5035a1aa301b401f6fec.jpg,2208,2688,6,False,True,False,True,"[3, 2688, 2208]",6,6,True,True,PASS,
2827,2828,train/930f9da548ab53f8edd16761660c683f.jpg,2920,2668,9,False,True,False,True,"[3, 2668, 2920]",9,9,True,True,PASS,
2828,2829,train/9316b2ca577b760f2611b9d99bff7053.jpg,2304,2880,6,False,True,False,True,"[3, 2880, 2304]",6,6,True,True,PASS,
2829,2830,train/931786165c810445eff5e832421a93c4.jpg,2564,3183,8,False,True,False,True,"[3, 3183, 2564]",8,8,True,True,PASS,
2830,2831,train/931e92a65f8ec5eb009c0afa0f52e0c1.jpg,1994,2430,0,True,True,True,True,"[3, 2430, 1994]",0,0,True,True,PASS,
2831,2832,train/9340b8c8362e2734af5bf9edecf6efac.jpg,2208,2500,13,False,True,False,True,"[3, 2500, 2208]",13,13,True,True,PASS,
2832,2833,train/935a7deda5e549ec48293dea791b7c5a.jpg,2723,2929,9,False,True,False,True,"[3, 2929, 2723]",9,9,True,True,PASS,
2833,2834,train/9369d8c9b16544b4f5c2d953f972a87c.jpg,3072,3072,6,False,True,False,True,"[3, 3072, 3072]",6,6,True,True,PASS,
2834,2835,train/9378e938afe891b372d0d7a1924c7aa5.jpg,3072,3072,9,False,True,False,True,"[3, 3072, 3072]",9,9,True,True,PASS,
2835,2836,train/9385f1142a0999cae18ceb73dc804bc7.jpg,2540,3072,6,False,True,False,True,"[3, 3072, 2540]",6,6,True,True,PASS,
2836,2837,train/9390e4ee9fcf6bdba3b1f03d40bfd4d1.jpg,2304,2880,6,False,True,False,True,"[3, 2880, 2304]",6,6,True,True,PASS,
2837,2838,train/9394d988f22d6f03b220ce1b1af919ca.jpg,2304,2880,15,False,True,False,True,"[3, 2880, 2304]",15,15,True,True,PASS,
2838,2839,train/93a37385c5f53a0c3a1357f996f22555.jpg,2473,2776,10,False,True,False,True,"[3, 2776, 2473]",10,10,True,True,PASS,
2839,2840,train/93abddc3fe8d832eac4e48ef666437cd.jpg,2540,3072,7,False,True,False,True,"[3, 3072, 2540]",7,7,True,True,PASS,
2840,2841,train/93b19937892c90a3d062674c7c554765.jpg,2304,2880,4,False,True,False,True,"[3, 2880, 2304]",4,4,True,True,PASS,
2841,2842,train/93cb971f3c5504f1362de4367f9199d1.jpg,2208,2443,4,False,True,False,True,"[3, 2443, 2208]",4,4,True,True,PASS,
2842,2843,train/93d04c587467e12a828828f907adecdb.jpg,2490,2882,4,False,True,False,True,"[3, 2882, 2490]",4,4,True,True,PASS,
2843,2844,train/93ed73782bc23a0ef9c426c21982d8d7.jpg,2613,3005,15,False,True,False,True,"[3, 3005, 2613]",15,15,True,True,PASS,
2844,2845,train/93ef5877b678e69cf43fa16bbae50b93.jpg,3072,3072,7,False,True,False,True,"[3, 3072, 3072]",7,7,True,True,PASS,
2845,2846,train/942d83991819c4e1c9f10261e7e740cf.jpg,2388,2847,4,False,True,False,True,"[3, 2847, 2388]",4,4,True,True,PASS,
2846,2847,train/942df4c44fdc6ffe0111740028a25581.jpg,2691,3328,12,False,True,False,True,"[3, 3328, 2691]",12,12,True,True,PASS,
2847,2848,train/943587a46ada0ee193c60a106ac61934.jpg,2304,2880,10,False,True,False,True,"[3, 2880, 2304]",10,10,True,True,PASS,
2848,2849,train/9446be5a692accfa901d612a1e2a4c72.jpg,2844,3264,6,False,True,False,True,"[3, 3264, 2844]",6,6,True,True,PASS,
2849,2850,train/9455d586debaa57d4e592d7a1292c977.jpg,2304,2880,6,False,True,False,True,"[3, 2880, 2304]",6,6,True,True,PASS,
2850,2851,train/945b4e002f3a1cc5b5616dc54545d914.jpg,2700,3028,4,False,True,False,True,"[3, 3028, 2700]",4,4,True,True,PASS,
2851,2852,train/945dcf557d9d281b55644289c53b1039.jpg,3072,3072,3,False,True,False,True,"[3, 3072, 3072]",3,3,True,True,PASS,
2852,2853,train/945ebd66ed6b631a05e638ff88708e2f.jpg,2304,2880,9,False,True,False,True,"[3, 2880, 2304]",9,9,True,True,PASS,
2853,2854,train/947c9697bb1023635f14e326d13c55bc.jpg,2304,2880,8,False,True,False,True,"[3, 2880, 2304]",8,8,True,True,PASS,
2854,2855,train/94aacb0f4b6f837af4311cd8742bab06.jpg,2304,2880,4,False,True,False,True,"[3, 2880, 2304]",4,4,True,True,PASS,
2855,2856,train/94db14c4d9cc5b73cd4ccc12e94d566a.jpg,2642,3170,0,True,True,True,True,"[3, 3170, 2642]",0,0,True,True,PASS,
2856,2857,train/94de62dfe739e0d39da5c014bc72576f.jpg,2540,3072,7,False,True,False,True,"[3, 3072, 2540]",7,7,True,True,PASS,
2857,2858,train/94fe218b2934a56f5c5e9dbbe7c3ab98.jpg,2604,3015,0,True,True,True,True,"[3, 3015, 2604]",0,0,True,True,PASS,
2858,2859,train/951f37f1a2b9eeda8687588d6c1395f0.jpg,2369,2751,0,True,True,True,True,"[3, 2751, 2369]",0,0,True,True,PASS,
2859,2860,train/952b065c0aac9ab20a9bcc051987a00f.jpg,2304,2880,8,False,True,False,True,"[3, 2880, 2304]",8,8,True,True,PASS,
2860,2861,train/952b45e292277cdeec3873a510360fec.jpg,2472,2808,9,False,True,False,True,"[3, 2808, 2472]",9,9,True,True,PASS,
2861,2862,train/95318747e792176f2ed657e5cf0d20a9.jpg,2655,3009,3,False,True,False,True,"[3, 3009, 2655]",3,3,True,True,PASS,
2862,2863,train/95421a7356eac56ffcd4eda6ce23cfd4.jpg,2304,2880,6,False,True,False,True,"[3, 2880, 2304]",6,6,True,True,PASS,
2863,2864,train/9548c30d5cd9f5051877d7070e1dc33c.jpg,2540,3072,6,False,True,False,True,"[3, 3072, 2540]",6,6,True,True,PASS,
2864,2865,train/954984f75efe6890cfa45d0784a3a1e6.jpg,2540,3072,3,False,True,False,True,"[3, 3072, 2540]",3,3,True,True,PASS,
2865,2866,train/9550a9bd0f5a9c89b096778dee669dfc.jpg,2607,3030,0,True,True,True,True,"[3, 3030, 2607]",0,0,True,True,PASS,
2866,2867,train/955c561b6301bc98d02990faa70a5ec6.jpg,2129,2475,4,False,True,False,True,"[3, 2475, 2129]",4,4,True,True,PASS,
2867,2868,train/9589df954de68262bc380d648b0184c3.jpg,2706,2623,3,False,True,False,True,"[3, 2623, 2706]",3,3,True,True,PASS,
2868,2869,train/959612f16d4ab164853d66bde4ec1297.jpg,3072,3072,5,False,True,False,True,"[3, 3072, 3072]",5,5,True,True,PASS,
2869,2870,train/9598f874069cca35ff56d54925d35ccb.jpg,2048,2472,12,False,True,False,True,"[3, 2472, 2048]",12,12,True,True,PASS,
2870,2871,train/959cb0680fbb9779352b9e42feef7977.jpg,2510,2906,0,True,True,True,True,"[3, 2906, 2510]",0,0,True,True,PASS,
2871,2872,train/959e5d96df8e3eaa7eed10f8b0b3d08c.jpg,2407,2946,11,False,True,False,True,"[3, 2946, 2407]",11,11,True,True,PASS,
2872,2873,train/95b097144aebefbb161afb3acc62381b.jpg,2304,2880,6,False,True,False,True,"[3, 2880, 2304]",6,6,True,True,PASS,
2873,2874,train/95b32ce2a10f57629eb63830376237ca.jpg,2974,3022,9,False,True,False,True,"[3, 3022, 2974]",9,9,True,True,PASS,
2874,2875,train/95b55a69ed71d956594f754e8071f64c.jpg,3072,3072,0,True,True,True,True,"[3, 3072, 3072]",0,0,True,True,PASS,
2875,2876,train/95b5b6f29ba51deea4fe7a8848a1b250.jpg,2304,2880,3,False,True,False,True,"[3, 2880, 2304]",3,3,True,True,PASS,
2876,2877,train/95b9b32e68bfb95100cc300664f9aae5.jpg,3072,3072,13,False,True,False,True,"[3, 3072, 3072]",13,13,True,True,PASS,
2877,2878,train/95b9f6b4e21ace0ad8ec1bbcdf93060d.jpg,3072,3072,5,False,True,False,True,"[3, 3072, 3072]",5,5,True,True,PASS,
2878,2879,train/95badc82bced45380cf4275bb11d2bb9.jpg,2672,3408,3,False,True,False,True,"[3, 3408, 2672]",3,3,True,True,PASS,
2879,2880,train/95bbadf9fca1ad13b442ab060935e06c.jpg,2625,2777,7,False,True,False,True,"[3, 2777, 2625]",7,7,True,True,PASS,
2880,2881,train/95cd5503c91006be9f3c9991db2b3cf5.jpg,2104,2336,3,False,True,False,True,"[3, 2336, 2104]",3,3,True,True,PASS,
2881,2882,train/95d26610969ba722c1b4def95637e23f.jpg,2540,3072,4,False,True,False,True,"[3, 3072, 2540]",4,4,True,True,PASS,
2882,2883,train/95d3c55f3737289bc2ea761df9a0c120.jpg,2540,3072,4,False,True,False,True,"[3, 3072, 2540]",4,4,True,True,PASS,
2883,2884,train/96021af52e0a14e49058189530e7cdc3.jpg,2848,2992,3,False,True,False,True,"[3, 2992, 2848]",3,3,True,True,PASS,
2884,2885,train/96151d76b7654e7ee86045acfe659521.jpg,2540,3072,12,False,True,False,True,"[3, 3072, 2540]",12,12,True,True,PASS,
2885,2886,train/9639e6b5d6391d119e959a65b6733c24.jpg,3000,3000,0,True,True,True,True,"[3, 3000, 3000]",0,0,True,True,PASS,
2886,2887,train/963e75d60b45a08a1de456d383759167.jpg,2304,2880,6,False,True,False,True,"[3, 2880, 2304]",6,6,True,True,PASS,
2887,2888,train/9644622ee77d5894827ca63b323e704b.jpg,2636,2984,5,False,True,False,True,"[3, 2984, 2636]",5,5,True,True,PASS,
2888,2889,train/96486c2488f9b4755798099db0d54a18.jpg,3072,3072,20,False,True,False,True,"[3, 3072, 3072]",20,20,True,True,PASS,
2889,2890,train/965d2c73cfa52a84d2f432118434037e.jpg,2681,2946,12,False,True,False,True,"[3, 2946, 2681]",12,12,True,True,PASS,
2890,2891,train/966ae608783951f73244e01c1e5694d4.jpg,2540,3072,10,False,True,False,True,"[3, 3072, 2540]",10,10,True,True,PASS,
2891,2892,train/96734f3235d72a018aaef6b78391df7a.jpg,3320,2729,3,False,True,False,True,"[3, 2729, 3320]",3,3,True,True,PASS,
2892,2893,train/967f2ad4d9bd6d377127624161468188.jpg,3072,3072,9,False,True,False,True,"[3, 3072, 3072]",9,9,True,True,PASS,
2893,2894,train/968172a174cec0c1f043932fd8a4576b.jpg,2304,2880,7,False,True,False,True,"[3, 2880, 2304]",7,7,True,True,PASS,
2894,2895,train/96836e392ecca0df10f8aeac33db3c68.jpg,2003,2475,5,False,True,False,True,"[3, 2475, 2003]",5,5,True,True,PASS,
2895,2896,train/96856fd17a41d64ead800f556f369cdb.jpg,2384,2364,5,False,True,False,True,"[3, 2364, 2384]",5,5,True,True,PASS,
2896,2897,train/9696f133b6337e31d8961638df6d89af.jpg,1994,2430,0,True,True,True,True,"[3, 2430, 1994]",0,0,True,True,PASS,
2897,2898,train/969d075666dedd66f4c1c6ad0b1e7052.jpg,2304,2880,4,False,True,False,True,"[3, 2880, 2304]",4,4,True,True,PASS,
2898,2899,train/969d1591fb0b4bf7041938b6fbcfbdc8.jpg,2624,3264,10,False,True,False,True,"[3, 3264, 2624]",10,10,True,True,PASS,
2899,2900,train/96bffead32cd991447d96ab59af2ec55.jpg,2540,3072,5,False,True,False,True,"[3, 3072, 2540]",5,5,True,True,PASS,
2900,2901,train/96c522f25fae304c496697b220be49a6.jpg,3072,3072,3,False,True,False,True,"[3, 3072, 3072]",3,3,True,True,PASS,
2901,2902,train/96e6dbf6148db615d730bdc0d5d76785.jpg,2540,3072,11,False,True,False,True,"[3, 3072, 2540]",11,11,True,True,PASS,
2902,2903,train/96f334aaa1d7d9cad160e710c9965615.jpg,2048,2500,17,False,True,False,True,"[3, 2500, 2048]",17,17,True,True,PASS,
2903,2904,train/96fb81c205dcedda4f036353e4f18cdb.jpg,2304,2880,10,False,True,False,True,"[3, 2880, 2304]",10,10,True,True,PASS,
2904,2905,train/970dcfd176e4fdaaf9bcb511a82e3b70.jpg,2304,2880,9,False,True,False,True,"[3, 2880, 2304]",9,9,True,True,PASS,
2905,2906,train/9710d919aaab2bdac30900f140de109b.jpg,2536,2920,11,False,True,False,True,"[3, 2920, 2536]",11,11,True,True,PASS,
2906,2907,train/971e2965c2e5149f64be489d589dc3d0.jpg,2056,2304,5,False,True,False,True,"[3, 2304, 2056]",5,5,True,True,PASS,
2907,2908,train/972b79ab9ba7e34488c4459e43241ab4.jpg,2435,3337,7,False,True,False,True,"[3, 3337, 2435]",7,7,True,True,PASS,
2908,2909,train/972f8298395b49ef09c8faf6a04e22b0.jpg,2090,2263,5,False,True,False,True,"[3, 2263, 2090]",5,5,True,True,PASS,
2909,2910,train/974de0b950075fe57ca6587571ff09c5.jpg,2336,2836,0,True,True,True,True,"[3, 2836, 2336]",0,0,True,True,PASS,
2910,2911,train/978aac9419e5145086523be16545e55a.jpg,2336,2836,0,True,True,True,True,"[3, 2836, 2336]",0,0,True,True,PASS,
2911,2912,train/97a05a3ade68254d5163547aab61f3f4.jpg,2540,2236,5,False,True,False,True,"[3, 2236, 2540]",5,5,True,True,PASS,
2912,2913,train/97bd8561208807d003ff804d69348974.jpg,2540,3072,6,False,True,False,True,"[3, 3072, 2540]",6,6,True,True,PASS,
2913,2914,train/97bdb0096786b6ac9b5f0901cf144084.jpg,2623,3264,4,False,True,False,True,"[3, 3264, 2623]",4,4,True,True,PASS,
2914,2915,train/97bf1159c3d5a11144527bd31d2ee628.jpg,2400,2612,7,False,True,False,True,"[3, 2612, 2400]",7,7,True,True,PASS,
2915,2916,train/97e5e230f793b64aba05a318d6fdf4c4.jpg,2304,2880,15,False,True,False,True,"[3, 2880, 2304]",15,15,True,True,PASS,
2916,2917,train/97e953ca3bf93ddf8a9f9044cbdd8e7c.jpg,2828,3212,5,False,True,False,True,"[3, 3212, 2828]",5,5,True,True,PASS,
2917,2918,train/97f48290716a3cad241bf74f3ce47143.jpg,2304,2880,5,False,True,False,True,"[3, 2880, 2304]",5,5,True,True,PASS,
2918,2919,train/97fd4f6e94b84fc564ae30aec660e443.jpg,2435,2810,6,False,True,False,True,"[3, 2810, 2435]",6,6,True,True,PASS,
2919,2920,train/980030eec2892fd979adc481d9675550.jpg,2048,2500,11,False,True,False,True,"[3, 2500, 2048]",11,11,True,True,PASS,
2920,2921,train/9809f0d8f7d4654a2599c052a5b83dbd.jpg,2304,2880,13,False,True,False,True,"[3, 2880, 2304]",13,13,True,True,PASS,
2921,2922,train/980cbaa4ca9127c95c7a24cfa7b08598.jpg,2540,3072,6,False,True,False,True,"[3, 3072, 2540]",6,6,True,True,PASS,
2922,2923,train/9822d3f2c751dcc995ea4d827e63aed9.jpg,3207,3064,8,False,True,False,True,"[3, 3064, 3207]",8,8,True,True,PASS,
2923,2924,train/9823c13f2412bfef40728c2f08972b03.jpg,2590,3111,8,False,True,False,True,"[3, 3111, 2590]",8,8,True,True,PASS,
2924,2925,train/982f677d3e934cc99a7560f143b7eb49.jpg,2208,2688,6,False,True,False,True,"[3, 2688, 2208]",6,6,True,True,PASS,
2925,2926,train/9850d20ee4d2bf722154a90ae07ddff8.jpg,3000,3000,13,False,True,False,True,"[3, 3000, 3000]",13,13,True,True,PASS,
2926,2927,train/9852b93d2e984a4c427f7d14be534717.jpg,2182,2548,7,False,True,False,True,"[3, 2548, 2182]",7,7,True,True,PASS,
2927,2928,train/98553a08561599e00ebcbc603e206557.jpg,2889,2984,8,False,True,False,True,"[3, 2984, 2889]",8,8,True,True,PASS,
2928,2929,train/985aa6789515f5ad438d2384ed52cda9.jpg,2913,3310,18,False,True,False,True,"[3, 3310, 2913]",18,18,True,True,PASS,
2929,2930,train/985be77c13eb905ee8e19a45e46ab785.jpg,2154,2076,7,False,True,False,True,"[3, 2076, 2154]",7,7,True,True,PASS,
2930,2931,train/98617a2bbd11c4afa7be664889cdd6de.jpg,2619,2861,9,False,True,False,True,"[3, 2861, 2619]",9,9,True,True,PASS,
2931,2932,train/986a142a1300b3401bdeda43822ceba6.jpg,2304,2880,5,False,True,False,True,"[3, 2880, 2304]",5,5,True,True,PASS,
2932,2933,train/986cbf62313a140fc59925d613ed4332.jpg,2304,2880,6,False,True,False,True,"[3, 2880, 2304]",6,6,True,True,PASS,
2933,2934,train/9875e42950bf3e157e96b0fc8c6f4680.jpg,2304,2880,8,False,True,False,True,"[3, 2880, 2304]",8,8,True,True,PASS,
2934,2935,train/98930c53682b85b91e22c7a59cfc36fa.jpg,2394,2704,6,False,True,False,True,"[3, 2704, 2394]",6,6,True,True,PASS,
2935,2936,train/98a1266e373f6b7d51677e1d5a9a8d96.jpg,2772,2896,3,False,True,False,True,"[3, 2896, 2772]",3,3,True,True,PASS,
2936,2937,train/98b4edbf9b483c883f0a40c04ea61800.jpg,2540,3072,6,False,True,False,True,"[3, 3072, 2540]",6,6,True,True,PASS,
2937,2938,train/98cf181303375a6b877a30af28fa3bfc.jpg,2304,2880,4,False,True,False,True,"[3, 2880, 2304]",4,4,True,True,PASS,
2938,2939,train/98cfae70f256055ec24e8ba2dfd54ca6.jpg,2540,3072,6,False,True,False,True,"[3, 3072, 2540]",6,6,True,True,PASS,
2939,2940,train/98d31d7df7863752c8f85cd0be34ecc5.jpg,2304,2880,5,False,True,False,True,"[3, 2880, 2304]",5,5,True,True,PASS,
2940,2941,train/98d44861c84d532bcca874fcde5e5f42.jpg,2304,2880,6,False,True,False,True,"[3, 2880, 2304]",6,6,True,True,PASS,
2941,2942,train/98dca7e62a4f2d47455b9a275fa75a08.jpg,3020,2920,6,False,True,False,True,"[3, 2920, 3020]",6,6,True,True,PASS,
2942,2943,train/98e2d03f7e9ba87b4922b35347866fc4.jpg,3072,3072,8,False,True,False,True,"[3, 3072, 3072]",8,8,True,True,PASS,
2943,2944,train/98f00bae3d65ebcebd046c12e5b27f7c.jpg,2567,3408,12,False,True,False,True,"[3, 3408, 2567]",12,12,True,True,PASS,
2944,2945,train/98ffafc82ac9d3aec1d4d3957d0d9322.jpg,2571,2815,9,False,True,False,True,"[3, 2815, 2571]",9,9,True,True,PASS,
2945,2946,train/993adb8e17f2726e4c9bb5cb414d9de5.jpg,2600,2619,6,False,True,False,True,"[3, 2619, 2600]",6,6,True,True,PASS,
2946,2947,train/9943805f08872ab64d994fc84ff1b25d.jpg,1936,2280,16,False,True,False,True,"[3, 2280, 1936]",16,16,True,True,PASS,
2947,2948,train/995533127aa50c3b1a64829055850319.jpg,2016,2320,6,False,True,False,True,"[3, 2320, 2016]",6,6,True,True,PASS,
2948,2949,train/996cf9196ebda9f2b449e2ec38ac17c4.jpg,2382,2382,3,False,True,False,True,"[3, 2382, 2382]",3,3,True,True,PASS,
2949,2950,train/997230116fa99fe2335a4524899ea08d.jpg,2528,2716,5,False,True,False,True,"[3, 2716, 2528]",5,5,True,True,PASS,
2950,2951,train/997a190cf3302633937a80eff6c65459.jpg,2304,2880,6,False,True,False,True,"[3, 2880, 2304]",6,6,True,True,PASS,
2951,2952,train/997fca43b97287e53c551c3d4753edcb.jpg,2048,2500,5,False,True,False,True,"[3, 2500, 2048]",5,5,True,True,PASS,
2952,2953,train/999612f847684578b1fdcf2d9d4d4994.jpg,2592,3100,17,False,True,False,True,"[3, 3100, 2592]",17,17,True,True,PASS,
2953,2954,train/99b6a685b8c3992e218834b8777e0ce1.jpg,2304,2880,4,False,True,False,True,"[3, 2880, 2304]",4,4,True,True,PASS,
2954,2955,train/99bac8deff3eb3beb9479e0c080940f7.jpg,2304,2880,0,True,True,True,True,"[3, 2880, 2304]",0,0,True,True,PASS,
2955,2956,train/99c5019992434f96249d79326a472b05.jpg,2656,3152,6,False,True,False,True,"[3, 3152, 2656]",6,6,True,True,PASS,
2956,2957,train/99f45d9953ae4d119bdac3987dffb676.jpg,2496,3108,5,False,True,False,True,"[3, 3108, 2496]",5,5,True,True,PASS,
2957,2958,train/9a080db6a1a2ceca36947cebd0367514.jpg,2688,3068,5,False,True,False,True,"[3, 3068, 2688]",5,5,True,True,PASS,
2958,2959,train/9a103f2f70e89e234d5aca1a4535329b.jpg,2984,3264,6,False,True,False,True,"[3, 3264, 2984]",6,6,True,True,PASS,
2959,2960,train/9a10974aa0dabf26fb1b8a7d85cafedc.jpg,2304,2880,24,False,True,False,True,"[3, 2880, 2304]",24,24,True,True,PASS,
2960,2961,train/9a1781dd524b50ec31f94c184bbb6b4c.jpg,3072,3072,5,False,True,False,True,"[3, 3072, 3072]",5,5,True,True,PASS,
2961,2962,train/9a1a909b3cc2641976339609258c1b04.jpg,2589,2581,6,False,True,False,True,"[3, 2581, 2589]",6,6,True,True,PASS,
2962,2963,train/9a2d123a36eea730440d44f430ad2951.jpg,2304,2880,4,False,True,False,True,"[3, 2880, 2304]",4,4,True,True,PASS,
2963,2964,train/9a321e5a866cee9e943cf5f3684de512.jpg,3072,3072,11,False,True,False,True,"[3, 3072, 3072]",11,11,True,True,PASS,
2964,2965,train/9a3d018df521eaab6b4eec203a19970b.jpg,2304,2880,14,False,True,False,True,"[3, 2880, 2304]",14,14,True,True,PASS,
2965,2966,train/9a44147b1b764d0cbd57a317bd22e48c.jpg,3320,2610,4,False,True,False,True,"[3, 2610, 3320]",4,4,True,True,PASS,
2966,2967,train/9a5094b2563a1ef3ff50dc5c7ff71345.jpg,2080,2336,6,False,True,False,True,"[3, 2336, 2080]",6,6,True,True,PASS,
2967,2968,train/9a51be5f7bf1078ac8972a14de31c515.jpg,2834,2589,5,False,True,False,True,"[3, 2589, 2834]",5,5,True,True,PASS,
2968,2969,train/9a6377016b455cd0f2b6e64bf1af6cc7.jpg,2048,2500,4,False,True,False,True,"[3, 2500, 2048]",4,4,True,True,PASS,
2969,2970,train/9a65d343df43c00deb1838098495b672.jpg,2048,2500,6,False,True,False,True,"[3, 2500, 2048]",6,6,True,True,PASS,
2970,2971,train/9a6ef2893ef45236c5eb1141db74c9aa.jpg,2048,2500,6,False,True,False,True,"[3, 2500, 2048]",6,6,True,True,PASS,
2971,2972,train/9a7decacad5d692b7c6b7253217fc770.jpg,2540,3072,3,False,True,False,True,"[3, 3072, 2540]",3,3,True,True,PASS,
2972,2973,train/9a8dbd52534ed67ccc9144ba1b43d185.jpg,2304,2880,6,False,True,False,True,"[3, 2880, 2304]",6,6,True,True,PASS,
2973,2974,train/9b00eeaa317747fe5d908526e1268393.jpg,2596,2720,4,False,True,False,True,"[3, 2720, 2596]",4,4,True,True,PASS,
2974,2975,train/9b091aa027eeb034fc8fe803692028a0.jpg,1864,2128,10,False,True,False,True,"[3, 2128, 1864]",10,10,True,True,PASS,
2975,2976,train/9b1034893f70d565ab25e7c3aedb3ff7.jpg,2184,2248,6,False,True,False,True,"[3, 2248, 2184]",6,6,True,True,PASS,
2976,2977,train/9b12521fa480b7872a66995a796f03e5.jpg,3072,3072,8,False,True,False,True,"[3, 3072, 3072]",8,8,True,True,PASS,
2977,2978,train/9b1d076abcb937c2e19f7c2e10dbcbc0.jpg,2189,2552,16,False,True,False,True,"[3, 2552, 2189]",16,16,True,True,PASS,
2978,2979,train/9b1e8c3a5bce9d3c3f9e7c6394289c67.jpg,2048,2500,4,False,True,False,True,"[3, 2500, 2048]",4,4,True,True,PASS,
2979,2980,train/9b294ef55b60d28d047089d91a1ca502.jpg,2676,2844,4,False,True,False,True,"[3, 2844, 2676]",4,4,True,True,PASS,
2980,2981,train/9b389242ffe5059b705ee8f5aac00bd5.jpg,3072,3072,8,False,True,False,True,"[3, 3072, 3072]",8,8,True,True,PASS,
2981,2982,train/9b44eddd5b59cd65d92366f27290d949.jpg,2970,2916,5,False,True,False,True,"[3, 2916, 2970]",5,5,True,True,PASS,
2982,2983,train/9b962decc3b730467e74a8fbfaa0d953.jpg,2304,2880,7,False,True,False,True,"[3, 2880, 2304]",7,7,True,True,PASS,
2983,2984,train/9b9c8cc2a7eb9c66f77432e677f7fdb5.jpg,2858,3139,11,False,True,False,True,"[3, 3139, 2858]",11,11,True,True,PASS,
2984,2985,train/9b9f47628be6a48ddb41aec8ba39b454.jpg,2208,2688,14,False,True,False,True,"[3, 2688, 2208]",14,14,True,True,PASS,
2985,2986,train/9b9fafab95a68b7dd80a22f337245a93.jpg,2517,3028,13,False,True,False,True,"[3, 3028, 2517]",13,13,True,True,PASS,
2986,2987,train/9bb8bb42168a8ce95a57d818bc23b112.jpg,2304,2880,8,False,True,False,True,"[3, 2880, 2304]",8,8,True,True,PASS,
2987,2988,train/9bc4efab79fda2c8d0c4fe352979d35f.jpg,1994,2430,0,True,True,True,True,"[3, 2430, 1994]",0,0,True,True,PASS,
2988,2989,train/9bc7f47f5e3d9cb135278aa09a42ff3a.jpg,2642,3170,0,True,True,True,True,"[3, 3170, 2642]",0,0,True,True,PASS,
2989,2990,train/9c12e58f5fd540a5b5457f9014e83479.jpg,2304,2880,4,False,True,False,True,"[3, 2880, 2304]",4,4,True,True,PASS,
2990,2991,train/9c17e04426811c66677c1a9b480d1a51.jpg,2757,3107,4,False,True,False,True,"[3, 3107, 2757]",4,4,True,True,PASS,
2991,2992,train/9c314e403d3e6e3ed09e79a57019f9ad.jpg,2345,2492,5,False,True,False,True,"[3, 2492, 2345]",5,5,True,True,PASS,
2992,2993,train/9c3e095779134703dfd7b263d71b44f4.jpg,3101,2831,8,False,True,False,True,"[3, 2831, 3101]",8,8,True,True,PASS,
2993,2994,train/9c41221ce46d36fc44d140e21c3f3da7.jpg,2813,3103,9,False,True,False,True,"[3, 3103, 2813]",9,9,True,True,PASS,
2994,2995,train/9c5b6aec6d12a963522ae5b333f612d1.jpg,2617,2963,3,False,True,False,True,"[3, 2963, 2617]",3,3,True,True,PASS,
2995,2996,train/9c6b55a1b4fe76943377f346658b5da5.jpg,2452,3116,4,False,True,False,True,"[3, 3116, 2452]",4,4,True,True,PASS,
2996,2997,train/9c83d9f88170cd38f7bca54fe27dc48a.jpg,2688,2208,14,False,True,False,True,"[3, 2208, 2688]",14,14,True,True,PASS,
2997,2998,train/9c89004f6827ca42cc151098ce8bd986.jpg,2279,2337,3,False,True,False,True,"[3, 2337, 2279]",3,3,True,True,PASS,
2998,2999,train/9c9d6d92f17ef2b3145ad8743e11b194.jpg,2656,3120,6,False,True,False,True,"[3, 3120, 2656]",6,6,True,True,PASS,
2999,3000,train/9c9f556eea533f066368e0f4a452bee7.jpg,2381,2710,13,False,True,False,True,"[3, 2710, 2381]",13,13,True,True,PASS,
3000,3001,train/9ca2725b69db57ebc2df26a7da70affb.jpg,2350,2835,9,False,True,False,True,"[3, 2835, 2350]",9,9,True,True,PASS,
3001,3002,train/9ca6f4d20348cea6a7efa90deeff2639.jpg,2520,3032,3,False,True,False,True,"[3, 3032, 2520]",3,3,True,True,PASS,
3002,3003,train/9ca97574cdfcbcd1db8ba2fb76e2dd34.jpg,2304,2880,5,False,True,False,True,"[3, 2880, 2304]",5,5,True,True,PASS,
3003,3004,train/9caac1a690115767b3d4f97702f571d2.jpg,2016,2360,7,False,True,False,True,"[3, 2360, 2016]",7,7,True,True,PASS,
3004,3005,train/9cb5ed4b6f4a25b2ac497159f7b1b82b.jpg,2304,2880,4,False,True,False,True,"[3, 2880, 2304]",4,4,True,True,PASS,
3005,3006,train/9ccdadb18e6a8c9c2459768eaaa2893b.jpg,3072,3072,0,True,True,True,True,"[3, 3072, 3072]",0,0,True,True,PASS,
3006,3007,train/9ce4169ac820450d4a18f4d9d33d40f1.jpg,2540,3072,4,False,True,False,True,"[3, 3072, 2540]",4,4,True,True,PASS,
3007,3008,train/9ce5d86c2dcaacd045d5f52587e41247.jpg,3072,3072,6,False,True,False,True,"[3, 3072, 3072]",6,6,True,True,PASS,
3008,3009,train/9d094c16cc0afb04940a651298d12dcc.jpg,3072,3072,0,True,True,True,True,"[3, 3072, 3072]",0,0,True,True,PASS,
3009,3010,train/9d25a49dcfd33a593605da5b2cecfe2b.jpg,2336,2836,0,True,True,True,True,"[3, 2836, 2336]",0,0,True,True,PASS,
3010,3011,train/9d2c6d2e55ac8c64f264087ccc48187a.jpg,2540,3072,3,False,True,False,True,"[3, 3072, 2540]",3,3,True,True,PASS,
3011,3012,train/9d2c9f496cedde3fe7a38080bf9b65c3.jpg,2647,3018,3,False,True,False,True,"[3, 3018, 2647]",3,3,True,True,PASS,
3012,3013,train/9d366d706dc228d1721d3f16b139221f.jpg,2304,2880,6,False,True,False,True,"[3, 2880, 2304]",6,6,True,True,PASS,
3013,3014,train/9d41ae882fa21638f67228ff85cb05ab.jpg,2936,3056,19,False,True,False,True,"[3, 3056, 2936]",19,19,True,True,PASS,
3014,3015,train/9d42c5942895afd3391a8fb93a3991a8.jpg,2580,2824,0,True,True,True,True,"[3, 2824, 2580]",0,0,True,True,PASS,
3015,3016,train/9d4654c4c7def98196c0f8f14277ec7c.jpg,2540,3072,17,False,True,False,True,"[3, 3072, 2540]",17,17,True,True,PASS,
3016,3017,train/9d66132dc1a3e262df38c3ad25626a00.jpg,2653,2627,8,False,True,False,True,"[3, 2627, 2653]",8,8,True,True,PASS,
3017,3018,train/9d740f84910f8b7f0bfb870f8f4ad8b1.jpg,2724,2656,10,False,True,False,True,"[3, 2656, 2724]",10,10,True,True,PASS,
3018,3019,train/9d839a52c0fc61167a2f95ae6f7ee5ad.jpg,2594,2805,5,False,True,False,True,"[3, 2805, 2594]",5,5,True,True,PASS,
3019,3020,train/9d8cf27d445accf16f4c577c3f05b2b3.jpg,2304,2880,7,False,True,False,True,"[3, 2880, 2304]",7,7,True,True,PASS,
3020,3021,train/9d9caa9e06ec349f19f871e3fe2f343a.jpg,2688,2208,13,False,True,False,True,"[3, 2208, 2688]",13,13,True,True,PASS,
3021,3022,train/9da65d59721d58bd125a4fc94b6ffec6.jpg,2304,2880,8,False,True,False,True,"[3, 2880, 2304]",8,8,True,True,PASS,
3022,3023,train/9dba466530505c0992a5bb874ffc90ee.jpg,2548,2722,0,True,True,True,True,"[3, 2722, 2548]",0,0,True,True,PASS,
3023,3024,train/9dc06dc651df290e2f3cd30ac1513c7e.jpg,2642,3170,0,True,True,True,True,"[3, 3170, 2642]",0,0,True,True,PASS,
3024,3025,train/9dc2037ca1424465db0c4fe2972767f0.jpg,2462,3139,9,False,True,False,True,"[3, 3139, 2462]",9,9,True,True,PASS,
3025,3026,train/9dda26bc7998dba2e4d8592801138fad.jpg,2632,2916,5,False,True,False,True,"[3, 2916, 2632]",5,5,True,True,PASS,
3026,3027,train/9de44540163b68efbaae0d0c2b704b4a.jpg,3072,3072,4,False,True,False,True,"[3, 3072, 3072]",4,4,True,True,PASS,
3027,3028,train/9def018e27028f4b11403cd6ad0d4691.jpg,2511,2559,3,False,True,False,True,"[3, 2559, 2511]",3,3,True,True,PASS,
3028,3029,train/9def44a5c7f43c29e24752e03add7809.jpg,3072,3072,10,False,True,False,True,"[3, 3072, 3072]",10,10,True,True,PASS,
3029,3030,train/9df340dc63bb0f9c185f2d019cd533a8.jpg,2838,3217,19,False,True,False,True,"[3, 3217, 2838]",19,19,True,True,PASS,
3030,3031,train/9df823bdb8130ffcea2bee7544a0db94.jpg,2218,2266,7,False,True,False,True,"[3, 2266, 2218]",7,7,True,True,PASS,
3031,3032,train/9dfc32d8ff0e7a5b65dcda7fc2899881.jpg,2048,2500,3,False,True,False,True,"[3, 2500, 2048]",3,3,True,True,PASS,
3032,3033,train/9e03a12bdc2f03b99a92662e992ea810.jpg,2772,2368,6,False,True,False,True,"[3, 2368, 2772]",6,6,True,True,PASS,
3033,3034,train/9e104788d948797f70790dce9067c277.jpg,3000,3000,3,False,True,False,True,"[3, 3000, 3000]",3,3,True,True,PASS,
3034,3035,train/9e15afcba3bac18db3bb491b546792d4.jpg,3072,3072,5,False,True,False,True,"[3, 3072, 3072]",5,5,True,True,PASS,
3035,3036,train/9e394247ba5019ad6430530f0133bb68.jpg,2783,3222,4,False,True,False,True,"[3, 3222, 2783]",4,4,True,True,PASS,
3036,3037,train/9e4494bb24faf76970a1116cda4da0fc.jpg,2311,2574,0,True,True,True,True,"[3, 2574, 2311]",0,0,True,True,PASS,
3037,3038,train/9e4888894ce1958ed9367866eaa9cb79.jpg,2080,2416,3,False,True,False,True,"[3, 2416, 2080]",3,3,True,True,PASS,
3038,3039,train/9e4f8b07c7cfc2e3be4481e8f3507108.jpg,2214,2592,0,True,True,True,True,"[3, 2592, 2214]",0,0,True,True,PASS,
3039,3040,train/9e63db3c1b443ca561e426b798096b8f.jpg,2333,2683,8,False,True,False,True,"[3, 2683, 2333]",8,8,True,True,PASS,
3040,3041,train/9e6b3b14058606fadddc95950f8b8e3b.jpg,2381,2292,8,False,True,False,True,"[3, 2292, 2381]",8,8,True,True,PASS,
3041,3042,train/9e886934e6ac2d1b15603e91690b97ca.jpg,2540,3072,4,False,True,False,True,"[3, 3072, 2540]",4,4,True,True,PASS,
3042,3043,train/9e90a23fb8d5ce13eb766d538afcafea.jpg,3072,3072,13,False,True,False,True,"[3, 3072, 3072]",13,13,True,True,PASS,
3043,3044,train/9e952e4a222f3b3e022f0e0815ce9b02.jpg,2800,3264,13,False,True,False,True,"[3, 3264, 2800]",13,13,True,True,PASS,
3044,3045,train/9e9cc9d084546cb6d7f7ddba63411a81.jpg,2504,2615,17,False,True,False,True,"[3, 2615, 2504]",17,17,True,True,PASS,
3045,3046,train/9ea6802588a0cf35c44631bf01f9bd7f.jpg,2700,3264,12,False,True,False,True,"[3, 3264, 2700]",12,12,True,True,PASS,
3046,3047,train/9eb4fa8a29bcdd4fbede7c391589a42d.jpg,2652,3408,0,True,True,True,True,"[3, 3408, 2652]",0,0,True,True,PASS,
3047,3048,train/9eb64584567f0c8e31e0dfcedd137aea.jpg,2048,2500,8,False,True,False,True,"[3, 2500, 2048]",8,8,True,True,PASS,
3048,3049,train/9eba0d101f410f9cdfae46cb094ae2a6.jpg,2540,3072,11,False,True,False,True,"[3, 3072, 2540]",11,11,True,True,PASS,
3049,3050,train/9ed1f91369552618456da255b02820b3.jpg,3072,3072,4,False,True,False,True,"[3, 3072, 3072]",4,4,True,True,PASS,
3050,3051,train/9eeacc3c99e0b295f3e0ab1c6e8d66fd.jpg,2304,2880,4,False,True,False,True,"[3, 2880, 2304]",4,4,True,True,PASS,
3051,3052,train/9ef084b09e407e4f8f00932602d1a88d.jpg,3320,2844,8,False,True,False,True,"[3, 2844, 3320]",8,8,True,True,PASS,
3052,3053,train/9ef2c06481a9e65d71e6743d04217462.jpg,1954,2543,10,False,True,False,True,"[3, 2543, 1954]",10,10,True,True,PASS,
3053,3054,train/9f143122da6e0f80e97ebc5c32af11ed.jpg,2304,2880,6,False,True,False,True,"[3, 2880, 2304]",6,6,True,True,PASS,
3054,3055,train/9f1bdd6de55cf175cd65c01aed55ff12.jpg,2585,2992,13,False,True,False,True,"[3, 2992, 2585]",13,13,True,True,PASS,
3055,3056,train/9f2360f56f61751a254678ec0adbc77d.jpg,2620,2724,9,False,True,False,True,"[3, 2724, 2620]",9,9,True,True,PASS,
3056,3057,train/9f29889356a03cac6cdb9601b37b3918.jpg,2048,2500,3,False,True,False,True,"[3, 2500, 2048]",3,3,True,True,PASS,
3057,3058,train/9f329a8c05ac45949b43e6626efdb8d0.jpg,2048,2500,8,False,True,False,True,"[3, 2500, 2048]",8,8,True,True,PASS,
3058,3059,train/9f3b91a14738c8cb5ac655fdb40bdb9b.jpg,2048,2500,6,False,True,False,True,"[3, 2500, 2048]",6,6,True,True,PASS,
3059,3060,train/9f3cd35d1e478da2bac4bf5afd1153c0.jpg,2621,2703,5,False,True,False,True,"[3, 2703, 2621]",5,5,True,True,PASS,
3060,3061,train/9f79612cb768f8fa50a6cb22e4e38a2a.jpg,2222,2659,4,False,True,False,True,"[3, 2659, 2222]",4,4,True,True,PASS,
3061,3062,train/9f7a76f14e777ed53606a7d6d3ef3890.jpg,2048,2016,10,False,True,False,True,"[3, 2016, 2048]",10,10,True,True,PASS,
3062,3063,train/9f8ad1b404295f6c9951bcfe9e2da754.jpg,3072,3072,5,False,True,False,True,"[3, 3072, 3072]",5,5,True,True,PASS,
3063,3064,train/9f99a143df8874d1e5320ebbbae6040c.jpg,3072,3072,0,True,True,True,True,"[3, 3072, 3072]",0,0,True,True,PASS,
3064,3065,train/9f9ab4b3170b84ec04b006d522114f24.jpg,2521,2610,6,False,True,False,True,"[3, 2610, 2521]",6,6,True,True,PASS,
3065,3066,train/9f9c6cde56f7e1b36c94f6d72fe0a2f3.jpg,2208,2688,12,False,True,False,True,"[3, 2688, 2208]",12,12,True,True,PASS,
3066,3067,train/9fa07ce40365c2c37f75ba3a5486b8c6.jpg,2064,2056,12,False,True,False,True,"[3, 2056, 2064]",12,12,True,True,PASS,
3067,3068,train/9fb8448d2d7ce8d93e129a16906074e3.jpg,2389,2385,0,True,True,True,True,"[3, 2385, 2389]",0,0,True,True,PASS,
3068,3069,train/9fccf640c41b789bef11c3437045436d.jpg,2380,3012,3,False,True,False,True,"[3, 3012, 2380]",3,3,True,True,PASS,
3069,3070,train/9fd12d311ea007b2cd5b6f0973dbc6de.jpg,2600,2539,3,False,True,False,True,"[3, 2539, 2600]",3,3,True,True,PASS,
3070,3071,train/9fd7ae7f030dbd0185a3984704dcdc5d.jpg,2048,2500,4,False,True,False,True,"[3, 2500, 2048]",4,4,True,True,PASS,
3071,3072,train/9fd7f8bc66d606ffee290028c4d5d1f3.jpg,2265,2930,13,False,True,False,True,"[3, 2930, 2265]",13,13,True,True,PASS,
3072,3073,train/9feaa80fe5166e87af68fcab302c7ae6.jpg,2642,3170,0,True,True,True,True,"[3, 3170, 2642]",0,0,True,True,PASS,
3073,3074,train/9fed2e6b4943fd575a7a91456c8c899e.jpg,2551,2914,5,False,True,False,True,"[3, 2914, 2551]",5,5,True,True,PASS,
3074,3075,train/9ff3dfd4bd748b3a368d9d97e3637339.jpg,2540,3072,6,False,True,False,True,"[3, 3072, 2540]",6,6,True,True,PASS,
3075,3076,train/a01c58a18c2382adada9aea189097614.jpg,2040,2368,6,False,True,False,True,"[3, 2368, 2040]",6,6,True,True,PASS,
3076,3077,train/a040343977edb13d15604e5e3c125e59.jpg,2048,2500,5,False,True,False,True,"[3, 2500, 2048]",5,5,True,True,PASS,
3077,3078,train/a07064273b3f1112655970e8326f25df.jpg,2691,3408,9,False,True,False,True,"[3, 3408, 2691]",9,9,True,True,PASS,
3078,3079,train/a077f8b8a0f82348128918516eacff8a.jpg,3072,3072,4,False,True,False,True,"[3, 3072, 3072]",4,4,True,True,PASS,
3079,3080,train/a083b9235a837f1f0171174a00ea538c.jpg,3000,3000,0,True,True,True,True,"[3, 3000, 3000]",0,0,True,True,PASS,
3080,3081,train/a091c439300eaff4c79f0a82d343a369.jpg,2304,2880,6,False,True,False,True,"[3, 2880, 2304]",6,6,True,True,PASS,
3081,3082,train/a0a6050fdda9f59eff1ca6a197883fcb.jpg,2304,2880,11,False,True,False,True,"[3, 2880, 2304]",11,11,True,True,PASS,
3082,3083,train/a0e08352d5127c4654a6f563899fd901.jpg,3072,3072,9,False,True,False,True,"[3, 3072, 3072]",9,9,True,True,PASS,
3083,3084,train/a0ed62efc8bf9e5053d18e250390b96d.jpg,2048,2500,8,False,True,False,True,"[3, 2500, 2048]",8,8,True,True,PASS,
3084,3085,train/a0f0fba4ab530612f91852ff0fee4f1a.jpg,1976,2480,3,False,True,False,True,"[3, 2480, 1976]",3,3,True,True,PASS,
3085,3086,train/a0f8199197edd3488950b47b3db6646b.jpg,2304,2880,12,False,True,False,True,"[3, 2880, 2304]",12,12,True,True,PASS,
3086,3087,train/a1058b4368a7e3d945757f218393baf9.jpg,3072,3072,11,False,True,False,True,"[3, 3072, 3072]",11,11,True,True,PASS,
3087,3088,train/a1099e200fda2e6dc8c80d691fc6e70d.jpg,2609,2517,7,False,True,False,True,"[3, 2517, 2609]",7,7,True,True,PASS,
3088,3089,train/a1134e92282815efb505a93105083393.jpg,2520,3032,20,False,True,False,True,"[3, 3032, 2520]",20,20,True,True,PASS,
3089,3090,train/a1375f9466915186308ef31e0766db3f.jpg,2411,2658,10,False,True,False,True,"[3, 2658, 2411]",10,10,True,True,PASS,
3090,3091,train/a137951bfa9be68fec6cb6ef0a679d20.jpg,3072,3072,15,False,True,False,True,"[3, 3072, 3072]",15,15,True,True,PASS,
3091,3092,train/a153495b8f21f9c8a56d3489c513d721.jpg,2732,3141,9,False,True,False,True,"[3, 3141, 2732]",9,9,True,True,PASS,
3092,3093,train/a1720873fde30e8b3dab6b5157e58e70.jpg,2048,2500,6,False,True,False,True,"[3, 2500, 2048]",6,6,True,True,PASS,
3093,3094,train/a18a90445d328302a6dc46ca43917e4a.jpg,2636,2876,8,False,True,False,True,"[3, 2876, 2636]",8,8,True,True,PASS,
3094,3095,train/a18d88dbf60435ac196dbcdc512115c7.jpg,2576,3036,7,False,True,False,True,"[3, 3036, 2576]",7,7,True,True,PASS,
3095,3096,train/a18dee563cbdaa4a85594968f8678b84.jpg,2336,2836,0,True,True,True,True,"[3, 2836, 2336]",0,0,True,True,PASS,
3096,3097,train/a1af684b8e0ce8e5cd4223881451a5af.jpg,1994,2430,0,True,True,True,True,"[3, 2430, 1994]",0,0,True,True,PASS,
3097,3098,train/a1c5f6de8dea1889fbe3542682a5a4c4.jpg,2540,3072,4,False,True,False,True,"[3, 3072, 2540]",4,4,True,True,PASS,
3098,3099,train/a1d1cbb23e3efdbbbcfccc03e9624356.jpg,2122,2533,0,True,True,True,True,"[3, 2533, 2122]",0,0,True,True,PASS,
3099,3100,train/a1df46be5ace1fcd65a304d44f83a1a6.jpg,2517,3028,5,False,True,False,True,"[3, 3028, 2517]",5,5,True,True,PASS,
3100,3101,train/a1e4301af829e773b3b56870a60fa750.jpg,1872,2256,7,False,True,False,True,"[3, 2256, 1872]",7,7,True,True,PASS,
3101,3102,train/a1e8167621dbbff8f8bf5714e43fd188.jpg,3000,3000,3,False,True,False,True,"[3, 3000, 3000]",3,3,True,True,PASS,
3102,3103,train/a240c258ffa22652149f1e08d4237d04.jpg,2644,2581,5,False,True,False,True,"[3, 2581, 2644]",5,5,True,True,PASS,
3103,3104,train/a2480b9f63cc65e052dc0b9ad19c866e.jpg,2048,2656,12,False,True,False,True,"[3, 2656, 2048]",12,12,True,True,PASS,
3104,3105,train/a24f6e745dea4cfb8c3a31aa084650f7.jpg,2744,2476,6,False,True,False,True,"[3, 2476, 2744]",6,6,True,True,PASS,
3105,3106,train/a2509450b933cc298fbc4f25ed31baba.jpg,2540,3072,8,False,True,False,True,"[3, 3072, 2540]",8,8,True,True,PASS,
3106,3107,train/a2511b7d5a4657b9b161d7c3e69587ae.jpg,2304,2880,11,False,True,False,True,"[3, 2880, 2304]",11,11,True,True,PASS,
3107,3108,train/a257e58a06d3267edc82453ae093ac97.jpg,2628,3032,11,False,True,False,True,"[3, 3032, 2628]",11,11,True,True,PASS,
3108,3109,train/a2a58a1645b852dc7bf03f703940163d.jpg,2304,2880,4,False,True,False,True,"[3, 2880, 2304]",4,4,True,True,PASS,
3109,3110,train/a2a8071358cf2858d45596364fd4ec85.jpg,3063,3408,8,False,True,False,True,"[3, 3408, 3063]",8,8,True,True,PASS,
3110,3111,train/a2c6dd0cabc2fc70fbb1cf2dac50d11c.jpg,3268,3268,16,False,True,False,True,"[3, 3268, 3268]",16,16,True,True,PASS,
3111,3112,train/a2ca3716b1e7923e5f8e0fc6f8200509.jpg,2540,3072,10,False,True,False,True,"[3, 3072, 2540]",10,10,True,True,PASS,
3112,3113,train/a2ca9713ed2b4fb5632aa8647769c1a6.jpg,2304,2880,7,False,True,False,True,"[3, 2880, 2304]",7,7,True,True,PASS,
3113,3114,train/a2d8804d3d08a2afb75dd9e6fbb53010.jpg,2304,2880,23,False,True,False,True,"[3, 2880, 2304]",23,23,True,True,PASS,
3114,3115,train/a2de4d532410b97fe4080e096ca6010d.jpg,2304,2880,12,False,True,False,True,"[3, 2880, 2304]",12,12,True,True,PASS,
3115,3116,train/a2ef60f418b8518fc372b7c333f8a5c3.jpg,2808,2788,6,False,True,False,True,"[3, 2788, 2808]",6,6,True,True,PASS,
3116,3117,train/a302f45dd2d8b7b698c3ce3121cb7cfc.jpg,2634,3035,6,False,True,False,True,"[3, 3035, 2634]",6,6,True,True,PASS,
3117,3118,train/a30e54c94c56cf1448eb8f3921a40e15.jpg,3072,3072,5,False,True,False,True,"[3, 3072, 3072]",5,5,True,True,PASS,
3118,3119,train/a3106645d9ff642b102c1fae08356865.jpg,2851,2746,8,False,True,False,True,"[3, 2746, 2851]",8,8,True,True,PASS,
3119,3120,train/a3138b15692cfedc5a35d1bf5314616e.jpg,2948,3009,20,False,True,False,True,"[3, 3009, 2948]",20,20,True,True,PASS,
3120,3121,train/a31e14af6336413d69a6920a6c04fc20.jpg,2608,2488,7,False,True,False,True,"[3, 2488, 2608]",7,7,True,True,PASS,
3121,3122,train/a31fef91832012791b0a749471e37159.jpg,2048,2500,4,False,True,False,True,"[3, 2500, 2048]",4,4,True,True,PASS,
3122,3123,train/a330d6606525415c5e462b9e13ca8452.jpg,2796,3035,7,False,True,False,True,"[3, 3035, 2796]",7,7,True,True,PASS,
3123,3124,train/a33cd2473556d2cdfd77ba3d2fa78349.jpg,2414,2825,3,False,True,False,True,"[3, 2825, 2414]",3,3,True,True,PASS,
3124,3125,train/a340f6b48cac7f561fd07809cb4bed96.jpg,2619,3277,4,False,True,False,True,"[3, 3277, 2619]",4,4,True,True,PASS,
3125,3126,train/a3411581087b63a70a2bdba24e55ff4e.jpg,2048,2500,15,False,True,False,True,"[3, 2500, 2048]",15,15,True,True,PASS,
3126,3127,train/a36676c626033075ddd0487e29489cc2.jpg,2493,3120,6,False,True,False,True,"[3, 3120, 2493]",6,6,True,True,PASS,
3127,3128,train/a3942b8f01dd54858add21b966d3986e.jpg,2332,2836,6,False,True,False,True,"[3, 2836, 2332]",6,6,True,True,PASS,
3128,3129,train/a398135fec0dd0d8239d5b6d8d24454b.jpg,2048,2500,3,False,True,False,True,"[3, 2500, 2048]",3,3,True,True,PASS,
3129,3130,train/a3ca1ceec50e701e7f1a5d09a7827ee4.jpg,3072,3072,4,False,True,False,True,"[3, 3072, 3072]",4,4,True,True,PASS,
3130,3131,train/a3d5137d2817fa1a7497352d16b31b20.jpg,2445,2534,4,False,True,False,True,"[3, 2534, 2445]",4,4,True,True,PASS,
3131,3132,train/a3dcbf04ea4cf926b6efb6ac526d5ff9.jpg,2048,2500,9,False,True,False,True,"[3, 2500, 2048]",9,9,True,True,PASS,
3132,3133,train/a3ddfa552c6cd137bf46a5db89f5a2ce.jpg,3072,3072,6,False,True,False,True,"[3, 3072, 3072]",6,6,True,True,PASS,
3133,3134,train/a3edf89d922032beef7cf3484ab9fe54.jpg,2304,2880,6,False,True,False,True,"[3, 2880, 2304]",6,6,True,True,PASS,
3134,3135,train/a3f5ac68c8d1b1805be21f18c47fc186.jpg,2842,3072,8,False,True,False,True,"[3, 3072, 2842]",8,8,True,True,PASS,
3135,3136,train/a40a4c976a48e21acd6a2cd3d71cac4f.jpg,2048,2500,6,False,True,False,True,"[3, 2500, 2048]",6,6,True,True,PASS,
3136,3137,train/a43d700412de5ab25b800bd283e1baa2.jpg,2048,2500,5,False,True,False,True,"[3, 2500, 2048]",5,5,True,True,PASS,
3137,3138,train/a43f966e46d3da7816d35145890ad03d.jpg,2304,2880,5,False,True,False,True,"[3, 2880, 2304]",5,5,True,True,PASS,
3138,3139,train/a45407e8b1daab75a1217b65de60c29d.jpg,2873,3137,8,False,True,False,True,"[3, 3137, 2873]",8,8,True,True,PASS,
3139,3140,train/a458bca92aaba1cea1793c8e1cfde5f3.jpg,2304,2880,19,False,True,False,True,"[3, 2880, 2304]",19,19,True,True,PASS,
3140,3141,train/a47a8dbe0f480f7ce3abfb0b9d880afa.jpg,2048,2500,5,False,True,False,True,"[3, 2500, 2048]",5,5,True,True,PASS,
3141,3142,train/a48969d2e8f19426f60949458d6fa1b8.jpg,3046,3124,3,False,True,False,True,"[3, 3124, 3046]",3,3,True,True,PASS,
3142,3143,train/a48b09b94137d7500ba23cfc72c990fa.jpg,2547,3031,9,False,True,False,True,"[3, 3031, 2547]",9,9,True,True,PASS,
3143,3144,train/a4a33bef990b7fac8876f44f26b06bbb.jpg,2016,2312,8,False,True,False,True,"[3, 2312, 2016]",8,8,True,True,PASS,
3144,3145,train/a4ad3a5adfa6a22174acffb59997e1ee.jpg,2336,2836,0,True,True,True,True,"[3, 2836, 2336]",0,0,True,True,PASS,
3145,3146,train/a4b41309551add1836dd1f0e96e7c594.jpg,2304,2880,4,False,True,False,True,"[3, 2880, 2304]",4,4,True,True,PASS,
3146,3147,train/a4bc2e88a21b0cc1bb3a7b6645c739f2.jpg,1994,2430,0,True,True,True,True,"[3, 2430, 1994]",0,0,True,True,PASS,
3147,3148,train/a4bf2029dfdd687dd7b4567b159a4121.jpg,2452,2852,7,False,True,False,True,"[3, 2852, 2452]",7,7,True,True,PASS,
3148,3149,train/a4c71296aa5ce5ac4f5d4b244dfd0a11.jpg,3072,3072,5,False,True,False,True,"[3, 3072, 3072]",5,5,True,True,PASS,
3149,3150,train/a4ce4aaed43f660e1055d6f30e4da63f.jpg,2540,3072,6,False,True,False,True,"[3, 3072, 2540]",6,6,True,True,PASS,
3150,3151,train/a4e2a5e09a4a18d87207901815df0475.jpg,2304,2880,4,False,True,False,True,"[3, 2880, 2304]",4,4,True,True,PASS,
3151,3152,train/a4e387b2c288194660b20ca771d16ad6.jpg,3072,3072,6,False,True,False,True,"[3, 3072, 3072]",6,6,True,True,PASS,
3152,3153,train/a4eb90d17d4a800bd78648862de879fa.jpg,2048,2500,6,False,True,False,True,"[3, 2500, 2048]",6,6,True,True,PASS,
3153,3154,train/a4fc9faa46af26c5fc462772d88d0af3.jpg,2120,2496,19,False,True,False,True,"[3, 2496, 2120]",19,19,True,True,PASS,
3154,3155,train/a52d6fa5d0fad69daf5cfadd32115bf1.jpg,3072,3072,0,True,True,True,True,"[3, 3072, 3072]",0,0,True,True,PASS,
3155,3156,train/a534ccaabf172ce675cfa296a26656de.jpg,2672,2906,7,False,True,False,True,"[3, 2906, 2672]",7,7,True,True,PASS,
3156,3157,train/a537060564b5e08c80f46362deb565e8.jpg,3072,3072,19,False,True,False,True,"[3, 3072, 3072]",19,19,True,True,PASS,
3157,3158,train/a54dadab8f6cc14103878d99092d2b7a.jpg,2575,2975,7,False,True,False,True,"[3, 2975, 2575]",7,7,True,True,PASS,
3158,3159,train/a593d4aa6d8d9dbe2139c6c3889535eb.jpg,2540,3072,12,False,True,False,True,"[3, 3072, 2540]",12,12,True,True,PASS,
3159,3160,train/a5a2a3b02ccb9c3145d553d269e4b0b8.jpg,2048,2500,8,False,True,False,True,"[3, 2500, 2048]",8,8,True,True,PASS,
3160,3161,train/a5a68ae68617df1b6362ed51973e1338.jpg,2516,2711,10,False,True,False,True,"[3, 2711, 2516]",10,10,True,True,PASS,
3161,3162,train/a5ac5264ecd49bbdb58c894c100eacdf.jpg,2551,3014,10,False,True,False,True,"[3, 3014, 2551]",10,10,True,True,PASS,
3162,3163,train/a5ae36dfad78f8734605d73781b02f3b.jpg,2304,2880,5,False,True,False,True,"[3, 2880, 2304]",5,5,True,True,PASS,
3163,3164,train/a5b4a4f3010769a3601c845983ee0826.jpg,3072,3072,8,False,True,False,True,"[3, 3072, 3072]",8,8,True,True,PASS,
3164,3165,train/a5bdf59cbdda3f531f057d3c1840fef1.jpg,2610,2878,8,False,True,False,True,"[3, 2878, 2610]",8,8,True,True,PASS,
3165,3166,train/a5beb1c44c49e97f1f46e5071c5c38e8.jpg,2304,2880,14,False,True,False,True,"[3, 2880, 2304]",14,14,True,True,PASS,
3166,3167,train/a5c5bca04df42e9949aa48cee3ad67c7.jpg,3320,3408,13,False,True,False,True,"[3, 3408, 3320]",13,13,True,True,PASS,
3167,3168,train/a5c7b10a238b041fc8d10afd9cc12569.jpg,3072,3072,8,False,True,False,True,"[3, 3072, 3072]",8,8,True,True,PASS,
3168,3169,train/a5ce7ccf65c0e89f0a4f31e252d5b071.jpg,1994,2430,0,True,True,True,True,"[3, 2430, 1994]",0,0,True,True,PASS,
3169,3170,train/a5dd0a76a5253cbd34b9365c78e44110.jpg,2071,2443,4,False,True,False,True,"[3, 2443, 2071]",4,4,True,True,PASS,
3170,3171,train/a5dfcc60924b58142b382c753ef1c07e.jpg,2608,2976,0,True,True,True,True,"[3, 2976, 2608]",0,0,True,True,PASS,
3171,3172,train/a5e363abd637698b9113973ccd5c663e.jpg,2048,2500,6,False,True,False,True,"[3, 2500, 2048]",6,6,True,True,PASS,
3172,3173,train/a5e985887d6db5408eeac67bcdf771c6.jpg,3012,2780,8,False,True,False,True,"[3, 2780, 3012]",8,8,True,True,PASS,
3173,3174,train/a5ef63166c0cc0acf772a7f06ef54fac.jpg,2868,2992,7,False,True,False,True,"[3, 2992, 2868]",7,7,True,True,PASS,
3174,3175,train/a616c36ec79f99dfa8ec9eafaf12ecfa.jpg,2304,2880,4,False,True,False,True,"[3, 2880, 2304]",4,4,True,True,PASS,
3175,3176,train/a61be8051f02ec494ed40696e988f6d1.jpg,2304,2880,5,False,True,False,True,"[3, 2880, 2304]",5,5,True,True,PASS,
3176,3177,train/a62197f08a9d755712d126c4c8c93541.jpg,2048,2500,6,False,True,False,True,"[3, 2500, 2048]",6,6,True,True,PASS,
3177,3178,train/a629d0f2bd9dfde3991ef4aec75e1c8e.jpg,2689,2992,13,False,True,False,True,"[3, 2992, 2689]",13,13,True,True,PASS,
3178,3179,train/a6309e7373450069baaec7802ec8b244.jpg,1960,2280,5,False,True,False,True,"[3, 2280, 1960]",5,5,True,True,PASS,
3179,3180,train/a6317cca482e4c5e020ab5e4c94fe921.jpg,3000,3000,0,True,True,True,True,"[3, 3000, 3000]",0,0,True,True,PASS,
3180,3181,train/a63b427ef8132749b8f71c66983d3231.jpg,2304,2880,8,False,True,False,True,"[3, 2880, 2304]",8,8,True,True,PASS,
3181,3182,train/a6541e2d7a4e09d6c1bdee83632bf781.jpg,2712,2428,11,False,True,False,True,"[3, 2428, 2712]",11,11,True,True,PASS,
3182,3183,train/a655a71a3cddecea703e954e8e23cccc.jpg,2600,3072,0,True,True,True,True,"[3, 3072, 2600]",0,0,True,True,PASS,
3183,3184,train/a657a8af7862982643a765365d051f81.jpg,1912,2080,3,False,True,False,True,"[3, 2080, 1912]",3,3,True,True,PASS,
3184,3185,train/a65b19420087f574983a8adec9906c16.jpg,2336,2836,0,True,True,True,True,"[3, 2836, 2336]",0,0,True,True,PASS,
3185,3186,train/a66524d3706dae7e6bb8f669cbea99d6.jpg,3072,3072,4,False,True,False,True,"[3, 3072, 3072]",4,4,True,True,PASS,
3186,3187,train/a673256f7b975e11bf89dbb29f4565b9.jpg,2472,2689,0,True,True,True,True,"[3, 2689, 2472]",0,0,True,True,PASS,
3187,3188,train/a673c55470f775d286249e189896c376.jpg,2240,2308,7,False,True,False,True,"[3, 2308, 2240]",7,7,True,True,PASS,
3188,3189,train/a68dc259352540652c16a30b4ad4c99f.jpg,2304,2880,10,False,True,False,True,"[3, 2880, 2304]",10,10,True,True,PASS,
3189,3190,train/a68ee14d5193f59a98c5ff0e150c8174.jpg,2304,2880,21,False,True,False,True,"[3, 2880, 2304]",21,21,True,True,PASS,
3190,3191,train/a692a1afd469e83448d1148facc77de7.jpg,2944,3073,7,False,True,False,True,"[3, 3073, 2944]",7,7,True,True,PASS,
3191,3192,train/a69592721a2c215f1c77481e0eaf8751.jpg,2544,2999,8,False,True,False,True,"[3, 2999, 2544]",8,8,True,True,PASS,
3192,3193,train/a696b0fbd24620e5f86b377968175fd9.jpg,3284,2784,5,False,True,False,True,"[3, 2784, 3284]",5,5,True,True,PASS,
3193,3194,train/a6a3e8472da94404496b18198004f698.jpg,2740,2932,6,False,True,False,True,"[3, 2932, 2740]",6,6,True,True,PASS,
3194,3195,train/a6adbed163583ebad6e6f761611d02ef.jpg,2661,2644,5,False,True,False,True,"[3, 2644, 2661]",5,5,True,True,PASS,
3195,3196,train/a6b6e002c7d2d78f98fe443c1f9af2b4.jpg,2885,2847,6,False,True,False,True,"[3, 2847, 2885]",6,6,True,True,PASS,
3196,3197,train/a6bcb9f5d59588d699c5aa83cd3039c7.jpg,2540,3072,17,False,True,False,True,"[3, 3072, 2540]",17,17,True,True,PASS,
3197,3198,train/a6be2e43de24f6b2d0b1f908f181cbe5.jpg,2585,3081,6,False,True,False,True,"[3, 3081, 2585]",6,6,True,True,PASS,
3198,3199,train/a6dc083013ac8108bd13fbac28921290.jpg,2048,2500,3,False,True,False,True,"[3, 2500, 2048]",3,3,True,True,PASS,
3199,3200,train/a6df9baa059b2fd400ee2e0149ae5b87.jpg,2304,2880,5,False,True,False,True,"[3, 2880, 2304]",5,5,True,True,PASS,
3200,3201,train/a6ee1589384c418846cc3375e8f0bc45.jpg,2048,2500,5,False,True,False,True,"[3, 2500, 2048]",5,5,True,True,PASS,
3201,3202,train/a6f3b580b96c7912c0c0cbc15da4c9ab.jpg,2304,2880,7,False,True,False,True,"[3, 2880, 2304]",7,7,True,True,PASS,
3202,3203,train/a71462e25ea94178b2ff97939d7af7ec.jpg,2304,2880,6,False,True,False,True,"[3, 2880, 2304]",6,6,True,True,PASS,
3203,3204,train/a722712967b38150cee4f85dad4230ed.jpg,2304,2880,6,False,True,False,True,"[3, 2880, 2304]",6,6,True,True,PASS,
3204,3205,train/a75ffc1c7b9a233ab869e52d79cefefb.jpg,2304,2880,18,False,True,False,True,"[3, 2880, 2304]",18,18,True,True,PASS,
3205,3206,train/a76703a9a5a6459ca0c4ba8407403bc0.jpg,2540,3072,4,False,True,False,True,"[3, 3072, 2540]",4,4,True,True,PASS,
3206,3207,train/a76bd15bd83fe8e44ccdfd058d42d4aa.jpg,2208,2688,7,False,True,False,True,"[3, 2688, 2208]",7,7,True,True,PASS,
3207,3208,train/a77b3f35ace5807fb30ea0515c60d3b6.jpg,2048,2500,4,False,True,False,True,"[3, 2500, 2048]",4,4,True,True,PASS,
3208,3209,train/a77bfe2433adc567669ac27ed874b0ed.jpg,2517,2453,12,False,True,False,True,"[3, 2453, 2517]",12,12,True,True,PASS,
3209,3210,train/a782b1a571da89222c8085b9fb6b1df5.jpg,2304,2880,11,False,True,False,True,"[3, 2880, 2304]",11,11,True,True,PASS,
3210,3211,train/a786432eef4d2c8117ae53da8648cbce.jpg,2304,2880,6,False,True,False,True,"[3, 2880, 2304]",6,6,True,True,PASS,
3211,3212,train/a78e6dc6978392015fa78795c0aea8a7.jpg,3072,3072,14,False,True,False,True,"[3, 3072, 3072]",14,14,True,True,PASS,
3212,3213,train/a7911c0364a00437dc27f8db4b95980f.jpg,3072,3072,5,False,True,False,True,"[3, 3072, 3072]",5,5,True,True,PASS,
3213,3214,train/a79d59f6ca2b10cf2d51ed7ecbbb8bef.jpg,2236,3072,4,False,True,False,True,"[3, 3072, 2236]",4,4,True,True,PASS,
3214,3215,train/a7ae31b4052444b8f576b657b1753445.jpg,2208,2688,5,False,True,False,True,"[3, 2688, 2208]",5,5,True,True,PASS,
3215,3216,train/a7b19dd41e8243e343e7a3fde69b9c3e.jpg,2304,2880,4,False,True,False,True,"[3, 2880, 2304]",4,4,True,True,PASS,
3216,3217,train/a7d58a3553702199d37dd2e1279ddadf.jpg,2520,2840,5,False,True,False,True,"[3, 2840, 2520]",5,5,True,True,PASS,
3217,3218,train/a7dae5a9e0ee3afd267ae9a5ebca1c11.jpg,2304,2880,6,False,True,False,True,"[3, 2880, 2304]",6,6,True,True,PASS,
3218,3219,train/a7e65af70639bcbe5abc17ed529ab765.jpg,3320,2857,7,False,True,False,True,"[3, 2857, 3320]",7,7,True,True,PASS,
3219,3220,train/a7eaf74178c4aca851e331b2c8503ff1.jpg,2048,2500,8,False,True,False,True,"[3, 2500, 2048]",8,8,True,True,PASS,
3220,3221,train/a7edba318fa3305ec4118eb7e0091140.jpg,2304,2880,5,False,True,False,True,"[3, 2880, 2304]",5,5,True,True,PASS,
3221,3222,train/a7f1d66c0930fc471b6723dec24d707f.jpg,2304,2880,6,False,True,False,True,"[3, 2880, 2304]",6,6,True,True,PASS,
3222,3223,train/a8234567b95c404365745b9fb0f4859e.jpg,2304,2880,4,False,True,False,True,"[3, 2880, 2304]",4,4,True,True,PASS,
3223,3224,train/a824f7f43552c3af8d846dd1cc0f0c11.jpg,2304,2880,13,False,True,False,True,"[3, 2880, 2304]",13,13,True,True,PASS,
3224,3225,train/a838e79ba2e9716bc790a76f7ae1c94e.jpg,2304,2880,10,False,True,False,True,"[3, 2880, 2304]",10,10,True,True,PASS,
3225,3226,train/a83a592882c4d218a715673ee31cc5fb.jpg,2753,2916,3,False,True,False,True,"[3, 2916, 2753]",3,3,True,True,PASS,
3226,3227,train/a84777df727ba6ea0d556e914e83e530.jpg,2048,2500,5,False,True,False,True,"[3, 2500, 2048]",5,5,True,True,PASS,
3227,3228,train/a847bdede3ab373ca4e2ab6199dc569f.jpg,2524,2960,6,False,True,False,True,"[3, 2960, 2524]",6,6,True,True,PASS,
3228,3229,train/a84c5a7adea6bbde88dc2ac6747ca443.jpg,2503,2678,4,False,True,False,True,"[3, 2678, 2503]",4,4,True,True,PASS,
3229,3230,train/a84fae30f42f9978cfd9fcaf91544792.jpg,2583,2895,0,True,True,True,True,"[3, 2895, 2583]",0,0,True,True,PASS,
3230,3231,train/a856ceb08a968a90562df73417bdc1d8.jpg,2481,3120,4,False,True,False,True,"[3, 3120, 2481]",4,4,True,True,PASS,
3231,3232,train/a8712873fe9accd992e9b306cf2d1f25.jpg,2540,3072,8,False,True,False,True,"[3, 3072, 2540]",8,8,True,True,PASS,
3232,3233,train/a8750c349b5dac834473304bad0f2877.jpg,2048,2500,6,False,True,False,True,"[3, 2500, 2048]",6,6,True,True,PASS,
3233,3234,train/a87dc1505bcdb64c00c84b096799bdab.jpg,3072,3072,5,False,True,False,True,"[3, 3072, 3072]",5,5,True,True,PASS,
3234,3235,train/a8845638da074eb2496b1fd2dda75071.jpg,1784,2176,3,False,True,False,True,"[3, 2176, 1784]",3,3,True,True,PASS,
3235,3236,train/a8887bae37bd218a89be7a6e2dc1499b.jpg,1994,2430,0,True,True,True,True,"[3, 2430, 1994]",0,0,True,True,PASS,
3236,3237,train/a8ae76a6902d594f90596f039ffca026.jpg,2304,2880,7,False,True,False,True,"[3, 2880, 2304]",7,7,True,True,PASS,
3237,3238,train/a8bc630e9b4f2cc1a94468143ed35428.jpg,2304,2880,6,False,True,False,True,"[3, 2880, 2304]",6,6,True,True,PASS,
3238,3239,train/a8d3a6a443563d90270c2d0c790b925f.jpg,2304,2880,4,False,True,False,True,"[3, 2880, 2304]",4,4,True,True,PASS,
3239,3240,train/a8d64d95235580532652f69ce634b687.jpg,2304,2880,5,False,True,False,True,"[3, 2880, 2304]",5,5,True,True,PASS,
3240,3241,train/a8db71e482a4dc2e83a1f5eecd9568cc.jpg,2703,3333,6,False,True,False,True,"[3, 3333, 2703]",6,6,True,True,PASS,
3241,3242,train/a8dd1496dde8d6f63316c8ec2a823b38.jpg,2305,2436,8,False,True,False,True,"[3, 2436, 2305]",8,8,True,True,PASS,
3242,3243,train/a8f1ef14b75d62f292591997909c258c.jpg,2540,3072,3,False,True,False,True,"[3, 3072, 2540]",3,3,True,True,PASS,
3243,3244,train/a9029c62f52fcd875b4e40d85b0d3b2a.jpg,2752,2736,9,False,True,False,True,"[3, 2736, 2752]",9,9,True,True,PASS,
3244,3245,train/a90c09c0b59115253c982074694b3972.jpg,3072,3072,0,True,True,True,True,"[3, 3072, 3072]",0,0,True,True,PASS,
3245,3246,train/a9109d137db24859730111a8b8c3996a.jpg,2441,2815,0,True,True,True,True,"[3, 2815, 2441]",0,0,True,True,PASS,
3246,3247,train/a9141690efddf683c82a9d90af347ab1.jpg,3072,3072,6,False,True,False,True,"[3, 3072, 3072]",6,6,True,True,PASS,
3247,3248,train/a914589fe6b948522475f7bf7e7b1136.jpg,2304,2880,10,False,True,False,True,"[3, 2880, 2304]",10,10,True,True,PASS,
3248,3249,train/a93d6d3861a432fd2d85d8b41448daf4.jpg,2678,3196,5,False,True,False,True,"[3, 3196, 2678]",5,5,True,True,PASS,
3249,3250,train/a946684583c7bf346b18e1d69d17e9cf.jpg,2572,2988,12,False,True,False,True,"[3, 2988, 2572]",12,12,True,True,PASS,
3250,3251,train/a94ecf839c2405342ebcb57648444e2a.jpg,2712,2824,18,False,True,False,True,"[3, 2824, 2712]",18,18,True,True,PASS,
3251,3252,train/a95d641ac8ee1a9f186cd0b8c0dca7ef.jpg,2016,2448,6,False,True,False,True,"[3, 2448, 2016]",6,6,True,True,PASS,
3252,3253,train/a961a6c1687700c95124510bbffef266.jpg,2428,2827,12,False,True,False,True,"[3, 2827, 2428]",12,12,True,True,PASS,
3253,3254,train/a9833de8a15ca2840b3bf23d4f6226ef.jpg,1994,2430,0,True,True,True,True,"[3, 2430, 1994]",0,0,True,True,PASS,
3254,3255,train/a98bf3259fda4941663b88ff1efc7625.jpg,2601,2635,0,True,True,True,True,"[3, 2635, 2601]",0,0,True,True,PASS,
3255,3256,train/a99265d8c1d5b7759b7be824d3828ae5.jpg,2304,2880,4,False,True,False,True,"[3, 2880, 2304]",4,4,True,True,PASS,
3256,3257,train/a995b7251057480098c9c9d34b615b2a.jpg,2304,2880,8,False,True,False,True,"[3, 2880, 2304]",8,8,True,True,PASS,
3257,3258,train/a99a720cab88405baaf789e85ce20c45.jpg,2304,2880,9,False,True,False,True,"[3, 2880, 2304]",9,9,True,True,PASS,
3258,3259,train/a9a29ae5fc19afe7e720cf97be94160f.jpg,2304,2880,6,False,True,False,True,"[3, 2880, 2304]",6,6,True,True,PASS,
3259,3260,train/a9a8fc1deb941099c0b729d566926d5b.jpg,2304,2880,3,False,True,False,True,"[3, 2880, 2304]",3,3,True,True,PASS,
3260,3261,train/a9ab4843564feecfc052a300af02cf71.jpg,1896,1976,5,False,True,False,True,"[3, 1976, 1896]",5,5,True,True,PASS,
3261,3262,train/a9ace70f0331bf293ca1fb56f40af36e.jpg,2694,2712,9,False,True,False,True,"[3, 2712, 2694]",9,9,True,True,PASS,
3262,3263,train/a9b3444f50e7ab612641a6fe1e4f8cb9.jpg,2208,2688,17,False,True,False,True,"[3, 2688, 2208]",17,17,True,True,PASS,
3263,3264,train/a9cc2f2d386fc3de3d20da289cdce689.jpg,2941,3000,8,False,True,False,True,"[3, 3000, 2941]",8,8,True,True,PASS,
3264,3265,train/a9d588e278a7f8a681c1160a32e1673a.jpg,2304,2880,8,False,True,False,True,"[3, 2880, 2304]",8,8,True,True,PASS,
3265,3266,train/a9d62204bf898b94d63107c6f51893ca.jpg,2970,2878,5,False,True,False,True,"[3, 2878, 2970]",5,5,True,True,PASS,
3266,3267,train/a9ed4b5aaf129325369ebae1cfd5e321.jpg,2247,2411,11,False,True,False,True,"[3, 2411, 2247]",11,11,True,True,PASS,
3267,3268,train/a9f2816d377349f221a96f46c728d36e.jpg,2263,2763,10,False,True,False,True,"[3, 2763, 2263]",10,10,True,True,PASS,
3268,3269,train/aa08370eb6114a474adfd0accb6a7238.jpg,2048,2500,5,False,True,False,True,"[3, 2500, 2048]",5,5,True,True,PASS,
3269,3270,train/aa0a24df022cd97cc1dff4f7ea2131cc.jpg,2738,3242,4,False,True,False,True,"[3, 3242, 2738]",4,4,True,True,PASS,
3270,3271,train/aa12ea6652b3b8bea37df74e4e127e8f.jpg,2568,3092,8,False,True,False,True,"[3, 3092, 2568]",8,8,True,True,PASS,
3271,3272,train/aa1ebd488f7f3cab0aa784073b0a9d70.jpg,2048,2500,7,False,True,False,True,"[3, 2500, 2048]",7,7,True,True,PASS,
3272,3273,train/aa3535cb70d8142fdbdac165de546a8c.jpg,2445,2547,14,False,True,False,True,"[3, 2547, 2445]",14,14,True,True,PASS,
3273,3274,train/aa4370e72e37cb955a24369f7fc9f35f.jpg,3072,3072,9,False,True,False,True,"[3, 3072, 3072]",9,9,True,True,PASS,
3274,3275,train/aa7fd75c84c03f4eec5b9e0468043d68.jpg,2271,2844,8,False,True,False,True,"[3, 2844, 2271]",8,8,True,True,PASS,
3275,3276,train/aa84f25fcbe7ca4ff31053a0a7de0f9a.jpg,2560,2824,6,False,True,False,True,"[3, 2824, 2560]",6,6,True,True,PASS,
3276,3277,train/aa89a83d50a147e44d6dc72893f01fef.jpg,2304,2880,15,False,True,False,True,"[3, 2880, 2304]",15,15,True,True,PASS,
3277,3278,train/aa91a19616d9ea16284536f902a58b92.jpg,3072,3072,4,False,True,False,True,"[3, 3072, 3072]",4,4,True,True,PASS,
3278,3279,train/aa974c2b6ea5fcf05bab269a9c9d4437.jpg,2199,2494,8,False,True,False,True,"[3, 2494, 2199]",8,8,True,True,PASS,
3279,3280,train/aaae825ac199f7a07b03af4622b1746e.jpg,2120,2456,3,False,True,False,True,"[3, 2456, 2120]",3,3,True,True,PASS,
3280,3281,train/aab340b68fb6481774913dd75523e15e.jpg,2304,2880,6,False,True,False,True,"[3, 2880, 2304]",6,6,True,True,PASS,
3281,3282,train/aabbf5ce0173007aaba2e6df836b10ea.jpg,2072,2464,15,False,True,False,True,"[3, 2464, 2072]",15,15,True,True,PASS,
3282,3283,train/aabc4acd6a8f6c27828a11701675a6e7.jpg,2048,2500,14,False,True,False,True,"[3, 2500, 2048]",14,14,True,True,PASS,
3283,3284,train/aac515fae9d93ada4abddab6b1118aae.jpg,2048,2500,0,True,True,True,True,"[3, 2500, 2048]",0,0,True,True,PASS,
3284,3285,train/aac7be2bd0b4a2eeea474ffeac78ad13.jpg,3095,3293,17,False,True,False,True,"[3, 3293, 3095]",17,17,True,True,PASS,
3285,3286,train/aacb56677ce974f054fdb59c5c39af10.jpg,2559,3031,6,False,True,False,True,"[3, 3031, 2559]",6,6,True,True,PASS,
3286,3287,train/aad2e740715e926cee0a56a56efa26db.jpg,2048,2500,7,False,True,False,True,"[3, 2500, 2048]",7,7,True,True,PASS,
3287,3288,train/aadca4c2d680af0c23325b0f16cedb97.jpg,2590,3408,0,True,True,True,True,"[3, 3408, 2590]",0,0,True,True,PASS,
3288,3289,train/aae2387bb66db167eed5051e14ca784c.jpg,3072,3072,6,False,True,False,True,"[3, 3072, 3072]",6,6,True,True,PASS,
3289,3290,train/aae2c7e023bb6b4d9df30fda884d7b15.jpg,2304,2880,5,False,True,False,True,"[3, 2880, 2304]",5,5,True,True,PASS,
3290,3291,train/aae8f5574784d4343ab50b4f0cef671d.jpg,2304,2880,6,False,True,False,True,"[3, 2880, 2304]",6,6,True,True,PASS,
3291,3292,train/aaef6f8db63b90e24660b8d788103ff6.jpg,2540,3072,11,False,True,False,True,"[3, 3072, 2540]",11,11,True,True,PASS,
3292,3293,train/aaf7eca124ab4fd9fc5b7d842a0dfca7.jpg,2304,2880,3,False,True,False,True,"[3, 2880, 2304]",3,3,True,True,PASS,
3293,3294,train/ab11a974837f5313912804939bfae79e.jpg,2698,2662,20,False,True,False,True,"[3, 2662, 2698]",20,20,True,True,PASS,
3294,3295,train/ab1b8d362de0b272def82e68b7bdc718.jpg,3072,3072,3,False,True,False,True,"[3, 3072, 3072]",3,3,True,True,PASS,
3295,3296,train/ab2f860cddd3f85410d8cbc3280dbdd6.jpg,2540,3072,7,False,True,False,True,"[3, 3072, 2540]",7,7,True,True,PASS,
3296,3297,train/ab2fa61dbfb45bfa62491cd3240a37eb.jpg,2540,3072,5,False,True,False,True,"[3, 3072, 2540]",5,5,True,True,PASS,
3297,3298,train/ab37cbf66e86936027846e53ac03e3c0.jpg,2668,2824,5,False,True,False,True,"[3, 2824, 2668]",5,5,True,True,PASS,
3298,3299,train/ab39f5256d8cd84c1704757c4ae2b49c.jpg,2080,2176,8,False,True,False,True,"[3, 2176, 2080]",8,8,True,True,PASS,
3299,3300,train/ab4146d29b600f971b22f88b9852ae0a.jpg,2540,3072,10,False,True,False,True,"[3, 3072, 2540]",10,10,True,True,PASS,
3300,3301,train/ab51ed37f90ea78c93f1e92aa8a9d749.jpg,2208,2624,8,False,True,False,True,"[3, 2624, 2208]",8,8,True,True,PASS,
3301,3302,train/ab5a33b1a98f405f60d41b563e741164.jpg,3072,3072,6,False,True,False,True,"[3, 3072, 3072]",6,6,True,True,PASS,
3302,3303,train/ab659f1080296ba99ca110763beb2f72.jpg,2304,2880,11,False,True,False,True,"[3, 2880, 2304]",11,11,True,True,PASS,
3303,3304,train/ab719171f74e1469b2cb50645ff6b7c7.jpg,2016,1960,0,True,True,True,True,"[3, 1960, 2016]",0,0,True,True,PASS,
3304,3305,train/ab730707fed0edaf38a9b788b226b9f2.jpg,2224,3072,20,False,True,False,True,"[3, 3072, 2224]",20,20,True,True,PASS,
3305,3306,train/ab7c4fd74b4be8ccb135dad2ae7de2c3.jpg,2064,2112,0,True,True,True,True,"[3, 2112, 2064]",0,0,True,True,PASS,
3306,3307,train/ab8276dba30d7268b96c07a0fff9bbdb.jpg,2304,2880,14,False,True,False,True,"[3, 2880, 2304]",14,14,True,True,PASS,
3307,3308,train/ab92572887da3377ccc7d68f10407b5d.jpg,2759,2878,4,False,True,False,True,"[3, 2878, 2759]",4,4,True,True,PASS,
3308,3309,train/ab9d58c665c19627affd36ec20815090.jpg,3072,3072,10,False,True,False,True,"[3, 3072, 3072]",10,10,True,True,PASS,
3309,3310,train/aba445ebea68177bc4f3a519ee27daff.jpg,2492,2844,8,False,True,False,True,"[3, 2844, 2492]",8,8,True,True,PASS,
3310,3311,train/aba91dac22aa6142a169a002c81fb49e.jpg,2583,2428,7,False,True,False,True,"[3, 2428, 2583]",7,7,True,True,PASS,
3311,3312,train/abac6c7bdaf2149035157fd02883dbcd.jpg,2032,2152,9,False,True,False,True,"[3, 2152, 2032]",9,9,True,True,PASS,
3312,3313,train/abad0d103508405be6dceb70b2b3d5ec.jpg,2632,3408,5,False,True,False,True,"[3, 3408, 2632]",5,5,True,True,PASS,
3313,3314,train/abb91bdaa9d02f50bde1eaa88e13afab.jpg,2540,3072,9,False,True,False,True,"[3, 3072, 2540]",9,9,True,True,PASS,
3314,3315,train/abef2c15f19cc4822c9aac666cafe144.jpg,2304,2880,3,False,True,False,True,"[3, 2880, 2304]",3,3,True,True,PASS,
3315,3316,train/abffa843a8032bc9d0fd85b85ee99ca3.jpg,2304,2880,17,False,True,False,True,"[3, 2880, 2304]",17,17,True,True,PASS,
3316,3317,train/ac023841616ad1f665c0ce60ba5ed7b5.jpg,3000,3000,0,True,True,True,True,"[3, 3000, 3000]",0,0,True,True,PASS,
3317,3318,train/ac07b01154a498c1e5bec041f620fa96.jpg,2032,2264,4,False,True,False,True,"[3, 2264, 2032]",4,4,True,True,PASS,
3318,3319,train/ac0d5180cbac66eead6195728563d5e2.jpg,1994,2430,0,True,True,True,True,"[3, 2430, 1994]",0,0,True,True,PASS,
3319,3320,train/ac0f6a69e78c3adae6905693914ba80f.jpg,2664,2475,7,False,True,False,True,"[3, 2475, 2664]",7,7,True,True,PASS,
3320,3321,train/ac1d94eefdeeb76ee96e56b8856f7209.jpg,2439,3408,22,False,True,False,True,"[3, 3408, 2439]",22,22,True,True,PASS,
3321,3322,train/ac2383f94e250feb34c72b4851cd4a11.jpg,2304,2880,6,False,True,False,True,"[3, 2880, 2304]",6,6,True,True,PASS,
3322,3323,train/ac2a615b3861212f9a2ada6acd077fd9.jpg,2688,2208,8,False,True,False,True,"[3, 2208, 2688]",8,8,True,True,PASS,
3323,3324,train/ac3e0af6a22d73ed96f05d43037a1e7a.jpg,3000,3000,4,False,True,False,True,"[3, 3000, 3000]",4,4,True,True,PASS,
3324,3325,train/ac48248c4e0441f92f2e5b55048bf73f.jpg,3072,3072,3,False,True,False,True,"[3, 3072, 3072]",3,3,True,True,PASS,
3325,3326,train/ac74ec4ce879ddfe2cb00be038821457.jpg,2892,3116,8,False,True,False,True,"[3, 3116, 2892]",8,8,True,True,PASS,
3326,3327,train/ac752b0b8cc19def83152828e39ddc71.jpg,2048,2500,4,False,True,False,True,"[3, 2500, 2048]",4,4,True,True,PASS,
3327,3328,train/ac77155e8aea752d32fb1448c99a533b.jpg,2304,2880,7,False,True,False,True,"[3, 2880, 2304]",7,7,True,True,PASS,
3328,3329,train/ac84f263701e0d8668a47ac3e59e4e48.jpg,2048,2500,10,False,True,False,True,"[3, 2500, 2048]",10,10,True,True,PASS,
3329,3330,train/ac98e2021c6cb0e87d323a712ae1276d.jpg,2304,2880,6,False,True,False,True,"[3, 2880, 2304]",6,6,True,True,PASS,
3330,3331,train/acb556c64a4b230f77a02103b34afe7a.jpg,2304,2880,10,False,True,False,True,"[3, 2880, 2304]",10,10,True,True,PASS,
3331,3332,train/acc6529ff7e03c2a225fd1ddb5319db8.jpg,2629,3056,9,False,True,False,True,"[3, 3056, 2629]",9,9,True,True,PASS,
3332,3333,train/acc7065e73590820d1fa944488092d59.jpg,2054,2663,6,False,True,False,True,"[3, 2663, 2054]",6,6,True,True,PASS,
3333,3334,train/acd377b981077dfd46028b37d3efb502.jpg,2304,2880,12,False,True,False,True,"[3, 2880, 2304]",12,12,True,True,PASS,
3334,3335,train/ace398a669b2e39eb12fdd80d5e526a1.jpg,2851,2687,9,False,True,False,True,"[3, 2687, 2851]",9,9,True,True,PASS,
3335,3336,train/acf300f2bafea4a7050e1189c1419c7e.jpg,1952,2272,6,False,True,False,True,"[3, 2272, 1952]",6,6,True,True,PASS,
3336,3337,train/acf77cd6d5785f7f95c041f350c9d017.jpg,2447,3083,23,False,True,False,True,"[3, 3083, 2447]",23,23,True,True,PASS,
3337,3338,train/acfda6253dc16e15950cbd4622395528.jpg,2024,2216,6,False,True,False,True,"[3, 2216, 2024]",6,6,True,True,PASS,
3338,3339,train/ad0fa9668da66d13e4d8cdbd7d9b215c.jpg,2304,2880,11,False,True,False,True,"[3, 2880, 2304]",11,11,True,True,PASS,
3339,3340,train/ad14d47f4b21f0c9d8f47c9570e6135e.jpg,2304,2880,6,False,True,False,True,"[3, 2880, 2304]",6,6,True,True,PASS,
3340,3341,train/ad21e3f856bd69daf2ee8b6699bd32cf.jpg,2492,2708,6,False,True,False,True,"[3, 2708, 2492]",6,6,True,True,PASS,
3341,3342,train/ad24d94862a28b03fed0deb2030a311d.jpg,2596,2628,6,False,True,False,True,"[3, 2628, 2596]",6,6,True,True,PASS,
3342,3343,train/ad2a12be7e44277e041c435e8b526632.jpg,2304,2880,12,False,True,False,True,"[3, 2880, 2304]",12,12,True,True,PASS,
3343,3344,train/ad52065fa03e78f1a4d5046e8434ec1f.jpg,3072,3072,7,False,True,False,True,"[3, 3072, 3072]",7,7,True,True,PASS,
3344,3345,train/ad58ac84f676ff6813a5df7a0057829b.jpg,2304,2880,10,False,True,False,True,"[3, 2880, 2304]",10,10,True,True,PASS,
3345,3346,train/ad59955ebf23a15362787e6407e31deb.jpg,3072,3072,0,True,True,True,True,"[3, 3072, 3072]",0,0,True,True,PASS,
3346,3347,train/ad65ef4667adaa5e3bc774ad80158540.jpg,3000,3000,5,False,True,False,True,"[3, 3000, 3000]",5,5,True,True,PASS,
3347,3348,train/ad6e1fe898fb41a7c76718428f7c80a9.jpg,2540,3072,7,False,True,False,True,"[3, 3072, 2540]",7,7,True,True,PASS,
3348,3349,train/ad74c895feae8a322c54bbce08626812.jpg,2304,2880,9,False,True,False,True,"[3, 2880, 2304]",9,9,True,True,PASS,
3349,3350,train/ad7ccd5224c39c8f0c6675044e95f185.jpg,2304,2880,9,False,True,False,True,"[3, 2880, 2304]",9,9,True,True,PASS,
3350,3351,train/ad86f42123384e2441cce36347aa7d1a.jpg,2360,2916,13,False,True,False,True,"[3, 2916, 2360]",13,13,True,True,PASS,
3351,3352,train/ada5ba2e729f9b4518de5a6bc31e1eca.jpg,2441,2784,8,False,True,False,True,"[3, 2784, 2441]",8,8,True,True,PASS,
3352,3353,train/adaf0261d0c111e5928ba94ab6b36e2d.jpg,2304,2880,4,False,True,False,True,"[3, 2880, 2304]",4,4,True,True,PASS,
3353,3354,train/adbdf73b309ebdd0b0adcbcfed6c88f7.jpg,2304,2880,3,False,True,False,True,"[3, 2880, 2304]",3,3,True,True,PASS,
3354,3355,train/adc01b67d1d426c270e7d2f26bfa71ef.jpg,2517,2819,0,True,True,True,True,"[3, 2819, 2517]",0,0,True,True,PASS,
3355,3356,train/adc6f4b5339f7178055838776bf49dd7.jpg,2428,3044,3,False,True,False,True,"[3, 3044, 2428]",3,3,True,True,PASS,
3356,3357,train/add6e79a3c93a11bdd9a74886b480840.jpg,2304,2880,7,False,True,False,True,"[3, 2880, 2304]",7,7,True,True,PASS,
3357,3358,train/adec73c9152d88ac38c830602cd8b1ad.jpg,2817,3005,3,False,True,False,True,"[3, 3005, 2817]",3,3,True,True,PASS,
3358,3359,train/ae127045cca13da6dbfee11df1f08c7e.jpg,3072,3072,15,False,True,False,True,"[3, 3072, 3072]",15,15,True,True,PASS,
3359,3360,train/ae2ee40dc4a0a53a87e85f1b3f9e159a.jpg,2812,2844,9,False,True,False,True,"[3, 2844, 2812]",9,9,True,True,PASS,
3360,3361,train/ae3382840414ce4de46c3827674b9709.jpg,3320,2653,16,False,True,False,True,"[3, 2653, 3320]",16,16,True,True,PASS,
3361,3362,train/ae36d480c2a2fc78c9ff95f4266bd059.jpg,2304,2880,8,False,True,False,True,"[3, 2880, 2304]",8,8,True,True,PASS,
3362,3363,train/ae5cec1517ab3e82c5374e4c6219a17d.jpg,2208,2688,5,False,True,False,True,"[3, 2688, 2208]",5,5,True,True,PASS,
3363,3364,train/ae6dd2d7f46bb9d1d2f9e4a9917dc151.jpg,2304,2880,4,False,True,False,True,"[3, 2880, 2304]",4,4,True,True,PASS,
3364,3365,train/ae7e40fec9afc78a66a48232532faa07.jpg,2800,3275,6,False,True,False,True,"[3, 3275, 2800]",6,6,True,True,PASS,
3365,3366,train/ae93342f946e59b019b3554610c6f760.jpg,3072,3072,6,False,True,False,True,"[3, 3072, 3072]",6,6,True,True,PASS,
3366,3367,train/ae995f3866b1bd3f06dc4d713407a0be.jpg,2304,2880,6,False,True,False,True,"[3, 2880, 2304]",6,6,True,True,PASS,
3367,3368,train/ae9d5b3baccd0f0f32f178b85aa868ff.jpg,2304,2880,10,False,True,False,True,"[3, 2880, 2304]",10,10,True,True,PASS,
3368,3369,train/ae9d832badb7dcd02d2e8cfbcf128ce6.jpg,2267,2237,3,False,True,False,True,"[3, 2237, 2267]",3,3,True,True,PASS,
3369,3370,train/aea448a9f33bf9919de6c74e0aa488e7.jpg,2893,3297,5,False,True,False,True,"[3, 3297, 2893]",5,5,True,True,PASS,
3370,3371,train/aef156a41ae971bfabc47f28d1c81dc9.jpg,2636,2692,4,False,True,False,True,"[3, 2692, 2636]",4,4,True,True,PASS,
3371,3372,train/aefca6fbdab82ce59b2c7cceed75d062.jpg,3072,3072,9,False,True,False,True,"[3, 3072, 3072]",9,9,True,True,PASS,
3372,3373,train/af201da8a5f8354c4c3291995d5cbafd.jpg,2421,2565,6,False,True,False,True,"[3, 2565, 2421]",6,6,True,True,PASS,
3373,3374,train/af274ab115b34a7c0eca41ed997fd214.jpg,2304,2880,3,False,True,False,True,"[3, 2880, 2304]",3,3,True,True,PASS,
3374,3375,train/af3c3d9f70164856281f8f3444483100.jpg,2008,2504,7,False,True,False,True,"[3, 2504, 2008]",7,7,True,True,PASS,
3375,3376,train/af4ab9c77eca05d706b877bb52a23303.jpg,2477,2772,3,False,True,False,True,"[3, 2772, 2477]",3,3,True,True,PASS,
3376,3377,train/af4c1f381399cfac17a6e0b983261a4e.jpg,2660,2928,6,False,True,False,True,"[3, 2928, 2660]",6,6,True,True,PASS,
3377,3378,train/af4f5a12b32b5d76951f3994cd7e9ad6.jpg,2484,3052,19,False,True,False,True,"[3, 3052, 2484]",19,19,True,True,PASS,
3378,3379,train/af545c8cabc4dec52e5dbc7698876869.jpg,2048,2500,3,False,True,False,True,"[3, 2500, 2048]",3,3,True,True,PASS,
3379,3380,train/af66878efd9bd33140109790f78ca297.jpg,2500,2048,5,False,True,False,True,"[3, 2048, 2500]",5,5,True,True,PASS,
3380,3381,train/af793b61efb4ac8fba4bc62475506e23.jpg,2742,3408,16,False,True,False,True,"[3, 3408, 2742]",16,16,True,True,PASS,
3381,3382,train/af7bc6de796b5a2399c962fead126547.jpg,3072,3072,4,False,True,False,True,"[3, 3072, 3072]",4,4,True,True,PASS,
3382,3383,train/af9a9224cf1f0dd1bacdb95a1b8ea36b.jpg,2304,2880,16,False,True,False,True,"[3, 2880, 2304]",16,16,True,True,PASS,
3383,3384,train/af9e637ceefdd477dd305fe750ff75b5.jpg,2540,3072,9,False,True,False,True,"[3, 3072, 2540]",9,9,True,True,PASS,
3384,3385,train/afa4de6570c31504ba4b77978377ccc9.jpg,3072,3072,4,False,True,False,True,"[3, 3072, 3072]",4,4,True,True,PASS,
3385,3386,train/afb41a2217d37b54f0427fc1c69336be.jpg,3072,3072,6,False,True,False,True,"[3, 3072, 3072]",6,6,True,True,PASS,
3386,3387,train/afb6230703512afc370f236e8fe98806.jpg,2540,3072,17,False,True,False,True,"[3, 3072, 2540]",17,17,True,True,PASS,
3387,3388,train/afb8601b20f73b8ca44fbb72ceb39a1a.jpg,2874,3322,9,False,True,False,True,"[3, 3322, 2874]",9,9,True,True,PASS,
3388,3389,train/afb8a317a1c70191a4169cf5dd4e1da6.jpg,2260,2956,5,False,True,False,True,"[3, 2956, 2260]",5,5,True,True,PASS,
3389,3390,train/afcbed04ed7232fb28279ef81f7c4bc1.jpg,2048,2500,8,False,True,False,True,"[3, 2500, 2048]",8,8,True,True,PASS,
3390,3391,train/afd8ce1c8c525815a5f2709dcf072c70.jpg,2048,2500,0,True,True,True,True,"[3, 2500, 2048]",0,0,True,True,PASS,
3391,3392,train/afe9c9c0bcc2c72f4fab87d9bc63cc8e.jpg,2304,2880,7,False,True,False,True,"[3, 2880, 2304]",7,7,True,True,PASS,
3392,3393,train/afea04a48a160dbd7418423e6bc4f243.jpg,2320,2852,6,False,True,False,True,"[3, 2852, 2320]",6,6,True,True,PASS,
3393,3394,train/aff45c4a432e02d85ff83fc3de55cbb9.jpg,3268,3268,14,False,True,False,True,"[3, 3268, 3268]",14,14,True,True,PASS,
3394,3395,train/b0065509f042f4a2ac97481b6c7c0dc5.jpg,2642,3170,0,True,True,True,True,"[3, 3170, 2642]",0,0,True,True,PASS,
3395,3396,train/b01037a08ba72220deddf845bfd02466.jpg,2300,2888,11,False,True,False,True,"[3, 2888, 2300]",11,11,True,True,PASS,
3396,3397,train/b022e92b9271babbc6a7a734fd7b77cc.jpg,2733,2835,4,False,True,False,True,"[3, 2835, 2733]",4,4,True,True,PASS,
3397,3398,train/b0262bc4aa5a47704a3c3d1cbc150bd4.jpg,2897,2946,8,False,True,False,True,"[3, 2946, 2897]",8,8,True,True,PASS,
3398,3399,train/b065d3b4da92b8015b47224341661fd8.jpg,2745,2874,11,False,True,False,True,"[3, 2874, 2745]",11,11,True,True,PASS,
3399,3400,train/b06c6e447980a2561175026ad10ae04d.jpg,2820,2744,7,False,True,False,True,"[3, 2744, 2820]",7,7,True,True,PASS,
3400,3401,train/b08d54426c6af35ea469ecb63d047fbc.jpg,2624,3264,10,False,True,False,True,"[3, 3264, 2624]",10,10,True,True,PASS,
3401,3402,train/b0a52e18d443efb28d082f0ae8e7b893.jpg,2783,2640,13,False,True,False,True,"[3, 2640, 2783]",13,13,True,True,PASS,
3402,3403,train/b0bef1b57611726c4b0c636264fe5061.jpg,2255,2356,6,False,True,False,True,"[3, 2356, 2255]",6,6,True,True,PASS,
3403,3404,train/b0c015954f4b80fddd0ed4d105e9e434.jpg,2304,2880,6,False,True,False,True,"[3, 2880, 2304]",6,6,True,True,PASS,
3404,3405,train/b0c179bc7f39eeb0add4d6e00e51732c.jpg,2304,2880,7,False,True,False,True,"[3, 2880, 2304]",7,7,True,True,PASS,
3405,3406,train/b0c31d017d7fb817457a7d9a49b03d6c.jpg,2540,3072,5,False,True,False,True,"[3, 3072, 2540]",5,5,True,True,PASS,
3406,3407,train/b0cc2c92c421a86197cf135253e57e51.jpg,2644,2828,4,False,True,False,True,"[3, 2828, 2644]",4,4,True,True,PASS,
3407,3408,train/b0ce7cceb5ad859254814cb3f75a33df.jpg,2540,3072,6,False,True,False,True,"[3, 3072, 2540]",6,6,True,True,PASS,
3408,3409,train/b0df2d378c04b59dbd0f7c20352c35e8.jpg,2304,2880,8,False,True,False,True,"[3, 2880, 2304]",8,8,True,True,PASS,
3409,3410,train/b0e76a5226cdee7e8e17b45f117d9ed5.jpg,2384,2623,10,False,True,False,True,"[3, 2623, 2384]",10,10,True,True,PASS,
3410,3411,train/b0f6a0c19f3b18beda2c9197d1c4440b.jpg,2448,2960,12,False,True,False,True,"[3, 2960, 2448]",12,12,True,True,PASS,
3411,3412,train/b0f70ba8840ab9c8f39f37768c97e78d.jpg,2304,2880,5,False,True,False,True,"[3, 2880, 2304]",5,5,True,True,PASS,
3412,3413,train/b0f891aceeaa1e6fe1de0fd072389686.jpg,3072,2920,7,False,True,False,True,"[3, 2920, 3072]",7,7,True,True,PASS,
3413,3414,train/b0ffdd76d9b722fc8720913b34d36d03.jpg,2540,3072,5,False,True,False,True,"[3, 3072, 2540]",5,5,True,True,PASS,
3414,3415,train/b1061d4cdf14dd101734a129b89a85de.jpg,2304,2880,7,False,True,False,True,"[3, 2880, 2304]",7,7,True,True,PASS,
3415,3416,train/b108458c4649e4bc6c85d773f45728ae.jpg,2559,2547,5,False,True,False,True,"[3, 2547, 2559]",5,5,True,True,PASS,
3416,3417,train/b10952e32b77bd8acf557d7856856156.jpg,2024,2248,4,False,True,False,True,"[3, 2248, 2024]",4,4,True,True,PASS,
3417,3418,train/b117813585c3d832d90eabc3cce04721.jpg,2647,2602,12,False,True,False,True,"[3, 2602, 2647]",12,12,True,True,PASS,
3418,3419,train/b11960f23db725bb4ba6f6741586a5f7.jpg,2540,3072,9,False,True,False,True,"[3, 3072, 2540]",9,9,True,True,PASS,
3419,3420,train/b127a6da511c3c1d544b54fc52e9c6b7.jpg,2401,3000,3,False,True,False,True,"[3, 3000, 2401]",3,3,True,True,PASS,
3420,3421,train/b12b6c605dbf92119ae65310a7bc55d7.jpg,3072,3072,0,True,True,True,True,"[3, 3072, 3072]",0,0,True,True,PASS,
3421,3422,train/b1317b9c87824f682908a6c503f8d39d.jpg,3131,2810,6,False,True,False,True,"[3, 2810, 3131]",6,6,True,True,PASS,
3422,3423,train/b14394ca65966a3ea6e21e9b596d75da.jpg,2516,2900,3,False,True,False,True,"[3, 2900, 2516]",3,3,True,True,PASS,
3423,3424,train/b154780d4c3de6dfedeb1efcb2411575.jpg,3072,3072,14,False,True,False,True,"[3, 3072, 3072]",14,14,True,True,PASS,
3424,3425,train/b17dabf3bf866e22c5c9a342e2412002.jpg,2681,2506,7,False,True,False,True,"[3, 2506, 2681]",7,7,True,True,PASS,
3425,3426,train/b17fa1439061ffd2a0b36e8acd83bc32.jpg,3048,2640,3,False,True,False,True,"[3, 2640, 3048]",3,3,True,True,PASS,
3426,3427,train/b18121dc37e2914d7a630c3ac781c9d7.jpg,2584,2980,12,False,True,False,True,"[3, 2980, 2584]",12,12,True,True,PASS,
3427,3428,train/b18616900ff4b4ec90b24128d309b546.jpg,2048,2500,6,False,True,False,True,"[3, 2500, 2048]",6,6,True,True,PASS,
3428,3429,train/b19140c03d24dd602afccafbb6485930.jpg,2282,2623,5,False,True,False,True,"[3, 2623, 2282]",5,5,True,True,PASS,
3429,3430,train/b192b0ddffed39cf6894a6beab870f9e.jpg,1872,2440,12,False,True,False,True,"[3, 2440, 1872]",12,12,True,True,PASS,
3430,3431,train/b19ed7f40285fbd541be0bacde17fae3.jpg,3072,3072,7,False,True,False,True,"[3, 3072, 3072]",7,7,True,True,PASS,
3431,3432,train/b1d44013e0b4fab1d38af22901e312c4.jpg,2304,2880,16,False,True,False,True,"[3, 2880, 2304]",16,16,True,True,PASS,
3432,3433,train/b1d599b4bf50932fb66d8a9aaf41ba3e.jpg,2048,2500,5,False,True,False,True,"[3, 2500, 2048]",5,5,True,True,PASS,
3433,3434,train/b1d7cd4432f36fc46d4e49f01def1cbe.jpg,2659,3002,0,True,True,True,True,"[3, 3002, 2659]",0,0,True,True,PASS,
3434,3435,train/b1deab22cfb50881b47c52daa9993ab3.jpg,2048,2500,7,False,True,False,True,"[3, 2500, 2048]",7,7,True,True,PASS,
3435,3436,train/b1e31fb059b5a49bb70bb4f274c56841.jpg,2540,3072,8,False,True,False,True,"[3, 3072, 2540]",8,8,True,True,PASS,
3436,3437,train/b1e63a68c95bda1c50667decd3989ca0.jpg,2120,2280,7,False,True,False,True,"[3, 2280, 2120]",7,7,True,True,PASS,
3437,3438,train/b1f71b5ef16dce633e4033237b761cdf.jpg,2048,2500,0,True,True,True,True,"[3, 2500, 2048]",0,0,True,True,PASS,
3438,3439,train/b22bd21cfb3258bad7d934f036c34b5b.jpg,2838,2929,9,False,True,False,True,"[3, 2929, 2838]",9,9,True,True,PASS,
3439,3440,train/b23548e92d78f28ac323a4609751c152.jpg,3072,3072,6,False,True,False,True,"[3, 3072, 3072]",6,6,True,True,PASS,
3440,3441,train/b23ee0544bba6ed7301111820f8de415.jpg,2885,3137,5,False,True,False,True,"[3, 3137, 2885]",5,5,True,True,PASS,
3441,3442,train/b2506496d79b479a6b1427288235190c.jpg,2304,2880,8,False,True,False,True,"[3, 2880, 2304]",8,8,True,True,PASS,
3442,3443,train/b27c879787934c51d42095098dd313b2.jpg,2304,2880,8,False,True,False,True,"[3, 2880, 2304]",8,8,True,True,PASS,
3443,3444,train/b28339816a52309160153d0e27833cef.jpg,2838,2636,15,False,True,False,True,"[3, 2636, 2838]",15,15,True,True,PASS,
3444,3445,train/b29294e12f7aacc8f31ffa0f13959c3a.jpg,1994,2430,0,True,True,True,True,"[3, 2430, 1994]",0,0,True,True,PASS,
3445,3446,train/b293d02e9eb0ddf6f13ae424f3aec2b1.jpg,3072,3072,3,False,True,False,True,"[3, 3072, 3072]",3,3,True,True,PASS,
3446,3447,train/b29679d2251dd63917530a6eb83e0493.jpg,3072,3072,6,False,True,False,True,"[3, 3072, 3072]",6,6,True,True,PASS,
3447,3448,train/b2a0d46de6a845624835477b8207cbe8.jpg,3072,3072,9,False,True,False,True,"[3, 3072, 3072]",9,9,True,True,PASS,
3448,3449,train/b2a52a18d74c641353762a0c1569a695.jpg,2435,2940,6,False,True,False,True,"[3, 2940, 2435]",6,6,True,True,PASS,
3449,3450,train/b2c97c1426a846ada2d815a4ecc67893.jpg,2700,2788,4,False,True,False,True,"[3, 2788, 2700]",4,4,True,True,PASS,
3450,3451,train/b2ef37ed5522134cc9ec28895ed4d932.jpg,2304,2880,6,False,True,False,True,"[3, 2880, 2304]",6,6,True,True,PASS,
3451,3452,train/b305ccbbf99b1f59b9a7edffd46659f1.jpg,2792,3348,17,False,True,False,True,"[3, 3348, 2792]",17,17,True,True,PASS,
3452,3453,train/b311e9ad56a71aadfcd8be7009111352.jpg,2670,3238,10,False,True,False,True,"[3, 3238, 2670]",10,10,True,True,PASS,
3453,3454,train/b325d5dcf507c8cce2c5de3e9afb2847.jpg,2304,2880,5,False,True,False,True,"[3, 2880, 2304]",5,5,True,True,PASS,
3454,3455,train/b32a218326ec600eb1bdc3297eed2c16.jpg,2304,2880,4,False,True,False,True,"[3, 2880, 2304]",4,4,True,True,PASS,
3455,3456,train/b3510302f95f75a91e0fd49e04767f02.jpg,3072,3072,8,False,True,False,True,"[3, 3072, 3072]",8,8,True,True,PASS,
3456,3457,train/b355bd7207c70cdc8b499739edaaa8ab.jpg,2540,3072,3,False,True,False,True,"[3, 3072, 2540]",3,3,True,True,PASS,
3457,3458,train/b3588a07ee672507c31f69109089b805.jpg,2304,2880,7,False,True,False,True,"[3, 2880, 2304]",7,7,True,True,PASS,
3458,3459,train/b359c14158afff8ef7d00c59d2211ebc.jpg,2478,2225,0,True,True,True,True,"[3, 2225, 2478]",0,0,True,True,PASS,
3459,3460,train/b366c0801a5f5e8f59fa76b30e67f4ae.jpg,2048,2500,5,False,True,False,True,"[3, 2500, 2048]",5,5,True,True,PASS,
3460,3461,train/b37cd57257591d19366e5a6f23ceb8f6.jpg,2640,3084,6,False,True,False,True,"[3, 3084, 2640]",6,6,True,True,PASS,
3461,3462,train/b37f9bfd1002374e06d03379807967db.jpg,2048,2500,5,False,True,False,True,"[3, 2500, 2048]",5,5,True,True,PASS,
3462,3463,train/b39a285d468234c4934c6d5489727fa2.jpg,1994,2430,0,True,True,True,True,"[3, 2430, 1994]",0,0,True,True,PASS,
3463,3464,train/b3c5bcf8d6a3059af4c048169710ffd6.jpg,2572,2475,4,False,True,False,True,"[3, 2475, 2572]",4,4,True,True,PASS,
3464,3465,train/b3c7d38fa039c4550491cf77cb52bea8.jpg,2304,2880,10,False,True,False,True,"[3, 2880, 2304]",10,10,True,True,PASS,
3465,3466,train/b3cc453518cf826875edcd3d5778ee87.jpg,2304,2880,9,False,True,False,True,"[3, 2880, 2304]",9,9,True,True,PASS,
3466,3467,train/b3cf4f7aab7e62964dd965e768178e32.jpg,1994,2430,0,True,True,True,True,"[3, 2430, 1994]",0,0,True,True,PASS,
3467,3468,train/b3d1eabc4bb5b66d92f3fae7ddb67b29.jpg,2304,2880,8,False,True,False,True,"[3, 2880, 2304]",8,8,True,True,PASS,
3468,3469,train/b3f160c75b16300c0f4a89ce8814d1bc.jpg,2304,2880,9,False,True,False,True,"[3, 2880, 2304]",9,9,True,True,PASS,
3469,3470,train/b3f4af84fa71fe204eb105ce430deef3.jpg,1320,1416,0,True,True,True,True,"[3, 1416, 1320]",0,0,True,True,PASS,
3470,3471,train/b403b5824536defcaab0702f29c180a9.jpg,2352,2884,5,False,True,False,True,"[3, 2884, 2352]",5,5,True,True,PASS,
3471,3472,train/b40a6f0ea09c4d305ef296e0d8b73cde.jpg,3072,3072,7,False,True,False,True,"[3, 3072, 3072]",7,7,True,True,PASS,
3472,3473,train/b4105a81821522d6bfe3d18d9b757eb4.jpg,2304,2880,13,False,True,False,True,"[3, 2880, 2304]",13,13,True,True,PASS,
3473,3474,train/b412dfe3a17da1fe404b67ec756b8a67.jpg,2304,2880,15,False,True,False,True,"[3, 2880, 2304]",15,15,True,True,PASS,
3474,3475,train/b4148f125cfe78550775272f6b8c965a.jpg,2144,2024,6,False,True,False,True,"[3, 2024, 2144]",6,6,True,True,PASS,
3475,3476,train/b41de357cd8bbef33ae563b6299f802c.jpg,2688,2208,3,False,True,False,True,"[3, 2208, 2688]",3,3,True,True,PASS,
3476,3477,train/b41fd5f3e08360e72cc4d73a83a1b610.jpg,1840,2072,6,False,True,False,True,"[3, 2072, 1840]",6,6,True,True,PASS,
3477,3478,train/b42962e103033ae66afb049d00cb477c.jpg,2806,3072,15,False,True,False,True,"[3, 3072, 2806]",15,15,True,True,PASS,
3478,3479,train/b42b72d0fcbdf8b3b811fe219193e397.jpg,2540,3072,3,False,True,False,True,"[3, 3072, 2540]",3,3,True,True,PASS,
3479,3480,train/b42e930c16c0166dbeae813b47bb8b07.jpg,3072,3072,11,False,True,False,True,"[3, 3072, 3072]",11,11,True,True,PASS,
3480,3481,train/b440269d96e31c7f99b7fd9bcf08eda3.jpg,2336,2836,0,True,True,True,True,"[3, 2836, 2336]",0,0,True,True,PASS,
3481,3482,train/b455c6067fa5e154a2c48ac187029022.jpg,2540,3072,14,False,True,False,True,"[3, 3072, 2540]",14,14,True,True,PASS,
3482,3483,train/b482f72073e73cea73cc82ea02b353da.jpg,2422,2967,5,False,True,False,True,"[3, 2967, 2422]",5,5,True,True,PASS,
3483,3484,train/b4872c4ae2b5733b5d0c025949d077da.jpg,2072,2464,5,False,True,False,True,"[3, 2464, 2072]",5,5,True,True,PASS,
3484,3485,train/b489964b59d3f6f9070e45a02e469d8b.jpg,3072,3072,15,False,True,False,True,"[3, 3072, 3072]",15,15,True,True,PASS,
3485,3486,train/b48d6f9b38b698b6ac534ec7ded5c4e8.jpg,1960,2256,17,False,True,False,True,"[3, 2256, 1960]",17,17,True,True,PASS,
3486,3487,train/b493be668f28b801ecaa2278069825eb.jpg,2368,3264,8,False,True,False,True,"[3, 3264, 2368]",8,8,True,True,PASS,
3487,3488,train/b4a7269d3fcbed43638a44892088ac4a.jpg,2668,2512,5,False,True,False,True,"[3, 2512, 2668]",5,5,True,True,PASS,
3488,3489,train/b4b6e377eedea6b7a33ce8958d79fe71.jpg,3156,3035,14,False,True,False,True,"[3, 3035, 3156]",14,14,True,True,PASS,
3489,3490,train/b4c00291b57d489dbe6665c789c6d360.jpg,2304,2880,5,False,True,False,True,"[3, 2880, 2304]",5,5,True,True,PASS,
3490,3491,train/b4c6f7fd99fa215a9634736b8a0cd5d1.jpg,2304,2880,6,False,True,False,True,"[3, 2880, 2304]",6,6,True,True,PASS,
3491,3492,train/b4db27f83c152fb40adc9bd6a4e742d8.jpg,2304,2880,7,False,True,False,True,"[3, 2880, 2304]",7,7,True,True,PASS,
3492,3493,train/b4dd6dada2ebdf6899c21a3bc081d796.jpg,2651,2857,6,False,True,False,True,"[3, 2857, 2651]",6,6,True,True,PASS,
3493,3494,train/b4ed7fedb5fd04e7a72bf8bc2f8aa91c.jpg,3072,3072,4,False,True,False,True,"[3, 3072, 3072]",4,4,True,True,PASS,
3494,3495,train/b4faf90679534ac80ab9113365203dc0.jpg,2304,2880,9,False,True,False,True,"[3, 2880, 2304]",9,9,True,True,PASS,
3495,3496,train/b4fc5e0bb44a19fcb308e73639746915.jpg,3000,3000,5,False,True,False,True,"[3, 3000, 3000]",5,5,True,True,PASS,
3496,3497,train/b508112a2b015ec159ce926661b6b23a.jpg,2233,2269,0,True,True,True,True,"[3, 2269, 2233]",0,0,True,True,PASS,
3497,3498,train/b50d4c9c23a26b4391d508a5d6a32f7a.jpg,2880,3060,4,False,True,False,True,"[3, 3060, 2880]",4,4,True,True,PASS,
3498,3499,train/b527a2b66bb1c7a3c31fd9b1fe665712.jpg,3033,3171,10,False,True,False,True,"[3, 3171, 3033]",10,10,True,True,PASS,
3499,3500,train/b5351b37d8d3944228ff46e9cc7139a4.jpg,1843,2539,0,True,True,True,True,"[3, 2539, 1843]",0,0,True,True,PASS,
3500,3501,train/b53d1dd80e99ca6bcef9d592f65d3321.jpg,2304,2880,8,False,True,False,True,"[3, 2880, 2304]",8,8,True,True,PASS,
3501,3502,train/b552fb1120a4211fd165a73ddb91e6e7.jpg,2620,2688,5,False,True,False,True,"[3, 2688, 2620]",5,5,True,True,PASS,
3502,3503,train/b5585b9fe48edd5d89069a8d6ca07543.jpg,2874,3356,13,False,True,False,True,"[3, 3356, 2874]",13,13,True,True,PASS,
3503,3504,train/b55a0fc49ba34ddf21e50dde0f11edca.jpg,2767,3238,9,False,True,False,True,"[3, 3238, 2767]",9,9,True,True,PASS,
3504,3505,train/b5632581be1d7da89d9d01a9983c4afa.jpg,2580,2844,20,False,True,False,True,"[3, 2844, 2580]",20,20,True,True,PASS,
3505,3506,train/b576400860f1e271b820f959e8b4b9b8.jpg,2320,2468,4,False,True,False,True,"[3, 2468, 2320]",4,4,True,True,PASS,
3506,3507,train/b57763fed61d020d0338a35dd06a4011.jpg,2304,2880,3,False,True,False,True,"[3, 2880, 2304]",3,3,True,True,PASS,
3507,3508,train/b57e21ea64ba9736e0711bdbbe53c221.jpg,2048,2500,10,False,True,False,True,"[3, 2500, 2048]",10,10,True,True,PASS,
3508,3509,train/b5822471fa3aef526081f6a64d7bec2f.jpg,2817,3005,4,False,True,False,True,"[3, 3005, 2817]",4,4,True,True,PASS,
3509,3510,train/b58f3853512c47b9d88eca193031b650.jpg,2540,3072,5,False,True,False,True,"[3, 3072, 2540]",5,5,True,True,PASS,
3510,3511,train/b59dc05efd7fe99cc96902b2c04ad8c3.jpg,2656,2692,3,False,True,False,True,"[3, 2692, 2656]",3,3,True,True,PASS,
3511,3512,train/b5a3de338d33d96e3bfa129f7a4172ca.jpg,2540,3072,3,False,True,False,True,"[3, 3072, 2540]",3,3,True,True,PASS,
3512,3513,train/b5bd1410c0347b22fba82f6bb6a3a45c.jpg,2048,2500,7,False,True,False,True,"[3, 2500, 2048]",7,7,True,True,PASS,
3513,3514,train/b5be61351d358e354a42633e5d853352.jpg,3107,3100,8,False,True,False,True,"[3, 3100, 3107]",8,8,True,True,PASS,
3514,3515,train/b5c56a5624857bd608eeadd16a7f566b.jpg,2593,3408,13,False,True,False,True,"[3, 3408, 2593]",13,13,True,True,PASS,
3515,3516,train/b5e2ebedcb69b842ee6b751e5a4991a8.jpg,2914,2649,6,False,True,False,True,"[3, 2649, 2914]",6,6,True,True,PASS,
3516,3517,train/b5eb86bdfcbce8d8536e608124d0f9ed.jpg,2304,2880,6,False,True,False,True,"[3, 2880, 2304]",6,6,True,True,PASS,
3517,3518,train/b5fa2fc3b3e2a3bbf93884481fb08b74.jpg,3072,3072,6,False,True,False,True,"[3, 3072, 3072]",6,6,True,True,PASS,
3518,3519,train/b60cac600ed504d8cfe8a669d3e3448f.jpg,2524,2555,6,False,True,False,True,"[3, 2555, 2524]",6,6,True,True,PASS,
3519,3520,train/b61e3688e902469aeda86709a31c475e.jpg,2609,2823,5,False,True,False,True,"[3, 2823, 2609]",5,5,True,True,PASS,
3520,3521,train/b63468d09854f322d5e371915e5591d0.jpg,2056,2176,6,False,True,False,True,"[3, 2176, 2056]",6,6,True,True,PASS,
3521,3522,train/b66bd49e532dc5b3d043aff504c5f165.jpg,2304,2880,10,False,True,False,True,"[3, 2880, 2304]",10,10,True,True,PASS,
3522,3523,train/b66d58ed04096cca4e4fbb0da6e74592.jpg,2304,2880,6,False,True,False,True,"[3, 2880, 2304]",6,6,True,True,PASS,
3523,3524,train/b685d041e15fd6b5ffbac258f0673518.jpg,3072,2666,8,False,True,False,True,"[3, 2666, 3072]",8,8,True,True,PASS,
3524,3525,train/b691366d6d838d521c053720ef950e54.jpg,3072,2940,7,False,True,False,True,"[3, 2940, 3072]",7,7,True,True,PASS,
3525,3526,train/b6acc59400a48d9306c1560daada75ba.jpg,3072,3072,6,False,True,False,True,"[3, 3072, 3072]",6,6,True,True,PASS,
3526,3527,train/b6b3626c00261d525ff80435fe25eb5b.jpg,3320,2890,6,False,True,False,True,"[3, 2890, 3320]",6,6,True,True,PASS,
3527,3528,train/b6bb5088976d0d3d51f3041b2172cffb.jpg,2544,2828,11,False,True,False,True,"[3, 2828, 2544]",11,11,True,True,PASS,
3528,3529,train/b6c1ab12c31f8330977696c199b0592a.jpg,2304,2880,13,False,True,False,True,"[3, 2880, 2304]",13,13,True,True,PASS,
3529,3530,train/b6c5be2e2facca99c47e133769a065ce.jpg,2304,2880,7,False,True,False,True,"[3, 2880, 2304]",7,7,True,True,PASS,
3530,3531,train/b6d81cd3e996c836eeeadcc896afdfe4.jpg,2704,3124,12,False,True,False,True,"[3, 3124, 2704]",12,12,True,True,PASS,
3531,3532,train/b6e15b40a6370f847f1cb97f73528068.jpg,2540,3072,13,False,True,False,True,"[3, 3072, 2540]",13,13,True,True,PASS,
3532,3533,train/b6e87644b798ae36a29fc57cccf14f8e.jpg,2304,2880,12,False,True,False,True,"[3, 2880, 2304]",12,12,True,True,PASS,
3533,3534,train/b6ec5b8679737f741fb225e79a849ac9.jpg,2048,2500,9,False,True,False,True,"[3, 2500, 2048]",9,9,True,True,PASS,
3534,3535,train/b6f07c3256419d2afece328ae2f7ebc5.jpg,2517,3028,5,False,True,False,True,"[3, 3028, 2517]",5,5,True,True,PASS,
3535,3536,train/b6f4abe4d21f1e44827e26f640f626bc.jpg,1994,2430,0,True,True,True,True,"[3, 2430, 1994]",0,0,True,True,PASS,
3536,3537,train/b71274108d1bfb8bf7a96b8f512da72b.jpg,2304,2880,12,False,True,False,True,"[3, 2880, 2304]",12,12,True,True,PASS,
3537,3538,train/b720e511bfdfb393b77a26c29fc8cd91.jpg,2048,2500,11,False,True,False,True,"[3, 2500, 2048]",11,11,True,True,PASS,
3538,3539,train/b73a869bb8f8397e10c6910a0bd8072f.jpg,3072,3072,8,False,True,False,True,"[3, 3072, 3072]",8,8,True,True,PASS,
3539,3540,train/b73e16e580992f545e375c2d3d6f7387.jpg,2301,2784,6,False,True,False,True,"[3, 2784, 2301]",6,6,True,True,PASS,
3540,3541,train/b75075aceaa139ea4a971c652005c665.jpg,1994,2430,0,True,True,True,True,"[3, 2430, 1994]",0,0,True,True,PASS,
3541,3542,train/b7531cbe38186e2d9aeb1b5de83984b3.jpg,2304,2880,17,False,True,False,True,"[3, 2880, 2304]",17,17,True,True,PASS,
3542,3543,train/b75b0115ce7e890c8d3cc739cfc8c089.jpg,2304,2880,7,False,True,False,True,"[3, 2880, 2304]",7,7,True,True,PASS,
3543,3544,train/b75bba1e9dfb84fe1bd84c88c638c339.jpg,2048,2500,8,False,True,False,True,"[3, 2500, 2048]",8,8,True,True,PASS,
3544,3545,train/b761841b1bffc40e56e97a869f994f69.jpg,2517,3028,9,False,True,False,True,"[3, 3028, 2517]",9,9,True,True,PASS,
3545,3546,train/b76cca59757045fa3cedad238c878354.jpg,3072,3072,9,False,True,False,True,"[3, 3072, 3072]",9,9,True,True,PASS,
3546,3547,train/b76de23d23b7418566348c413efa1a3f.jpg,2304,2880,15,False,True,False,True,"[3, 2880, 2304]",15,15,True,True,PASS,
3547,3548,train/b770403a1d0ab861f1944f8b896afcae.jpg,2485,3408,8,False,True,False,True,"[3, 3408, 2485]",8,8,True,True,PASS,
3548,3549,train/b775ef55984de7ff2b12941010f9d968.jpg,3072,3072,7,False,True,False,True,"[3, 3072, 3072]",7,7,True,True,PASS,
3549,3550,train/b78367d7be3c92afe88f13efcb6dcaf5.jpg,2540,3072,19,False,True,False,True,"[3, 3072, 2540]",19,19,True,True,PASS,
3550,3551,train/b7837ea29dd8bd1386f09cc1474320f0.jpg,2304,2880,3,False,True,False,True,"[3, 2880, 2304]",3,3,True,True,PASS,
3551,3552,train/b79e4a0140ad6e02038d6de55ab1a3fb.jpg,2540,3072,12,False,True,False,True,"[3, 3072, 2540]",12,12,True,True,PASS,
3552,3553,train/b7b84cc718930bb70aa2fdcb53cfb98e.jpg,2304,2880,3,False,True,False,True,"[3, 2880, 2304]",3,3,True,True,PASS,
3553,3554,train/b7cb4aab02fe2cdcf2de5b7a93f49d73.jpg,2228,2507,14,False,True,False,True,"[3, 2507, 2228]",14,14,True,True,PASS,
3554,3555,train/b7cde19a331d3ba71fcb8efc361af419.jpg,2048,2500,19,False,True,False,True,"[3, 2500, 2048]",19,19,True,True,PASS,
3555,3556,train/b7ce898bce636076cff5d2267500bc18.jpg,2397,2937,10,False,True,False,True,"[3, 2937, 2397]",10,10,True,True,PASS,
3556,3557,train/b7d87f19a1daba2fa97a0eae0a033a9c.jpg,3072,3072,7,False,True,False,True,"[3, 3072, 3072]",7,7,True,True,PASS,
3557,3558,train/b7e9e8a42a7581a9f40b67f4ed3bab72.jpg,2800,2483,15,False,True,False,True,"[3, 2483, 2800]",15,15,True,True,PASS,
3558,3559,train/b80be20a79e5a7539bd00f4907b444b2.jpg,2540,3072,6,False,True,False,True,"[3, 3072, 2540]",6,6,True,True,PASS,
3559,3560,train/b8202fc93f201492ab7880cb6b4c9165.jpg,2965,2992,11,False,True,False,True,"[3, 2992, 2965]",11,11,True,True,PASS,
3560,3561,train/b821bbaa6723f749a915b00b94a69977.jpg,2897,2738,5,False,True,False,True,"[3, 2738, 2897]",5,5,True,True,PASS,
3561,3562,train/b8322e1a06179954c5b5f5ed05083c05.jpg,2936,3000,0,True,True,True,True,"[3, 3000, 2936]",0,0,True,True,PASS,
3562,3563,train/b872e348b0ba7c7259853c8312f9daa4.jpg,2560,2636,10,False,True,False,True,"[3, 2636, 2560]",10,10,True,True,PASS,
3563,3564,train/b87b691b9ceeaf0c9539b2844be6e1e1.jpg,3072,3072,7,False,True,False,True,"[3, 3072, 3072]",7,7,True,True,PASS,
3564,3565,train/b88d596bf6fd4664434f6525ac632f74.jpg,2974,2827,5,False,True,False,True,"[3, 2827, 2974]",5,5,True,True,PASS,
3565,3566,train/b89103ceb6d47e45889eb9a21d04542c.jpg,2851,2738,4,False,True,False,True,"[3, 2738, 2851]",4,4,True,True,PASS,
3566,3567,train/b8a7669b5debce390c877d087380722d.jpg,2620,3256,5,False,True,False,True,"[3, 3256, 2620]",5,5,True,True,PASS,
3567,3568,train/b8b8c9ae5afd3e8d2dbd5d69fa0f9378.jpg,2304,2880,17,False,True,False,True,"[3, 2880, 2304]",17,17,True,True,PASS,
3568,3569,train/b8d0602c3d243b1f833bc0e5885a0b0c.jpg,1992,2440,19,False,True,False,True,"[3, 2440, 1992]",19,19,True,True,PASS,
3569,3570,train/b8d3a0bb21e3e536728b13aaea587974.jpg,2540,3072,5,False,True,False,True,"[3, 3072, 2540]",5,5,True,True,PASS,
3570,3571,train/b8de83edc69e3eb2e8837f74ff988557.jpg,3042,2946,3,False,True,False,True,"[3, 2946, 3042]",3,3,True,True,PASS,
3571,3572,train/b8df1b270c5447fdac022ab51540f949.jpg,2568,2772,4,False,True,False,True,"[3, 2772, 2568]",4,4,True,True,PASS,
3572,3573,train/b8e264216ade48723aff628067080b04.jpg,2048,2500,4,False,True,False,True,"[3, 2500, 2048]",4,4,True,True,PASS,
3573,3574,train/b8e5248b4e87c2775642f2b5c7bdbade.jpg,2632,2678,15,False,True,False,True,"[3, 2678, 2632]",15,15,True,True,PASS,
3574,3575,train/b90e929709147ef63dfebf74c0cbe454.jpg,2336,2836,0,True,True,True,True,"[3, 2836, 2336]",0,0,True,True,PASS,
3575,3576,train/b9174fe081e3839ed1f7c8169d85739e.jpg,2354,3022,5,False,True,False,True,"[3, 3022, 2354]",5,5,True,True,PASS,
3576,3577,train/b919471290e71f53a6b9c1a672662854.jpg,2616,2676,6,False,True,False,True,"[3, 2676, 2616]",6,6,True,True,PASS,
3577,3578,train/b91b76bcb6e0b005ef98719bd719b488.jpg,2336,2836,0,True,True,True,True,"[3, 2836, 2336]",0,0,True,True,PASS,
3578,3579,train/b934b20d2bc6a9ad44b46aef2776268b.jpg,3072,3072,10,False,True,False,True,"[3, 3072, 3072]",10,10,True,True,PASS,
3579,3580,train/b9374768fadad510f514c5b81b048881.jpg,2620,2952,6,False,True,False,True,"[3, 2952, 2620]",6,6,True,True,PASS,
3580,3581,train/b948592be9abd5dcf1a570c72887c033.jpg,2483,2508,6,False,True,False,True,"[3, 2508, 2483]",6,6,True,True,PASS,
3581,3582,train/b995057fed5cd441821c8a954697ea57.jpg,2723,3340,14,False,True,False,True,"[3, 3340, 2723]",14,14,True,True,PASS,
3582,3583,train/b99a097e12daedcc1d269899c813db0c.jpg,3072,3072,14,False,True,False,True,"[3, 3072, 3072]",14,14,True,True,PASS,
3583,3584,train/b9a2c726f8a39ea3cc841fa6d3100cc6.jpg,3072,3072,7,False,True,False,True,"[3, 3072, 3072]",7,7,True,True,PASS,
3584,3585,train/b9b2a7a46b88db57379c59db58cc2228.jpg,2170,2947,12,False,True,False,True,"[3, 2947, 2170]",12,12,True,True,PASS,
3585,3586,train/b9bf0f1b540eaf41cb590ee0a15fe0e7.jpg,2452,2768,10,False,True,False,True,"[3, 2768, 2452]",10,10,True,True,PASS,
3586,3587,train/b9e484fa14cf5877736daa59b2ce2b24.jpg,2304,2880,12,False,True,False,True,"[3, 2880, 2304]",12,12,True,True,PASS,
3587,3588,train/b9f09915187c2cc01e958da90d97ac89.jpg,2307,2551,11,False,True,False,True,"[3, 2551, 2307]",11,11,True,True,PASS,
3588,3589,train/ba0d29d84db98416a0858ad30c4d41a7.jpg,2377,2951,10,False,True,False,True,"[3, 2951, 2377]",10,10,True,True,PASS,
3589,3590,train/ba0ee85ac58311c7f1413a3af2f3f7c7.jpg,2048,2500,0,True,True,True,True,"[3, 2500, 2048]",0,0,True,True,PASS,
3590,3591,train/ba0f97b49906ccf1bf205dd7ca108c06.jpg,2048,1824,8,False,True,False,True,"[3, 1824, 2048]",8,8,True,True,PASS,
3591,3592,train/ba142c273c1f6e0fcccfeec5751351b2.jpg,3064,3408,5,False,True,False,True,"[3, 3408, 3064]",5,5,True,True,PASS,
3592,3593,train/ba1795ee5daae1ed415756c3f4f21b48.jpg,3320,3408,4,False,True,False,True,"[3, 3408, 3320]",4,4,True,True,PASS,
3593,3594,train/ba1d2a4e889b03f2d79aabfbf0804062.jpg,2844,3000,5,False,True,False,True,"[3, 3000, 2844]",5,5,True,True,PASS,
3594,3595,train/ba301b6e6ace2f31edf20efdd78cd286.jpg,2534,3047,8,False,True,False,True,"[3, 3047, 2534]",8,8,True,True,PASS,
3595,3596,train/ba4344465d9f3d34328ee5ee2e96dc61.jpg,2304,2880,7,False,True,False,True,"[3, 2880, 2304]",7,7,True,True,PASS,
3596,3597,train/ba46dcb445340df33566b52d7192ab6e.jpg,2304,2880,13,False,True,False,True,"[3, 2880, 2304]",13,13,True,True,PASS,
3597,3598,train/ba4a00ea7764b5ee772792a50531e9e7.jpg,2304,2880,5,False,True,False,True,"[3, 2880, 2304]",5,5,True,True,PASS,
3598,3599,train/ba566bf98caaa797816d7a2ffa296d5d.jpg,2753,2649,10,False,True,False,True,"[3, 2649, 2753]",10,10,True,True,PASS,
3599,3600,train/ba5e3409250a85483d6e39be759bc102.jpg,2304,2880,14,False,True,False,True,"[3, 2880, 2304]",14,14,True,True,PASS,
3600,3601,train/ba665972d68d2cb8b55839ad6592961c.jpg,3072,3072,21,False,True,False,True,"[3, 3072, 3072]",21,21,True,True,PASS,
3601,3602,train/ba683c0053ad11332810ecc509b6c17b.jpg,2616,2884,3,False,True,False,True,"[3, 2884, 2616]",3,3,True,True,PASS,
3602,3603,train/ba68c12f2141bba79d9c29322c2c295a.jpg,3320,3408,9,False,True,False,True,"[3, 3408, 3320]",9,9,True,True,PASS,
3603,3604,train/ba8c1cd9bceb450054920b79af773650.jpg,2901,3108,9,False,True,False,True,"[3, 3108, 2901]",9,9,True,True,PASS,
3604,3605,train/ba8cf1b843900f3e754f6e172f62efc4.jpg,2304,2880,11,False,True,False,True,"[3, 2880, 2304]",11,11,True,True,PASS,
3605,3606,train/bace601f50d2f324022ae6a9ad608123.jpg,2048,2500,8,False,True,False,True,"[3, 2500, 2048]",8,8,True,True,PASS,
3606,3607,train/bad42a62c993ad12cc37da8f9a33e490.jpg,3072,3072,5,False,True,False,True,"[3, 3072, 3072]",5,5,True,True,PASS,
3607,3608,train/bad57ce327ed96a0ae3e01c930f297cc.jpg,2048,2500,7,False,True,False,True,"[3, 2500, 2048]",7,7,True,True,PASS,
3608,3609,train/baf56818e451ed175e7cbd7d94e01bb0.jpg,1994,2430,0,True,True,True,True,"[3, 2430, 1994]",0,0,True,True,PASS,
3609,3610,train/bb315b4bc113c0506a9e24593cb06a6b.jpg,3000,3000,4,False,True,False,True,"[3, 3000, 3000]",4,4,True,True,PASS,
3610,3611,train/bb39350ab564d44de74b77ad863a8ae6.jpg,2753,2733,5,False,True,False,True,"[3, 2733, 2753]",5,5,True,True,PASS,
3611,3612,train/bb3d26414a85af5edf485b330607860d.jpg,2304,2880,8,False,True,False,True,"[3, 2880, 2304]",8,8,True,True,PASS,
3612,3613,train/bb4c165fbbc02116fb18be5f2e21a2a5.jpg,2304,2880,3,False,True,False,True,"[3, 2880, 2304]",3,3,True,True,PASS,
3613,3614,train/bb541cb8a793063968903bf3fc5b68f7.jpg,3072,3072,6,False,True,False,True,"[3, 3072, 3072]",6,6,True,True,PASS,
3614,3615,train/bb60194195e9a5eaa27685d2fa688085.jpg,2851,2721,6,False,True,False,True,"[3, 2721, 2851]",6,6,True,True,PASS,
3615,3616,train/bb6c5c14ec3550cf81d67c8298ea5f41.jpg,2540,3072,5,False,True,False,True,"[3, 3072, 2540]",5,5,True,True,PASS,
3616,3617,train/bb72868e96a7c3c5b82dae9f1d814eec.jpg,2415,3002,4,False,True,False,True,"[3, 3002, 2415]",4,4,True,True,PASS,
3617,3618,train/bb7d4479b3065e5912e328c065733504.jpg,3072,3072,10,False,True,False,True,"[3, 3072, 3072]",10,10,True,True,PASS,
3618,3619,train/bb8f70bb23d06edce7b87df6f529d0b4.jpg,2048,2500,6,False,True,False,True,"[3, 2500, 2048]",6,6,True,True,PASS,
3619,3620,train/bb93a8a5285c48a0797bc5216e99f861.jpg,2263,2448,5,False,True,False,True,"[3, 2448, 2263]",5,5,True,True,PASS,
3620,3621,train/bb99c58b3e18ca4a52dbd27495d88216.jpg,2304,2880,11,False,True,False,True,"[3, 2880, 2304]",11,11,True,True,PASS,
3621,3622,train/bb9f4f20dd8f4e5c5ab518d7f1818b1f.jpg,2304,2880,8,False,True,False,True,"[3, 2880, 2304]",8,8,True,True,PASS,
3622,3623,train/bbac60d6c7695f5eeccb56cb56336f6d.jpg,2304,2880,13,False,True,False,True,"[3, 2880, 2304]",13,13,True,True,PASS,
3623,3624,train/bbc8cca2bda1c6bc5b66715a12830d78.jpg,2210,3181,18,False,True,False,True,"[3, 3181, 2210]",18,18,True,True,PASS,
3624,3625,train/bbcafeecae64804e1e0780b49bafd5bd.jpg,1984,2480,10,False,True,False,True,"[3, 2480, 1984]",10,10,True,True,PASS,
3625,3626,train/bbe4356faa4ee427169a71d8ed020921.jpg,2540,3072,6,False,True,False,True,"[3, 3072, 2540]",6,6,True,True,PASS,
3626,3627,train/bc0e94e539fcc6c3f623d6ce5db07370.jpg,2540,3072,7,False,True,False,True,"[3, 3072, 2540]",7,7,True,True,PASS,
3627,3628,train/bc2be005526db7ab9d5ec6741ddee945.jpg,2373,3349,15,False,True,False,True,"[3, 3349, 2373]",15,15,True,True,PASS,
3628,3629,train/bc38a48bbec6ee4e1ccb6eb453529cae.jpg,3072,3072,13,False,True,False,True,"[3, 3072, 3072]",13,13,True,True,PASS,
3629,3630,train/bc7483c563cf172e46390a235cdc63b9.jpg,2780,2988,8,False,True,False,True,"[3, 2988, 2780]",8,8,True,True,PASS,
3630,3631,train/bc765f1145a3390f6b231f0d05193458.jpg,2304,2880,5,False,True,False,True,"[3, 2880, 2304]",5,5,True,True,PASS,
3631,3632,train/bc849fedf97c9eb2bc7707bac17329bc.jpg,2475,2772,4,False,True,False,True,"[3, 2772, 2475]",4,4,True,True,PASS,
3632,3633,train/bc87c2265556912b25d36f2fef105a01.jpg,3072,3072,7,False,True,False,True,"[3, 3072, 3072]",7,7,True,True,PASS,
3633,3634,train/bc87ef332a3c532a7e86893cae30e127.jpg,2820,2724,6,False,True,False,True,"[3, 2724, 2820]",6,6,True,True,PASS,
3634,3635,train/bc89dfd66b1662e2aaf94bc7e1e7f630.jpg,2394,2704,5,False,True,False,True,"[3, 2704, 2394]",5,5,True,True,PASS,
3635,3636,train/bcd6064c48c99c6557d0876ec2e47883.jpg,2048,2500,7,False,True,False,True,"[3, 2500, 2048]",7,7,True,True,PASS,
3636,3637,train/bcdf0364c02fc489f7a8a7b94e913c5e.jpg,2460,2392,8,False,True,False,True,"[3, 2392, 2460]",8,8,True,True,PASS,
3637,3638,train/bce076b117178591a7dad5ab9296ba74.jpg,2540,3072,0,True,True,True,True,"[3, 3072, 2540]",0,0,True,True,PASS,
3638,3639,train/bcfe72dc85490721c3c39870e6eea3f6.jpg,2684,2868,11,False,True,False,True,"[3, 2868, 2684]",11,11,True,True,PASS,
3639,3640,train/bd152be0a921cfee79bffbdbf53e84d6.jpg,2304,2880,5,False,True,False,True,"[3, 2880, 2304]",5,5,True,True,PASS,
3640,3641,train/bd23539b8fb116791fe16b9854601c1a.jpg,2048,2500,9,False,True,False,True,"[3, 2500, 2048]",9,9,True,True,PASS,
3641,3642,train/bd24133a5c72fdd62ad820445627b718.jpg,2382,3072,8,False,True,False,True,"[3, 3072, 2382]",8,8,True,True,PASS,
3642,3643,train/bd2783f6ab7795e45ccdbd4bb96250f3.jpg,2304,2880,13,False,True,False,True,"[3, 2880, 2304]",13,13,True,True,PASS,
3643,3644,train/bd3042360365944aa845f34f0aa70424.jpg,2540,3072,8,False,True,False,True,"[3, 3072, 2540]",8,8,True,True,PASS,
3644,3645,train/bd3257de200124da83881b37840d3987.jpg,2706,2907,12,False,True,False,True,"[3, 2907, 2706]",12,12,True,True,PASS,
3645,3646,train/bd392937baf9a09b697937d8bb607989.jpg,2179,2629,5,False,True,False,True,"[3, 2629, 2179]",5,5,True,True,PASS,
3646,3647,train/bd3f8d06c2eab0bfe5428dfe3f9a1499.jpg,2334,3408,6,False,True,False,True,"[3, 3408, 2334]",6,6,True,True,PASS,
3647,3648,train/bd3fa1499eba12696a695b952f9218a3.jpg,2304,2880,7,False,True,False,True,"[3, 2880, 2304]",7,7,True,True,PASS,
3648,3649,train/bd3fe876153eeddad8bab49b129ea081.jpg,2304,2880,26,False,True,False,True,"[3, 2880, 2304]",26,26,True,True,PASS,
3649,3650,train/bd60f56f346490b1b62e6cfd02cbe7f5.jpg,2223,2385,7,False,True,False,True,"[3, 2385, 2223]",7,7,True,True,PASS,
3650,3651,train/bd6eb525438d6da1ced0ed1810857772.jpg,2808,3264,10,False,True,False,True,"[3, 3264, 2808]",10,10,True,True,PASS,
3651,3652,train/bd82bfb604a82629f08b99b1c165db35.jpg,2304,2880,3,False,True,False,True,"[3, 2880, 2304]",3,3,True,True,PASS,
3652,3653,train/bd931b74386e3e3f2934b1741c77d5b1.jpg,2500,2048,4,False,True,False,True,"[3, 2048, 2500]",4,4,True,True,PASS,
3653,3654,train/bd94013e719d3bf243bdf5771490bb0a.jpg,2630,2806,7,False,True,False,True,"[3, 2806, 2630]",7,7,True,True,PASS,
3654,3655,train/bd9a6c424edb2e622c1f4b6a59a58e91.jpg,2024,2472,6,False,True,False,True,"[3, 2472, 2024]",6,6,True,True,PASS,
3655,3656,train/bda862be2d20d538b558300c97b8255c.jpg,2048,2500,7,False,True,False,True,"[3, 2500, 2048]",7,7,True,True,PASS,
3656,3657,train/bdaace04fa79a60e8542a3b573288076.jpg,2304,2880,14,False,True,False,True,"[3, 2880, 2304]",14,14,True,True,PASS,
3657,3658,train/bdd0bebed953f69413213d387c9717e7.jpg,2304,2880,11,False,True,False,True,"[3, 2880, 2304]",11,11,True,True,PASS,
3658,3659,train/bdd7f0b920e6c5ea82526986ffb63001.jpg,2048,2500,14,False,True,False,True,"[3, 2500, 2048]",14,14,True,True,PASS,
3659,3660,train/bdd8423e5deae0ae5dc7e0547887fafc.jpg,2304,2880,13,False,True,False,True,"[3, 2880, 2304]",13,13,True,True,PASS,
3660,3661,train/bdda2e2d06f7d1bdc6e410a5dad455d7.jpg,3072,3072,5,False,True,False,True,"[3, 3072, 3072]",5,5,True,True,PASS,
3661,3662,train/bdddb2fbd93102ff052738ae31ff7e75.jpg,2048,2500,11,False,True,False,True,"[3, 2500, 2048]",11,11,True,True,PASS,
3662,3663,train/bdde108a7d024a734cdbed2952f64fe1.jpg,2433,2570,14,False,True,False,True,"[3, 2570, 2433]",14,14,True,True,PASS,
3663,3664,train/bdde865328435f214633b4858d9a4d20.jpg,2304,2880,5,False,True,False,True,"[3, 2880, 2304]",5,5,True,True,PASS,
3664,3665,train/bde4bfa149bc13cee2de7c2e942979e7.jpg,2048,2500,10,False,True,False,True,"[3, 2500, 2048]",10,10,True,True,PASS,
3665,3666,train/bde7cb2bd708d3d928b6ad9e32038fe1.jpg,2600,3256,29,False,True,False,True,"[3, 3256, 2600]",29,29,True,True,PASS,
3666,3667,train/bde911be299cef4ecbdf6c63af33cdf6.jpg,2304,2880,10,False,True,False,True,"[3, 2880, 2304]",10,10,True,True,PASS,
3667,3668,train/bdeeec185619e393d3cbd8f532f95c15.jpg,2304,2880,14,False,True,False,True,"[3, 2880, 2304]",14,14,True,True,PASS,
3668,3669,train/be01f8ea4bf3a231d39378be5a167bc4.jpg,2876,2823,5,False,True,False,True,"[3, 2823, 2876]",5,5,True,True,PASS,
3669,3670,train/be0cc63b7335bd1fb95a2ad432209a14.jpg,3072,3072,6,False,True,False,True,"[3, 3072, 3072]",6,6,True,True,PASS,
3670,3671,train/be1bb194dfb986bf7554b491852b8901.jpg,3072,3072,9,False,True,False,True,"[3, 3072, 3072]",9,9,True,True,PASS,
3671,3672,train/be3bbacb9b3c148eae9549bce68bf0db.jpg,3072,3072,6,False,True,False,True,"[3, 3072, 3072]",6,6,True,True,PASS,
3672,3673,train/be505971cc0f51f3cf4a5717767b42da.jpg,2048,2500,3,False,True,False,True,"[3, 2500, 2048]",3,3,True,True,PASS,
3673,3674,train/be53fe5a49231f1c1be020b0bdd8561f.jpg,2304,2880,3,False,True,False,True,"[3, 2880, 2304]",3,3,True,True,PASS,
3674,3675,train/be66657e907a732207237b75b7e105c4.jpg,2304,2880,6,False,True,False,True,"[3, 2880, 2304]",6,6,True,True,PASS,
3675,3676,train/be6a2a69a923979c38e8e83fed53ff89.jpg,2304,2880,7,False,True,False,True,"[3, 2880, 2304]",7,7,True,True,PASS,
3676,3677,train/be78bb12b31ef59665212f778a7ca895.jpg,2208,2688,4,False,True,False,True,"[3, 2688, 2208]",4,4,True,True,PASS,
3677,3678,train/be85b7d55e0ef589729ef4dd6ffc38fb.jpg,2304,2880,14,False,True,False,True,"[3, 2880, 2304]",14,14,True,True,PASS,
3678,3679,train/be869b141b0483aaa10e62ec407c0010.jpg,2048,2500,0,True,True,True,True,"[3, 2500, 2048]",0,0,True,True,PASS,
3679,3680,train/be8747c0a1878e0230868c016a47f523.jpg,2304,2880,6,False,True,False,True,"[3, 2880, 2304]",6,6,True,True,PASS,
3680,3681,train/be904250a48381ded92ee7d690cf3687.jpg,2104,2192,5,False,True,False,True,"[3, 2192, 2104]",5,5,True,True,PASS,
3681,3682,train/be92ec2aee088c56d3ba79598461cb9a.jpg,2096,2256,7,False,True,False,True,"[3, 2256, 2096]",7,7,True,True,PASS,
3682,3683,train/be9503d3b32da3ca2d06d6df8b1a997b.jpg,3072,3072,0,True,True,True,True,"[3, 3072, 3072]",0,0,True,True,PASS,
3683,3684,train/be95363066a0f6e2d9644cc14b39d3e1.jpg,2624,2828,12,False,True,False,True,"[3, 2828, 2624]",12,12,True,True,PASS,
3684,3685,train/be965185f4128002ad591b91c41e0211.jpg,2048,2500,11,False,True,False,True,"[3, 2500, 2048]",11,11,True,True,PASS,
3685,3686,train/bea7018176b6d5d871fe0cb1c87a64a6.jpg,2694,2873,7,False,True,False,True,"[3, 2873, 2694]",7,7,True,True,PASS,
3686,3687,train/beaa1ae511a49bd86ee5c090f91c80d7.jpg,2704,3124,16,False,True,False,True,"[3, 3124, 2704]",16,16,True,True,PASS,
3687,3688,train/beb81be7f3b55d47fa70e7972c9dc9e1.jpg,2336,2836,0,True,True,True,True,"[3, 2836, 2336]",0,0,True,True,PASS,
3688,3689,train/becab72d8a1f599d4a3d3650d3fffe54.jpg,1944,2368,3,False,True,False,True,"[3, 2368, 1944]",3,3,True,True,PASS,
3689,3690,train/bedecebc0349e52e9afe5cc8f2e067a0.jpg,2760,2608,8,False,True,False,True,"[3, 2608, 2760]",8,8,True,True,PASS,
3690,3691,train/bee427b74f77002c1a4faa71e65d5744.jpg,2540,3072,11,False,True,False,True,"[3, 3072, 2540]",11,11,True,True,PASS,
3691,3692,train/bee99c179da019550328e64a55713d5e.jpg,2048,2500,0,True,True,True,True,"[3, 2500, 2048]",0,0,True,True,PASS,
3692,3693,train/bf0ac90b81bd62e7444fbe3142506e3d.jpg,2924,3264,9,False,True,False,True,"[3, 3264, 2924]",9,9,True,True,PASS,
3693,3694,train/bf123de5827d72ba0d0e71683bbe819d.jpg,2304,2880,9,False,True,False,True,"[3, 2880, 2304]",9,9,True,True,PASS,
3694,3695,train/bf2d10fe88254cf97b08fab2e7c80232.jpg,2800,3158,12,False,True,False,True,"[3, 3158, 2800]",12,12,True,True,PASS,
3695,3696,train/bf33d826094fabd938f69b3ba663f607.jpg,3071,3014,5,False,True,False,True,"[3, 3014, 3071]",5,5,True,True,PASS,
3696,3697,train/bf429fed8c01a5d6014d86f2aa3385fa.jpg,2564,2900,6,False,True,False,True,"[3, 2900, 2564]",6,6,True,True,PASS,
3697,3698,train/bf59a73e51a04d9e381630527339ad43.jpg,2864,3048,8,False,True,False,True,"[3, 3048, 2864]",8,8,True,True,PASS,
3698,3699,train/bf5c7a815313c2d2853494cf766237b5.jpg,2304,2880,6,False,True,False,True,"[3, 2880, 2304]",6,6,True,True,PASS,
3699,3700,train/bf63f10c778016ebea60f7bacf1fbec9.jpg,2048,2500,3,False,True,False,True,"[3, 2500, 2048]",3,3,True,True,PASS,
3700,3701,train/bf742708d94bd9f8620db2f6f4b596f5.jpg,3072,3072,15,False,True,False,True,"[3, 3072, 3072]",15,15,True,True,PASS,
3701,3702,train/bf9bba0703ec2a74740fbb891b9f6322.jpg,2304,2880,12,False,True,False,True,"[3, 2880, 2304]",12,12,True,True,PASS,
3702,3703,train/bfbbb3c77f965726e05343efafb2eb86.jpg,1994,2430,0,True,True,True,True,"[3, 2430, 1994]",0,0,True,True,PASS,
3703,3704,train/bfd794933b6d06cc9e840ae7b90b1cbe.jpg,2564,3013,0,True,True,True,True,"[3, 3013, 2564]",0,0,True,True,PASS,
3704,3705,train/bfdd2b7d930f17b450e1d1e7ec7a57bb.jpg,2562,2941,7,False,True,False,True,"[3, 2941, 2562]",7,7,True,True,PASS,
3705,3706,train/bffb5303ac64552996db400e0f7058b0.jpg,2304,2880,8,False,True,False,True,"[3, 2880, 2304]",8,8,True,True,PASS,
3706,3707,train/c008cfaf7009c94d297cc2e715e81c03.jpg,2544,3008,12,False,True,False,True,"[3, 3008, 2544]",12,12,True,True,PASS,
3707,3708,train/c00a2b726b1d7854efc73ef3611c7591.jpg,2744,3132,4,False,True,False,True,"[3, 3132, 2744]",4,4,True,True,PASS,
3708,3709,train/c02bd11de5cf471fa502f5bebe133904.jpg,2304,2880,6,False,True,False,True,"[3, 2880, 2304]",6,6,True,True,PASS,
3709,3710,train/c0440c09698f89df168dc146af067fe7.jpg,2205,2273,16,False,True,False,True,"[3, 2273, 2205]",16,16,True,True,PASS,
3710,3711,train/c04ee933a8fed37ebbeb697b03356a56.jpg,1930,2128,8,False,True,False,True,"[3, 2128, 1930]",8,8,True,True,PASS,
3711,3712,train/c09a2d6a72b0f14763619224335d685e.jpg,3161,2823,6,False,True,False,True,"[3, 2823, 3161]",6,6,True,True,PASS,
3712,3713,train/c0a788fb3c78173e4a2a447b5fc70a93.jpg,2304,2880,3,False,True,False,True,"[3, 2880, 2304]",3,3,True,True,PASS,
3713,3714,train/c0b2806d0baff57d885063624d744ac1.jpg,2537,3086,7,False,True,False,True,"[3, 3086, 2537]",7,7,True,True,PASS,
3714,3715,train/c0e801c67186fc05d8bed52353b4486c.jpg,2008,2568,6,False,True,False,True,"[3, 2568, 2008]",6,6,True,True,PASS,
3715,3716,train/c0f992e23de30afb875371c3630cb9af.jpg,3173,3154,7,False,True,False,True,"[3, 3154, 3173]",7,7,True,True,PASS,
3716,3717,train/c12df5422711be0ed7b17a657c68fc8d.jpg,2636,3140,7,False,True,False,True,"[3, 3140, 2636]",7,7,True,True,PASS,
3717,3718,train/c13533b61e97274091200c6ceab55cb7.jpg,3072,3072,4,False,True,False,True,"[3, 3072, 3072]",4,4,True,True,PASS,
3718,3719,train/c14b94a6ebfb3a4b828bd71537f682c7.jpg,2129,2122,4,False,True,False,True,"[3, 2122, 2129]",4,4,True,True,PASS,
3719,3720,train/c156a4adc33cd20a2ad75a07ff245b09.jpg,2304,2880,6,False,True,False,True,"[3, 2880, 2304]",6,6,True,True,PASS,
3720,3721,train/c18362ca7e7d5df7a4dd8db31dfed194.jpg,2304,2880,8,False,True,False,True,"[3, 2880, 2304]",8,8,True,True,PASS,
3721,3722,train/c184ac40eb6c1713f28f34582f768c5d.jpg,2889,2882,7,False,True,False,True,"[3, 2882, 2889]",7,7,True,True,PASS,
3722,3723,train/c191a7c7c0e1847b1aebc8e8ef628aed.jpg,2048,2500,6,False,True,False,True,"[3, 2500, 2048]",6,6,True,True,PASS,
3723,3724,train/c1b09655bffba16895cfed1be6ccdf6d.jpg,2304,2880,5,False,True,False,True,"[3, 2880, 2304]",5,5,True,True,PASS,
3724,3725,train/c1b56c6b38aa09f0f32f0605deb5a240.jpg,3000,3000,0,True,True,True,True,"[3, 3000, 3000]",0,0,True,True,PASS,
3725,3726,train/c1c9528727dd016bad131ff8c3863774.jpg,2456,2580,4,False,True,False,True,"[3, 2580, 2456]",4,4,True,True,PASS,
3726,3727,train/c1ca66539955f94f6dbd74fb5ba7208d.jpg,3072,3072,7,False,True,False,True,"[3, 3072, 3072]",7,7,True,True,PASS,
3727,3728,train/c1ef70e18d73c3fe0b0d741b1b0b59fb.jpg,2136,2320,5,False,True,False,True,"[3, 2320, 2136]",5,5,True,True,PASS,
3728,3729,train/c201c69926e59f0c1dfeeeb8365ff05a.jpg,2106,2346,13,False,True,False,True,"[3, 2346, 2106]",13,13,True,True,PASS,
3729,3730,train/c20ca4cd7589fa3a77578769bf82ea1b.jpg,2449,2364,7,False,True,False,True,"[3, 2364, 2449]",7,7,True,True,PASS,
3730,3731,train/c21c6e6969dcd46d9441110183ade633.jpg,2304,2880,5,False,True,False,True,"[3, 2880, 2304]",5,5,True,True,PASS,
3731,3732,train/c24029f31fb9ae265934082ce6b47d33.jpg,3072,3072,9,False,True,False,True,"[3, 3072, 3072]",9,9,True,True,PASS,
3732,3733,train/c249e006c2f7340f6fc550ede970e0d3.jpg,2540,3072,8,False,True,False,True,"[3, 3072, 2540]",8,8,True,True,PASS,
3733,3734,train/c25a87784e4a9dd01911f626cbd1faeb.jpg,2304,2880,6,False,True,False,True,"[3, 2880, 2304]",6,6,True,True,PASS,
3734,3735,train/c26185210303f6c638a4ac60e635df21.jpg,2048,2500,10,False,True,False,True,"[3, 2500, 2048]",10,10,True,True,PASS,
3735,3736,train/c26bb71d19d1f57200b4bf9b8bb596d9.jpg,2304,2880,8,False,True,False,True,"[3, 2880, 2304]",8,8,True,True,PASS,
3736,3737,train/c2a2ce443b43b82ae5bd29d06716a44e.jpg,2540,3072,8,False,True,False,True,"[3, 3072, 2540]",8,8,True,True,PASS,
3737,3738,train/c2bdc729e1623c6c142d9f4e6ed48418.jpg,2104,2360,4,False,True,False,True,"[3, 2360, 2104]",4,4,True,True,PASS,
3738,3739,train/c2c54eed2dd73e20ef0e5af5a4aa1feb.jpg,2555,2825,9,False,True,False,True,"[3, 2825, 2555]",9,9,True,True,PASS,
3739,3740,train/c2d4ab1622ab34e5680710a63501c8b6.jpg,2040,2200,4,False,True,False,True,"[3, 2200, 2040]",4,4,True,True,PASS,
3740,3741,train/c2d843a231c6aa30c9239083bc612f7b.jpg,2612,3048,13,False,True,False,True,"[3, 3048, 2612]",13,13,True,True,PASS,
3741,3742,train/c2f01c1eb7b249b706ea3f1ee549e05f.jpg,1960,2384,6,False,True,False,True,"[3, 2384, 1960]",6,6,True,True,PASS,
3742,3743,train/c2f51a2b9785c772ef611db089bf528e.jpg,2768,2460,7,False,True,False,True,"[3, 2460, 2768]",7,7,True,True,PASS,
3743,3744,train/c2fafca7a6e8316c8bc0a3dc400b8aba.jpg,3072,3072,7,False,True,False,True,"[3, 3072, 3072]",7,7,True,True,PASS,
3744,3745,train/c32573547f924b6b663798730d915724.jpg,2304,2880,13,False,True,False,True,"[3, 2880, 2304]",13,13,True,True,PASS,
3745,3746,train/c32ec722d0608e89e8d6eaeab36191b1.jpg,3320,3408,8,False,True,False,True,"[3, 3408, 3320]",8,8,True,True,PASS,
3746,3747,train/c337c0c48cb14bcfac1ba739a785c2cb.jpg,3072,3072,6,False,True,False,True,"[3, 3072, 3072]",6,6,True,True,PASS,
3747,3748,train/c341b3f8a0353bab2ec49147b97ce9d0.jpg,2784,3240,8,False,True,False,True,"[3, 3240, 2784]",8,8,True,True,PASS,
3748,3749,train/c34e6aa7a5db3386850b830dd3c45a98.jpg,2304,2880,10,False,True,False,True,"[3, 2880, 2304]",10,10,True,True,PASS,
3749,3750,train/c351e3875444070992012c35126bf41f.jpg,2304,2880,10,False,True,False,True,"[3, 2880, 2304]",10,10,True,True,PASS,
3750,3751,train/c36e768eae71d51ac540131145d4c101.jpg,2488,2612,7,False,True,False,True,"[3, 2612, 2488]",7,7,True,True,PASS,
3751,3752,train/c37c1b0387090f95fa7f6b38542f1d19.jpg,2304,2880,6,False,True,False,True,"[3, 2880, 2304]",6,6,True,True,PASS,
3752,3753,train/c38c9a98d30027a18e88f39346987f78.jpg,2304,2880,6,False,True,False,True,"[3, 2880, 2304]",6,6,True,True,PASS,
3753,3754,train/c39440999e8b3e376911ab851a7c56f6.jpg,2732,3056,8,False,True,False,True,"[3, 3056, 2732]",8,8,True,True,PASS,
3754,3755,train/c394eadea89e5795c8037280492d116d.jpg,2304,2880,11,False,True,False,True,"[3, 2880, 2304]",11,11,True,True,PASS,
3755,3756,train/c399b71d7f853206cdf9bfa916252b4d.jpg,2544,2978,5,False,True,False,True,"[3, 2978, 2544]",5,5,True,True,PASS,
3756,3757,train/c3a7cdd9fb36706cfd3a4fdb86b65061.jpg,2304,2880,6,False,True,False,True,"[3, 2880, 2304]",6,6,True,True,PASS,
3757,3758,train/c3abe21f7e07452e6760cdc2cab95296.jpg,3072,3072,25,False,True,False,True,"[3, 3072, 3072]",25,25,True,True,PASS,
3758,3759,train/c3adefe651baf211a73e391f3068e916.jpg,3072,3072,7,False,True,False,True,"[3, 3072, 3072]",7,7,True,True,PASS,
3759,3760,train/c3d222900b4131b148a9943db0e1bcc6.jpg,2634,2725,5,False,True,False,True,"[3, 2725, 2634]",5,5,True,True,PASS,
3760,3761,train/c405835a086b2f7d7c9ef3976b69e677.jpg,2304,2880,5,False,True,False,True,"[3, 2880, 2304]",5,5,True,True,PASS,
3761,3762,train/c407f9bc14eb1d87dbb961aa226a43b6.jpg,2513,2924,8,False,True,False,True,"[3, 2924, 2513]",8,8,True,True,PASS,
3762,3763,train/c4135c9dce53b084dd7423af76626eb8.jpg,3072,3072,9,False,True,False,True,"[3, 3072, 3072]",9,9,True,True,PASS,
3763,3764,train/c4135fa4ca67c0ae5697988741f7842d.jpg,2048,2500,3,False,True,False,True,"[3, 2500, 2048]",3,3,True,True,PASS,
3764,3765,train/c413baf55bfb894ee5af02d991b452ce.jpg,2398,2920,17,False,True,False,True,"[3, 2920, 2398]",17,17,True,True,PASS,
3765,3766,train/c4179d7d6f19e1b4b27460c03810f651.jpg,2192,2228,7,False,True,False,True,"[3, 2228, 2192]",7,7,True,True,PASS,
3766,3767,train/c41d4f698ccccbf7068c44c8c14f4e16.jpg,2617,3408,32,False,True,False,True,"[3, 3408, 2617]",32,32,True,True,PASS,
3767,3768,train/c41f9e2dd4f6b5524d93b3229085b26c.jpg,2500,2770,0,True,True,True,True,"[3, 2770, 2500]",0,0,True,True,PASS,
3768,3769,train/c42997b00e59f4523788aa9fbe1f7526.jpg,2961,3200,15,False,True,False,True,"[3, 3200, 2961]",15,15,True,True,PASS,
3769,3770,train/c42b5e8105ed48a96bf7273e25f2a047.jpg,3072,3072,6,False,True,False,True,"[3, 3072, 3072]",6,6,True,True,PASS,
3770,3771,train/c439d7071a6929d38db1b86e577806c3.jpg,2496,2424,8,False,True,False,True,"[3, 2424, 2496]",8,8,True,True,PASS,
3771,3772,train/c440f25216153cfc2bcf4af70c3d59c4.jpg,2304,2880,11,False,True,False,True,"[3, 2880, 2304]",11,11,True,True,PASS,
3772,3773,train/c465dd63a0c768fac5d985c9d14c4aa8.jpg,2868,2593,8,False,True,False,True,"[3, 2593, 2868]",8,8,True,True,PASS,
3773,3774,train/c47b49c8a45e467ea86c02d53936b39b.jpg,3072,3072,3,False,True,False,True,"[3, 3072, 3072]",3,3,True,True,PASS,
3774,3775,train/c47b6592b70ba7c5bdb919f92f4ec07a.jpg,2304,2880,6,False,True,False,True,"[3, 2880, 2304]",6,6,True,True,PASS,
3775,3776,train/c47bf1efb40dc9e8eb8975abcb539ab8.jpg,2304,2880,17,False,True,False,True,"[3, 2880, 2304]",17,17,True,True,PASS,
3776,3777,train/c47d248c49d70684d8638910c126ccae.jpg,2006,2398,0,True,True,True,True,"[3, 2398, 2006]",0,0,True,True,PASS,
3777,3778,train/c4a03cb1a35df1a042140fa01620995e.jpg,2304,2880,3,False,True,False,True,"[3, 2880, 2304]",3,3,True,True,PASS,
3778,3779,train/c4a330dbf5845a6f53f102eb3cd771e0.jpg,2032,2232,6,False,True,False,True,"[3, 2232, 2032]",6,6,True,True,PASS,
3779,3780,train/c4c1ef63bd568c89beb4ae3ab9eeb1bb.jpg,2304,2880,5,False,True,False,True,"[3, 2880, 2304]",5,5,True,True,PASS,
3780,3781,train/c4c2b57389bb4eac8ce685dfe8f5b965.jpg,2304,2880,18,False,True,False,True,"[3, 2880, 2304]",18,18,True,True,PASS,
3781,3782,train/c4d68aad9fdec87b76853d26744026bb.jpg,2304,2880,7,False,True,False,True,"[3, 2880, 2304]",7,7,True,True,PASS,
3782,3783,train/c4e6dda386e88a2c9164f19024359f45.jpg,2540,2752,6,False,True,False,True,"[3, 2752, 2540]",6,6,True,True,PASS,
3783,3784,train/c4e8d9bb21040cbe94f1763856bfcfe2.jpg,2304,2880,3,False,True,False,True,"[3, 2880, 2304]",3,3,True,True,PASS,
3784,3785,train/c4f7b110380be6bee542f5c26c78f36d.jpg,2144,2716,7,False,True,False,True,"[3, 2716, 2144]",7,7,True,True,PASS,
3785,3786,train/c5010a72f3e20e9b59d7bb991d3c633b.jpg,2584,2748,5,False,True,False,True,"[3, 2748, 2584]",5,5,True,True,PASS,
3786,3787,train/c50bb66530634bfac9d5487a607e8211.jpg,2304,2880,4,False,True,False,True,"[3, 2880, 2304]",4,4,True,True,PASS,
3787,3788,train/c516ff097d60479f58a797cefad2c80f.jpg,2216,2652,11,False,True,False,True,"[3, 2652, 2216]",11,11,True,True,PASS,
3788,3789,train/c5326a0f289b91e4fe88b86d5b00a7bd.jpg,2530,2649,9,False,True,False,True,"[3, 2649, 2530]",9,9,True,True,PASS,
3789,3790,train/c53c9441ef4e5df63d8dfb34a983900e.jpg,2540,3072,6,False,True,False,True,"[3, 3072, 2540]",6,6,True,True,PASS,
3790,3791,train/c55486a359cc99e2d1518ceba3020967.jpg,3268,3268,9,False,True,False,True,"[3, 3268, 3268]",9,9,True,True,PASS,
3791,3792,train/c57e2790b60c949160c90679c711066a.jpg,2402,2602,5,False,True,False,True,"[3, 2602, 2402]",5,5,True,True,PASS,
3792,3793,train/c58bc096aa929d9645f0a15a62771893.jpg,2304,2880,15,False,True,False,True,"[3, 2880, 2304]",15,15,True,True,PASS,
3793,3794,train/c599c619d44a05ed87854caa6977fd18.jpg,2927,3408,9,False,True,False,True,"[3, 3408, 2927]",9,9,True,True,PASS,
3794,3795,train/c5a45ede0cbd270bf54e8a5e7fd27813.jpg,3072,3072,11,False,True,False,True,"[3, 3072, 3072]",11,11,True,True,PASS,
3795,3796,train/c5aa9d492605510ce5fc2403df57cd6a.jpg,2298,2433,4,False,True,False,True,"[3, 2433, 2298]",4,4,True,True,PASS,
3796,3797,train/c5ad7caaee32f3d5647a993ab299b1c1.jpg,1824,2080,22,False,True,False,True,"[3, 2080, 1824]",22,22,True,True,PASS,
3797,3798,train/c5ae256b23f9336ac61c393b3d1607b3.jpg,3072,3072,6,False,True,False,True,"[3, 3072, 3072]",6,6,True,True,PASS,
3798,3799,train/c5b761d0fefbe5b1c05822a4df670c09.jpg,2048,2500,0,True,True,True,True,"[3, 2500, 2048]",0,0,True,True,PASS,
3799,3800,train/c5beeca4042003ebfeac1f3a786dbe6a.jpg,2304,2880,6,False,True,False,True,"[3, 2880, 2304]",6,6,True,True,PASS,
3800,3801,train/c5c36ce7f8adbd045bfe59a325eeae47.jpg,2608,2384,6,False,True,False,True,"[3, 2384, 2608]",6,6,True,True,PASS,
3801,3802,train/c5d6ea0776a448a0e43bb1f1638044cd.jpg,2402,2154,6,False,True,False,True,"[3, 2154, 2402]",6,6,True,True,PASS,
3802,3803,train/c5dfd21f7ffbb5183cb8a2b7874de381.jpg,2540,3072,7,False,True,False,True,"[3, 3072, 2540]",7,7,True,True,PASS,
3803,3804,train/c5eb5f71bfa01fe274e5f6a19f6006ed.jpg,2304,2880,5,False,True,False,True,"[3, 2880, 2304]",5,5,True,True,PASS,
3804,3805,train/c5f612ff593f8d5568d3b5d5594d96d4.jpg,1944,2248,7,False,True,False,True,"[3, 2248, 1944]",7,7,True,True,PASS,
3805,3806,train/c60b87f681462b74b5cc58bc78f5b99e.jpg,2540,3072,6,False,True,False,True,"[3, 3072, 2540]",6,6,True,True,PASS,
3806,3807,train/c619a784636c085eb798f98a5ba1102d.jpg,2641,2875,7,False,True,False,True,"[3, 2875, 2641]",7,7,True,True,PASS,
3807,3808,train/c6221295778a330b5b3fa85e719ee9e8.jpg,2304,2880,4,False,True,False,True,"[3, 2880, 2304]",4,4,True,True,PASS,
3808,3809,train/c629819adb86c5d0cfd7d454a64d508a.jpg,2494,2835,4,False,True,False,True,"[3, 2835, 2494]",4,4,True,True,PASS,
3809,3810,train/c65efe41cef6390d70796a2947dbcc91.jpg,3072,3072,9,False,True,False,True,"[3, 3072, 3072]",9,9,True,True,PASS,
3810,3811,train/c67b6e145e57b4fbd4db367f114bd879.jpg,2304,2880,3,False,True,False,True,"[3, 2880, 2304]",3,3,True,True,PASS,
3811,3812,train/c6821f9488fa1827726c54dbf5c862b8.jpg,2000,2368,16,False,True,False,True,"[3, 2368, 2000]",16,16,True,True,PASS,
3812,3813,train/c683b3808de205ecfd3d3e09f4de44a2.jpg,2484,3072,5,False,True,False,True,"[3, 3072, 2484]",5,5,True,True,PASS,
3813,3814,train/c699f16ba0b86f474390da9515bcad7a.jpg,2738,3174,42,False,True,False,True,"[3, 3174, 2738]",42,42,True,True,PASS,
3814,3815,train/c69c8b15929c66d8756acc34fe456713.jpg,2048,2500,7,False,True,False,True,"[3, 2500, 2048]",7,7,True,True,PASS,
3815,3816,train/c6a67dc0d36b5e231b4a1789d00be3d9.jpg,1928,2328,5,False,True,False,True,"[3, 2328, 1928]",5,5,True,True,PASS,
3816,3817,train/c6ad29cb15e0476259fdf56305b286d4.jpg,2304,2880,4,False,True,False,True,"[3, 2880, 2304]",4,4,True,True,PASS,
3817,3818,train/c6ada34016e7fdffbba5cbccc996e395.jpg,2048,2500,0,True,True,True,True,"[3, 2500, 2048]",0,0,True,True,PASS,
3818,3819,train/c6ae45cbd57420cf4937b9f9299a5667.jpg,2048,2500,0,True,True,True,True,"[3, 2500, 2048]",0,0,True,True,PASS,
3819,3820,train/c6c19cc8f966c6353e663a4e299d9a39.jpg,2696,3240,35,False,True,False,True,"[3, 3240, 2696]",35,35,True,True,PASS,
3820,3821,train/c6de0bd21c84a2c1eac1b869e79e7ffd.jpg,2540,3072,6,False,True,False,True,"[3, 3072, 2540]",6,6,True,True,PASS,
3821,3822,train/c6e432dd2d937af0c6c404f59e82524b.jpg,2468,3036,21,False,True,False,True,"[3, 3036, 2468]",21,21,True,True,PASS,
3822,3823,train/c6f36808b0208f5011ecb1ea21aef1b3.jpg,2792,2664,6,False,True,False,True,"[3, 2664, 2792]",6,6,True,True,PASS,
3823,3824,train/c6fe78d03c9d12783f3451ad237351f4.jpg,2795,3131,0,True,True,True,True,"[3, 3131, 2795]",0,0,True,True,PASS,
3824,3825,train/c70dce909198abf8b39a7e0d41c9a895.jpg,2304,2880,6,False,True,False,True,"[3, 2880, 2304]",6,6,True,True,PASS,
3825,3826,train/c71ce6345cf70b23ab481a2d66e9c288.jpg,2412,3209,10,False,True,False,True,"[3, 3209, 2412]",10,10,True,True,PASS,
3826,3827,train/c723c6ffb2f746dff02c9538c6c593f4.jpg,2384,3072,12,False,True,False,True,"[3, 3072, 2384]",12,12,True,True,PASS,
3827,3828,train/c74b6a0a59b10d81e57158890803fae4.jpg,2820,2840,4,False,True,False,True,"[3, 2840, 2820]",4,4,True,True,PASS,
3828,3829,train/c74b97e75097396e9f159c80d5a4a268.jpg,2768,3072,6,False,True,False,True,"[3, 3072, 2768]",6,6,True,True,PASS,
3829,3830,train/c7544daad44cfaa27e274b88dce60c46.jpg,2540,3072,4,False,True,False,True,"[3, 3072, 2540]",4,4,True,True,PASS,
3830,3831,train/c75d652b2cd934bb797a9a02c6aec8ee.jpg,3072,3072,9,False,True,False,True,"[3, 3072, 3072]",9,9,True,True,PASS,
3831,3832,train/c75f825862144dbdff940d9c4ecccde8.jpg,2744,3036,5,False,True,False,True,"[3, 3036, 2744]",5,5,True,True,PASS,
3832,3833,train/c7629ae7a638c5892d90c49fd90401f0.jpg,2358,2905,0,True,True,True,True,"[3, 2905, 2358]",0,0,True,True,PASS,
3833,3834,train/c772fcde08c1e9cb49ab6c11b8fe6e42.jpg,3072,3072,13,False,True,False,True,"[3, 3072, 3072]",13,13,True,True,PASS,
3834,3835,train/c78a429b728a3b35c6e4b4a560dee407.jpg,1994,2430,0,True,True,True,True,"[3, 2430, 1994]",0,0,True,True,PASS,
3835,3836,train/c797ab3749e39389929f6b188eee412e.jpg,2831,2059,8,False,True,False,True,"[3, 2059, 2831]",8,8,True,True,PASS,
3836,3837,train/c79916dc9b5b70cbd4138366358976a2.jpg,2642,3170,0,True,True,True,True,"[3, 3170, 2642]",0,0,True,True,PASS,
3837,3838,train/c7afdce95181c731e79f72d4ad6d4447.jpg,3000,3000,5,False,True,False,True,"[3, 3000, 3000]",5,5,True,True,PASS,
3838,3839,train/c7ce99e81ceea73f99d919b38d8df460.jpg,2304,2880,10,False,True,False,True,"[3, 2880, 2304]",10,10,True,True,PASS,
3839,3840,train/c7d940c13f1be3feeb46adb7e8206de9.jpg,2304,2880,13,False,True,False,True,"[3, 2880, 2304]",13,13,True,True,PASS,
3840,3841,train/c7dfac0ca6b7382d2d51a92ebdf6169e.jpg,2872,2716,4,False,True,False,True,"[3, 2716, 2872]",4,4,True,True,PASS,
3841,3842,train/c7e5ddae40ae657e6dd89aba0e113a66.jpg,2304,2880,6,False,True,False,True,"[3, 2880, 2304]",6,6,True,True,PASS,
3842,3843,train/c7ea6667211c1999c15af0e228a6e040.jpg,2974,2827,5,False,True,False,True,"[3, 2827, 2974]",5,5,True,True,PASS,
3843,3844,train/c80fe973b34b764cf37e43efb755c0b8.jpg,3072,3072,6,False,True,False,True,"[3, 3072, 3072]",6,6,True,True,PASS,
3844,3845,train/c818320ffaaa28c866549769e23a3b1d.jpg,2304,2880,7,False,True,False,True,"[3, 2880, 2304]",7,7,True,True,PASS,
3845,3846,train/c8205cbdfff77ee90770156c3075a38f.jpg,2292,2516,10,False,True,False,True,"[3, 2516, 2292]",10,10,True,True,PASS,
3846,3847,train/c82a4c022beafccbd3bb2d1e8a50a0ee.jpg,2640,2976,4,False,True,False,True,"[3, 2976, 2640]",4,4,True,True,PASS,
3847,3848,train/c837c5bfbeedca68690f51b2e07aaabd.jpg,1994,2430,0,True,True,True,True,"[3, 2430, 1994]",0,0,True,True,PASS,
3848,3849,train/c854dff7593a38e6e7a83330ff32ac86.jpg,2540,3072,4,False,True,False,True,"[3, 3072, 2540]",4,4,True,True,PASS,
3849,3850,train/c85587ddf15dbf7ab134208647cb9856.jpg,2666,3205,12,False,True,False,True,"[3, 3205, 2666]",12,12,True,True,PASS,
3850,3851,train/c855e2fc7a8fea601a568f546e466d4b.jpg,3072,3072,0,True,True,True,True,"[3, 3072, 3072]",0,0,True,True,PASS,
3851,3852,train/c8634131ee43469be8f4f75ab4595b10.jpg,2304,2880,15,False,True,False,True,"[3, 2880, 2304]",15,15,True,True,PASS,
3852,3853,train/c8772752985ad53b7c0214c4c954dd01.jpg,2681,2721,5,False,True,False,True,"[3, 2721, 2681]",5,5,True,True,PASS,
3853,3854,train/c87a39abf714b710d0539e246739d783.jpg,2048,2500,12,False,True,False,True,"[3, 2500, 2048]",12,12,True,True,PASS,
3854,3855,train/c88c3cfbb6ed6198f4e13b5e4dda7f5b.jpg,2504,2842,4,False,True,False,True,"[3, 2842, 2504]",4,4,True,True,PASS,
3855,3856,train/c8a24a5d72c93b72685287c27e0d4623.jpg,2540,3072,8,False,True,False,True,"[3, 3072, 2540]",8,8,True,True,PASS,
3856,3857,train/c8a56cc3c310b1619ec6559afab11089.jpg,2627,3141,5,False,True,False,True,"[3, 3141, 2627]",5,5,True,True,PASS,
3857,3858,train/c8a782d151fc7bc3305ec970901b7bfe.jpg,2304,2880,8,False,True,False,True,"[3, 2880, 2304]",8,8,True,True,PASS,
3858,3859,train/c8cd4cf2230684b7185aa05d0cefe6b6.jpg,2572,2536,3,False,True,False,True,"[3, 2536, 2572]",3,3,True,True,PASS,
3859,3860,train/c8cef7f9bbed9e8303371f940dcfc495.jpg,2304,2880,9,False,True,False,True,"[3, 2880, 2304]",9,9,True,True,PASS,
3860,3861,train/c8e9aaf309d856f9a7275115fef4a423.jpg,2304,2880,6,False,True,False,True,"[3, 2880, 2304]",6,6,True,True,PASS,
3861,3862,train/c8f305c30eccf48e12cf024df3d24e26.jpg,2304,2880,5,False,True,False,True,"[3, 2880, 2304]",5,5,True,True,PASS,
3862,3863,train/c8f75e6529a051827b8b7952a3e65f5b.jpg,2660,3256,5,False,True,False,True,"[3, 3256, 2660]",5,5,True,True,PASS,
3863,3864,train/c8f9493ed65b68adb82000cb7ca7baf3.jpg,2048,2500,7,False,True,False,True,"[3, 2500, 2048]",7,7,True,True,PASS,
3864,3865,train/c8fe4972b001dfc2e11a06c800da0d6a.jpg,2048,2500,3,False,True,False,True,"[3, 2500, 2048]",3,3,True,True,PASS,
3865,3866,train/c9178abde9d3400103cf7f925bc38782.jpg,2484,2572,9,False,True,False,True,"[3, 2572, 2484]",9,9,True,True,PASS,
3866,3867,train/c918bc36b064c7fb97f95503181a4d60.jpg,2208,2688,5,False,True,False,True,"[3, 2688, 2208]",5,5,True,True,PASS,
3867,3868,train/c922a445f08f22058a4a979c5de23586.jpg,3072,3072,0,True,True,True,True,"[3, 3072, 3072]",0,0,True,True,PASS,
3868,3869,train/c925e4d4be7a67db1cda23c93f9414ec.jpg,2532,2980,4,False,True,False,True,"[3, 2980, 2532]",4,4,True,True,PASS,
3869,3870,train/c92a0bd2d3c781a82946934351821e9a.jpg,2756,2936,13,False,True,False,True,"[3, 2936, 2756]",13,13,True,True,PASS,
3870,3871,train/c9380a132776f6d999ed5a72a1212bcf.jpg,3072,3072,14,False,True,False,True,"[3, 3072, 3072]",14,14,True,True,PASS,
3871,3872,train/c93d43336ef6d28348794b5ced1886a4.jpg,2422,2755,8,False,True,False,True,"[3, 2755, 2422]",8,8,True,True,PASS,
3872,3873,train/c978cdb3275ab78fe11929e145dedab2.jpg,2304,2880,14,False,True,False,True,"[3, 2880, 2304]",14,14,True,True,PASS,
3873,3874,train/c989d46402b855ed7f825b7e6e4c17b2.jpg,2024,2512,12,False,True,False,True,"[3, 2512, 2024]",12,12,True,True,PASS,
3874,3875,train/c996a67b615c29ae24418c918bd44c69.jpg,2462,3263,17,False,True,False,True,"[3, 3263, 2462]",17,17,True,True,PASS,
3875,3876,train/c9c761e1d3bf899273a06ca2e24610ef.jpg,2048,2500,5,False,True,False,True,"[3, 2500, 2048]",5,5,True,True,PASS,
3876,3877,train/c9e29220b5d0f9cfdb250f0872648a89.jpg,2800,3256,6,False,True,False,True,"[3, 3256, 2800]",6,6,True,True,PASS,
3877,3878,train/ca06e2f4999e77fe76003a86b64a0710.jpg,2304,2880,8,False,True,False,True,"[3, 2880, 2304]",8,8,True,True,PASS,
3878,3879,train/ca1f29978ccbee874f58148f4148e278.jpg,2304,2880,3,False,True,False,True,"[3, 2880, 2304]",3,3,True,True,PASS,
3879,3880,train/ca2367e34e80cf17deb67602a24e4920.jpg,2152,2256,11,False,True,False,True,"[3, 2256, 2152]",11,11,True,True,PASS,
3880,3881,train/ca23e139746a14d9de312dc7271d84e4.jpg,1920,1968,7,False,True,False,True,"[3, 1968, 1920]",7,7,True,True,PASS,
3881,3882,train/ca2a64d3c50654de6327f3880bbc17d3.jpg,2540,3072,13,False,True,False,True,"[3, 3072, 2540]",13,13,True,True,PASS,
3882,3883,train/ca300a7c90492a6f03220a3f9efe7c4e.jpg,2540,3072,5,False,True,False,True,"[3, 3072, 2540]",5,5,True,True,PASS,
3883,3884,train/ca3e09e7614df68776156e7388fa5edb.jpg,2304,2880,3,False,True,False,True,"[3, 2880, 2304]",3,3,True,True,PASS,
3884,3885,train/ca45eff411274d3a20007bfbc5b68bc1.jpg,2965,2954,7,False,True,False,True,"[3, 2954, 2965]",7,7,True,True,PASS,
3885,3886,train/ca51a918dfb1408e97204c7dbf8a6f39.jpg,2048,2500,3,False,True,False,True,"[3, 2500, 2048]",3,3,True,True,PASS,
3886,3887,train/ca527d7c532ec5810f5b73ab2ff7170a.jpg,2331,2711,0,True,True,True,True,"[3, 2711, 2331]",0,0,True,True,PASS,
3887,3888,train/ca6ad3f597ed0079bf27187e72855c15.jpg,2540,3072,8,False,True,False,True,"[3, 3072, 2540]",8,8,True,True,PASS,
3888,3889,train/ca6c1531a83f8ee89916ed934f8d4847.jpg,2688,2208,17,False,True,False,True,"[3, 2208, 2688]",17,17,True,True,PASS,
3889,3890,train/ca72b54e1dc0ba04d64631ccd30acb9d.jpg,2453,2615,8,False,True,False,True,"[3, 2615, 2453]",8,8,True,True,PASS,
3890,3891,train/ca96c5f3611278776d1f6027bbd41005.jpg,2540,3072,6,False,True,False,True,"[3, 3072, 2540]",6,6,True,True,PASS,
3891,3892,train/cad7f3b0b26e674d67eb5a735c0a9bbe.jpg,2474,2967,9,False,True,False,True,"[3, 2967, 2474]",9,9,True,True,PASS,
3892,3893,train/cad8e7e5f5034a50d4b1ebb30db533c5.jpg,2540,3072,4,False,True,False,True,"[3, 3072, 2540]",4,4,True,True,PASS,
3893,3894,train/caf1b7af2b0caf57a7ae5d23b5dd2aba.jpg,2932,2541,7,False,True,False,True,"[3, 2541, 2932]",7,7,True,True,PASS,
3894,3895,train/cb0165cbc17f5d8d0fc4deab637aa2ae.jpg,2048,2500,12,False,True,False,True,"[3, 2500, 2048]",12,12,True,True,PASS,
3895,3896,train/cb206cb073c2685558a0ef6dece16fa7.jpg,3072,3072,5,False,True,False,True,"[3, 3072, 3072]",5,5,True,True,PASS,
3896,3897,train/cb8fd53c4498aa62dd48c184beb050bd.jpg,2304,2880,5,False,True,False,True,"[3, 2880, 2304]",5,5,True,True,PASS,
3897,3898,train/cb9658d61c84a99ba31665f40cb0788d.jpg,3000,3000,5,False,True,False,True,"[3, 3000, 3000]",5,5,True,True,PASS,
3898,3899,train/cb9cfff99f0aa6a0e618e2310a68f186.jpg,2787,2958,10,False,True,False,True,"[3, 2958, 2787]",10,10,True,True,PASS,
3899,3900,train/cbae689446b034eb2204751c65e08af2.jpg,2524,2880,7,False,True,False,True,"[3, 2880, 2524]",7,7,True,True,PASS,
3900,3901,train/cbc971fb918adb51914a165519ba121a.jpg,2576,3264,6,False,True,False,True,"[3, 3264, 2576]",6,6,True,True,PASS,
3901,3902,train/cbcb95889f621abbd2e9b46220267c98.jpg,2607,3408,0,True,True,True,True,"[3, 3408, 2607]",0,0,True,True,PASS,
3902,3903,train/cbfe3d59be5549fee6a56e73fc8b2803.jpg,3072,3072,6,False,True,False,True,"[3, 3072, 3072]",6,6,True,True,PASS,
3903,3904,train/cc47c14b9aa97e08fad1925a6dc1efee.jpg,2753,2776,6,False,True,False,True,"[3, 2776, 2753]",6,6,True,True,PASS,
3904,3905,train/cc5ca13d504354fc7c1e75bf2ca9857b.jpg,2715,2627,4,False,True,False,True,"[3, 2627, 2715]",4,4,True,True,PASS,
3905,3906,train/cc625b64cd45864eb85bdf4446e813a4.jpg,2836,3144,8,False,True,False,True,"[3, 3144, 2836]",8,8,True,True,PASS,
3906,3907,train/cc6fc3c91c3d9061b11b65f8257a2ad0.jpg,2304,2880,11,False,True,False,True,"[3, 2880, 2304]",11,11,True,True,PASS,
3907,3908,train/cc9a84f1f3942ceb845c5f174e5b70cd.jpg,2385,2610,15,False,True,False,True,"[3, 2610, 2385]",15,15,True,True,PASS,
3908,3909,train/cc9b6ee01a01702434ad789eef9432fb.jpg,2048,2500,0,True,True,True,True,"[3, 2500, 2048]",0,0,True,True,PASS,
3909,3910,train/cca122e46a24a6ccfeba9ade9f7b933c.jpg,2208,2688,9,False,True,False,True,"[3, 2688, 2208]",9,9,True,True,PASS,
3910,3911,train/cca5fa8df1efa35b42580fc781efadb7.jpg,2540,3072,12,False,True,False,True,"[3, 3072, 2540]",12,12,True,True,PASS,
3911,3912,train/ccce794d56a43641c1bb3d6b0253e794.jpg,3059,3200,6,False,True,False,True,"[3, 3200, 3059]",6,6,True,True,PASS,
3912,3913,train/ccd403a2a0b24d9d67ebf996e03224d3.jpg,2415,2882,6,False,True,False,True,"[3, 2882, 2415]",6,6,True,True,PASS,
3913,3914,train/cce1682c4fbfc0f04fb84136651a3813.jpg,2484,3096,11,False,True,False,True,"[3, 3096, 2484]",11,11,True,True,PASS,
3914,3915,train/ccff375f4139cef65b98385224cfc810.jpg,2571,3090,5,False,True,False,True,"[3, 3090, 2571]",5,5,True,True,PASS,
3915,3916,train/cd1290a0b49dd799d0c77475b1953868.jpg,2644,3162,5,False,True,False,True,"[3, 3162, 2644]",5,5,True,True,PASS,
3916,3917,train/cd1a6e3e5352f7b0dd5f596f29b74390.jpg,2304,2880,7,False,True,False,True,"[3, 2880, 2304]",7,7,True,True,PASS,
3917,3918,train/cd2ca6c232cc1c107ad1249579b457be.jpg,2168,2416,8,False,True,False,True,"[3, 2416, 2168]",8,8,True,True,PASS,
3918,3919,train/cd33be932bca447f6bf5b83b03018806.jpg,2987,2835,12,False,True,False,True,"[3, 2835, 2987]",12,12,True,True,PASS,
3919,3920,train/cd42d4220f19d14291f1cf7c2a194f07.jpg,2540,3072,7,False,True,False,True,"[3, 3072, 2540]",7,7,True,True,PASS,
3920,3921,train/cd49c1e8e2c3e37a4dc3325c986a609f.jpg,2304,2880,4,False,True,False,True,"[3, 2880, 2304]",4,4,True,True,PASS,
3921,3922,train/cd61bab9751a2dc321165c975901bb23.jpg,2304,2880,8,False,True,False,True,"[3, 2880, 2304]",8,8,True,True,PASS,
3922,3923,train/cd857b26125043e9eee272433187f3a6.jpg,2048,2500,7,False,True,False,True,"[3, 2500, 2048]",7,7,True,True,PASS,
3923,3924,train/cd92b5a85b85e254d101eb7b1deed668.jpg,2540,3072,7,False,True,False,True,"[3, 3072, 2540]",7,7,True,True,PASS,
3924,3925,train/cdad4eefae33e95d6fb7e6422cf84758.jpg,2424,2952,4,False,True,False,True,"[3, 2952, 2424]",4,4,True,True,PASS,
3925,3926,train/cdbd07a6e9e17958d4cafd4278872806.jpg,2817,2975,14,False,True,False,True,"[3, 2975, 2817]",14,14,True,True,PASS,
3926,3927,train/cdc44f8510ed779fade14a506d2bbd8c.jpg,1994,2430,0,True,True,True,True,"[3, 2430, 1994]",0,0,True,True,PASS,
3927,3928,train/cdc9449b58f831981f7df30de936077d.jpg,3072,3072,7,False,True,False,True,"[3, 3072, 3072]",7,7,True,True,PASS,
3928,3929,train/cde07682ce7758568b5a3701eee9f46a.jpg,3072,3072,12,False,True,False,True,"[3, 3072, 3072]",12,12,True,True,PASS,
3929,3930,train/cde438e260e3b75a814cd3519a2c28b5.jpg,2304,2880,8,False,True,False,True,"[3, 2880, 2304]",8,8,True,True,PASS,
3930,3931,train/cde6b59dc5447237fd9f9b264567a653.jpg,2048,2500,7,False,True,False,True,"[3, 2500, 2048]",7,7,True,True,PASS,
3931,3932,train/cdeda235172891a9886537799cd57d76.jpg,2304,2880,8,False,True,False,True,"[3, 2880, 2304]",8,8,True,True,PASS,
3932,3933,train/cdee8199f2b74923889994f67789dae8.jpg,1872,1944,7,False,True,False,True,"[3, 1944, 1872]",7,7,True,True,PASS,
3933,3934,train/cdf9f0eb45572fe32a1c66db5755fc20.jpg,2048,2500,3,False,True,False,True,"[3, 2500, 2048]",3,3,True,True,PASS,
3934,3935,train/cdfac35a0800774db5fe8a6354df64ef.jpg,2540,3072,6,False,True,False,True,"[3, 3072, 2540]",6,6,True,True,PASS,
3935,3936,train/cdfb27f0268e0803530e4511ed89b0c1.jpg,2384,2444,6,False,True,False,True,"[3, 2444, 2384]",6,6,True,True,PASS,
3936,3937,train/ce05e2dfd28685a861263561a123fb05.jpg,1968,2288,5,False,True,False,True,"[3, 2288, 1968]",5,5,True,True,PASS,
3937,3938,train/ce0a7268695e0f82d7350f8646ea8c86.jpg,1936,2248,5,False,True,False,True,"[3, 2248, 1936]",5,5,True,True,PASS,
3938,3939,train/ce124e4ecf1e643ca350bbc75e7f8658.jpg,2596,2704,7,False,True,False,True,"[3, 2704, 2596]",7,7,True,True,PASS,
3939,3940,train/ce1809b48b0ba6519f6f7b3a01155173.jpg,2721,2882,7,False,True,False,True,"[3, 2882, 2721]",7,7,True,True,PASS,
3940,3941,train/ce229a03f797a78f5c482af89d78c988.jpg,2692,2904,5,False,True,False,True,"[3, 2904, 2692]",5,5,True,True,PASS,
3941,3942,train/ce2445abc396911bace06d962bf9b6e6.jpg,2672,2907,8,False,True,False,True,"[3, 2907, 2672]",8,8,True,True,PASS,
3942,3943,train/ce2c5376b597eb067395da4c7f9960aa.jpg,2742,2992,20,False,True,False,True,"[3, 2992, 2742]",20,20,True,True,PASS,
3943,3944,train/ce2c97cafc1a2ef349e996e91abd554a.jpg,2540,3072,19,False,True,False,True,"[3, 3072, 2540]",19,19,True,True,PASS,
3944,3945,train/ce371ba7a1fb344e711357b2a55c8754.jpg,2540,3072,9,False,True,False,True,"[3, 3072, 2540]",9,9,True,True,PASS,
3945,3946,train/ce4e8ead795a19444e7b9dc1c27cfb66.jpg,2540,3072,4,False,True,False,True,"[3, 3072, 2540]",4,4,True,True,PASS,
3946,3947,train/ce51a9ef3a4afc873a483972c2264c2f.jpg,2304,2880,18,False,True,False,True,"[3, 2880, 2304]",18,18,True,True,PASS,
3947,3948,train/ce5d79a7cdd6e58c3c4e858abf9c4101.jpg,3072,3072,3,False,True,False,True,"[3, 3072, 3072]",3,3,True,True,PASS,
3948,3949,train/ce5e76544b8c1d0ec34783b0f1bc471d.jpg,2994,3290,31,False,True,False,True,"[3, 3290, 2994]",31,31,True,True,PASS,
3949,3950,train/ce6877e88fc20990497099e6196b6ae4.jpg,3000,3000,4,False,True,False,True,"[3, 3000, 3000]",4,4,True,True,PASS,
3950,3951,train/ce99128124dc2e9cb8795a06342c00a2.jpg,1976,2096,3,False,True,False,True,"[3, 2096, 1976]",3,3,True,True,PASS,
3951,3952,train/cea1568b0614b071775567674391519d.jpg,1888,2192,6,False,True,False,True,"[3, 2192, 1888]",6,6,True,True,PASS,
3952,3953,train/ceae25112f71e514cb5772484f9434f7.jpg,2176,2248,6,False,True,False,True,"[3, 2248, 2176]",6,6,True,True,PASS,
3953,3954,train/ceb5e06ea1a66fedab43e8bdb51890eb.jpg,3000,3000,4,False,True,False,True,"[3, 3000, 3000]",4,4,True,True,PASS,
3954,3955,train/cefc63f9ff49d9da82c49144f05a13cd.jpg,3072,3072,3,False,True,False,True,"[3, 3072, 3072]",3,3,True,True,PASS,
3955,3956,train/cefc99738c5307f12d9104f31ff2c1c4.jpg,2458,3231,15,False,True,False,True,"[3, 3231, 2458]",15,15,True,True,PASS,
3956,3957,train/cf32a2bc41deeb7436a36bcc4ff324fb.jpg,3000,3000,10,False,True,False,True,"[3, 3000, 3000]",10,10,True,True,PASS,
3957,3958,train/cf3f071a229e2d4433abcb38c4b35cac.jpg,2862,3108,21,False,True,False,True,"[3, 3108, 2862]",21,21,True,True,PASS,
3958,3959,train/cf412a6f906091434c19ffd30f2df9b6.jpg,1984,2448,18,False,True,False,True,"[3, 2448, 1984]",18,18,True,True,PASS,
3959,3960,train/cf4d4dc28551c17c0d33d0326d4a201b.jpg,3072,3072,5,False,True,False,True,"[3, 3072, 3072]",5,5,True,True,PASS,
3960,3961,train/cf5594b365507845c417b03b93107877.jpg,1760,2088,3,False,True,False,True,"[3, 2088, 1760]",3,3,True,True,PASS,
3961,3962,train/cf62220b6647aa19043a9bd46a04f61a.jpg,2304,2880,6,False,True,False,True,"[3, 2880, 2304]",6,6,True,True,PASS,
3962,3963,train/cf7b4c06372d21a1d7dc81dcd6757dfe.jpg,2600,3408,11,False,True,False,True,"[3, 3408, 2600]",11,11,True,True,PASS,
3963,3964,train/cf95785b8e8bf924e9cf0b51faef41aa.jpg,2680,2940,10,False,True,False,True,"[3, 2940, 2680]",10,10,True,True,PASS,
3964,3965,train/cf959acfa91add68f9f4b35aca1abbce.jpg,2304,2880,5,False,True,False,True,"[3, 2880, 2304]",5,5,True,True,PASS,
3965,3966,train/cfb0f1134227a67c3c30809e424fba01.jpg,2048,2500,7,False,True,False,True,"[3, 2500, 2048]",7,7,True,True,PASS,
3966,3967,train/cfbac484f94686cd93d564487d9e5a8a.jpg,3000,3000,4,False,True,False,True,"[3, 3000, 3000]",4,4,True,True,PASS,
3967,3968,train/cfcd11e1470297208eb39c9e82d6618a.jpg,2304,2880,5,False,True,False,True,"[3, 2880, 2304]",5,5,True,True,PASS,
3968,3969,train/cfd708bfc4b35a7a4d6aabde5c0799ae.jpg,2304,2880,0,True,True,True,True,"[3, 2880, 2304]",0,0,True,True,PASS,
3969,3970,train/cfe3e67ca5f8235d64e51416a26e70cc.jpg,2738,3169,8,False,True,False,True,"[3, 3169, 2738]",8,8,True,True,PASS,
3970,3971,train/cff98ac92877ed0954dad4fefb125d1e.jpg,2208,2688,21,False,True,False,True,"[3, 2688, 2208]",21,21,True,True,PASS,
3971,3972,train/cffa67149b86b1359623d25f061a2063.jpg,2746,3022,18,False,True,False,True,"[3, 3022, 2746]",18,18,True,True,PASS,
3972,3973,train/d0043062cebce85f2487407bc033d405.jpg,3177,3240,14,False,True,False,True,"[3, 3240, 3177]",14,14,True,True,PASS,
3973,3974,train/d00773ee4a01cc570b35d2f86a22d961.jpg,2688,2864,7,False,True,False,True,"[3, 2864, 2688]",7,7,True,True,PASS,
3974,3975,train/d015e02257639b55b196e26820e10081.jpg,2072,2232,11,False,True,False,True,"[3, 2232, 2072]",11,11,True,True,PASS,
3975,3976,train/d0252f72f9db197d04d2f59c8f77f908.jpg,2817,3166,13,False,True,False,True,"[3, 3166, 2817]",13,13,True,True,PASS,
3976,3977,train/d04d4c8e2d4a4338994e37f3eec158ca.jpg,1952,2424,14,False,True,False,True,"[3, 2424, 1952]",14,14,True,True,PASS,
3977,3978,train/d04f6328a4f309158aabe9818ab3e2eb.jpg,2540,3072,4,False,True,False,True,"[3, 3072, 2540]",4,4,True,True,PASS,
3978,3979,train/d055c6563b7d1059b2488cd239aa328e.jpg,2846,2890,16,False,True,False,True,"[3, 2890, 2846]",16,16,True,True,PASS,
3979,3980,train/d058b141769a9791bb2547c44f08c79e.jpg,2198,2325,7,False,True,False,True,"[3, 2325, 2198]",7,7,True,True,PASS,
3980,3981,train/d0698d11e0b9d2f343888948f5fccb83.jpg,2940,3244,6,False,True,False,True,"[3, 3244, 2940]",6,6,True,True,PASS,
3981,3982,train/d06c3bda18d5dc7ff656faf4358615a4.jpg,2540,3072,6,False,True,False,True,"[3, 3072, 2540]",6,6,True,True,PASS,
3982,3983,train/d07557904cbe57fc1bdebac1e8aeefa1.jpg,2304,2880,14,False,True,False,True,"[3, 2880, 2304]",14,14,True,True,PASS,
3983,3984,train/d07da8a9b93d7c684264ec8be14c0fe7.jpg,2655,2828,0,True,True,True,True,"[3, 2828, 2655]",0,0,True,True,PASS,
3984,3985,train/d087fb5597b73624c84203ca9633a2c1.jpg,2540,3072,4,False,True,False,True,"[3, 3072, 2540]",4,4,True,True,PASS,
3985,3986,train/d088c22989ec259a26d64efe51eb276d.jpg,3072,3072,6,False,True,False,True,"[3, 3072, 3072]",6,6,True,True,PASS,
3986,3987,train/d08fe6d0819f1ca56bc29422f8d8a408.jpg,2313,2890,0,True,True,True,True,"[3, 2890, 2313]",0,0,True,True,PASS,
3987,3988,train/d09d12dab1ee691049e51dfd69722a09.jpg,2304,2880,4,False,True,False,True,"[3, 2880, 2304]",4,4,True,True,PASS,
3988,3989,train/d0a8b798569ce701b96f52058e99e5f4.jpg,2304,2880,3,False,True,False,True,"[3, 2880, 2304]",3,3,True,True,PASS,
3989,3990,train/d0d9778108b9059fd91572f77ed96e51.jpg,1994,2430,0,True,True,True,True,"[3, 2430, 1994]",0,0,True,True,PASS,
3990,3991,train/d0e7b36dd1975188809340a634301e87.jpg,1944,2360,6,False,True,False,True,"[3, 2360, 1944]",6,6,True,True,PASS,
3991,3992,train/d0ea942db524a895c4bc433e03c3cd3a.jpg,2598,2954,17,False,True,False,True,"[3, 2954, 2598]",17,17,True,True,PASS,
3992,3993,train/d0f5c4ab003b51700ba82fab2eeef905.jpg,2562,2576,5,False,True,False,True,"[3, 2576, 2562]",5,5,True,True,PASS,
3993,3994,train/d106ec9b305178f3da060efe3191499a.jpg,2896,3264,39,False,True,False,True,"[3, 3264, 2896]",39,39,True,True,PASS,
3994,3995,train/d10befbaf9fa291ed319f7118515a20c.jpg,2540,3072,5,False,True,False,True,"[3, 3072, 2540]",5,5,True,True,PASS,
3995,3996,train/d1192634c95b9018fe25890bf74d45ab.jpg,2725,2770,0,True,True,True,True,"[3, 2770, 2725]",0,0,True,True,PASS,
3996,3997,train/d11b2ce53ce195af06de80a5076f8126.jpg,2633,3294,10,False,True,False,True,"[3, 3294, 2633]",10,10,True,True,PASS,
3997,3998,train/d13883c248f9a28b6f50e3ac77ccb756.jpg,2304,2880,3,False,True,False,True,"[3, 2880, 2304]",3,3,True,True,PASS,
3998,3999,train/d142a0fed8a258c8093a0e0e9c4e48ce.jpg,2571,2984,5,False,True,False,True,"[3, 2984, 2571]",5,5,True,True,PASS,
3999,4000,train/d14f7d9469a5cdf6a60feea8f190f38d.jpg,1864,2592,7,False,True,False,True,"[3, 2592, 1864]",7,7,True,True,PASS,
4000,4001,train/d15440be54e5314679b36d0e7c9c0da1.jpg,2605,3149,8,False,True,False,True,"[3, 3149, 2605]",8,8,True,True,PASS,
4001,4002,train/d15e6278a65dfc72e8a437c5836ba4a6.jpg,2540,3072,6,False,True,False,True,"[3, 3072, 2540]",6,6,True,True,PASS,
4002,4003,train/d1605d4007fbbdbec96acce4a834d10b.jpg,2602,2960,7,False,True,False,True,"[3, 2960, 2602]",7,7,True,True,PASS,
4003,4004,train/d16b67fee07971da41a3d08707ccd864.jpg,3000,3000,4,False,True,False,True,"[3, 3000, 3000]",4,4,True,True,PASS,
4004,4005,train/d16f5fd6c9f2c17efe75b084d527c2a5.jpg,2304,2880,6,False,True,False,True,"[3, 2880, 2304]",6,6,True,True,PASS,
4005,4006,train/d1713f5cf5838c1592e5f712b5d4928e.jpg,3000,3000,6,False,True,False,True,"[3, 3000, 3000]",6,6,True,True,PASS,
4006,4007,train/d1840dda98dafc76f201fa30bda3ef94.jpg,2730,3095,6,False,True,False,True,"[3, 3095, 2730]",6,6,True,True,PASS,
4007,4008,train/d189ad84aa78fffbb5bea14f1c230e54.jpg,2304,2880,16,False,True,False,True,"[3, 2880, 2304]",16,16,True,True,PASS,
4008,4009,train/d18baf80b9c942af3688e9ddeb3dd18b.jpg,3320,3408,5,False,True,False,True,"[3, 3408, 3320]",5,5,True,True,PASS,
4009,4010,train/d19b822e1f1cb392d172d1ee4fa73005.jpg,2148,2564,4,False,True,False,True,"[3, 2564, 2148]",4,4,True,True,PASS,
4010,4011,train/d1ae8f8c681cf7e9ad6fc1f8ab02dc3a.jpg,3072,3072,13,False,True,False,True,"[3, 3072, 3072]",13,13,True,True,PASS,
4011,4012,train/d1bb581de986967b12d4ee6a064d70e8.jpg,2504,2607,4,False,True,False,True,"[3, 2607, 2504]",4,4,True,True,PASS,
4012,4013,train/d1bcef094e9b8c86c70192220b8e1648.jpg,2048,2500,6,False,True,False,True,"[3, 2500, 2048]",6,6,True,True,PASS,
4013,4014,train/d1dbddfd0d130d400e81deeef783007a.jpg,3268,3268,20,False,True,False,True,"[3, 3268, 3268]",20,20,True,True,PASS,
4014,4015,train/d1ded9f78544969878049b01149d0dd2.jpg,2048,2064,8,False,True,False,True,"[3, 2064, 2048]",8,8,True,True,PASS,
4015,4016,train/d1dfd6ac02ac34ebaf9788ec9b2de1f3.jpg,2310,2511,10,False,True,False,True,"[3, 2511, 2310]",10,10,True,True,PASS,
4016,4017,train/d1e95f585e1094cb8ddf94c1d97a4d1a.jpg,2651,3005,16,False,True,False,True,"[3, 3005, 2651]",16,16,True,True,PASS,
4017,4018,train/d1eb013c56b49d88034915dbee6c5f68.jpg,2562,2810,8,False,True,False,True,"[3, 2810, 2562]",8,8,True,True,PASS,
4018,4019,train/d1ee146b55af8b9cd84ec605a9aa36bd.jpg,2446,2863,0,True,True,True,True,"[3, 2863, 2446]",0,0,True,True,PASS,
4019,4020,train/d20563eda118661e39a855fa825539fe.jpg,2708,2752,6,False,True,False,True,"[3, 2752, 2708]",6,6,True,True,PASS,
4020,4021,train/d211355c013edb6306146222ebb2082f.jpg,2304,2880,10,False,True,False,True,"[3, 2880, 2304]",10,10,True,True,PASS,
4021,4022,train/d23024cde82d22b8e1cf899c3c0207c7.jpg,2304,2880,6,False,True,False,True,"[3, 2880, 2304]",6,6,True,True,PASS,
4022,4023,train/d2305891b7a1433e06323ea610d47884.jpg,2072,2488,7,False,True,False,True,"[3, 2488, 2072]",7,7,True,True,PASS,
4023,4024,train/d23be2fc84b61c8250b0047619c34f1a.jpg,2832,2640,4,False,True,False,True,"[3, 2640, 2832]",4,4,True,True,PASS,
4024,4025,train/d23f3e07cbc9ef75f47407eccac43d73.jpg,2540,3072,5,False,True,False,True,"[3, 3072, 2540]",5,5,True,True,PASS,
4025,4026,train/d252062152a9c144706233c2a544c711.jpg,2048,2500,11,False,True,False,True,"[3, 2500, 2048]",11,11,True,True,PASS,
4026,4027,train/d25885006314439d3d359c94d1ea63e9.jpg,2048,2500,3,False,True,False,True,"[3, 2500, 2048]",3,3,True,True,PASS,
4027,4028,train/d260497f6120426c51399f5f846c16b6.jpg,2304,2880,6,False,True,False,True,"[3, 2880, 2304]",6,6,True,True,PASS,
4028,4029,train/d280f2ad03ad22e2fdcdcd0d26869e47.jpg,2405,3031,7,False,True,False,True,"[3, 3031, 2405]",7,7,True,True,PASS,
4029,4030,train/d28436f3bcb1f8a129b35a812d5c8cfb.jpg,2304,2880,11,False,True,False,True,"[3, 2880, 2304]",11,11,True,True,PASS,
4030,4031,train/d28f1f4fdbb37d98f802678fc174ff21.jpg,3000,3000,0,True,True,True,True,"[3, 3000, 3000]",0,0,True,True,PASS,
4031,4032,train/d29e22e5ef93b44aef8810130ef9acca.jpg,2748,2932,6,False,True,False,True,"[3, 2932, 2748]",6,6,True,True,PASS,
4032,4033,train/d2ba8e95f185391a08f009c8e2a9ca12.jpg,2304,2880,7,False,True,False,True,"[3, 2880, 2304]",7,7,True,True,PASS,
4033,4034,train/d2bc15eab8150cfcbcd9364c20c7297d.jpg,2644,2612,8,False,True,False,True,"[3, 2612, 2644]",8,8,True,True,PASS,
4034,4035,train/d2de60c06501603f1d4842fa71808636.jpg,2648,3212,10,False,True,False,True,"[3, 3212, 2648]",10,10,True,True,PASS,
4035,4036,train/d2e80d6cae14b72a824f1ac625d23472.jpg,3000,3000,8,False,True,False,True,"[3, 3000, 3000]",8,8,True,True,PASS,
4036,4037,train/d2ee971a8b41f013def83648617b43cc.jpg,2649,3005,12,False,True,False,True,"[3, 3005, 2649]",12,12,True,True,PASS,
4037,4038,train/d3013a1bf9748593f9a413cf4f067d7f.jpg,2563,2885,4,False,True,False,True,"[3, 2885, 2563]",4,4,True,True,PASS,
4038,4039,train/d312cdd620b130479bfea6128e47b2c4.jpg,2664,3340,21,False,True,False,True,"[3, 3340, 2664]",21,21,True,True,PASS,
4039,4040,train/d32509da6cdeed96643392245b6ab8e8.jpg,1994,2430,0,True,True,True,True,"[3, 2430, 1994]",0,0,True,True,PASS,
4040,4041,train/d32677062d9b64918b27c648d2da50d1.jpg,1994,2430,0,True,True,True,True,"[3, 2430, 1994]",0,0,True,True,PASS,
4041,4042,train/d33e30f362a5e816c72f2d2e81b810bd.jpg,2304,2880,6,False,True,False,True,"[3, 2880, 2304]",6,6,True,True,PASS,
4042,4043,train/d3627a59bdf97f89094cbcee823ba057.jpg,2318,2876,0,True,True,True,True,"[3, 2876, 2318]",0,0,True,True,PASS,
4043,4044,train/d3637a1935a905b3c326af31389cb846.jpg,2304,2880,11,False,True,False,True,"[3, 2880, 2304]",11,11,True,True,PASS,
4044,4045,train/d3780a0c70b4737cd12874433023c40a.jpg,2208,2688,8,False,True,False,True,"[3, 2688, 2208]",8,8,True,True,PASS,
4045,4046,train/d3823d24855b6ef03c188e962948b4b9.jpg,2304,2880,12,False,True,False,True,"[3, 2880, 2304]",12,12,True,True,PASS,
4046,4047,train/d382f7b5c1608ed890527962c60eda05.jpg,2640,3256,6,False,True,False,True,"[3, 3256, 2640]",6,6,True,True,PASS,
4047,4048,train/d39514e0a4ab55df4e5f6e0426aa8fed.jpg,2048,2500,0,True,True,True,True,"[3, 2500, 2048]",0,0,True,True,PASS,
4048,4049,train/d3b82f17d58da80f02e2b0812606cee2.jpg,3072,3072,12,False,True,False,True,"[3, 3072, 3072]",12,12,True,True,PASS,
4049,4050,train/d3dfd38de2eecc6492fa8101d8245b76.jpg,3072,3072,11,False,True,False,True,"[3, 3072, 3072]",11,11,True,True,PASS,
4050,4051,train/d3e275e681d082bcc003336b8355b2f2.jpg,2318,2363,4,False,True,False,True,"[3, 2363, 2318]",4,4,True,True,PASS,
4051,4052,train/d3e2d6c3f0b85c65e3bd7561b2ece66a.jpg,1920,2248,4,False,True,False,True,"[3, 2248, 1920]",4,4,True,True,PASS,
4052,4053,train/d3ef9ae515fb3cd3565e2c9875b3e0aa.jpg,2304,2880,14,False,True,False,True,"[3, 2880, 2304]",14,14,True,True,PASS,
4053,4054,train/d3fcec7cbaa93e9e4845724118cae73c.jpg,2540,2868,4,False,True,False,True,"[3, 2868, 2540]",4,4,True,True,PASS,
4054,4055,train/d414a0d3435dd64628dd3b72e6ecd6be.jpg,1994,2430,0,True,True,True,True,"[3, 2430, 1994]",0,0,True,True,PASS,
4055,4056,train/d42c8cdbeea7094d8a3e4899742cdda0.jpg,2083,2484,0,True,True,True,True,"[3, 2484, 2083]",0,0,True,True,PASS,
4056,4057,train/d433568de3111a8536c18e27eff73a47.jpg,2588,2984,22,False,True,False,True,"[3, 2984, 2588]",22,22,True,True,PASS,
4057,4058,train/d4368452d937230208748ce2c819b971.jpg,1968,2088,6,False,True,False,True,"[3, 2088, 1968]",6,6,True,True,PASS,
4058,4059,train/d43960df26db044d6b9caa7e4ec2ac08.jpg,2231,2494,0,True,True,True,True,"[3, 2494, 2231]",0,0,True,True,PASS,
4059,4060,train/d439808cf55114c97c3b244c54e5ab34.jpg,2531,2725,0,True,True,True,True,"[3, 2725, 2531]",0,0,True,True,PASS,
4060,4061,train/d43c6680c56521ab6aafd6babf8bd7c6.jpg,2304,2880,8,False,True,False,True,"[3, 2880, 2304]",8,8,True,True,PASS,
4061,4062,train/d44766bf0eb902fbc1848f418417c45f.jpg,2104,2208,4,False,True,False,True,"[3, 2208, 2104]",4,4,True,True,PASS,
4062,4063,train/d44b907ffbef18483e074eac9a4783dc.jpg,2642,3170,0,True,True,True,True,"[3, 3170, 2642]",0,0,True,True,PASS,
4063,4064,train/d44deb5774617d3e89893bae3994489f.jpg,2048,2500,8,False,True,False,True,"[3, 2500, 2048]",8,8,True,True,PASS,
4064,4065,train/d45374a1b323c34b8418b36b819783e3.jpg,3072,3072,7,False,True,False,True,"[3, 3072, 3072]",7,7,True,True,PASS,
4065,4066,train/d45c88116610fd72a56688d29bf2771d.jpg,2048,2500,4,False,True,False,True,"[3, 2500, 2048]",4,4,True,True,PASS,
4066,4067,train/d46fcfc88827c952da48421ecdac7e30.jpg,2540,3072,10,False,True,False,True,"[3, 3072, 2540]",10,10,True,True,PASS,
4067,4068,train/d47bdbcba4b30efdc224e8d6ab79f647.jpg,2732,2228,7,False,True,False,True,"[3, 2228, 2732]",7,7,True,True,PASS,
4068,4069,train/d47efdd2527ed1646f31bec6dcbbcdc1.jpg,2304,2880,9,False,True,False,True,"[3, 2880, 2304]",9,9,True,True,PASS,
4069,4070,train/d4a201049322f6130e8ee837c22ed803.jpg,2868,3132,4,False,True,False,True,"[3, 3132, 2868]",4,4,True,True,PASS,
4070,4071,train/d4a67043b09bca469a46c16b763c0391.jpg,2304,2880,9,False,True,False,True,"[3, 2880, 2304]",9,9,True,True,PASS,
4071,4072,train/d4a8a32d495cd0d49ec8ad2eee3afa3e.jpg,3072,3072,0,True,True,True,True,"[3, 3072, 3072]",0,0,True,True,PASS,
4072,4073,train/d4b3527d37d04d52eef04650b7c45c1d.jpg,2916,3256,6,False,True,False,True,"[3, 3256, 2916]",6,6,True,True,PASS,
4073,4074,train/d4b495a674f603616f7f418f41e4e0bf.jpg,2540,3072,6,False,True,False,True,"[3, 3072, 2540]",6,6,True,True,PASS,
4074,4075,train/d4bcbefefd480d4362d7d373a23e8729.jpg,2652,2839,19,False,True,False,True,"[3, 2839, 2652]",19,19,True,True,PASS,
4075,4076,train/d4dcc6b21675250fcf6697b8b1b65e5d.jpg,2304,2880,3,False,True,False,True,"[3, 2880, 2304]",3,3,True,True,PASS,
4076,4077,train/d4e8665286a7fd59bcd408868c247a5d.jpg,2440,2799,6,False,True,False,True,"[3, 2799, 2440]",6,6,True,True,PASS,
4077,4078,train/d513454347dd168afa0b6bb6c328a2ee.jpg,2034,2452,4,False,True,False,True,"[3, 2452, 2034]",4,4,True,True,PASS,
4078,4079,train/d5203efda6708309bae1c60534f16192.jpg,2351,2674,6,False,True,False,True,"[3, 2674, 2351]",6,6,True,True,PASS,
4079,4080,train/d52590d27ebd08d17277ef794e31337f.jpg,2304,2880,3,False,True,False,True,"[3, 2880, 2304]",3,3,True,True,PASS,
4080,4081,train/d530ec3596a3e7e7dd73fbe369178c07.jpg,2520,2696,5,False,True,False,True,"[3, 2696, 2520]",5,5,True,True,PASS,
4081,4082,train/d5331c5488785e73b81760e5418a192d.jpg,2596,2912,22,False,True,False,True,"[3, 2912, 2596]",22,22,True,True,PASS,
4082,4083,train/d547ff1995b2b5cd7904cb0052857dd1.jpg,2540,3072,6,False,True,False,True,"[3, 3072, 2540]",6,6,True,True,PASS,
4083,4084,train/d54f205e3f01d2ead98f02fc1bd4c164.jpg,3072,3072,14,False,True,False,True,"[3, 3072, 3072]",14,14,True,True,PASS,
4084,4085,train/d558629d10923b5a498508ac4b65f7d2.jpg,2048,2500,0,True,True,True,True,"[3, 2500, 2048]",0,0,True,True,PASS,
4085,4086,train/d55bf1212f45e38da405d8bde20f6a7d.jpg,2304,2880,3,False,True,False,True,"[3, 2880, 2304]",3,3,True,True,PASS,
4086,4087,train/d56ea789585115ee47580ed320a8532e.jpg,2866,2656,7,False,True,False,True,"[3, 2656, 2866]",7,7,True,True,PASS,
4087,4088,train/d56fd281ce49dd0ed4dfcf1d72ca78d0.jpg,2304,2880,6,False,True,False,True,"[3, 2880, 2304]",6,6,True,True,PASS,
4088,4089,train/d571f85ab9434bcb8bc11bd175453c96.jpg,2674,3072,7,False,True,False,True,"[3, 3072, 2674]",7,7,True,True,PASS,
4089,4090,train/d5802f146ff1cde67791855f2b531420.jpg,2804,3004,5,False,True,False,True,"[3, 3004, 2804]",5,5,True,True,PASS,
4090,4091,train/d59d5dcc1601a29509f91dab5f8550bc.jpg,2304,2880,23,False,True,False,True,"[3, 2880, 2304]",23,23,True,True,PASS,
4091,4092,train/d59e8b41b1b2b15cd6a7ae3ec6882781.jpg,2331,2391,0,True,True,True,True,"[3, 2391, 2331]",0,0,True,True,PASS,
4092,4093,train/d5a6b16e6de1f5f21a7a549a84af463f.jpg,3080,3077,6,False,True,False,True,"[3, 3077, 3080]",6,6,True,True,PASS,
4093,4094,train/d5adeb5f9d36c06c466a45acfb35d4d8.jpg,2409,3018,4,False,True,False,True,"[3, 3018, 2409]",4,4,True,True,PASS,
4094,4095,train/d5b2a2c4177eb355dd3c0bfacbfd39bd.jpg,2939,3000,10,False,True,False,True,"[3, 3000, 2939]",10,10,True,True,PASS,
4095,4096,train/d5d504bb44506c3d2b96fc68b085305b.jpg,2528,2840,3,False,True,False,True,"[3, 2840, 2528]",3,3,True,True,PASS,
4096,4097,train/d5e37f977eb0774ed01dda67ba31adb2.jpg,2369,3014,8,False,True,False,True,"[3, 3014, 2369]",8,8,True,True,PASS,
4097,4098,train/d5eaa2c2ae8e05956394f24470224843.jpg,2800,3264,3,False,True,False,True,"[3, 3264, 2800]",3,3,True,True,PASS,
4098,4099,train/d5f6e4ac57771303fe96ac40b177a28d.jpg,2540,3072,13,False,True,False,True,"[3, 3072, 2540]",13,13,True,True,PASS,
4099,4100,train/d5fd5c2233862d3d73a5e4f7b57be280.jpg,2304,2880,17,False,True,False,True,"[3, 2880, 2304]",17,17,True,True,PASS,
4100,4101,train/d60002856387ce505f27d4a6dd8d2bec.jpg,2540,3072,11,False,True,False,True,"[3, 3072, 2540]",11,11,True,True,PASS,
4101,4102,train/d60854afebf749f87a8c95a07cb30d48.jpg,3072,3072,15,False,True,False,True,"[3, 3072, 3072]",15,15,True,True,PASS,
4102,4103,train/d60fdd6237c71b741d10c85895723d16.jpg,2588,3192,9,False,True,False,True,"[3, 3192, 2588]",9,9,True,True,PASS,
4103,4104,train/d617b24dad98aa3b1f2d645828095355.jpg,2620,2860,10,False,True,False,True,"[3, 2860, 2620]",10,10,True,True,PASS,
4104,4105,train/d61eb45d47ad48020286203b1f1362f8.jpg,2796,2835,6,False,True,False,True,"[3, 2835, 2796]",6,6,True,True,PASS,
4105,4106,train/d625684a437d0b9f622fec5329c6d7af.jpg,2304,2880,7,False,True,False,True,"[3, 2880, 2304]",7,7,True,True,PASS,
4106,4107,train/d630459c8036ef43b0fdb55625289101.jpg,2540,3072,0,True,True,True,True,"[3, 3072, 2540]",0,0,True,True,PASS,
4107,4108,train/d6352ccc0bf75017b99820231822ab6b.jpg,3072,3072,5,False,True,False,True,"[3, 3072, 3072]",5,5,True,True,PASS,
4108,4109,train/d647ae4618fc943d965b25c3aab3fb4c.jpg,2481,2878,9,False,True,False,True,"[3, 2878, 2481]",9,9,True,True,PASS,
4109,4110,train/d653c05dad30d8c04fa23fdac2572ab6.jpg,2008,2504,14,False,True,False,True,"[3, 2504, 2008]",14,14,True,True,PASS,
4110,4111,train/d6569366db7f18f343963d9119307f89.jpg,2565,2562,8,False,True,False,True,"[3, 2562, 2565]",8,8,True,True,PASS,
4111,4112,train/d6599d989c75982e68a7f277ddf170ff.jpg,2414,2636,0,True,True,True,True,"[3, 2636, 2414]",0,0,True,True,PASS,
4112,4113,train/d65e8ebeaf0add8c9491ba9d8b35931e.jpg,2339,2878,11,False,True,False,True,"[3, 2878, 2339]",11,11,True,True,PASS,
4113,4114,train/d661504676709e84d3075bb96462e7a5.jpg,2048,2500,0,True,True,True,True,"[3, 2500, 2048]",0,0,True,True,PASS,
4114,4115,train/d6b38dc0d4cb99ead6ff30cc999f17ca.jpg,2080,2392,6,False,True,False,True,"[3, 2392, 2080]",6,6,True,True,PASS,
4115,4116,train/d6d2896d8c4e3cf8b74fc981e7218678.jpg,1896,2200,7,False,True,False,True,"[3, 2200, 1896]",7,7,True,True,PASS,
4116,4117,train/d6d95f11e158dafc5fe2955b81192f51.jpg,2304,2880,10,False,True,False,True,"[3, 2880, 2304]",10,10,True,True,PASS,
4117,4118,train/d700828f067b24ac9bc70bc8bbee1bea.jpg,2491,2842,6,False,True,False,True,"[3, 2842, 2491]",6,6,True,True,PASS,
4118,4119,train/d7049d549349da79c6fce9744a52e470.jpg,2707,3065,20,False,True,False,True,"[3, 3065, 2707]",20,20,True,True,PASS,
4119,4120,train/d70837c881f01f8c51afe9616879de50.jpg,3076,2895,17,False,True,False,True,"[3, 2895, 3076]",17,17,True,True,PASS,
4120,4121,train/d70e8f6924ff1e80d6b008965df94e08.jpg,2048,2500,12,False,True,False,True,"[3, 2500, 2048]",12,12,True,True,PASS,
4121,4122,train/d7112ac1c4800858be0b871cb50c3c18.jpg,2048,2500,7,False,True,False,True,"[3, 2500, 2048]",7,7,True,True,PASS,
4122,4123,train/d7163e05dad88864eb0111956c16eb66.jpg,2048,2500,7,False,True,False,True,"[3, 2500, 2048]",7,7,True,True,PASS,
4123,4124,train/d7210d8d2f377ab74e46acfb4a158e79.jpg,3072,3072,20,False,True,False,True,"[3, 3072, 3072]",20,20,True,True,PASS,
4124,4125,train/d7242fc163c07f6d286ed049914d962e.jpg,2304,2880,19,False,True,False,True,"[3, 2880, 2304]",19,19,True,True,PASS,
4125,4126,train/d73add6550804e3da302f96e50e463af.jpg,1994,2430,0,True,True,True,True,"[3, 2430, 1994]",0,0,True,True,PASS,
4126,4127,train/d742a4e61899a7a7408754397737a3ea.jpg,2304,2880,6,False,True,False,True,"[3, 2880, 2304]",6,6,True,True,PASS,
4127,4128,train/d746a3f16ed61bfebbdfab1b9086e3aa.jpg,2540,3072,6,False,True,False,True,"[3, 3072, 2540]",6,6,True,True,PASS,
4128,4129,train/d74aa13b3bc96f254461e842232dbfce.jpg,2136,2312,9,False,True,False,True,"[3, 2312, 2136]",9,9,True,True,PASS,
4129,4130,train/d7509ae432cae9e7062e1e78582e64d5.jpg,1960,2448,6,False,True,False,True,"[3, 2448, 1960]",6,6,True,True,PASS,
4130,4131,train/d75471409759c988b3380b9a675fd12c.jpg,3072,3072,8,False,True,False,True,"[3, 3072, 3072]",8,8,True,True,PASS,
4131,4132,train/d754c0b8f318f683355ec2b11954abb4.jpg,2974,2959,18,False,True,False,True,"[3, 2959, 2974]",18,18,True,True,PASS,
4132,4133,train/d77ef79ee4580a65dcb1e0e26b91d017.jpg,2304,2880,10,False,True,False,True,"[3, 2880, 2304]",10,10,True,True,PASS,
4133,4134,train/d786442ae2ad8b9bec49fece2659d564.jpg,2540,3072,3,False,True,False,True,"[3, 3072, 2540]",3,3,True,True,PASS,
4134,4135,train/d79068eb77a5aa51eb57904fbfce1720.jpg,2304,2880,5,False,True,False,True,"[3, 2880, 2304]",5,5,True,True,PASS,
4135,4136,train/d791f10dbcb0ab7c0c34dafd2fdf8b08.jpg,2000,2592,13,False,True,False,True,"[3, 2592, 2000]",13,13,True,True,PASS,
4136,4137,train/d79e29f792f1225d45994d75d624f8d1.jpg,2304,2880,5,False,True,False,True,"[3, 2880, 2304]",5,5,True,True,PASS,
4137,4138,train/d7a418b9be0b9981e1a5e81f97e70690.jpg,2602,3135,16,False,True,False,True,"[3, 3135, 2602]",16,16,True,True,PASS,
4138,4139,train/d7aea6f37597df566725da73655edcc2.jpg,2594,3395,20,False,True,False,True,"[3, 3395, 2594]",20,20,True,True,PASS,
4139,4140,train/d7b69078f953c292ffe719e864f53b21.jpg,3000,3000,0,True,True,True,True,"[3, 3000, 3000]",0,0,True,True,PASS,
4140,4141,train/d7bbb290f6691900ee45ea1ed1d5787f.jpg,2615,2687,9,False,True,False,True,"[3, 2687, 2615]",9,9,True,True,PASS,
4141,4142,train/d7c148eb16f56462447f7f9c78ce390d.jpg,2540,3072,6,False,True,False,True,"[3, 3072, 2540]",6,6,True,True,PASS,
4142,4143,train/d7c8b14cc4c55e569c6bb92637b27595.jpg,2796,3318,5,False,True,False,True,"[3, 3318, 2796]",5,5,True,True,PASS,
4143,4144,train/d7d10dd5db989860a2758763e97edc05.jpg,2048,2500,8,False,True,False,True,"[3, 2500, 2048]",8,8,True,True,PASS,
4144,4145,train/d7d4917de30bc1fe416ca55703dfae65.jpg,2304,2880,6,False,True,False,True,"[3, 2880, 2304]",6,6,True,True,PASS,
4145,4146,train/d7d4e27e5a9b3752fddcf5c6080026d5.jpg,3072,3072,5,False,True,False,True,"[3, 3072, 3072]",5,5,True,True,PASS,
4146,4147,train/d7d7a197eb6dae4936fc641168a7abe8.jpg,2524,2980,4,False,True,False,True,"[3, 2980, 2524]",4,4,True,True,PASS,
4147,4148,train/d7eafe6a9ffafc052512cac5aa378efb.jpg,2304,2880,9,False,True,False,True,"[3, 2880, 2304]",9,9,True,True,PASS,
4148,4149,train/d7eda97fb8a4ab94a7c0dfd1d3d1c17e.jpg,2304,2880,3,False,True,False,True,"[3, 2880, 2304]",3,3,True,True,PASS,
4149,4150,train/d7fab14d2d4bb9d001b64f4fb59cee80.jpg,2048,2500,0,True,True,True,True,"[3, 2500, 2048]",0,0,True,True,PASS,
4150,4151,train/d80e04e5a52a954fcc1004a53f2ef4a5.jpg,2304,2880,3,False,True,False,True,"[3, 2880, 2304]",3,3,True,True,PASS,
4151,4152,train/d8220f2e082dae72b6db9b8a86637695.jpg,2937,3000,9,False,True,False,True,"[3, 3000, 2937]",9,9,True,True,PASS,
4152,4153,train/d8275cd2eabf34a7f7bf22bdd838bc70.jpg,2000,1992,40,False,True,False,True,"[3, 1992, 2000]",40,40,True,True,PASS,
4153,4154,train/d84454d6b6109ee5d68a81e49a45cb4f.jpg,2842,2492,6,False,True,False,True,"[3, 2492, 2842]",6,6,True,True,PASS,
4154,4155,train/d846ef7992c9efb128ba7e3c25fa6a64.jpg,3072,3072,6,False,True,False,True,"[3, 3072, 3072]",6,6,True,True,PASS,
4155,4156,train/d86ef0cf8f2fe8de11926a45bbce5379.jpg,2304,2880,13,False,True,False,True,"[3, 2880, 2304]",13,13,True,True,PASS,
4156,4157,train/d876777df161eb8f02cc9e134916f104.jpg,2579,2542,5,False,True,False,True,"[3, 2542, 2579]",5,5,True,True,PASS,
4157,4158,train/d8863e2fc68e2bb33caa4c05bdbbd363.jpg,2304,2880,6,False,True,False,True,"[3, 2880, 2304]",6,6,True,True,PASS,
4158,4159,train/d888fbee05acda2b655ba4136c1958fa.jpg,2420,2803,0,True,True,True,True,"[3, 2803, 2420]",0,0,True,True,PASS,
4159,4160,train/d8a3fe9536afba5813aa8025506c810a.jpg,2336,2836,0,True,True,True,True,"[3, 2836, 2336]",0,0,True,True,PASS,
4160,4161,train/d8b297c773294eb23707c0a7f693c5fc.jpg,2905,3201,12,False,True,False,True,"[3, 3201, 2905]",12,12,True,True,PASS,
4161,4162,train/d8b75d2a0acb6e0fa20ef05300b7e006.jpg,2688,2208,8,False,True,False,True,"[3, 2208, 2688]",8,8,True,True,PASS,
4162,4163,train/d8bed8c7cbb164f7e8dcc5708ef41f7b.jpg,2304,2880,20,False,True,False,True,"[3, 2880, 2304]",20,20,True,True,PASS,
4163,4164,train/d8d73dcf93b13ff0bd2f11639abd0003.jpg,2048,2500,18,False,True,False,True,"[3, 2500, 2048]",18,18,True,True,PASS,
4164,4165,train/d8dbee83116aef5c27b78b8b6aa53170.jpg,2613,2878,7,False,True,False,True,"[3, 2878, 2613]",7,7,True,True,PASS,
4165,4166,train/d8df1cd5564e9a9f4d72b17049d5d79e.jpg,2336,2836,0,True,True,True,True,"[3, 2836, 2336]",0,0,True,True,PASS,
4166,4167,train/d8ecc4a091d838d9a615f100a907d5ec.jpg,2048,2500,10,False,True,False,True,"[3, 2500, 2048]",10,10,True,True,PASS,
4167,4168,train/d905cbadc9456dc3ad054496c5fa9289.jpg,2088,2392,5,False,True,False,True,"[3, 2392, 2088]",5,5,True,True,PASS,
4168,4169,train/d91079b185012d745fb4c1aa0e04d3b9.jpg,2304,2880,4,False,True,False,True,"[3, 2880, 2304]",4,4,True,True,PASS,
4169,4170,train/d914b535b048cf5f93363556b0c2b16e.jpg,2048,2500,8,False,True,False,True,"[3, 2500, 2048]",8,8,True,True,PASS,
4170,4171,train/d91b584f369006155e911a1dce5261da.jpg,2540,3072,7,False,True,False,True,"[3, 3072, 2540]",7,7,True,True,PASS,
4171,4172,train/d9245845860a540560404f47bcda1716.jpg,2613,2992,3,False,True,False,True,"[3, 2992, 2613]",3,3,True,True,PASS,
4172,4173,train/d925309691e7929d905eaa42f081833f.jpg,2540,3072,0,True,True,True,True,"[3, 3072, 2540]",0,0,True,True,PASS,
4173,4174,train/d926d49104e258332d45e8afb02dd575.jpg,2048,2500,7,False,True,False,True,"[3, 2500, 2048]",7,7,True,True,PASS,
4174,4175,train/d93676d54152dd6a7a78cdf2659171d8.jpg,2540,3072,12,False,True,False,True,"[3, 3072, 2540]",12,12,True,True,PASS,
4175,4176,train/d936f8115e8be8a46c5933decd3b6b94.jpg,2540,3072,15,False,True,False,True,"[3, 3072, 2540]",15,15,True,True,PASS,
4176,4177,train/d9486490c0d42c5e7060a64f5d0176d4.jpg,2304,2880,3,False,True,False,True,"[3, 2880, 2304]",3,3,True,True,PASS,
4177,4178,train/d94b4e689299d6eb3cc8f5ac772d759b.jpg,2525,2492,14,False,True,False,True,"[3, 2492, 2525]",14,14,True,True,PASS,
4178,4179,train/d95da4b845c9eee6dbf93b1c27bd4dad.jpg,1994,2430,0,True,True,True,True,"[3, 2430, 1994]",0,0,True,True,PASS,
4179,4180,train/d9910b0b179e65a23b33b1ec0a8b4bb4.jpg,2930,3159,0,True,True,True,True,"[3, 3159, 2930]",0,0,True,True,PASS,
4180,4181,train/d997f71818df03dd9ba8d4214dcf1856.jpg,2833,2995,0,True,True,True,True,"[3, 2995, 2833]",0,0,True,True,PASS,
4181,4182,train/d99ee7158fccfc6add49cd6b8389fb55.jpg,2048,2500,10,False,True,False,True,"[3, 2500, 2048]",10,10,True,True,PASS,
4182,4183,train/d9a6b1f6a4175eaee343eef3c1134928.jpg,3000,3000,4,False,True,False,True,"[3, 3000, 3000]",4,4,True,True,PASS,
4183,4184,train/d9ca6a56d878b6c9f46571e35afb725d.jpg,2048,2500,7,False,True,False,True,"[3, 2500, 2048]",7,7,True,True,PASS,
4184,4185,train/d9d272d8282ba9ce1ce1065f45cd0456.jpg,3072,3072,6,False,True,False,True,"[3, 3072, 3072]",6,6,True,True,PASS,
4185,4186,train/d9e1d3236f81f2cbdbe29bb94b7d45e2.jpg,2304,2880,6,False,True,False,True,"[3, 2880, 2304]",6,6,True,True,PASS,
4186,4187,train/d9f6c5f7623550374aff527ad8ba6ccd.jpg,2304,2880,12,False,True,False,True,"[3, 2880, 2304]",12,12,True,True,PASS,
4187,4188,train/da0364cb98ded8ccbdea0d70fc8fa38c.jpg,2846,2992,18,False,True,False,True,"[3, 2992, 2846]",18,18,True,True,PASS,
4188,4189,train/da080bbceada7f806710be3c22f34c48.jpg,2600,2781,0,True,True,True,True,"[3, 2781, 2600]",0,0,True,True,PASS,
4189,4190,train/da1f25221a05f7b1852b8191f89aca1f.jpg,3072,3072,12,False,True,False,True,"[3, 3072, 3072]",12,12,True,True,PASS,
4190,4191,train/da1f5d4d40b9a1b9e5c3f4adf092e68c.jpg,2304,2880,6,False,True,False,True,"[3, 2880, 2304]",6,6,True,True,PASS,
4191,4192,train/da43f621e092ce20c96b5f4efcc2ea43.jpg,2254,2755,19,False,True,False,True,"[3, 2755, 2254]",19,19,True,True,PASS,
4192,4193,train/da4cfaa6343960e89066e60b678bbbd7.jpg,2368,2762,9,False,True,False,True,"[3, 2762, 2368]",9,9,True,True,PASS,
4193,4194,train/da4f74aa1442d910174204f6dfb0d074.jpg,2540,3072,4,False,True,False,True,"[3, 3072, 2540]",4,4,True,True,PASS,
4194,4195,train/da6434d2962b74259909abfdf93d4e6c.jpg,2486,2598,5,False,True,False,True,"[3, 2598, 2486]",5,5,True,True,PASS,
4195,4196,train/da648f4e3bf110e8c31b0fd1859c19c2.jpg,2540,3072,3,False,True,False,True,"[3, 3072, 2540]",3,3,True,True,PASS,
4196,4197,train/da668869900c862ce12bd06fde5feb8d.jpg,3072,3072,14,False,True,False,True,"[3, 3072, 3072]",14,14,True,True,PASS,
4197,4198,train/da7182a1b541864c1687329689b3c438.jpg,2464,2992,6,False,True,False,True,"[3, 2992, 2464]",6,6,True,True,PASS,
4198,4199,train/da7ba2750699edc297c106c314963f15.jpg,3320,2835,4,False,True,False,True,"[3, 2835, 3320]",4,4,True,True,PASS,
4199,4200,train/da80aff78196208d9395ced4a9f0d485.jpg,2588,2776,3,False,True,False,True,"[3, 2776, 2588]",3,3,True,True,PASS,
4200,4201,train/da8a1f7ff197b044c9080c8ad34b1df2.jpg,2024,2400,15,False,True,False,True,"[3, 2400, 2024]",15,15,True,True,PASS,
4201,4202,train/da922b5ee573e770260d4f6c849a17a5.jpg,2448,3032,5,False,True,False,True,"[3, 3032, 2448]",5,5,True,True,PASS,
4202,4203,train/da95c308ecf6b869be4930aa124c0d7e.jpg,3072,3072,12,False,True,False,True,"[3, 3072, 3072]",12,12,True,True,PASS,
4203,4204,train/da9778a74d1eb6016acd497948eae1d1.jpg,2441,2742,6,False,True,False,True,"[3, 2742, 2441]",6,6,True,True,PASS,
4204,4205,train/da996e211b26bd509d3ca7136c1e9435.jpg,2300,3120,6,False,True,False,True,"[3, 3120, 2300]",6,6,True,True,PASS,
4205,4206,train/daa2bf07bac956d6742ac7fda965cf99.jpg,2048,2500,9,False,True,False,True,"[3, 2500, 2048]",9,9,True,True,PASS,
4206,4207,train/daa38c68b720696d6d0c59fe690dc2a5.jpg,3072,3072,0,True,True,True,True,"[3, 3072, 3072]",0,0,True,True,PASS,
4207,4208,train/dab8bef96e96c74e44e44b513760086b.jpg,2827,2801,16,False,True,False,True,"[3, 2801, 2827]",16,16,True,True,PASS,
4208,4209,train/dad083d8150288db33157fde49ab35f9.jpg,2540,3072,10,False,True,False,True,"[3, 3072, 2540]",10,10,True,True,PASS,
4209,4210,train/dadb809c6e432781996add21a4543cd3.jpg,2473,2483,5,False,True,False,True,"[3, 2483, 2473]",5,5,True,True,PASS,
4210,4211,train/dadf619a987c90a4f2c250ae26ed2041.jpg,2719,3060,7,False,True,False,True,"[3, 3060, 2719]",7,7,True,True,PASS,
4211,4212,train/dafe6d3ffe818409176b801fc4798881.jpg,2304,2880,9,False,True,False,True,"[3, 2880, 2304]",9,9,True,True,PASS,
4212,4213,train/db0409f17482d968dc350ae12a91d913.jpg,3072,3072,14,False,True,False,True,"[3, 3072, 3072]",14,14,True,True,PASS,
4213,4214,train/db14c5746cc1525384f3865b4a20c7b2.jpg,2048,2500,4,False,True,False,True,"[3, 2500, 2048]",4,4,True,True,PASS,
4214,4215,train/db169d0be36123bd55b866d6aa73983b.jpg,2304,2880,15,False,True,False,True,"[3, 2880, 2304]",15,15,True,True,PASS,
4215,4216,train/db1942c4b69ecc90ff870f987b7c5284.jpg,2184,2072,6,False,True,False,True,"[3, 2072, 2184]",6,6,True,True,PASS,
4216,4217,train/db30e6a7a66927f57bf3cbfd440e377a.jpg,2740,3068,5,False,True,False,True,"[3, 3068, 2740]",5,5,True,True,PASS,
4217,4218,train/db33ef6234c141325aa449789c23d869.jpg,2532,2720,7,False,True,False,True,"[3, 2720, 2532]",7,7,True,True,PASS,
4218,4219,train/db3e54a9097fc39788693da5bbcef8cf.jpg,2304,2880,8,False,True,False,True,"[3, 2880, 2304]",8,8,True,True,PASS,
4219,4220,train/db458f41a65184d55c82cdbee65ed10b.jpg,2048,2500,8,False,True,False,True,"[3, 2500, 2048]",8,8,True,True,PASS,
4220,4221,train/db462203729870bda6162307e7d2f319.jpg,1776,2232,7,False,True,False,True,"[3, 2232, 1776]",7,7,True,True,PASS,
4221,4222,train/db49c96665f4fe0ff5f4420578e2f185.jpg,3000,3000,3,False,True,False,True,"[3, 3000, 3000]",3,3,True,True,PASS,
4222,4223,train/db56d92cb8648d1bd80eff002eefdbf7.jpg,2304,2880,23,False,True,False,True,"[3, 2880, 2304]",23,23,True,True,PASS,
4223,4224,train/db57f6b752f8f5485e04d8fe8877ab90.jpg,2120,2304,3,False,True,False,True,"[3, 2304, 2120]",3,3,True,True,PASS,
4224,4225,train/db65300cb20b50abb1e3b30f908ef3e0.jpg,2304,2880,4,False,True,False,True,"[3, 2880, 2304]",4,4,True,True,PASS,
4225,4226,train/db724caf57a7adc90648a092e9fa2395.jpg,2766,2780,8,False,True,False,True,"[3, 2780, 2766]",8,8,True,True,PASS,
4226,4227,train/db7da50ba329b52f6779db53689c289f.jpg,2765,3101,3,False,True,False,True,"[3, 3101, 2765]",3,3,True,True,PASS,
4227,4228,train/db8cef631031c241d7eea067c09fde94.jpg,2048,2500,8,False,True,False,True,"[3, 2500, 2048]",8,8,True,True,PASS,
4228,4229,train/db8d818bc4047e5c02af17c31bb78009.jpg,2304,2880,14,False,True,False,True,"[3, 2880, 2304]",14,14,True,True,PASS,
4229,4230,train/dba73ad098671788c3ed72fc9b07bdd3.jpg,1904,2248,5,False,True,False,True,"[3, 2248, 1904]",5,5,True,True,PASS,
4230,4231,train/dbca1fb4fbbfbd6032a9764f3e922ad3.jpg,2304,2880,5,False,True,False,True,"[3, 2880, 2304]",5,5,True,True,PASS,
4231,4232,train/dbcfcf58619fc013b719b680aa71b91b.jpg,2048,2500,5,False,True,False,True,"[3, 2500, 2048]",5,5,True,True,PASS,
4232,4233,train/dbd95448052d2fd61f31da0c52f05845.jpg,2517,3028,0,True,True,True,True,"[3, 3028, 2517]",0,0,True,True,PASS,
4233,4234,train/dc0fcb0e8d98ec8065bee19fb06670df.jpg,2295,2588,3,False,True,False,True,"[3, 2588, 2295]",3,3,True,True,PASS,
4234,4235,train/dc16611b33711249ce1605b2d7148bc0.jpg,2540,3072,5,False,True,False,True,"[3, 3072, 2540]",5,5,True,True,PASS,
4235,4236,train/dc249d912181102a5875015b61b92d70.jpg,1992,2112,4,False,True,False,True,"[3, 2112, 1992]",4,4,True,True,PASS,
4236,4237,train/dc31ce81fcf53c987f2c8ddcb8c162d4.jpg,2304,2880,6,False,True,False,True,"[3, 2880, 2304]",6,6,True,True,PASS,
4237,4238,train/dc3d3675ea30a5f3885dcc1b258a6a2e.jpg,2304,2880,16,False,True,False,True,"[3, 2880, 2304]",16,16,True,True,PASS,
4238,4239,train/dc4d73c10876b27e063b584d49eea496.jpg,3072,3072,7,False,True,False,True,"[3, 3072, 3072]",7,7,True,True,PASS,
4239,4240,train/dc50912f4b027506434b409550322d6c.jpg,2336,2836,0,True,True,True,True,"[3, 2836, 2336]",0,0,True,True,PASS,
4240,4241,train/dc67d031d4eba63b63da5e8da9ca965d.jpg,2080,2224,0,True,True,True,True,"[3, 2224, 2080]",0,0,True,True,PASS,
4241,4242,train/dc7d6c6fa1fdde25e0aa64a1f6fd594a.jpg,2304,2880,19,False,True,False,True,"[3, 2880, 2304]",19,19,True,True,PASS,
4242,4243,train/dc822ebcbb0cb4879d794f0f1bc3638d.jpg,3072,3072,0,True,True,True,True,"[3, 3072, 3072]",0,0,True,True,PASS,
4243,4244,train/dc8aa159b1b1bfe781235fb843de2e78.jpg,1992,2240,10,False,True,False,True,"[3, 2240, 1992]",10,10,True,True,PASS,
4244,4245,train/dcb081bb5e1dac41000e96fc37c8c322.jpg,2507,2651,10,False,True,False,True,"[3, 2651, 2507]",10,10,True,True,PASS,
4245,4246,train/dcbe7cd300844e5e702e7dd68a54794c.jpg,2304,2880,4,False,True,False,True,"[3, 2880, 2304]",4,4,True,True,PASS,
4246,4247,train/dcc6c3c2c149299292afc9004774505d.jpg,2304,2880,10,False,True,False,True,"[3, 2880, 2304]",10,10,True,True,PASS,
4247,4248,train/dd0d24793fa18a607a734a0d66d0d760.jpg,2304,2880,5,False,True,False,True,"[3, 2880, 2304]",5,5,True,True,PASS,
4248,4249,train/dd1ec1034edd4e6b9696ea5cbeca6168.jpg,2517,3028,4,False,True,False,True,"[3, 3028, 2517]",4,4,True,True,PASS,
4249,4250,train/dd229e11cb18d836618643df8129b2c4.jpg,2716,2620,5,False,True,False,True,"[3, 2620, 2716]",5,5,True,True,PASS,
4250,4251,train/dd2fcc4feaa9544f3691e1db071e7e8b.jpg,2540,3072,10,False,True,False,True,"[3, 3072, 2540]",10,10,True,True,PASS,
4251,4252,train/dd375650caabb420aff92ee4a5d833df.jpg,1994,2430,0,True,True,True,True,"[3, 2430, 1994]",0,0,True,True,PASS,
4252,4253,train/dd736e1b1729796f6212e55b7fef44b7.jpg,2304,2880,11,False,True,False,True,"[3, 2880, 2304]",11,11,True,True,PASS,
4253,4254,train/dd83b3e293e8801c9fb167c53f96e2b6.jpg,2614,3120,25,False,True,False,True,"[3, 3120, 2614]",25,25,True,True,PASS,
4254,4255,train/dd8944d0fd8028eae388491f0d0ed3e1.jpg,2048,2500,5,False,True,False,True,"[3, 2500, 2048]",5,5,True,True,PASS,
4255,4256,train/dd915e69c819b34a0cd6a9120289e8e6.jpg,2687,2101,6,False,True,False,True,"[3, 2101, 2687]",6,6,True,True,PASS,
4256,4257,train/ddb599239817420d3cc38fd0eb881c8a.jpg,2144,1968,7,False,True,False,True,"[3, 1968, 2144]",7,7,True,True,PASS,
4257,4258,train/ddc2e81bc04195f7f72109ee5873a2fb.jpg,2260,2760,6,False,True,False,True,"[3, 2760, 2260]",6,6,True,True,PASS,
4258,4259,train/ddc38d560476be1d8fc06f8867c0277b.jpg,2112,2112,7,False,True,False,True,"[3, 2112, 2112]",7,7,True,True,PASS,
4259,4260,train/ddc78bd83fc1feb6823701c803bc7f9a.jpg,1994,2430,0,True,True,True,True,"[3, 2430, 1994]",0,0,True,True,PASS,
4260,4261,train/ddcd8866dd04a1b1e87bbcf3ab9c6760.jpg,3072,3072,9,False,True,False,True,"[3, 3072, 3072]",9,9,True,True,PASS,
4261,4262,train/ddeb40737928ae87d4f71257d5b29c3d.jpg,2048,2500,4,False,True,False,True,"[3, 2500, 2048]",4,4,True,True,PASS,
4262,4263,train/ddec878b93cd18918c2b81bca339a5e9.jpg,2568,2936,18,False,True,False,True,"[3, 2936, 2568]",18,18,True,True,PASS,
4263,4264,train/ddf1ec27c68bb40da0bebdff2dd95175.jpg,2048,2500,11,False,True,False,True,"[3, 2500, 2048]",11,11,True,True,PASS,
4264,4265,train/ddf85fd2c17b59964206fd00d8a71917.jpg,2520,2831,7,False,True,False,True,"[3, 2831, 2520]",7,7,True,True,PASS,
4265,4266,train/ddfc9d530d66058f1dcec6b2685bc254.jpg,2048,2500,5,False,True,False,True,"[3, 2500, 2048]",5,5,True,True,PASS,
4266,4267,train/ddfe291fa3e2d21ce8681a2e9e4b300a.jpg,2520,2948,6,False,True,False,True,"[3, 2948, 2520]",6,6,True,True,PASS,
4267,4268,train/ddff143851d1399b550480a41b4c6fe2.jpg,2304,2880,23,False,True,False,True,"[3, 2880, 2304]",23,23,True,True,PASS,
4268,4269,train/de029bf544556d1fe712ee43f2614c5c.jpg,2304,2880,6,False,True,False,True,"[3, 2880, 2304]",6,6,True,True,PASS,
4269,4270,train/de15c0fca6c7441dd089122ad074a7f3.jpg,2304,2880,5,False,True,False,True,"[3, 2880, 2304]",5,5,True,True,PASS,
4270,4271,train/de20b8c80c04bd2dbe0782fb21738588.jpg,2442,2687,10,False,True,False,True,"[3, 2687, 2442]",10,10,True,True,PASS,
4271,4272,train/de45e56d725f9c1e2d3dec69587b2682.jpg,2304,2880,6,False,True,False,True,"[3, 2880, 2304]",6,6,True,True,PASS,
4272,4273,train/de4917c51024b4f810868d211e4f4d40.jpg,2549,2848,4,False,True,False,True,"[3, 2848, 2549]",4,4,True,True,PASS,
4273,4274,train/de4ab903cee751d979e2a7c14f51500f.jpg,2304,2880,9,False,True,False,True,"[3, 2880, 2304]",9,9,True,True,PASS,
4274,4275,train/de6783eb70869268dbd796a1d27de7a8.jpg,2304,2880,3,False,True,False,True,"[3, 2880, 2304]",3,3,True,True,PASS,
4275,4276,train/de6d6efd88431d3253198106bb070471.jpg,2048,2500,0,True,True,True,True,"[3, 2500, 2048]",0,0,True,True,PASS,
4276,4277,train/de6e41835b9455151e4e6bed43e31244.jpg,2304,2880,6,False,True,False,True,"[3, 2880, 2304]",6,6,True,True,PASS,
4277,4278,train/de6e8f086381d773cb6290df0d6a7eb9.jpg,2436,2721,5,False,True,False,True,"[3, 2721, 2436]",5,5,True,True,PASS,
4278,4279,train/de7c0acddd7ed5fb90f5f5e12458235b.jpg,2304,2880,4,False,True,False,True,"[3, 2880, 2304]",4,4,True,True,PASS,
4279,4280,train/de7de41f2a0c21dc5fa8c1b3e05f469d.jpg,2899,2899,10,False,True,False,True,"[3, 2899, 2899]",10,10,True,True,PASS,
4280,4281,train/de8c78afea91064bd977bb7092b99a63.jpg,2517,3028,0,True,True,True,True,"[3, 3028, 2517]",0,0,True,True,PASS,
4281,4282,train/deb4afdb821024fd5dfedaddbd7800d3.jpg,2469,2890,5,False,True,False,True,"[3, 2890, 2469]",5,5,True,True,PASS,
4282,4283,train/debcc0c8e3b22dd08b85037c91da1df7.jpg,2806,3022,7,False,True,False,True,"[3, 3022, 2806]",7,7,True,True,PASS,
4283,4284,train/deca3ba844d501eb3ea145dc15c2cfb0.jpg,3072,3072,6,False,True,False,True,"[3, 3072, 3072]",6,6,True,True,PASS,
4284,4285,train/ded121c1fb2afcda23e7eb5aefa7daa0.jpg,2644,2828,7,False,True,False,True,"[3, 2828, 2644]",7,7,True,True,PASS,
4285,4286,train/def03f80d3b78a52a6f9af13565343ff.jpg,2472,3040,16,False,True,False,True,"[3, 3040, 2472]",16,16,True,True,PASS,
4286,4287,train/def6b60a136b880ef5733241781a803d.jpg,2304,2880,5,False,True,False,True,"[3, 2880, 2304]",5,5,True,True,PASS,
4287,4288,train/deffec9fbce51979a23bc9932988c78f.jpg,2304,2880,7,False,True,False,True,"[3, 2880, 2304]",7,7,True,True,PASS,
4288,4289,train/df079ba565294d4e0abd85356d2fdfe4.jpg,2504,2920,4,False,True,False,True,"[3, 2920, 2504]",4,4,True,True,PASS,
4289,4290,train/df1ba068fad70f8cfa474ee67004067c.jpg,2848,3228,10,False,True,False,True,"[3, 3228, 2848]",10,10,True,True,PASS,
4290,4291,train/df2e21b90ce0510ed66e161136cf60ad.jpg,2957,2835,30,False,True,False,True,"[3, 2835, 2957]",30,30,True,True,PASS,
4291,4292,train/df4cdf26c36cbf365fc95d261e1d3bcc.jpg,3320,2716,9,False,True,False,True,"[3, 2716, 3320]",9,9,True,True,PASS,
4292,4293,train/df5aa1123fb533c8865b8eaf0bb9c5c8.jpg,1994,2430,0,True,True,True,True,"[3, 2430, 1994]",0,0,True,True,PASS,
4293,4294,train/df91d818a193e328405cf8a86ed530bb.jpg,1994,2430,0,True,True,True,True,"[3, 2430, 1994]",0,0,True,True,PASS,
4294,4295,train/dfb2b9c6d978d65bf5b78728f744c830.jpg,2304,2880,6,False,True,False,True,"[3, 2880, 2304]",6,6,True,True,PASS,
4295,4296,train/dfb91e05ce090dbd08177c0b4531dae3.jpg,1920,2192,5,False,True,False,True,"[3, 2192, 1920]",5,5,True,True,PASS,
4296,4297,train/dfb9686c9e1146bd8ff746390ad0ab0e.jpg,2304,2880,9,False,True,False,True,"[3, 2880, 2304]",9,9,True,True,PASS,
4297,4298,train/dfc7293d19f545e0de7e67dfb7772653.jpg,2540,3072,4,False,True,False,True,"[3, 3072, 2540]",4,4,True,True,PASS,
4298,4299,train/dfd523a5991fc852654bf1235c6282c6.jpg,2304,2880,39,False,True,False,True,"[3, 2880, 2304]",39,39,True,True,PASS,
4299,4300,train/dff0b05ec36121a537d59148ac0443ca.jpg,2304,2880,5,False,True,False,True,"[3, 2880, 2304]",5,5,True,True,PASS,
4300,4301,train/dff6766d2464bfe77de7f6f19edbf51a.jpg,2540,3072,8,False,True,False,True,"[3, 3072, 2540]",8,8,True,True,PASS,
4301,4302,train/e027dbf13a085669fcae603111c049df.jpg,2648,3068,3,False,True,False,True,"[3, 3068, 2648]",3,3,True,True,PASS,
4302,4303,train/e034d4e19f562e61b29533f222ec9600.jpg,2896,3264,11,False,True,False,True,"[3, 3264, 2896]",11,11,True,True,PASS,
4303,4304,train/e038a02993359e092b4b3432064c2ffb.jpg,3072,3072,0,True,True,True,True,"[3, 3072, 3072]",0,0,True,True,PASS,
4304,4305,train/e04c58b55093d601257c9017dbba66e0.jpg,2950,3000,5,False,True,False,True,"[3, 3000, 2950]",5,5,True,True,PASS,
4305,4306,train/e04fc8c293aab8b63db7576e123a7d84.jpg,2328,2836,12,False,True,False,True,"[3, 2836, 2328]",12,12,True,True,PASS,
4306,4307,train/e07b71d8648f36747632a87acc3f2e21.jpg,2048,2500,4,False,True,False,True,"[3, 2500, 2048]",4,4,True,True,PASS,
4307,4308,train/e0a078144e3167316fa44673aa5e3aab.jpg,2606,3340,18,False,True,False,True,"[3, 3340, 2606]",18,18,True,True,PASS,
4308,4309,train/e0a7f7a788eedf388b90bf00bd4e39df.jpg,3080,3306,18,False,True,False,True,"[3, 3306, 3080]",18,18,True,True,PASS,
4309,4310,train/e0a868625cea9a6ebbec8788070ae098.jpg,2615,3069,3,False,True,False,True,"[3, 3069, 2615]",3,3,True,True,PASS,
4310,4311,train/e0ad8549835ae5a3208c03ce618e79a0.jpg,2655,3243,14,False,True,False,True,"[3, 3243, 2655]",14,14,True,True,PASS,
4311,4312,train/e0c85d5a6ff74851b3b1ebdfceca5f48.jpg,2304,2880,17,False,True,False,True,"[3, 2880, 2304]",17,17,True,True,PASS,
4312,4313,train/e0c8a1f0f9ecb4748b67876c19af37ed.jpg,2016,2608,7,False,True,False,True,"[3, 2608, 2016]",7,7,True,True,PASS,
4313,4314,train/e0da968a8b88e3ad9cb42b9e7973bc6d.jpg,2184,2224,3,False,True,False,True,"[3, 2224, 2184]",3,3,True,True,PASS,
4314,4315,train/e102c995058060f394b532a81bc21011.jpg,1864,2016,10,False,True,False,True,"[3, 2016, 1864]",10,10,True,True,PASS,
4315,4316,train/e17d969fef9169c3460a0817d60da54b.jpg,2586,2979,4,False,True,False,True,"[3, 2979, 2586]",4,4,True,True,PASS,
4316,4317,train/e18a100e84aefa9da53dc8cc2fd4f22c.jpg,2304,2880,11,False,True,False,True,"[3, 2880, 2304]",11,11,True,True,PASS,
4317,4318,train/e19c99b75b9523210bfaf40406df82f3.jpg,2304,2880,5,False,True,False,True,"[3, 2880, 2304]",5,5,True,True,PASS,
4318,4319,train/e1a4353d3e747a7150cb06cac73f4d6f.jpg,2736,2774,4,False,True,False,True,"[3, 2774, 2736]",4,4,True,True,PASS,
4319,4320,train/e1a4dd4c30b1757eafb095021def4d63.jpg,2304,2880,11,False,True,False,True,"[3, 2880, 2304]",11,11,True,True,PASS,
4320,4321,train/e1ba0e65d55cff798f5253a5bc108fd7.jpg,2304,2880,5,False,True,False,True,"[3, 2880, 2304]",5,5,True,True,PASS,
4321,4322,train/e1c76d9a72b804e14b4f93f3e23f1fa8.jpg,2555,3026,9,False,True,False,True,"[3, 3026, 2555]",9,9,True,True,PASS,
4322,4323,train/e1c7cdc2d2faec46612191158a77a38a.jpg,2404,2648,13,False,True,False,True,"[3, 2648, 2404]",13,13,True,True,PASS,
4323,4324,train/e1c88be08dcb3f9baca7cb67c77fbcf9.jpg,3000,3000,0,True,True,True,True,"[3, 3000, 3000]",0,0,True,True,PASS,
4324,4325,train/e1d60fa0e8a70ed91147dd06a6561e29.jpg,2948,2933,3,False,True,False,True,"[3, 2933, 2948]",3,3,True,True,PASS,
4325,4326,train/e1d60fdb0e8b11d6198093e11afb562b.jpg,2304,2880,7,False,True,False,True,"[3, 2880, 2304]",7,7,True,True,PASS,
4326,4327,train/e1e596163010acb347ac7fa1a48d8d9c.jpg,2791,3060,15,False,True,False,True,"[3, 3060, 2791]",15,15,True,True,PASS,
4327,4328,train/e1e74a1b970197d2b8a236f4ddd8f3d5.jpg,2540,3072,0,True,True,True,True,"[3, 3072, 2540]",0,0,True,True,PASS,
4328,4329,train/e1eb9553f694d0eba82535625d70186c.jpg,2304,2880,5,False,True,False,True,"[3, 2880, 2304]",5,5,True,True,PASS,
4329,4330,train/e231c613316a725fb7f844b9390fa024.jpg,2304,2880,9,False,True,False,True,"[3, 2880, 2304]",9,9,True,True,PASS,
4330,4331,train/e2321f70d075c658946e167356ef516c.jpg,2304,2880,11,False,True,False,True,"[3, 2880, 2304]",11,11,True,True,PASS,
4331,4332,train/e23431ed927b6459935d0d5457ca8604.jpg,3072,3072,7,False,True,False,True,"[3, 3072, 3072]",7,7,True,True,PASS,
4332,4333,train/e2375b4b6839b3783d0918a689eecfd0.jpg,3072,3072,4,False,True,False,True,"[3, 3072, 3072]",4,4,True,True,PASS,
4333,4334,train/e238991c30a0138640205bd05314f400.jpg,2419,2810,6,False,True,False,True,"[3, 2810, 2419]",6,6,True,True,PASS,
4334,4335,train/e2390bb5d4c550b82277f815a8e5fe9b.jpg,2048,2500,9,False,True,False,True,"[3, 2500, 2048]",9,9,True,True,PASS,
4335,4336,train/e2441e5b3cbecdd27c65aea20353cc1d.jpg,2936,3000,4,False,True,False,True,"[3, 3000, 2936]",4,4,True,True,PASS,
4336,4337,train/e24bb429606e5f412625957e627a6fa3.jpg,2444,3034,0,True,True,True,True,"[3, 3034, 2444]",0,0,True,True,PASS,
4337,4338,train/e2516771535cd2d3550541b91d8b1233.jpg,2384,2856,15,False,True,False,True,"[3, 2856, 2384]",15,15,True,True,PASS,
4338,4339,train/e25910b3bb83c9fbe7601dfaa4032e55.jpg,2582,2944,8,False,True,False,True,"[3, 2944, 2582]",8,8,True,True,PASS,
4339,4340,train/e25d75e8e6b0327356d1566d324ecfcb.jpg,2304,2880,4,False,True,False,True,"[3, 2880, 2304]",4,4,True,True,PASS,
4340,4341,train/e26ef831acab997d0ebbd38bd2773ae0.jpg,2304,2880,5,False,True,False,True,"[3, 2880, 2304]",5,5,True,True,PASS,
4341,4342,train/e2729583d1f9bbee7c2f1a9f3e483936.jpg,2540,3072,7,False,True,False,True,"[3, 3072, 2540]",7,7,True,True,PASS,
4342,4343,train/e282be557a81566f8ccc78271c7f2ff2.jpg,2040,2304,3,False,True,False,True,"[3, 2304, 2040]",3,3,True,True,PASS,
4343,4344,train/e295e1f2ce1695b80db68a73c6042d99.jpg,3072,3072,6,False,True,False,True,"[3, 3072, 3072]",6,6,True,True,PASS,
4344,4345,train/e29eceb0a991c17d07de2fe27a8ddf44.jpg,2498,2899,10,False,True,False,True,"[3, 2899, 2498]",10,10,True,True,PASS,
4345,4346,train/e2aac840e7e6f54e6fe0003c60c51c57.jpg,3060,3279,21,False,True,False,True,"[3, 3279, 3060]",21,21,True,True,PASS,
4346,4347,train/e2b6dcfadc876caf1673923ee3cedf7d.jpg,2304,2880,5,False,True,False,True,"[3, 2880, 2304]",5,5,True,True,PASS,
4347,4348,train/e2ba061bc18b521f763050516e70f87c.jpg,3320,3408,4,False,True,False,True,"[3, 3408, 3320]",4,4,True,True,PASS,
4348,4349,train/e2c9d3576bec9857de53e8bfedc30e69.jpg,2304,2880,6,False,True,False,True,"[3, 2880, 2304]",6,6,True,True,PASS,
4349,4350,train/e2cdf4955f581cb30a0e92f006125307.jpg,2304,2880,6,False,True,False,True,"[3, 2880, 2304]",6,6,True,True,PASS,
4350,4351,train/e2d9292329797abcf80d3a8887a75fff.jpg,1994,2430,0,True,True,True,True,"[3, 2430, 1994]",0,0,True,True,PASS,
4351,4352,train/e2ddc073ae97138d841b53076baf0b33.jpg,2516,3056,6,False,True,False,True,"[3, 3056, 2516]",6,6,True,True,PASS,
4352,4353,train/e2de831b92a2dc7237d2b1885ee4bb9c.jpg,1992,2424,10,False,True,False,True,"[3, 2424, 1992]",10,10,True,True,PASS,
4353,4354,train/e2ec7fc4c6f718c7da540ee96d64b724.jpg,3320,3408,26,False,True,False,True,"[3, 3408, 3320]",26,26,True,True,PASS,
4354,4355,train/e2edea962c97f3290638096b4f27465f.jpg,2336,2836,0,True,True,True,True,"[3, 2836, 2336]",0,0,True,True,PASS,
4355,4356,train/e2f74cb96fb90ec20839f4ff497c007f.jpg,2779,2695,12,False,True,False,True,"[3, 2695, 2779]",12,12,True,True,PASS,
4356,4357,train/e307273033fdd5b7e870836a890d1b56.jpg,2716,3205,6,False,True,False,True,"[3, 3205, 2716]",6,6,True,True,PASS,
4357,4358,train/e312a8c1788a0b47d0ce8c1321a912f9.jpg,3072,3072,19,False,True,False,True,"[3, 3072, 3072]",19,19,True,True,PASS,
4358,4359,train/e31be972e181987a8600a8700c1ebe88.jpg,2800,2801,48,False,True,False,True,"[3, 2801, 2800]",48,48,True,True,PASS,
4359,4360,train/e32bf14c4f6930efc80bfd4f4147ac0f.jpg,2540,3072,0,True,True,True,True,"[3, 3072, 2540]",0,0,True,True,PASS,
4360,4361,train/e33ce975b5a636df54a8a1f592410b0c.jpg,2304,2880,6,False,True,False,True,"[3, 2880, 2304]",6,6,True,True,PASS,
4361,4362,train/e34c8c01586e531b57fe7e67f9d846e9.jpg,2540,3072,5,False,True,False,True,"[3, 3072, 2540]",5,5,True,True,PASS,
4362,4363,train/e3769a9e37c159ac96c5d2f155d1826c.jpg,2401,2050,0,True,True,True,True,"[3, 2050, 2401]",0,0,True,True,PASS,
4363,4364,train/e38bb22eeeb25ec645b19e81883b5759.jpg,2304,2880,8,False,True,False,True,"[3, 2880, 2304]",8,8,True,True,PASS,
4364,4365,train/e3a37326d6d7c5c35e6f84cfbb8187ca.jpg,2304,2880,8,False,True,False,True,"[3, 2880, 2304]",8,8,True,True,PASS,
4365,4366,train/e3b834778550579c140f46805b019e78.jpg,2897,3022,5,False,True,False,True,"[3, 3022, 2897]",5,5,True,True,PASS,
4366,4367,train/e3b9fe4e47c5650cf87c2e556fb7a1f4.jpg,2304,2880,4,False,True,False,True,"[3, 2880, 2304]",4,4,True,True,PASS,
4367,4368,train/e3c5ff1eb0d55039f3bbc3c4875543c3.jpg,2231,2436,18,False,True,False,True,"[3, 2436, 2231]",18,18,True,True,PASS,
4368,4369,train/e3c9c54cbd1ca5e2dfec4d5f95c1fb65.jpg,2048,2500,6,False,True,False,True,"[3, 2500, 2048]",6,6,True,True,PASS,
4369,4370,train/e3cc7ffdbe05d3b7b1696c8a2a61a61c.jpg,2493,3135,7,False,True,False,True,"[3, 3135, 2493]",7,7,True,True,PASS,
4370,4371,train/e3d5edcf6b873d7738cd50ccaf6182ef.jpg,2540,3072,4,False,True,False,True,"[3, 3072, 2540]",4,4,True,True,PASS,
4371,4372,train/e3d67e87b9ad31a5795719d97990f3a3.jpg,3072,3072,9,False,True,False,True,"[3, 3072, 3072]",9,9,True,True,PASS,
4372,4373,train/e3e49b19db364999dc94c01cdc185c1e.jpg,2524,2836,6,False,True,False,True,"[3, 2836, 2524]",6,6,True,True,PASS,
4373,4374,train/e3e8b186331c3acb1b9f82b1f2cbe56d.jpg,2517,3028,12,False,True,False,True,"[3, 3028, 2517]",12,12,True,True,PASS,
4374,4375,train/e436d21e957755c5a52edcdbd3d700b0.jpg,2320,2623,6,False,True,False,True,"[3, 2623, 2320]",6,6,True,True,PASS,
4375,4376,train/e443471026e11f9cdf418dca3f35017f.jpg,2304,2880,3,False,True,False,True,"[3, 2880, 2304]",3,3,True,True,PASS,
4376,4377,train/e44c4522979ee8d8b50977b9af91db58.jpg,2628,2930,0,True,True,True,True,"[3, 2930, 2628]",0,0,True,True,PASS,
4377,4378,train/e45bf032d966f8d3e6fdd0f03a7fdec4.jpg,2048,2500,14,False,True,False,True,"[3, 2500, 2048]",14,14,True,True,PASS,
4378,4379,train/e4980f36744d9a8e0dbb26bb97ccbda9.jpg,2304,2880,6,False,True,False,True,"[3, 2880, 2304]",6,6,True,True,PASS,
4379,4380,train/e4a528876744e3a37158645935028c57.jpg,2093,2617,5,False,True,False,True,"[3, 2617, 2093]",5,5,True,True,PASS,
4380,4381,train/e4a73f3555433a101aa6f6a0ca5006ff.jpg,2620,2572,6,False,True,False,True,"[3, 2572, 2620]",6,6,True,True,PASS,
4381,4382,train/e4ac7ebc707ed34608338b58d0917e94.jpg,2048,2500,6,False,True,False,True,"[3, 2500, 2048]",6,6,True,True,PASS,
4382,4383,train/e4b3710c1d18a0fe70a8eb0bfc5de2cc.jpg,2304,2880,6,False,True,False,True,"[3, 2880, 2304]",6,6,True,True,PASS,
4383,4384,train/e4b4d6910f4be64483f87b1325ce7fe3.jpg,2304,2880,22,False,True,False,True,"[3, 2880, 2304]",22,22,True,True,PASS,
4384,4385,train/e4be367babe3680af9278fa53a5f6224.jpg,2304,2880,14,False,True,False,True,"[3, 2880, 2304]",14,14,True,True,PASS,
4385,4386,train/e4d552e0ccc55cd65ed27729e1be30d5.jpg,2634,2930,0,True,True,True,True,"[3, 2930, 2634]",0,0,True,True,PASS,
4386,4387,train/e4d919ecede4ac171b4815ba0863f2f7.jpg,2834,3022,15,False,True,False,True,"[3, 3022, 2834]",15,15,True,True,PASS,
4387,4388,train/e4dec9c7cb04e431f5c3b41430030184.jpg,2521,2909,0,True,True,True,True,"[3, 2909, 2521]",0,0,True,True,PASS,
4388,4389,train/e4e6a45ca9bfadf6a01e7e451539441a.jpg,2304,2880,13,False,True,False,True,"[3, 2880, 2304]",13,13,True,True,PASS,
4389,4390,train/e4ef5698e1570bed158879d7b5ab20f7.jpg,2304,2880,4,False,True,False,True,"[3, 2880, 2304]",4,4,True,True,PASS,
4390,4391,train/e4fe775718f2633a8989f20e06612f01.jpg,2412,2816,14,False,True,False,True,"[3, 2816, 2412]",14,14,True,True,PASS,
4391,4392,train/e50abd173f7b744b87b84cd7a2d17a79.jpg,1928,2072,7,False,True,False,True,"[3, 2072, 1928]",7,7,True,True,PASS,
4392,4393,train/e521b0e2fca887f754c05d26a9783103.jpg,2275,2784,4,False,True,False,True,"[3, 2784, 2275]",4,4,True,True,PASS,
4393,4394,train/e521dced7f05cc201fd9e6e30f145dae.jpg,2556,2996,7,False,True,False,True,"[3, 2996, 2556]",7,7,True,True,PASS,
4394,4395,train/e529c5465cafd94ee9a3b38f7267523a.jpg,2304,2880,3,False,True,False,True,"[3, 2880, 2304]",3,3,True,True,PASS,
4395,4396,train/e531672ae6083e717cbe83d7fc71ddda.jpg,2304,2880,9,False,True,False,True,"[3, 2880, 2304]",9,9,True,True,PASS,
4396,4397,train/e53aa24d4f2f17891ca8a6e8dfc0d8e8.jpg,1994,2430,0,True,True,True,True,"[3, 2430, 1994]",0,0,True,True,PASS,
4397,4398,train/e553a378133c655abbda6a0b64b3077e.jpg,2528,3244,11,False,True,False,True,"[3, 3244, 2528]",11,11,True,True,PASS,
4398,4399,train/e559048794d171b368b3570107840037.jpg,2702,2827,12,False,True,False,True,"[3, 2827, 2702]",12,12,True,True,PASS,
4399,4400,train/e56080a93578380082f934120565c181.jpg,2304,2880,10,False,True,False,True,"[3, 2880, 2304]",10,10,True,True,PASS,
4400,4401,train/e563c35ddd67c5124a6787e474dfa319.jpg,2504,2930,0,True,True,True,True,"[3, 2930, 2504]",0,0,True,True,PASS,
4401,4402,train/e583b6c45b5622f1e714f57521a22a30.jpg,3013,3165,18,False,True,False,True,"[3, 3165, 3013]",18,18,True,True,PASS,
4402,4403,train/e58d508f7915d3ada6edb4d88dc1f5f7.jpg,2304,2880,5,False,True,False,True,"[3, 2880, 2304]",5,5,True,True,PASS,
4403,4404,train/e5a6825407439b31e234e69989ccd542.jpg,2304,2880,6,False,True,False,True,"[3, 2880, 2304]",6,6,True,True,PASS,
4404,4405,train/e5c03ed2c3823410a7a9571117c776ad.jpg,2304,2880,3,False,True,False,True,"[3, 2880, 2304]",3,3,True,True,PASS,
4405,4406,train/e5c83f02dfe7265bb10020c2fc7b487a.jpg,2048,2500,7,False,True,False,True,"[3, 2500, 2048]",7,7,True,True,PASS,
4406,4407,train/e5cdc84592cc075cd953fc65fc57f573.jpg,2048,2500,4,False,True,False,True,"[3, 2500, 2048]",4,4,True,True,PASS,
4407,4408,train/e5d63ef8a922c6775c51ce9b511235b9.jpg,2304,2880,10,False,True,False,True,"[3, 2880, 2304]",10,10,True,True,PASS,
4408,4409,train/e60ce67640c934d4fb3bcac5b334983d.jpg,2517,3028,9,False,True,False,True,"[3, 3028, 2517]",9,9,True,True,PASS,
4409,4410,train/e613a63ea3e1262cd599a32571d11c2e.jpg,2254,2372,3,False,True,False,True,"[3, 2372, 2254]",3,3,True,True,PASS,
4410,4411,train/e62c07fde352cc658af3f989fe0b546f.jpg,2936,3222,27,False,True,False,True,"[3, 3222, 2936]",27,27,True,True,PASS,
4411,4412,train/e62c2f1897582761b9a5dbc7dbb1a930.jpg,2304,2880,4,False,True,False,True,"[3, 2880, 2304]",4,4,True,True,PASS,
4412,4413,train/e6399a4d1b7a12a9a4c2fcbdc91ea41d.jpg,2702,2695,8,False,True,False,True,"[3, 2695, 2702]",8,8,True,True,PASS,
4413,4414,train/e645d9985d6afaacf2722b9c82b2c9c5.jpg,2540,3072,4,False,True,False,True,"[3, 3072, 2540]",4,4,True,True,PASS,
4414,4415,train/e64adf704d7234993a79be4637514d0b.jpg,2304,2880,4,False,True,False,True,"[3, 2880, 2304]",4,4,True,True,PASS,
4415,4416,train/e652b2cebae0a6c74e292b3112d29e6e.jpg,2048,2500,16,False,True,False,True,"[3, 2500, 2048]",16,16,True,True,PASS,
4416,4417,train/e65784ed3ae371e991d3362ab0eb8a35.jpg,2300,2728,6,False,True,False,True,"[3, 2728, 2300]",6,6,True,True,PASS,
4417,4418,train/e674608b3b3609bdf9a5c8017ddcacba.jpg,2048,2500,9,False,True,False,True,"[3, 2500, 2048]",9,9,True,True,PASS,
4418,4419,train/e67e4cab40626c54b8fc20ce6e9e4273.jpg,2048,2500,6,False,True,False,True,"[3, 2500, 2048]",6,6,True,True,PASS,
4419,4420,train/e67e91b27935a01b738eaa01ede863fd.jpg,2955,3124,15,False,True,False,True,"[3, 3124, 2955]",15,15,True,True,PASS,
4420,4421,train/e68532fbad2aa9d9fee2900c341c8c6b.jpg,2304,2880,9,False,True,False,True,"[3, 2880, 2304]",9,9,True,True,PASS,
4421,4422,train/e685922feb4f7e397cd47ac418342071.jpg,2600,3128,3,False,True,False,True,"[3, 3128, 2600]",3,3,True,True,PASS,
4422,4423,train/e6883a6ffa058ed027ac1626175b5aff.jpg,2304,2880,7,False,True,False,True,"[3, 2880, 2304]",7,7,True,True,PASS,
4423,4424,train/e694841193437bcb89ad2c1acbf95f79.jpg,2304,2880,11,False,True,False,True,"[3, 2880, 2304]",11,11,True,True,PASS,
4424,4425,train/e6a08696962a275ee2dd46d9ae1c6150.jpg,2630,2649,7,False,True,False,True,"[3, 2649, 2630]",7,7,True,True,PASS,
4425,4426,train/e6a9b0eb532d8aab0ce29b787d81614b.jpg,2304,2880,14,False,True,False,True,"[3, 2880, 2304]",14,14,True,True,PASS,
4426,4427,train/e6b4c5c08d6767a47e348b79bf9ab2d2.jpg,3112,2996,8,False,True,False,True,"[3, 2996, 3112]",8,8,True,True,PASS,
4427,4428,train/e6d737cf8600e9b07168c04ca7541980.jpg,1994,2430,0,True,True,True,True,"[3, 2430, 1994]",0,0,True,True,PASS,
4428,4429,train/e6dcfd8e8ebe5462b3a6e344384826ba.jpg,2740,2808,6,False,True,False,True,"[3, 2808, 2740]",6,6,True,True,PASS,
4429,4430,train/e6df9b3fba3fb8745fe06fe9fb84ecfe.jpg,3072,3072,12,False,True,False,True,"[3, 3072, 3072]",12,12,True,True,PASS,
4430,4431,train/e6e114b28a55ec3e9ecac74c55167fef.jpg,2504,2731,0,True,True,True,True,"[3, 2731, 2504]",0,0,True,True,PASS,
4431,4432,train/e6e11fcf16e269d36b9496612d7ca537.jpg,2304,2880,6,False,True,False,True,"[3, 2880, 2304]",6,6,True,True,PASS,
4432,4433,train/e6e1f33532a2f3f93d17d2be963cd122.jpg,2728,3028,14,False,True,False,True,"[3, 3028, 2728]",14,14,True,True,PASS,
4433,4434,train/e6fe1659a6cacb4f2ea6ef651481e0ba.jpg,2048,2500,8,False,True,False,True,"[3, 2500, 2048]",8,8,True,True,PASS,
4434,4435,train/e7136e97a466963b452941e91b6330fe.jpg,2612,2736,9,False,True,False,True,"[3, 2736, 2612]",9,9,True,True,PASS,
4435,4436,train/e719b0f794aebc789651fbd91ade8a05.jpg,3072,3072,12,False,True,False,True,"[3, 3072, 3072]",12,12,True,True,PASS,
4436,4437,train/e722a8f83ef80b62f5b6d73828e1f760.jpg,2484,2840,11,False,True,False,True,"[3, 2840, 2484]",11,11,True,True,PASS,
4437,4438,train/e724ee60258fda4c7f15e0f8d757ee2c.jpg,2304,2880,5,False,True,False,True,"[3, 2880, 2304]",5,5,True,True,PASS,
4438,4439,train/e7375b4dfc336c7b166b688f72d86b34.jpg,2304,2880,11,False,True,False,True,"[3, 2880, 2304]",11,11,True,True,PASS,
4439,4440,train/e746ee7a622d991a0c02b55efe234fb9.jpg,1994,2430,0,True,True,True,True,"[3, 2430, 1994]",0,0,True,True,PASS,
4440,4441,train/e74856412eeed254480c9d2f78d001d5.jpg,2402,2865,4,False,True,False,True,"[3, 2865, 2402]",4,4,True,True,PASS,
4441,4442,train/e74b1c3bddcee3e007b6851bd8ff8174.jpg,3320,3408,5,False,True,False,True,"[3, 3408, 3320]",5,5,True,True,PASS,
4442,4443,train/e75fdf059e59a1560645965b64f51cd2.jpg,2357,3255,8,False,True,False,True,"[3, 3255, 2357]",8,8,True,True,PASS,
4443,4444,train/e76af44f2856bf89d69d00d43536cf8c.jpg,2048,2500,12,False,True,False,True,"[3, 2500, 2048]",12,12,True,True,PASS,
4444,4445,train/e76c69a0601a1f3f059a762b7fb0614e.jpg,2563,2916,9,False,True,False,True,"[3, 2916, 2563]",9,9,True,True,PASS,
4445,4446,train/e7a50b38b3dd034c219fad4c10986fe7.jpg,2016,1872,5,False,True,False,True,"[3, 1872, 2016]",5,5,True,True,PASS,
4446,4447,train/e7a58f5647d24fc877f9cb3d051792e2.jpg,2688,2208,20,False,True,False,True,"[3, 2208, 2688]",20,20,True,True,PASS,
4447,4448,train/e7a911ddb90533a589331cae6aaf82b2.jpg,2304,2880,4,False,True,False,True,"[3, 2880, 2304]",4,4,True,True,PASS,
4448,4449,train/e7ae00eef602436f48a44b36dc79b383.jpg,2304,2880,7,False,True,False,True,"[3, 2880, 2304]",7,7,True,True,PASS,
4449,4450,train/e7af557ff6a1782400710d2c8ddb2568.jpg,2048,2500,7,False,True,False,True,"[3, 2500, 2048]",7,7,True,True,PASS,
4450,4451,train/e7c0727f49a3d279143ed21b382ac1c4.jpg,2304,2880,6,False,True,False,True,"[3, 2880, 2304]",6,6,True,True,PASS,
4451,4452,train/e7c2c01276add5f38a01ceeec66b7f22.jpg,1856,1976,5,False,True,False,True,"[3, 1976, 1856]",5,5,True,True,PASS,
4452,4453,train/e7dad9b7047a87bb31b871d98c648d13.jpg,2800,3255,13,False,True,False,True,"[3, 3255, 2800]",13,13,True,True,PASS,
4453,4454,train/e7dec1ffda66e9a315335afa8e961205.jpg,2763,2840,0,True,True,True,True,"[3, 2840, 2763]",0,0,True,True,PASS,
4454,4455,train/e7e8948818352b4d800dfac9a8999300.jpg,2304,2880,6,False,True,False,True,"[3, 2880, 2304]",6,6,True,True,PASS,
4455,4456,train/e7ea94b2fec95a7461b10a7f3eea2897.jpg,3072,3072,6,False,True,False,True,"[3, 3072, 3072]",6,6,True,True,PASS,
4456,4457,train/e7ee695015acda8604f34f0da3849efb.jpg,2774,3022,10,False,True,False,True,"[3, 3022, 2774]",10,10,True,True,PASS,
4457,4458,train/e82620b01bbc77792885029d3cd0d8ae.jpg,2304,2880,7,False,True,False,True,"[3, 2880, 2304]",7,7,True,True,PASS,
4458,4459,train/e82cedee4afa9651a7bd0d57a23280f2.jpg,2808,2840,13,False,True,False,True,"[3, 2840, 2808]",13,13,True,True,PASS,
4459,4460,train/e85487c53c27918cb638090cc8f16730.jpg,2304,2880,6,False,True,False,True,"[3, 2880, 2304]",6,6,True,True,PASS,
4460,4461,train/e857debbed22981f3fce009cac3031db.jpg,2624,2692,3,False,True,False,True,"[3, 2692, 2624]",3,3,True,True,PASS,
4461,4462,train/e86cde1dbe7a082d03b9c38b400e4c67.jpg,2951,3408,6,False,True,False,True,"[3, 3408, 2951]",6,6,True,True,PASS,
4462,4463,train/e88010a078a87a4c1cc42cf761e2c72a.jpg,2304,2880,9,False,True,False,True,"[3, 2880, 2304]",9,9,True,True,PASS,
4463,4464,train/e88addf3e1354820d8b1a4b42083188c.jpg,2304,2880,13,False,True,False,True,"[3, 2880, 2304]",13,13,True,True,PASS,
4464,4465,train/e895c0a84cf6c38ffee0cfd5be9849fd.jpg,3072,3072,10,False,True,False,True,"[3, 3072, 3072]",10,10,True,True,PASS,
4465,4466,train/e8acde7bd3c521671dae97d0a75cdde0.jpg,2304,2880,9,False,True,False,True,"[3, 2880, 2304]",9,9,True,True,PASS,
4466,4467,train/e8cccc190246b1950b4eaa9433f295f3.jpg,2564,2496,5,False,True,False,True,"[3, 2496, 2564]",5,5,True,True,PASS,
4467,4468,train/e8d9fffe6ef4c59d01e8e64cf5c7466c.jpg,2304,2880,12,False,True,False,True,"[3, 2880, 2304]",12,12,True,True,PASS,
4468,4469,train/e8e6ff19c3be05a4ccfb20abc4202d52.jpg,2832,3264,12,False,True,False,True,"[3, 3264, 2832]",12,12,True,True,PASS,
4469,4470,train/e9269d70abec8d90f4790c6afaa4a924.jpg,2836,3060,6,False,True,False,True,"[3, 3060, 2836]",6,6,True,True,PASS,
4470,4471,train/e9278ee61a8a275650baf02c600c382e.jpg,3072,3072,3,False,True,False,True,"[3, 3072, 3072]",3,3,True,True,PASS,
4471,4472,train/e9581123b6819b2cd1bcf6ed35481520.jpg,3072,3072,20,False,True,False,True,"[3, 3072, 3072]",20,20,True,True,PASS,
4472,4473,train/e96d18f0d425aaedc12782dc33aec7a4.jpg,2991,3408,17,False,True,False,True,"[3, 3408, 2991]",17,17,True,True,PASS,
4473,4474,train/e988f84d11f5903f930dd67fa55ce628.jpg,2515,3162,20,False,True,False,True,"[3, 3162, 2515]",20,20,True,True,PASS,
4474,4475,train/e98a76eaefca34840133986ed53cd210.jpg,1994,2430,0,True,True,True,True,"[3, 2430, 1994]",0,0,True,True,PASS,
4475,4476,train/e991a1b8b7d4d863205850ceb863343a.jpg,2048,2500,4,False,True,False,True,"[3, 2500, 2048]",4,4,True,True,PASS,
4476,4477,train/e9954e6e3b2d0c5bf990a519c0ba5abe.jpg,2304,2880,24,False,True,False,True,"[3, 2880, 2304]",24,24,True,True,PASS,
4477,4478,train/e9986131c41216ce7900ddfe19e38ed6.jpg,2304,2880,6,False,True,False,True,"[3, 2880, 2304]",6,6,True,True,PASS,
4478,4479,train/e99ba43b91cf30a1df2c4c4adfe7c3b1.jpg,2400,2632,5,False,True,False,True,"[3, 2632, 2400]",5,5,True,True,PASS,
4479,4480,train/e9af0316eb1e082f0b2fac36ecf9a6c6.jpg,2048,2500,9,False,True,False,True,"[3, 2500, 2048]",9,9,True,True,PASS,
4480,4481,train/e9bbeb5248b591a86ff636b9f0b68549.jpg,2680,2999,0,True,True,True,True,"[3, 2999, 2680]",0,0,True,True,PASS,
4481,4482,train/e9c0a723726efbed9a1d43d4db015ff3.jpg,2636,2564,10,False,True,False,True,"[3, 2564, 2636]",10,10,True,True,PASS,
4482,4483,train/e9dffce64ee5dd73e861bd8c407c65cb.jpg,2304,2880,5,False,True,False,True,"[3, 2880, 2304]",5,5,True,True,PASS,
4483,4484,train/e9e1a8854e0bec89e37445f9cbf7bb95.jpg,2409,2708,5,False,True,False,True,"[3, 2708, 2409]",5,5,True,True,PASS,
4484,4485,train/ea00fab3726550241cd51c2750892d36.jpg,3072,3072,10,False,True,False,True,"[3, 3072, 3072]",10,10,True,True,PASS,
4485,4486,train/ea0ab2737896670ca5d52dd4b10285ab.jpg,2304,2880,20,False,True,False,True,"[3, 2880, 2304]",20,20,True,True,PASS,
4486,4487,train/ea14c8ae2edae2b343920df92bfce974.jpg,2715,2835,7,False,True,False,True,"[3, 2835, 2715]",7,7,True,True,PASS,
4487,4488,train/ea18aab66eff5e0e540553178f9cad4d.jpg,2304,2880,16,False,True,False,True,"[3, 2880, 2304]",16,16,True,True,PASS,
4488,4489,train/ea4fd210b0300b23ee63f0b8352390be.jpg,2304,2880,4,False,True,False,True,"[3, 2880, 2304]",4,4,True,True,PASS,
4489,4490,train/ea56b3455c844f324b8c9323ebf2ddb2.jpg,1994,2430,0,True,True,True,True,"[3, 2430, 1994]",0,0,True,True,PASS,
4490,4491,train/ea61f0761446db10c6286a6e333af0e2.jpg,2304,2880,4,False,True,False,True,"[3, 2880, 2304]",4,4,True,True,PASS,
4491,4492,train/ea970ed46ada798de375a4be51f701c9.jpg,1994,2430,0,True,True,True,True,"[3, 2430, 1994]",0,0,True,True,PASS,
4492,4493,train/ea97fdc2b0bf64e712a784849efbab79.jpg,2528,2778,5,False,True,False,True,"[3, 2778, 2528]",5,5,True,True,PASS,
4493,4494,train/ea99ac7087780248ca58449abd57f377.jpg,1952,2096,7,False,True,False,True,"[3, 2096, 1952]",7,7,True,True,PASS,
4494,4495,train/eaa4b09922cfd1c4130787403173e93a.jpg,2048,2500,14,False,True,False,True,"[3, 2500, 2048]",14,14,True,True,PASS,
4495,4496,train/eaa5aa491942a0bbc9a161ed3f08c2b5.jpg,2048,2500,8,False,True,False,True,"[3, 2500, 2048]",8,8,True,True,PASS,
4496,4497,train/eaa6f57c9cb05f5c4586a5249019001a.jpg,2304,2880,6,False,True,False,True,"[3, 2880, 2304]",6,6,True,True,PASS,
4497,4498,train/eaaa04823e2280d1cb8cb5b52952d7ad.jpg,2995,2691,6,False,True,False,True,"[3, 2691, 2995]",6,6,True,True,PASS,
4498,4499,train/eaacad7a533d8c301172386cefc0b0f8.jpg,3072,3072,6,False,True,False,True,"[3, 3072, 3072]",6,6,True,True,PASS,
4499,4500,train/eab0be019f53390dbbb3225e86506c09.jpg,2336,2836,0,True,True,True,True,"[3, 2836, 2336]",0,0,True,True,PASS,
4500,4501,train/eab57c526a617da691b80234ed8ee9d9.jpg,2304,2880,6,False,True,False,True,"[3, 2880, 2304]",6,6,True,True,PASS,
4501,4502,train/eabf04158953bb71ac4e934f4e28d160.jpg,2304,2880,18,False,True,False,True,"[3, 2880, 2304]",18,18,True,True,PASS,
4502,4503,train/eabff4780c183c33d17681a21f1356b4.jpg,3000,3000,4,False,True,False,True,"[3, 3000, 3000]",4,4,True,True,PASS,
4503,4504,train/eacc53e9f724bd51a38d76306e6db8d2.jpg,2304,2880,11,False,True,False,True,"[3, 2880, 2304]",11,11,True,True,PASS,
4504,4505,train/eae9d1efd139bba5e4acbb3333eff429.jpg,2678,3072,3,False,True,False,True,"[3, 3072, 2678]",3,3,True,True,PASS,
4505,4506,train/eaef6aa0bc70059db2c376b924d29ba2.jpg,2304,2880,4,False,True,False,True,"[3, 2880, 2304]",4,4,True,True,PASS,
4506,4507,train/eb0c86ba705f5dfebc0d3b4d59d2dcab.jpg,2687,2988,12,False,True,False,True,"[3, 2988, 2687]",12,12,True,True,PASS,
4507,4508,train/eb268b0b19f47cf268626dafc1d6f45f.jpg,2304,2880,6,False,True,False,True,"[3, 2880, 2304]",6,6,True,True,PASS,
4508,4509,train/eb319a3149253e25a32a6f2926cf67b2.jpg,2304,2880,11,False,True,False,True,"[3, 2880, 2304]",11,11,True,True,PASS,
4509,4510,train/eb331754f1d31043109a9cc9aa968ab6.jpg,2762,2640,6,False,True,False,True,"[3, 2640, 2762]",6,6,True,True,PASS,
4510,4511,train/eb384402d0dee9dc9818a0b65681bf67.jpg,3000,3000,5,False,True,False,True,"[3, 3000, 3000]",5,5,True,True,PASS,
4511,4512,train/eb38f65822271c1130b1c25cebe98f90.jpg,2780,3144,6,False,True,False,True,"[3, 3144, 2780]",6,6,True,True,PASS,
4512,4513,train/eb3f408d6ce7818e66b775cbed9b53b1.jpg,2736,3009,4,False,True,False,True,"[3, 3009, 2736]",4,4,True,True,PASS,
4513,4514,train/eb504655d27862892ea7c99c352d5aad.jpg,2838,2818,12,False,True,False,True,"[3, 2818, 2838]",12,12,True,True,PASS,
4514,4515,train/eb6c714df22142229464c6b83e47d7d6.jpg,2532,3073,12,False,True,False,True,"[3, 3073, 2532]",12,12,True,True,PASS,
4515,4516,train/eb72e2bb09327ca57b150dab46677e1f.jpg,2919,2742,8,False,True,False,True,"[3, 2742, 2919]",8,8,True,True,PASS,
4516,4517,train/eb76c1606548e4410a5fa74b70ebe5c9.jpg,3072,3072,8,False,True,False,True,"[3, 3072, 3072]",8,8,True,True,PASS,
4517,4518,train/eb9b834aa6ef13e715d55dac9beb0bb7.jpg,2784,3115,6,False,True,False,True,"[3, 3115, 2784]",6,6,True,True,PASS,
4518,4519,train/eb9e22a9dbb15c3a9b957945351e651d.jpg,2304,2880,7,False,True,False,True,"[3, 2880, 2304]",7,7,True,True,PASS,
4519,4520,train/ebb0f756621fb2c6dcfa2b82d4fc8ed8.jpg,2197,2424,7,False,True,False,True,"[3, 2424, 2197]",7,7,True,True,PASS,
4520,4521,train/ebcf699a8c42843567184fb71f33160c.jpg,2048,2500,0,True,True,True,True,"[3, 2500, 2048]",0,0,True,True,PASS,
4521,4522,train/ebe4ab991ab3c0551a697e34f5e83b36.jpg,2304,2880,14,False,True,False,True,"[3, 2880, 2304]",14,14,True,True,PASS,
4522,4523,train/ebf4ffbcf6de699bf9deab70f0dee8ff.jpg,2779,2912,6,False,True,False,True,"[3, 2912, 2779]",6,6,True,True,PASS,
4523,4524,train/ebfa9ce8a25b09fee878068fd7cd9212.jpg,2208,2688,5,False,True,False,True,"[3, 2688, 2208]",5,5,True,True,PASS,
4524,4525,train/ec0b1ecd417bf735801bf2b971ab61ed.jpg,3072,3072,4,False,True,False,True,"[3, 3072, 3072]",4,4,True,True,PASS,
4525,4526,train/ec0d8eda3ff0b4fe8d3a7a7b795fed21.jpg,2304,2880,5,False,True,False,True,"[3, 2880, 2304]",5,5,True,True,PASS,
4526,4527,train/ec513a0af055499f1b188cc6a9175ee1.jpg,2862,3337,10,False,True,False,True,"[3, 3337, 2862]",10,10,True,True,PASS,
4527,4528,train/ec6ec12533b8495bb7344d8895dd4f05.jpg,2304,2880,29,False,True,False,True,"[3, 2880, 2304]",29,29,True,True,PASS,
4528,4529,train/ec7572df0f93d21860c5dc1147d1393b.jpg,2304,2880,6,False,True,False,True,"[3, 2880, 2304]",6,6,True,True,PASS,
4529,4530,train/ec9927d1322b9c33ad265903e06ee108.jpg,2304,2880,4,False,True,False,True,"[3, 2880, 2304]",4,4,True,True,PASS,
4530,4531,train/eca27ff9495044fbcd347ee51a8f1187.jpg,2540,3072,19,False,True,False,True,"[3, 3072, 2540]",19,19,True,True,PASS,
4531,4532,train/ecadf9a1eca2152b13f18d3a0b8bfba4.jpg,2048,2500,4,False,True,False,True,"[3, 2500, 2048]",4,4,True,True,PASS,
4532,4533,train/ecae6af88e3b859c906e9b149a422b3f.jpg,3072,3072,6,False,True,False,True,"[3, 3072, 3072]",6,6,True,True,PASS,
4533,4534,train/ecb9c0dda8a3ec89624e780ac054d2e0.jpg,2208,2688,5,False,True,False,True,"[3, 2688, 2208]",5,5,True,True,PASS,
4534,4535,train/ecce24df48ffadc82e635c279a18c622.jpg,2048,2500,6,False,True,False,True,"[3, 2500, 2048]",6,6,True,True,PASS,
4535,4536,train/ecd11f0b7b55d7d0515fb569cbcc39d8.jpg,2436,2780,12,False,True,False,True,"[3, 2780, 2436]",12,12,True,True,PASS,
4536,4537,train/ecd1275cbffcd530452e2b20dd070b4e.jpg,2540,3072,13,False,True,False,True,"[3, 3072, 2540]",13,13,True,True,PASS,
4537,4538,train/ecda8c2d80adc70ee958fcb0361c3286.jpg,2304,2880,6,False,True,False,True,"[3, 2880, 2304]",6,6,True,True,PASS,
4538,4539,train/ecdaa71066f64d1f0592799186135925.jpg,2532,2831,8,False,True,False,True,"[3, 2831, 2532]",8,8,True,True,PASS,
4539,4540,train/ecef71a87df9aee5cca62966f95d9f26.jpg,3072,3072,6,False,True,False,True,"[3, 3072, 3072]",6,6,True,True,PASS,
4540,4541,train/ecf36a90601939ea964925fce1f0cc41.jpg,2072,2536,8,False,True,False,True,"[3, 2536, 2072]",8,8,True,True,PASS,
4541,4542,train/ecf474d5d4f65d7a3e23370a68b8c6a0.jpg,2408,2692,46,False,True,False,True,"[3, 2692, 2408]",46,46,True,True,PASS,
4542,4543,train/ecf9eb0e92ca13ace0ac71331f964371.jpg,2304,2880,12,False,True,False,True,"[3, 2880, 2304]",12,12,True,True,PASS,
4543,4544,train/ed06295915b52f5fcc88e158ab0c7100.jpg,2520,3032,0,True,True,True,True,"[3, 3032, 2520]",0,0,True,True,PASS,
4544,4545,train/ed12402a2b76cda47517d5073b35eb9a.jpg,3000,3000,4,False,True,False,True,"[3, 3000, 3000]",4,4,True,True,PASS,
4545,4546,train/ed1a545ab109f23cd065a5e5e512df1a.jpg,2304,2880,14,False,True,False,True,"[3, 2880, 2304]",14,14,True,True,PASS,
4546,4547,train/ed427a3b0eb541083e0d2d6c2ae2ac31.jpg,2304,2880,3,False,True,False,True,"[3, 2880, 2304]",3,3,True,True,PASS,
4547,4548,train/ed4efe30ae54fe3f57904eb7d738fd99.jpg,3072,3072,6,False,True,False,True,"[3, 3072, 3072]",6,6,True,True,PASS,
4548,4549,train/ed5a8bb58eb699827e3d05b535f28933.jpg,2602,2394,3,False,True,False,True,"[3, 2394, 2602]",3,3,True,True,PASS,
4549,4550,train/ed68ca5f01252d51a5f07c8fc9835898.jpg,2716,2608,7,False,True,False,True,"[3, 2608, 2716]",7,7,True,True,PASS,
4550,4551,train/ed696103132aee457b0e11ce0d7b7d27.jpg,3320,3384,9,False,True,False,True,"[3, 3384, 3320]",9,9,True,True,PASS,
4551,4552,train/ed6b8aafbebda034d02fb57cbe7a2439.jpg,3072,3072,4,False,True,False,True,"[3, 3072, 3072]",4,4,True,True,PASS,
4552,4553,train/ed6f20cff422347c954f41eac82fac8b.jpg,2304,2880,10,False,True,False,True,"[3, 2880, 2304]",10,10,True,True,PASS,
4553,4554,train/ed89af5c7c30f2c96b4cd8a5402748ae.jpg,2825,2615,6,False,True,False,True,"[3, 2615, 2825]",6,6,True,True,PASS,
4554,4555,train/ed9f5c40c389c115089e5a8f15e162b0.jpg,2548,3216,12,False,True,False,True,"[3, 3216, 2548]",12,12,True,True,PASS,
4555,4556,train/eda23140c7a820d76c89bc994768888d.jpg,2642,3170,0,True,True,True,True,"[3, 3170, 2642]",0,0,True,True,PASS,
4556,4557,train/edb4d2772dc7746b93dc0d7e181a25ef.jpg,2208,2688,6,False,True,False,True,"[3, 2688, 2208]",6,6,True,True,PASS,
4557,4558,train/edb61d8f85f46f6da703ab9730bf35b1.jpg,3072,3072,3,False,True,False,True,"[3, 3072, 3072]",3,3,True,True,PASS,
4558,4559,train/edb67efb2fbf3647dbf9c4daec79da3f.jpg,2304,2880,3,False,True,False,True,"[3, 2880, 2304]",3,3,True,True,PASS,
4559,4560,train/edbb3284303d5df669dc8bd73ea38358.jpg,2304,2880,13,False,True,False,True,"[3, 2880, 2304]",13,13,True,True,PASS,
4560,4561,train/edc6ab1b2233143d011edf7706c32b6c.jpg,1856,2064,14,False,True,False,True,"[3, 2064, 1856]",14,14,True,True,PASS,
4561,4562,train/ede3e4041468a91f1a8027aeaa10e540.jpg,2932,3132,8,False,True,False,True,"[3, 3132, 2932]",8,8,True,True,PASS,
4562,4563,train/ede72bdbae3f743b8febe5433c49d126.jpg,2048,2500,5,False,True,False,True,"[3, 2500, 2048]",5,5,True,True,PASS,
4563,4564,train/edec03d88f6da9a7dcd76772432d9c23.jpg,2716,2776,4,False,True,False,True,"[3, 2776, 2716]",4,4,True,True,PASS,
4564,4565,train/edeef2dceeafd6d5ebe67880f2f9162c.jpg,2829,3120,8,False,True,False,True,"[3, 3120, 2829]",8,8,True,True,PASS,
4565,4566,train/ee1abdde3a0e65f9e0b832dfdbbea5de.jpg,2336,2836,0,True,True,True,True,"[3, 2836, 2336]",0,0,True,True,PASS,
4566,4567,train/ee1ce355f6de728da4c7a40715b16826.jpg,2742,3272,12,False,True,False,True,"[3, 3272, 2742]",12,12,True,True,PASS,
4567,4568,train/ee253aab2bfa090c01a596a449159233.jpg,3072,3072,12,False,True,False,True,"[3, 3072, 3072]",12,12,True,True,PASS,
4568,4569,train/ee387adc8e34dcbb696539dcbb626a9d.jpg,2304,2880,21,False,True,False,True,"[3, 2880, 2304]",21,21,True,True,PASS,
4569,4570,train/ee3b2a3399a40af7703ce312d43df635.jpg,2304,2880,8,False,True,False,True,"[3, 2880, 2304]",8,8,True,True,PASS,
4570,4571,train/ee47fd39217a0d25550cb6b9badd3ee2.jpg,2482,2913,19,False,True,False,True,"[3, 2913, 2482]",19,19,True,True,PASS,
4571,4572,train/ee530c9de44ad59a5467104a429ded64.jpg,2517,3028,6,False,True,False,True,"[3, 3028, 2517]",6,6,True,True,PASS,
4572,4573,train/ee53128143074612b8b482d5450aaef2.jpg,2552,2940,7,False,True,False,True,"[3, 2940, 2552]",7,7,True,True,PASS,
4573,4574,train/ee6c07d4bebff60ce328cd0e59d39305.jpg,3072,3072,5,False,True,False,True,"[3, 3072, 3072]",5,5,True,True,PASS,
4574,4575,train/ee7cc34733914fd5924eb5d75a27fba3.jpg,2769,3310,5,False,True,False,True,"[3, 3310, 2769]",5,5,True,True,PASS,
4575,4576,train/ee87cffb47722b3161ea80a75fa307a4.jpg,2048,2500,11,False,True,False,True,"[3, 2500, 2048]",11,11,True,True,PASS,
4576,4577,train/ee9e445e316c60e028de2486e3f459df.jpg,2766,3336,14,False,True,False,True,"[3, 3336, 2766]",14,14,True,True,PASS,
4577,4578,train/eea2d38f25bbee2095457fff9b8b2200.jpg,2048,2500,0,True,True,True,True,"[3, 2500, 2048]",0,0,True,True,PASS,
4578,4579,train/eea459fdf4b72989a21ac94125a64f0e.jpg,2304,2880,4,False,True,False,True,"[3, 2880, 2304]",4,4,True,True,PASS,
4579,4580,train/eebb4b0a4472b69b72b1004b5b4bfcaa.jpg,2304,2880,6,False,True,False,True,"[3, 2880, 2304]",6,6,True,True,PASS,
4580,4581,train/eebe67275df5f83998a5fe7c147c81cc.jpg,1994,2430,0,True,True,True,True,"[3, 2430, 1994]",0,0,True,True,PASS,
4581,4582,train/eec404a6f4d2db9c179dbe4549de4fdb.jpg,2048,2500,0,True,True,True,True,"[3, 2500, 2048]",0,0,True,True,PASS,
4582,4583,train/eedb247767ce38e4dd2498c5dd56dc11.jpg,2048,2500,10,False,True,False,True,"[3, 2500, 2048]",10,10,True,True,PASS,
4583,4584,train/eee88aa055892224d0fa0518f304996b.jpg,2486,2738,3,False,True,False,True,"[3, 2738, 2486]",3,3,True,True,PASS,
4584,4585,train/eeee9953810eee9388b3a0c5a4ad4ef6.jpg,2493,3065,8,False,True,False,True,"[3, 3065, 2493]",8,8,True,True,PASS,
4585,4586,train/eef3fe7c5ff44ffe54fc80c27365343e.jpg,3072,3072,5,False,True,False,True,"[3, 3072, 3072]",5,5,True,True,PASS,
4586,4587,train/eefb68d818bf732e1cda9be83b641a19.jpg,2540,3072,7,False,True,False,True,"[3, 3072, 2540]",7,7,True,True,PASS,
4587,4588,train/ef063a93b1392dc44be6a968b8e32838.jpg,2304,2880,6,False,True,False,True,"[3, 2880, 2304]",6,6,True,True,PASS,
4588,4589,train/ef0b10e9d207fa0ff2f4e2f59a590970.jpg,2304,2880,6,False,True,False,True,"[3, 2880, 2304]",6,6,True,True,PASS,
4589,4590,train/ef0c1fe356460c25e02dd26a6013e895.jpg,2048,2500,6,False,True,False,True,"[3, 2500, 2048]",6,6,True,True,PASS,
4590,4591,train/ef2e25ee2c102a3b20052b4a3770f0d8.jpg,2540,3072,8,False,True,False,True,"[3, 3072, 2540]",8,8,True,True,PASS,
4591,4592,train/ef3216f8485fe691d819f831ea07e9ce.jpg,2329,2351,5,False,True,False,True,"[3, 2351, 2329]",5,5,True,True,PASS,
4592,4593,train/ef3577342a00289f6fccf26d6b61c7ac.jpg,2048,2500,3,False,True,False,True,"[3, 2500, 2048]",3,3,True,True,PASS,
4593,4594,train/ef50301bda56ee37e33b99fde2be8c7f.jpg,1928,2456,11,False,True,False,True,"[3, 2456, 1928]",11,11,True,True,PASS,
4594,4595,train/ef52e83e7d040c6fcb278fa3ee8ad35a.jpg,2304,2880,4,False,True,False,True,"[3, 2880, 2304]",4,4,True,True,PASS,
4595,4596,train/ef58076f0eec194a3f303b469ac081de.jpg,2672,2979,5,False,True,False,True,"[3, 2979, 2672]",5,5,True,True,PASS,
4596,4597,train/ef63342a9d28339d09338c16573066c6.jpg,1976,2232,4,False,True,False,True,"[3, 2232, 1976]",4,4,True,True,PASS,
4597,4598,train/ef725f99c37d1a779747e5f592a620fb.jpg,2832,3111,6,False,True,False,True,"[3, 3111, 2832]",6,6,True,True,PASS,
4598,4599,train/ef85cda3a115da5e7399342ac986d489.jpg,2517,3028,9,False,True,False,True,"[3, 3028, 2517]",9,9,True,True,PASS,
4599,4600,train/ef8abdca805f7af833aecafaddbf818e.jpg,2304,2880,4,False,True,False,True,"[3, 2880, 2304]",4,4,True,True,PASS,
4600,4601,train/ef8c3f4f4d6b6d278abdbc8077051629.jpg,3096,2444,7,False,True,False,True,"[3, 2444, 3096]",7,7,True,True,PASS,
4601,4602,train/ef9ba80e23c77ad5c619e74bfbdffd8b.jpg,2048,2500,11,False,True,False,True,"[3, 2500, 2048]",11,11,True,True,PASS,
4602,4603,train/ef9d2c00f3825adfdc8a574600d156d3.jpg,2048,2500,0,True,True,True,True,"[3, 2500, 2048]",0,0,True,True,PASS,
4603,4604,train/efb4c40bcdca8c2e5100a9febf5fbd4b.jpg,2273,2444,9,False,True,False,True,"[3, 2444, 2273]",9,9,True,True,PASS,
4604,4605,train/efb838879b6ee5f7d44b56ff592d83a4.jpg,1994,2430,0,True,True,True,True,"[3, 2430, 1994]",0,0,True,True,PASS,
4605,4606,train/efbc06ce023ce45d33b8473672773aef.jpg,3072,3072,9,False,True,False,True,"[3, 3072, 3072]",9,9,True,True,PASS,
4606,4607,train/efc7bc78ce88e95191fdab525f974c24.jpg,2304,2880,11,False,True,False,True,"[3, 2880, 2304]",11,11,True,True,PASS,
4607,4608,train/efd841b9897ceb215d30cff8e1fb85b4.jpg,2685,3052,6,False,True,False,True,"[3, 3052, 2685]",6,6,True,True,PASS,
4608,4609,train/effc4dc50dd44a151333e9c7dc1ff73e.jpg,2312,2524,5,False,True,False,True,"[3, 2524, 2312]",5,5,True,True,PASS,
4609,4610,train/f0105dcab1f42815442e5a2b0247eb21.jpg,2831,2936,5,False,True,False,True,"[3, 2936, 2831]",5,5,True,True,PASS,
4610,4611,train/f0267345c2bb297314f8c9db2b33ffb2.jpg,2304,2880,4,False,True,False,True,"[3, 2880, 2304]",4,4,True,True,PASS,
4611,4612,train/f034b173fe81cebbf8ba0b793c3d3eb1.jpg,1992,2312,7,False,True,False,True,"[3, 2312, 1992]",7,7,True,True,PASS,
4612,4613,train/f04b3db35749d0bb959a9dbb8e5858c9.jpg,2377,2623,6,False,True,False,True,"[3, 2623, 2377]",6,6,True,True,PASS,
4613,4614,train/f06d2ac151719fe4d2cf5546a9dbb734.jpg,2304,2880,6,False,True,False,True,"[3, 2880, 2304]",6,6,True,True,PASS,
4614,4615,train/f0840d1476c8b326484642d6422d756f.jpg,2056,2240,5,False,True,False,True,"[3, 2240, 2056]",5,5,True,True,PASS,
4615,4616,train/f086d97c1eeccba6e2a4e28560b7cd6c.jpg,1944,2080,3,False,True,False,True,"[3, 2080, 1944]",3,3,True,True,PASS,
4616,4617,train/f09ec49805bd445b71404666a53d4a8e.jpg,3072,3072,6,False,True,False,True,"[3, 3072, 3072]",6,6,True,True,PASS,
4617,4618,train/f09f740821c6160878d713149db4adf6.jpg,2304,2880,7,False,True,False,True,"[3, 2880, 2304]",7,7,True,True,PASS,
4618,4619,train/f0adf7b51f3c26e565e1977c4b6c235a.jpg,2517,3028,0,True,True,True,True,"[3, 3028, 2517]",0,0,True,True,PASS,
4619,4620,train/f0b7c809436fc5f445098da06308cebc.jpg,2304,2880,4,False,True,False,True,"[3, 2880, 2304]",4,4,True,True,PASS,
4620,4621,train/f0c719e77a94983d22ad4a1e96e37f34.jpg,2916,3060,10,False,True,False,True,"[3, 3060, 2916]",10,10,True,True,PASS,
4621,4622,train/f0dea85c5527d47a3b7f4227813f0b95.jpg,2304,2880,6,False,True,False,True,"[3, 2880, 2304]",6,6,True,True,PASS,
4622,4623,train/f10143e3eb341eac01909c339a5cf01f.jpg,2360,2908,8,False,True,False,True,"[3, 2908, 2360]",8,8,True,True,PASS,
4623,4624,train/f13e10ca4f8d95667e05156f2f51d095.jpg,2540,2687,9,False,True,False,True,"[3, 2687, 2540]",9,9,True,True,PASS,
4624,4625,train/f1a45afaee0efd07fef17057f3942464.jpg,2304,2880,5,False,True,False,True,"[3, 2880, 2304]",5,5,True,True,PASS,
4625,4626,train/f1a700126451c58e895df07f90c8b1ee.jpg,2048,2500,3,False,True,False,True,"[3, 2500, 2048]",3,3,True,True,PASS,
4626,4627,train/f1b743ce8d76f083d3e87da80f1dd522.jpg,3072,3072,10,False,True,False,True,"[3, 3072, 3072]",10,10,True,True,PASS,
4627,4628,train/f1ba5da6f133d329f7ab9bb241fc0b7b.jpg,2408,2930,5,False,True,False,True,"[3, 2930, 2408]",5,5,True,True,PASS,
4628,4629,train/f1be25d4ee46f32d585fd6c809c92329.jpg,2688,2776,6,False,True,False,True,"[3, 2776, 2688]",6,6,True,True,PASS,
4629,4630,train/f1c4779f16c3ebad57ecb73dcf2a2c1d.jpg,2208,2624,10,False,True,False,True,"[3, 2624, 2208]",10,10,True,True,PASS,
4630,4631,train/f1d1e5089e66fc256f08e621b5dcc9bf.jpg,3092,3107,31,False,True,False,True,"[3, 3107, 3092]",31,31,True,True,PASS,
4631,4632,train/f1da5e509f8a55be3ac43a1b0034ca77.jpg,2048,2500,4,False,True,False,True,"[3, 2500, 2048]",4,4,True,True,PASS,
4632,4633,train/f1e4056384e1926c3ae33882e0dc00cb.jpg,2630,2496,15,False,True,False,True,"[3, 2496, 2630]",15,15,True,True,PASS,
4633,4634,train/f1ece4212015e746f3d90a95feb17546.jpg,2559,3039,3,False,True,False,True,"[3, 3039, 2559]",3,3,True,True,PASS,
4634,4635,train/f1ed2d380bf23214b0522e753035545c.jpg,3072,3072,9,False,True,False,True,"[3, 3072, 3072]",9,9,True,True,PASS,
4635,4636,train/f233f426d24061d9584932e52bfdbd49.jpg,3072,3072,25,False,True,False,True,"[3, 3072, 3072]",25,25,True,True,PASS,
4636,4637,train/f23603293e7a6bb7166cd493d2da2f77.jpg,1994,2430,0,True,True,True,True,"[3, 2430, 1994]",0,0,True,True,PASS,
4637,4638,train/f244d8f6b541d370470f56b8f6ebcb3b.jpg,2490,2733,12,False,True,False,True,"[3, 2733, 2490]",12,12,True,True,PASS,
4638,4639,train/f2495f8fc8e1640e7ca9383966aa9f5f.jpg,2652,2766,9,False,True,False,True,"[3, 2766, 2652]",9,9,True,True,PASS,
4639,4640,train/f24f5cb1232f59b8688e655a48127b43.jpg,2458,3141,8,False,True,False,True,"[3, 3141, 2458]",8,8,True,True,PASS,
4640,4641,train/f25a910b0e75a30296bb0350b2a648bd.jpg,2304,2880,5,False,True,False,True,"[3, 2880, 2304]",5,5,True,True,PASS,
4641,4642,train/f26e0a7663ac71c9253c155ffdb4b0e4.jpg,2304,2880,6,False,True,False,True,"[3, 2880, 2304]",6,6,True,True,PASS,
4642,4643,train/f289d19e4b47b6f38bc2dca65d2d40bd.jpg,2676,2992,10,False,True,False,True,"[3, 2992, 2676]",10,10,True,True,PASS,
4643,4644,train/f29df9890df1e30033396c8f220a9f14.jpg,2000,2416,11,False,True,False,True,"[3, 2416, 2000]",11,11,True,True,PASS,
4644,4645,train/f2c0995bf613672b13eb82ee09b1547b.jpg,2304,2880,22,False,True,False,True,"[3, 2880, 2304]",22,22,True,True,PASS,
4645,4646,train/f2ca613f1200588a3f8c44e2516db4bc.jpg,2704,2929,5,False,True,False,True,"[3, 2929, 2704]",5,5,True,True,PASS,
4646,4647,train/f2e56bf4b304000674dde626b3335ca7.jpg,3072,3072,14,False,True,False,True,"[3, 3072, 3072]",14,14,True,True,PASS,
4647,4648,train/f2ea94fbd14e7946114152b0a11d6ade.jpg,2304,2880,3,False,True,False,True,"[3, 2880, 2304]",3,3,True,True,PASS,
4648,4649,train/f2ee561a5779269382bf01c07da84f91.jpg,2304,2880,4,False,True,False,True,"[3, 2880, 2304]",4,4,True,True,PASS,
4649,4650,train/f2f1cf0ebcbc9348fba2dcd55f6e8c91.jpg,2304,2880,10,False,True,False,True,"[3, 2880, 2304]",10,10,True,True,PASS,
4650,4651,train/f2f8d46d9438459a795b19be73738cbb.jpg,3072,3072,4,False,True,False,True,"[3, 3072, 3072]",4,4,True,True,PASS,
4651,4652,train/f31dd0e07a6342b11cb64cbc8af90835.jpg,2048,2500,7,False,True,False,True,"[3, 2500, 2048]",7,7,True,True,PASS,
4652,4653,train/f32ab457c492c30221d3a89fe7c6b25a.jpg,2940,3000,5,False,True,False,True,"[3, 3000, 2940]",5,5,True,True,PASS,
4653,4654,train/f32fbc404c68b727c5bf14bca3ec7b5e.jpg,2540,3072,21,False,True,False,True,"[3, 3072, 2540]",21,21,True,True,PASS,
4654,4655,train/f332f8f1673ac8dbf2d755540520a511.jpg,2848,2980,8,False,True,False,True,"[3, 2980, 2848]",8,8,True,True,PASS,
4655,4656,train/f33741a2c2ffaa247cea27ba87e6f4d9.jpg,2304,2880,8,False,True,False,True,"[3, 2880, 2304]",8,8,True,True,PASS,
4656,4657,train/f33c818324f7631eec51571396df362d.jpg,3072,3072,6,False,True,False,True,"[3, 3072, 3072]",6,6,True,True,PASS,
4657,4658,train/f345c9caf6c388069ca35fcc4bb52001.jpg,2048,2500,8,False,True,False,True,"[3, 2500, 2048]",8,8,True,True,PASS,
4658,4659,train/f347a8de5e60079db066c440949b8395.jpg,2540,3072,9,False,True,False,True,"[3, 3072, 2540]",9,9,True,True,PASS,
4659,4660,train/f351e56a857e49f1e5c12b0fbd43db98.jpg,2177,2772,12,False,True,False,True,"[3, 2772, 2177]",12,12,True,True,PASS,
4660,4661,train/f356caa9aae421a22704f79e158e4321.jpg,2804,2623,5,False,True,False,True,"[3, 2623, 2804]",5,5,True,True,PASS,
4661,4662,train/f369ab97b45fdd8ac73e51af003ae854.jpg,2642,3170,0,True,True,True,True,"[3, 3170, 2642]",0,0,True,True,PASS,
4662,4663,train/f36cb2ce4ae7b6e960550542a99a9bff.jpg,3072,3072,4,False,True,False,True,"[3, 3072, 3072]",4,4,True,True,PASS,
4663,4664,train/f3741f47791eca3ad54e01f9c36188a1.jpg,2208,2688,13,False,True,False,True,"[3, 2688, 2208]",13,13,True,True,PASS,
4664,4665,train/f38455688ba4360b502d7c512295953e.jpg,2540,3072,8,False,True,False,True,"[3, 3072, 2540]",8,8,True,True,PASS,
4665,4666,train/f3a84940a5a63947852fd915062fed1d.jpg,1994,2430,0,True,True,True,True,"[3, 2430, 1994]",0,0,True,True,PASS,
4666,4667,train/f3ae85dcad0b8befecc06e496f3c4263.jpg,2728,2924,12,False,True,False,True,"[3, 2924, 2728]",12,12,True,True,PASS,
4667,4668,train/f3b2d71af1014019e7639088a255e13f.jpg,2304,2880,10,False,True,False,True,"[3, 2880, 2304]",10,10,True,True,PASS,
4668,4669,train/f3bdfeef73cd67f5583466d3df2829df.jpg,2048,2500,5,False,True,False,True,"[3, 2500, 2048]",5,5,True,True,PASS,
4669,4670,train/f3d513a22e62ef6dae79d398cd1462e8.jpg,2559,2364,7,False,True,False,True,"[3, 2364, 2559]",7,7,True,True,PASS,
4670,4671,train/f3dc45b4e1efdaf51bc35ab371110877.jpg,2931,2835,9,False,True,False,True,"[3, 2835, 2931]",9,9,True,True,PASS,
4671,4672,train/f3e804892343e3b12e2542939d9101a6.jpg,2933,3306,7,False,True,False,True,"[3, 3306, 2933]",7,7,True,True,PASS,
4672,4673,train/f3fc4e540d940916de69e6a7e928cead.jpg,2753,3408,14,False,True,False,True,"[3, 3408, 2753]",14,14,True,True,PASS,
4673,4674,train/f40c08b38fce6f2b77c6019d34521357.jpg,2304,2880,26,False,True,False,True,"[3, 2880, 2304]",26,26,True,True,PASS,
4674,4675,train/f41016cc32c5ed986f15e4d6169c1c2f.jpg,1976,2360,6,False,True,False,True,"[3, 2360, 1976]",6,6,True,True,PASS,
4675,4676,train/f41ccbeeaa2f48cbb13110e15c20a538.jpg,2048,2500,8,False,True,False,True,"[3, 2500, 2048]",8,8,True,True,PASS,
4676,4677,train/f42000d2ffb02c74c696fba7678c51a6.jpg,2304,2880,6,False,True,False,True,"[3, 2880, 2304]",6,6,True,True,PASS,
4677,4678,train/f4283460f9f2e254b8b048ce635f1276.jpg,2827,2886,7,False,True,False,True,"[3, 2886, 2827]",7,7,True,True,PASS,
4678,4679,train/f458843968166ba8c5af491035ce1651.jpg,3072,3072,0,True,True,True,True,"[3, 3072, 3072]",0,0,True,True,PASS,
4679,4680,train/f490b0ddc0cd7f3789c13e1764dfe51a.jpg,2304,2880,6,False,True,False,True,"[3, 2880, 2304]",6,6,True,True,PASS,
4680,4681,train/f491935369d316678118cd07d5646de6.jpg,2584,2928,13,False,True,False,True,"[3, 2928, 2584]",13,13,True,True,PASS,
4681,4682,train/f4976db55ec34ca21f36c218993ea7a2.jpg,1994,2430,0,True,True,True,True,"[3, 2430, 1994]",0,0,True,True,PASS,
4682,4683,train/f499a3f9610865b8be4ff7c7ac5214cf.jpg,2792,3256,8,False,True,False,True,"[3, 3256, 2792]",8,8,True,True,PASS,
4683,4684,train/f4b8c5c84f200ee9e9faba45bb2b0baa.jpg,2048,2080,4,False,True,False,True,"[3, 2080, 2048]",4,4,True,True,PASS,
4684,4685,train/f4c12a07224893104dec25b926db33a1.jpg,2334,2963,9,False,True,False,True,"[3, 2963, 2334]",9,9,True,True,PASS,
4685,4686,train/f4c97bfedbc71ab64cf312ea2962971e.jpg,1984,2232,10,False,True,False,True,"[3, 2232, 1984]",10,10,True,True,PASS,
4686,4687,train/f4d7a04f379295bb190b0c95567f7e0a.jpg,2304,2880,6,False,True,False,True,"[3, 2880, 2304]",6,6,True,True,PASS,
4687,4688,train/f4d7d5de6fbfafb222c389fb23251e80.jpg,3072,3072,12,False,True,False,True,"[3, 3072, 3072]",12,12,True,True,PASS,
4688,4689,train/f4da0959856bcdd4b91e0c6949b109e3.jpg,2842,2729,4,False,True,False,True,"[3, 2729, 2842]",4,4,True,True,PASS,
4689,4690,train/f4de2c4362a04f072fa06a8440bc7473.jpg,2420,2760,7,False,True,False,True,"[3, 2760, 2420]",7,7,True,True,PASS,
4690,4691,train/f50d5b9d7f65680d066371d14fcda875.jpg,3268,3268,3,False,True,False,True,"[3, 3268, 3268]",3,3,True,True,PASS,
4691,4692,train/f51434ef988e30a05f8b0986814d9485.jpg,2804,3227,20,False,True,False,True,"[3, 3227, 2804]",20,20,True,True,PASS,
4692,4693,train/f51c1a48919f8b36116ed4aa799dcb23.jpg,2339,2593,13,False,True,False,True,"[3, 2593, 2339]",13,13,True,True,PASS,
4693,4694,train/f52c1bf308db55a73521eb1a048b1c92.jpg,2520,3032,5,False,True,False,True,"[3, 3032, 2520]",5,5,True,True,PASS,
4694,4695,train/f52ec4da5edc58fc2f93c00316c38fe7.jpg,2928,3000,0,True,True,True,True,"[3, 3000, 2928]",0,0,True,True,PASS,
4695,4696,train/f53abed5f97de8473a4a09bd9742282c.jpg,2304,2880,8,False,True,False,True,"[3, 2880, 2304]",8,8,True,True,PASS,
4696,4697,train/f53c45bd444bfa9796ac5ce5489136c7.jpg,2304,2880,6,False,True,False,True,"[3, 2880, 2304]",6,6,True,True,PASS,
4697,4698,train/f55ce69d04d99c8f5e01df3c6838c8ee.jpg,2823,2649,5,False,True,False,True,"[3, 2649, 2823]",5,5,True,True,PASS,
4698,4699,train/f5647785cac236ffe0ec3287f9f6aa84.jpg,2540,3072,4,False,True,False,True,"[3, 3072, 2540]",4,4,True,True,PASS,
4699,4700,train/f57a452f52edaaaf43d41c78f1f73181.jpg,2560,3028,7,False,True,False,True,"[3, 3028, 2560]",7,7,True,True,PASS,
4700,4701,train/f5824499552ae516c70308416344eb91.jpg,2604,2334,8,False,True,False,True,"[3, 2334, 2604]",8,8,True,True,PASS,
4701,4702,train/f58508942604632676c1df2639e18010.jpg,2688,2956,8,False,True,False,True,"[3, 2956, 2688]",8,8,True,True,PASS,
4702,4703,train/f58e50c4d7e818b02f28e52fd6f2a9f2.jpg,2048,2072,5,False,True,False,True,"[3, 2072, 2048]",5,5,True,True,PASS,
4703,4704,train/f58ecf974a05d2f5ece85aa9393cf9d6.jpg,3097,2789,17,False,True,False,True,"[3, 2789, 3097]",17,17,True,True,PASS,
4704,4705,train/f591f6e017545ab779d1e88735340128.jpg,2304,2880,17,False,True,False,True,"[3, 2880, 2304]",17,17,True,True,PASS,
4705,4706,train/f59ccb89d776a68b79292bef810333ac.jpg,3072,3072,17,False,True,False,True,"[3, 3072, 3072]",17,17,True,True,PASS,
4706,4707,train/f5aaeb372cca52343b1dd12027904bc2.jpg,2008,2304,4,False,True,False,True,"[3, 2304, 2008]",4,4,True,True,PASS,
4707,4708,train/f5b2547ee619395f63368aab8996f2fb.jpg,2540,3072,5,False,True,False,True,"[3, 3072, 2540]",5,5,True,True,PASS,
4708,4709,train/f5d78a935a1360644d9583fbdef0552e.jpg,2711,2759,6,False,True,False,True,"[3, 2759, 2711]",6,6,True,True,PASS,
4709,4710,train/f5de538719c1a637e84474ea30a4e515.jpg,2304,2880,4,False,True,False,True,"[3, 2880, 2304]",4,4,True,True,PASS,
4710,4711,train/f5e6b0ff23298eff87b65789ee32959e.jpg,3320,3137,7,False,True,False,True,"[3, 3137, 3320]",7,7,True,True,PASS,
4711,4712,train/f5eb3e7e9ee9c4d08377de30251a94e2.jpg,2040,2240,9,False,True,False,True,"[3, 2240, 2040]",9,9,True,True,PASS,
4712,4713,train/f5f1591393eb38f422ba01ece830b176.jpg,1896,2144,6,False,True,False,True,"[3, 2144, 1896]",6,6,True,True,PASS,
4713,4714,train/f5f8866773cc80861a7f5c30502d0fbb.jpg,2304,2880,9,False,True,False,True,"[3, 2880, 2304]",9,9,True,True,PASS,
4714,4715,train/f608bb02a0b91160b07fb867bbec84ad.jpg,2304,2880,10,False,True,False,True,"[3, 2880, 2304]",10,10,True,True,PASS,
4715,4716,train/f60cef429e2b47fd330fbfcfd3ec3a31.jpg,2304,2880,6,False,True,False,True,"[3, 2880, 2304]",6,6,True,True,PASS,
4716,4717,train/f6178657260dafbe0088bf3bb12e95fd.jpg,2332,2119,0,True,True,True,True,"[3, 2119, 2332]",0,0,True,True,PASS,
4717,4718,train/f61ac5d1e80c2332240594868a6da019.jpg,2160,2056,9,False,True,False,True,"[3, 2056, 2160]",9,9,True,True,PASS,
4718,4719,train/f62a549cbf9dedb3a5990a691bd7c27a.jpg,2394,2933,8,False,True,False,True,"[3, 2933, 2394]",8,8,True,True,PASS,
4719,4720,train/f62c4b2e9c78abcf338d9226c55b7e1e.jpg,2304,2880,5,False,True,False,True,"[3, 2880, 2304]",5,5,True,True,PASS,
4720,4721,train/f62e254cf73362e117599c99791f706f.jpg,2753,2924,8,False,True,False,True,"[3, 2924, 2753]",8,8,True,True,PASS,
4721,4722,train/f6349590bcca0313c865a6658b41cde4.jpg,1880,1904,7,False,True,False,True,"[3, 1904, 1880]",7,7,True,True,PASS,
4722,4723,train/f635b5ecbb18bd0b90c881dd055fb089.jpg,2304,2880,9,False,True,False,True,"[3, 2880, 2304]",9,9,True,True,PASS,
4723,4724,train/f6689a5d04b19e0750f5128f629b5d39.jpg,2304,2880,8,False,True,False,True,"[3, 2880, 2304]",8,8,True,True,PASS,
4724,4725,train/f673d781efd8b4830ce480735fdcac8d.jpg,1960,2320,3,False,True,False,True,"[3, 2320, 1960]",3,3,True,True,PASS,
4725,4726,train/f680a42a3444d3739c5552face67bf18.jpg,2304,2880,8,False,True,False,True,"[3, 2880, 2304]",8,8,True,True,PASS,
4726,4727,train/f68b31e44bfe5252ca65f6bc22152e61.jpg,2048,2500,4,False,True,False,True,"[3, 2500, 2048]",4,4,True,True,PASS,
4727,4728,train/f69a67703fe0e5e5bd9535025fbff414.jpg,2008,2272,8,False,True,False,True,"[3, 2272, 2008]",8,8,True,True,PASS,
4728,4729,train/f6e59f1f95016d13f75bad536b8e2af5.jpg,2540,3072,8,False,True,False,True,"[3, 3072, 2540]",8,8,True,True,PASS,
4729,4730,train/f6ea8fd5566a3776bec64ec816a0eb31.jpg,2336,2776,0,True,True,True,True,"[3, 2776, 2336]",0,0,True,True,PASS,
4730,4731,train/f6fc6f200924da874ae95664661e67aa.jpg,2304,2880,12,False,True,False,True,"[3, 2880, 2304]",12,12,True,True,PASS,
4731,4732,train/f70157a4a06e9ba3da6fae2fc48fb4e9.jpg,2304,2880,3,False,True,False,True,"[3, 2880, 2304]",3,3,True,True,PASS,
4732,4733,train/f730c80ec55bf2f6b80001ec0686f245.jpg,2439,2373,5,False,True,False,True,"[3, 2373, 2439]",5,5,True,True,PASS,
4733,4734,train/f736d35657c19d752b94cb194d9ed59a.jpg,2304,2880,9,False,True,False,True,"[3, 2880, 2304]",9,9,True,True,PASS,
4734,4735,train/f769eea17a2e7678f481f386c3c6261c.jpg,2304,2880,9,False,True,False,True,"[3, 2880, 2304]",9,9,True,True,PASS,
4735,4736,train/f774dada729622b4f5e2e1c352169d77.jpg,2783,2992,0,True,True,True,True,"[3, 2992, 2783]",0,0,True,True,PASS,
4736,4737,train/f77548b76082f9b45c05764493005039.jpg,2304,2880,9,False,True,False,True,"[3, 2880, 2304]",9,9,True,True,PASS,
4737,4738,train/f7793fee61ea241a3fc07b927e4914f6.jpg,2540,3072,6,False,True,False,True,"[3, 3072, 2540]",6,6,True,True,PASS,
4738,4739,train/f78a273e30b5cd8a2d580fa4959c8433.jpg,2517,3028,6,False,True,False,True,"[3, 3028, 2517]",6,6,True,True,PASS,
4739,4740,train/f78a44efd6e19fe5e6f71247a4d97126.jpg,1957,2044,5,False,True,False,True,"[3, 2044, 1957]",5,5,True,True,PASS,
4740,4741,train/f78e1c855e003640a3d79723f16f5f1e.jpg,2540,3072,4,False,True,False,True,"[3, 3072, 2540]",4,4,True,True,PASS,
4741,4742,train/f791a58edd0f0080354090193069373d.jpg,2304,2880,7,False,True,False,True,"[3, 2880, 2304]",7,7,True,True,PASS,
4742,4743,train/f7987e0db0dcf873c778b099ebd9bf1a.jpg,2796,3408,9,False,True,False,True,"[3, 3408, 2796]",9,9,True,True,PASS,
4743,4744,train/f7a56f47ad3ca3e1a06fd41bba7a3b03.jpg,2435,2695,7,False,True,False,True,"[3, 2695, 2435]",7,7,True,True,PASS,
4744,4745,train/f7b1e8842f18b17265754367a8d92ee6.jpg,2661,3234,7,False,True,False,True,"[3, 3234, 2661]",7,7,True,True,PASS,
4745,4746,train/f7b3fa818839a04913e45fa796203462.jpg,2304,2880,31,False,True,False,True,"[3, 2880, 2304]",31,31,True,True,PASS,
4746,4747,train/f7c4b8ffe5e3c01d6dd0165c9e3ad64f.jpg,2824,3164,5,False,True,False,True,"[3, 3164, 2824]",5,5,True,True,PASS,
4747,4748,train/f7cca0874f0a8fdfdcb8952ec15c2e24.jpg,2948,2831,9,False,True,False,True,"[3, 2831, 2948]",9,9,True,True,PASS,
4748,4749,train/f7dd175ca0962155ec39311b997a5288.jpg,2356,2516,6,False,True,False,True,"[3, 2516, 2356]",6,6,True,True,PASS,
4749,4750,train/f7f461c0aaa21762f7e9e7e1e7b24dc9.jpg,2048,2500,6,False,True,False,True,"[3, 2500, 2048]",6,6,True,True,PASS,
4750,4751,train/f7fd31cb67b22bf95cc94d909b6dd2e3.jpg,1992,2400,4,False,True,False,True,"[3, 2400, 1992]",4,4,True,True,PASS,
4751,4752,train/f8418a411444f8ea00f9b3affe70a758.jpg,3000,3000,11,False,True,False,True,"[3, 3000, 3000]",11,11,True,True,PASS,
4752,4753,train/f853be3a4ec02063d6e9c0279c8cb559.jpg,2048,2500,6,False,True,False,True,"[3, 2500, 2048]",6,6,True,True,PASS,
4753,4754,train/f866dffa083b0a1b8e5c09a47a2d55f2.jpg,2048,2500,5,False,True,False,True,"[3, 2500, 2048]",5,5,True,True,PASS,
4754,4755,train/f87d4c4e7d55bc2cbd44e80bf51f8bc6.jpg,2337,2666,6,False,True,False,True,"[3, 2666, 2337]",6,6,True,True,PASS,
4755,4756,train/f887788825f5004145c4b29efa89fbc6.jpg,2120,2312,0,True,True,True,True,"[3, 2312, 2120]",0,0,True,True,PASS,
4756,4757,train/f89143595274fa6016f6eec550442af9.jpg,2208,2688,6,False,True,False,True,"[3, 2688, 2208]",6,6,True,True,PASS,
4757,4758,train/f89667b79d3858d6064f49b5fb203800.jpg,2304,2880,5,False,True,False,True,"[3, 2880, 2304]",5,5,True,True,PASS,
4758,4759,train/f8c4ffc718ece871a52ab5f63b04b41c.jpg,3072,3072,5,False,True,False,True,"[3, 3072, 3072]",5,5,True,True,PASS,
4759,4760,train/f8dbc59e1e501220fa867a6d68d93641.jpg,2398,3213,10,False,True,False,True,"[3, 3213, 2398]",10,10,True,True,PASS,
4760,4761,train/f8dee4ee7a507e4e1f6a2b951e63f3d0.jpg,3072,3072,4,False,True,False,True,"[3, 3072, 3072]",4,4,True,True,PASS,
4761,4762,train/f8e34b28f4fa0c030e1d55b1190990f1.jpg,2304,2880,8,False,True,False,True,"[3, 2880, 2304]",8,8,True,True,PASS,
4762,4763,train/f8e4280d43baa3b536d1ed937672ff93.jpg,3268,3268,5,False,True,False,True,"[3, 3268, 3268]",5,5,True,True,PASS,
4763,4764,train/f8f1d67dcbeb7badd781e2a0f30e020e.jpg,2126,2082,3,False,True,False,True,"[3, 2082, 2126]",3,3,True,True,PASS,
4764,4765,train/f8f3bf0d3d08f814e2764470681998a4.jpg,2131,2591,3,False,True,False,True,"[3, 2591, 2131]",3,3,True,True,PASS,
4765,4766,train/f9004576db9e423ddce7bc64608e2aed.jpg,2668,2840,9,False,True,False,True,"[3, 2840, 2668]",9,9,True,True,PASS,
4766,4767,train/f90442f2620175fa21b6afeda865df11.jpg,2864,3072,29,False,True,False,True,"[3, 3072, 2864]",29,29,True,True,PASS,
4767,4768,train/f908ceca3f24d487d583b5530b127013.jpg,2540,3072,8,False,True,False,True,"[3, 3072, 2540]",8,8,True,True,PASS,
4768,4769,train/f9132773a02cfa4cb24f617627155948.jpg,2304,2880,3,False,True,False,True,"[3, 2880, 2304]",3,3,True,True,PASS,
4769,4770,train/f9192d70b8ae33af5fa02c6764e7457c.jpg,2688,3120,4,False,True,False,True,"[3, 3120, 2688]",4,4,True,True,PASS,
4770,4771,train/f94fc1f4e263bf33a9b1e9c4027a474f.jpg,3072,3072,3,False,True,False,True,"[3, 3072, 3072]",3,3,True,True,PASS,
4771,4772,train/f95dd68c2ff46436c6819c3788ac01d3.jpg,3268,3268,6,False,True,False,True,"[3, 3268, 3268]",6,6,True,True,PASS,
4772,4773,train/f97b35befd831df48967fda3cef13c12.jpg,2304,2880,5,False,True,False,True,"[3, 2880, 2304]",5,5,True,True,PASS,
4773,4774,train/f9849624906b15585f9f7f998b34193c.jpg,2304,2880,4,False,True,False,True,"[3, 2880, 2304]",4,4,True,True,PASS,
4774,4775,train/f99c888cfe3ec332780b60b44134f681.jpg,3101,2530,8,False,True,False,True,"[3, 2530, 3101]",8,8,True,True,PASS,
4775,4776,train/f9a0f4bd4bb3553af6e939362bbba5d6.jpg,2305,2479,8,False,True,False,True,"[3, 2479, 2305]",8,8,True,True,PASS,
4776,4777,train/f9b6143fdadf3e46bc016548719a4371.jpg,2517,3028,7,False,True,False,True,"[3, 3028, 2517]",7,7,True,True,PASS,
4777,4778,train/f9ba2d912ef79893510ff58bafa70558.jpg,2008,2584,13,False,True,False,True,"[3, 2584, 2008]",13,13,True,True,PASS,
4778,4779,train/f9c6b63c9379c69451d44dc64fbcc814.jpg,2757,3408,4,False,True,False,True,"[3, 3408, 2757]",4,4,True,True,PASS,
4779,4780,train/f9d48a25ddad7cb044c500cb7266455a.jpg,2304,2880,6,False,True,False,True,"[3, 2880, 2304]",6,6,True,True,PASS,
4780,4781,train/f9dda1a40ac162af4e9fbc6027ed5375.jpg,2304,2880,6,False,True,False,True,"[3, 2880, 2304]",6,6,True,True,PASS,
4781,4782,train/f9e2672a5b9363b4df480c9b8b773379.jpg,2048,2500,8,False,True,False,True,"[3, 2500, 2048]",8,8,True,True,PASS,
4782,4783,train/f9e33b36ae582d27a5426d7e0692d128.jpg,2048,2500,0,True,True,True,True,"[3, 2500, 2048]",0,0,True,True,PASS,
4783,4784,train/f9e6958221cb9c50deaf7ce3e78b6bf4.jpg,2336,2836,0,True,True,True,True,"[3, 2836, 2336]",0,0,True,True,PASS,
4784,4785,train/f9e722d2706d42998afff41568223a01.jpg,3072,3072,9,False,True,False,True,"[3, 3072, 3072]",9,9,True,True,PASS,
4785,4786,train/f9f7feefb4bac748ff7ad313e4a78906.jpg,2688,2208,9,False,True,False,True,"[3, 2208, 2688]",9,9,True,True,PASS,
4786,4787,train/f9fea79e8c324d21c93ca0271b84e24e.jpg,2304,2880,6,False,True,False,True,"[3, 2880, 2304]",6,6,True,True,PASS,
4787,4788,train/fa109c087e46fe1ea27e48ce6d154d2f.jpg,3268,3268,52,False,True,False,True,"[3, 3268, 3268]",52,52,True,True,PASS,
4788,4789,train/fa1d691e369b258e948303634d83b2f6.jpg,2304,2880,9,False,True,False,True,"[3, 2880, 2304]",9,9,True,True,PASS,
4789,4790,train/fa1ffc0e890d0d6fa472f8abb1590b88.jpg,2520,3032,0,True,True,True,True,"[3, 3032, 2520]",0,0,True,True,PASS,
4790,4791,train/fa3b6b158acb587e7cfac000b3737a39.jpg,2540,3072,12,False,True,False,True,"[3, 3072, 2540]",12,12,True,True,PASS,
4791,4792,train/fa4c38b3c5e53e1e84bd0923f2d8e480.jpg,2304,2880,9,False,True,False,True,"[3, 2880, 2304]",9,9,True,True,PASS,
4792,4793,train/fa5f06ba5deade163b028b37cfe68901.jpg,2715,3217,17,False,True,False,True,"[3, 3217, 2715]",17,17,True,True,PASS,
4793,4794,train/fa6cfad334f4061af968f0896319bdf4.jpg,2965,3141,8,False,True,False,True,"[3, 3141, 2965]",8,8,True,True,PASS,
4794,4795,train/fa7b469e21cf7a4e7afe9f17cf721259.jpg,3072,3072,7,False,True,False,True,"[3, 3072, 3072]",7,7,True,True,PASS,
4795,4796,train/fa7d454b6cb43448ed5a8da49df6ce05.jpg,2532,2901,12,False,True,False,True,"[3, 2901, 2532]",12,12,True,True,PASS,
4796,4797,train/fa8115db4830d2b29eccf4f133341a7c.jpg,2304,2880,9,False,True,False,True,"[3, 2880, 2304]",9,9,True,True,PASS,
4797,4798,train/fa8a4206a96b99a55f7e8c84a1ec5892.jpg,2540,3072,0,True,True,True,True,"[3, 3072, 2540]",0,0,True,True,PASS,
4798,4799,train/fa93ce20869f64a1d44d6b8b3d962061.jpg,2304,2880,8,False,True,False,True,"[3, 2880, 2304]",8,8,True,True,PASS,
4799,4800,train/fa9cd1a78a6d2d8d6e918a8c4125faf4.jpg,2576,2967,9,False,True,False,True,"[3, 2967, 2576]",9,9,True,True,PASS,
4800,4801,train/fad39dc356aaa2da58470c6daaba8112.jpg,2304,2880,7,False,True,False,True,"[3, 2880, 2304]",7,7,True,True,PASS,
4801,4802,train/fae3d9c7c5d474bb9cac8ac1c8912688.jpg,3072,3072,6,False,True,False,True,"[3, 3072, 3072]",6,6,True,True,PASS,
4802,4803,train/faf2eeb7b3818ff5941115c3f9b6070e.jpg,1856,2096,7,False,True,False,True,"[3, 2096, 1856]",7,7,True,True,PASS,
4803,4804,train/fb14e1b207e0ee66ed2e3179323091a8.jpg,2469,2995,0,True,True,True,True,"[3, 2995, 2469]",0,0,True,True,PASS,
4804,4805,train/fb159c22e0b94e4f00fab42d40efb584.jpg,2460,2488,7,False,True,False,True,"[3, 2488, 2460]",7,7,True,True,PASS,
4805,4806,train/fb16b22a22ab5aa31e8de22118a8183c.jpg,2872,2812,8,False,True,False,True,"[3, 2812, 2872]",8,8,True,True,PASS,
4806,4807,train/fb2b28e4c2d24f22d4f67804eef69ecf.jpg,2766,2975,17,False,True,False,True,"[3, 2975, 2766]",17,17,True,True,PASS,
4807,4808,train/fb31baa6cb3084cb283c11ee81c32f22.jpg,2687,3362,31,False,True,False,True,"[3, 3362, 2687]",31,31,True,True,PASS,
4808,4809,train/fb4db65bf21dfd88e154ab703136c69b.jpg,2144,2544,6,False,True,False,True,"[3, 2544, 2144]",6,6,True,True,PASS,
4809,4810,train/fb511731a1fc742451a090891ebaa0ce.jpg,2218,2623,5,False,True,False,True,"[3, 2623, 2218]",5,5,True,True,PASS,
4810,4811,train/fb60c3083ec018a8bc953b6af2d39151.jpg,2048,2500,4,False,True,False,True,"[3, 2500, 2048]",4,4,True,True,PASS,
4811,4812,train/fb65f00dc9ea6fe17670ad9564e41db5.jpg,2048,2500,7,False,True,False,True,"[3, 2500, 2048]",7,7,True,True,PASS,
4812,4813,train/fb8e11c6b2886b2d41b379e0598669b9.jpg,2304,2880,20,False,True,False,True,"[3, 2880, 2304]",20,20,True,True,PASS,
4813,4814,train/fb8f8632ea2bb7e136adee05a286105d.jpg,2048,2500,5,False,True,False,True,"[3, 2500, 2048]",5,5,True,True,PASS,
4814,4815,train/fb9212a34ae58d0a54a4880a80da1174.jpg,2304,2880,5,False,True,False,True,"[3, 2880, 2304]",5,5,True,True,PASS,
4815,4816,train/fb929e0efd696fe0f54902da5e7ec57a.jpg,2471,2680,15,False,True,False,True,"[3, 2680, 2471]",15,15,True,True,PASS,
4816,4817,train/fb986f9e81efde615e0364b35efdb377.jpg,2304,2880,26,False,True,False,True,"[3, 2880, 2304]",26,26,True,True,PASS,
4817,4818,train/fba40b4a066903eaccbf80e168617e69.jpg,2144,2136,7,False,True,False,True,"[3, 2136, 2144]",7,7,True,True,PASS,
4818,4819,train/fbace720f1e0ffcf06aa08e8b6e8131d.jpg,2307,2767,5,False,True,False,True,"[3, 2767, 2307]",5,5,True,True,PASS,
4819,4820,train/fbadbb00720fcc1385e05adaca2502e1.jpg,2848,3158,3,False,True,False,True,"[3, 3158, 2848]",3,3,True,True,PASS,
4820,4821,train/fbbc76c4db97f2f7caa7926655f13d32.jpg,2791,2954,15,False,True,False,True,"[3, 2954, 2791]",15,15,True,True,PASS,
4821,4822,train/fbc1bf59ac6832df4802bd8a473d26f4.jpg,3320,3408,3,False,True,False,True,"[3, 3408, 3320]",3,3,True,True,PASS,
4822,4823,train/fbd4d82ec1018ef94b0b4baf2589a6a2.jpg,2291,2528,6,False,True,False,True,"[3, 2528, 2291]",6,6,True,True,PASS,
4823,4824,train/fbd7d287fcf514d7c8c1d8b08eee47c6.jpg,2906,2954,4,False,True,False,True,"[3, 2954, 2906]",4,4,True,True,PASS,
4824,4825,train/fbda3ef47493765e3d705185bf5c9538.jpg,2452,3084,6,False,True,False,True,"[3, 3084, 2452]",6,6,True,True,PASS,
4825,4826,train/fbe11df20d8794421a72b14fdc3aa593.jpg,2304,2880,4,False,True,False,True,"[3, 2880, 2304]",4,4,True,True,PASS,
4826,4827,train/fbfa7706ae60ef2f3f18211269a8d2ac.jpg,2277,2050,13,False,True,False,True,"[3, 2050, 2277]",13,13,True,True,PASS,
4827,4828,train/fc206ae1d3ef8a63e90642dba9f75e4a.jpg,2024,2176,11,False,True,False,True,"[3, 2176, 2024]",11,11,True,True,PASS,
4828,4829,train/fc217b20fc08dbe61924444274fb1c92.jpg,2000,2352,6,False,True,False,True,"[3, 2352, 2000]",6,6,True,True,PASS,
4829,4830,train/fc24ad13f52fb8b4135f5a18a982a1cf.jpg,2304,2880,12,False,True,False,True,"[3, 2880, 2304]",12,12,True,True,PASS,
4830,4831,train/fc34c8cc6321cfc97ec35783a5daa937.jpg,2304,2880,15,False,True,False,True,"[3, 2880, 2304]",15,15,True,True,PASS,
4831,4832,train/fc40fa29a65f935b15a3763a83d11a15.jpg,2874,3287,3,False,True,False,True,"[3, 3287, 2874]",3,3,True,True,PASS,
4832,4833,train/fc4363ebce3a4aaa7c7d8c4796221c16.jpg,2048,2500,0,True,True,True,True,"[3, 2500, 2048]",0,0,True,True,PASS,
4833,4834,train/fc47195078badf33f2575c3f0db648ab.jpg,2304,2880,3,False,True,False,True,"[3, 2880, 2304]",3,3,True,True,PASS,
4834,4835,train/fc50039c45fdb6c9224bfff5ba4e64b3.jpg,2040,2336,24,False,True,False,True,"[3, 2336, 2040]",24,24,True,True,PASS,
4835,4836,train/fc63f0bc1c17a196a1985672fe91d660.jpg,2540,3072,0,True,True,True,True,"[3, 3072, 2540]",0,0,True,True,PASS,
4836,4837,train/fc7a5aa2e71f3a9cd2ee1a871303239e.jpg,3004,2604,6,False,True,False,True,"[3, 2604, 3004]",6,6,True,True,PASS,
4837,4838,train/fc7daec18e1ea6a01e908775052d3e7b.jpg,2708,3016,4,False,True,False,True,"[3, 3016, 2708]",4,4,True,True,PASS,
4838,4839,train/fc89fd328df2a724d19d1cb78fb97f3c.jpg,2088,2520,4,False,True,False,True,"[3, 2520, 2088]",4,4,True,True,PASS,
4839,4840,train/fc8c4737d8852af905ef96b5ca0daef9.jpg,1728,1944,6,False,True,False,True,"[3, 1944, 1728]",6,6,True,True,PASS,
4840,4841,train/fc9792581d7190c4b20c3e436e2d91bb.jpg,2504,2607,0,True,True,True,True,"[3, 2607, 2504]",0,0,True,True,PASS,
4841,4842,train/fc979a294242406c565414d75dd68f9f.jpg,2769,3298,9,False,True,False,True,"[3, 3298, 2769]",9,9,True,True,PASS,
4842,4843,train/fcbe95aa17720d5caa68e24f4f664040.jpg,2208,2688,3,False,True,False,True,"[3, 2688, 2208]",3,3,True,True,PASS,
4843,4844,train/fce81c9b7b2d0f705e8c3a19d6197784.jpg,2540,3072,3,False,True,False,True,"[3, 3072, 2540]",3,3,True,True,PASS,
4844,4845,train/fcf343f7991ed6cddae630502922296e.jpg,3072,3072,3,False,True,False,True,"[3, 3072, 3072]",3,3,True,True,PASS,
4845,4846,train/fcf451b16c4dd6fe2f066ad3d471cbdd.jpg,1984,2008,5,False,True,False,True,"[3, 2008, 1984]",5,5,True,True,PASS,
4846,4847,train/fd0101d5a41b3c0a8743502692690bdb.jpg,1994,2430,0,True,True,True,True,"[3, 2430, 1994]",0,0,True,True,PASS,
4847,4848,train/fd079817727211a09fd6b0415463f23d.jpg,2843,3000,4,False,True,False,True,"[3, 3000, 2843]",4,4,True,True,PASS,
4848,4849,train/fd1bd078f5f30ad02ed984c94077bbdb.jpg,2304,2880,15,False,True,False,True,"[3, 2880, 2304]",15,15,True,True,PASS,
4849,4850,train/fd23b01b59784498154c9ee6b60dab4a.jpg,2304,2880,7,False,True,False,True,"[3, 2880, 2304]",7,7,True,True,PASS,
4850,4851,train/fd277568d5778bed67a80aabd4c2e297.jpg,3054,3051,7,False,True,False,True,"[3, 3051, 3054]",7,7,True,True,PASS,
4851,4852,train/fd2892a3069f461f8a47e714b9b7f755.jpg,3072,3072,0,True,True,True,True,"[3, 3072, 3072]",0,0,True,True,PASS,
4852,4853,train/fd6d801a9b661fd0abe97e5c37567c2b.jpg,2541,2640,9,False,True,False,True,"[3, 2640, 2541]",9,9,True,True,PASS,
4853,4854,train/fd709b976ae14089b17bea48208573d8.jpg,2304,2880,14,False,True,False,True,"[3, 2880, 2304]",14,14,True,True,PASS,
4854,4855,train/fd80612e19d0c248b8477125cba4a350.jpg,2304,2880,4,False,True,False,True,"[3, 2880, 2304]",4,4,True,True,PASS,
4855,4856,train/fd810298e165ef0b9a88bb25fda7a34b.jpg,3165,3149,13,False,True,False,True,"[3, 3149, 3165]",13,13,True,True,PASS,
4856,4857,train/fd984c0e930169a20e6a2d02e1dab204.jpg,2304,2880,5,False,True,False,True,"[3, 2880, 2304]",5,5,True,True,PASS,
4857,4858,train/fda13aa356913d7c5530897288978420.jpg,2540,3072,11,False,True,False,True,"[3, 3072, 2540]",11,11,True,True,PASS,
4858,4859,train/fda942e02952bbbe30fb7525fdf408ea.jpg,2304,2880,6,False,True,False,True,"[3, 2880, 2304]",6,6,True,True,PASS,
4859,4860,train/fdbf6600541e76b3b009a11cae0f91c3.jpg,2456,2652,7,False,True,False,True,"[3, 2652, 2456]",7,7,True,True,PASS,
4860,4861,train/fdc0e4eaee26a9dd7bec404df5428612.jpg,2520,3032,0,True,True,True,True,"[3, 3032, 2520]",0,0,True,True,PASS,
4861,4862,train/fdcbaf21dccc1202812b5233b960de0b.jpg,2540,3072,9,False,True,False,True,"[3, 3072, 2540]",9,9,True,True,PASS,
4862,4863,train/fdcdbc6befee8ab9553039895835bad8.jpg,2940,3000,9,False,True,False,True,"[3, 3000, 2940]",9,9,True,True,PASS,
4863,4864,train/fdd323a08a8d9890c938351d465108b6.jpg,3056,2972,13,False,True,False,True,"[3, 2972, 3056]",13,13,True,True,PASS,
4864,4865,train/fdd529400be877bedaf4f2df9176cedf.jpg,2304,2880,10,False,True,False,True,"[3, 2880, 2304]",10,10,True,True,PASS,
4865,4866,train/fdf40431c67d1e10a8d9ff3c0060b1fa.jpg,3072,3072,3,False,True,False,True,"[3, 3072, 3072]",3,3,True,True,PASS,
4866,4867,train/fe48b59fe20a779d3a6a32d7a22e4b8b.jpg,3000,3000,5,False,True,False,True,"[3, 3000, 3000]",5,5,True,True,PASS,
4867,4868,train/fe620114981e611e4e92f017dafc254f.jpg,2992,3244,8,False,True,False,True,"[3, 3244, 2992]",8,8,True,True,PASS,
4868,4869,train/fe712042bd989a581a931a300fee1203.jpg,2672,3185,3,False,True,False,True,"[3, 3185, 2672]",3,3,True,True,PASS,
4869,4870,train/fe8d72ce0411fb11e5b254e149634fad.jpg,3072,3072,4,False,True,False,True,"[3, 3072, 3072]",4,4,True,True,PASS,
4870,4871,train/fe90142bc4523ef5e2413ba94415e037.jpg,2838,3217,17,False,True,False,True,"[3, 3217, 2838]",17,17,True,True,PASS,
4871,4872,train/fe9ae553a2fa76cba207ebd4b9b0cddb.jpg,2511,2687,12,False,True,False,True,"[3, 2687, 2511]",12,12,True,True,PASS,
4872,4873,train/fe9e2c89c75a48f88d5d7274ff939b31.jpg,2304,2880,14,False,True,False,True,"[3, 2880, 2304]",14,14,True,True,PASS,
4873,4874,train/feb24760f15f661154ccc371571ceb4b.jpg,2257,2725,7,False,True,False,True,"[3, 2725, 2257]",7,7,True,True,PASS,
4874,4875,train/fec797e0e4b2eff050372800790c01e8.jpg,2048,2500,7,False,True,False,True,"[3, 2500, 2048]",7,7,True,True,PASS,
4875,4876,train/fee46e386a84e134836e01d0b9a38154.jpg,2540,3072,6,False,True,False,True,"[3, 3072, 2540]",6,6,True,True,PASS,
4876,4877,train/fee7f5490aee6eb6626adb30d2509868.jpg,2540,3072,4,False,True,False,True,"[3, 3072, 2540]",4,4,True,True,PASS,
4877,4878,train/fef3e36fbec340a6ef785936fb8859c6.jpg,2902,3179,7,False,True,False,True,"[3, 3179, 2902]",7,7,True,True,PASS,
4878,4879,train/ff00fd8abeb1fb6646fc3943f802cb8d.jpg,3072,3072,3,False,True,False,True,"[3, 3072, 3072]",3,3,True,True,PASS,
4879,4880,train/ff0191df898268978f2c29231450fd66.jpg,3072,3072,5,False,True,False,True,"[3, 3072, 3072]",5,5,True,True,PASS,
4880,4881,train/ff0b6f6423f910a910be0c5729424e58.jpg,1896,2280,4,False,True,False,True,"[3, 2280, 1896]",4,4,True,True,PASS,
4881,4882,train/ff177d5fef1586b58fc89b1bf9cc5095.jpg,1994,2430,0,True,True,True,True,"[3, 2430, 1994]",0,0,True,True,PASS,
4882,4883,train/ff2659c5a80afab12bf10c8644341a2b.jpg,2304,2880,7,False,True,False,True,"[3, 2880, 2304]",7,7,True,True,PASS,
4883,4884,train/ff335f1c7745c6184a5732cc5a01092d.jpg,2540,3072,5,False,True,False,True,"[3, 3072, 2540]",5,5,True,True,PASS,
4884,4885,train/ff45df5e7c2a2724c532d13eba7cde2f.jpg,2684,2924,7,False,True,False,True,"[3, 2924, 2684]",7,7,True,True,PASS,
4885,4886,train/ff4cd09578f32d803e5996a4a2ec29b2.jpg,2380,3031,6,False,True,False,True,"[3, 3031, 2380]",6,6,True,True,PASS,
4886,4887,train/ff60d1425ffd67d12aa61e3eb3b45040.jpg,1904,2272,15,False,True,False,True,"[3, 2272, 1904]",15,15,True,True,PASS,
4887,4888,train/ff612a13f0bf475515259b986735c4e4.jpg,2336,2836,0,True,True,True,True,"[3, 2836, 2336]",0,0,True,True,PASS,
4888,4889,train/ff6b2b10b8f2350ab09d8690c9c83154.jpg,2040,2056,4,False,True,False,True,"[3, 2056, 2040]",4,4,True,True,PASS,
4889,4890,train/ff924bcbd38f123aec723aa7040d7e43.jpg,2208,2688,23,False,True,False,True,"[3, 2688, 2208]",23,23,True,True,PASS,
4890,4891,train/ffb5d0b005261ed350f7a08c06613a34.jpg,2304,2880,6,False,True,False,True,"[3, 2880, 2304]",6,6,True,True,PASS,
4891,4892,train/ffceb71a80efba3b83c88e11f4b9694b.jpg,2109,2344,5,False,True,False,True,"[3, 2344, 2109]",5,5,True,True,PASS,
4892,4893,train/ffe6f9fe648a7ec29a50feb92d6c15a4.jpg,2685,2857,5,False,True,False,True,"[3, 2857, 2685]",5,5,True,True,PASS,
4893,4894,train/ffeffc54594debf3716d6fcd2402a99f.jpg,2464,2944,3,False,True,False,True,"[3, 2944, 2464]",3,3,True,True,PASS,
