image_id,n_radiologists,rad_ids
0005e8e3701dfb1dd93d53e2ff537b6e,3,R10;R8;R9
0007d316f756b3fa0baea2ff514ce945,3,R10;R8;R9
000d68e42b71d3eac10ccc077aba07c1,3,R10;R8;R9
00150343289f317a0ad5629d5b7d9ef9,3,R10;R8;R9
001d127bad87592efe45a5c7678f8b8d,3,R10;R8;R9
00291f7aff0123ea76a59998effef229,3,R10;R8;R9
0046f681f078851293c4e710c4466058,3,R10;R8;R9
004d2bc2111d639f5e8441ced52d55cb,3,R6;R8;R9
0061cf6d35e253b6e7f03940592cc35e,3,R10;R8;R9
00675cd546313f912cadd4ad54415d69,3,R10;R8;R9
008b3176a7248a0a189b5731ac8d2e95,3,R10;R8;R9
009d4c31ebf87e51c5c8c160a4bd8006,3,R10;R8;R9
009d837e29ba400e03856cf8d6a5b545,3,R10;R8;R9
00a9f697d85a506d5b281f588addce4e,3,R3;R5;R7
00aca42a24e4ea6066cca2546150c36e,3,R10;R8;R9
00bcb82818ea83d6a86df241762cd7d0,3,R10;R8;R9
00e25f831ccd21bd41b558cfccbf1be7,3,R1;R4;R5
00f2f97f74e086e1f82acc285ee4a5c5,3,R10;R8;R9
010018c93ed33ae56ed048ee54867e46,3,R10;R8;R9
0108949daa13dc94634a7d650a05c0bb,3,R10;R8;R9
010a3dbb67bc37800a041866844861b1,3,R10;R8;R9
011244ab511b20130d846f5f8f0c3866,3,R10;R8;R9
0114c5cd093c742334d5a5fa14140421,3,R10;R8;R9
011ae9520e81f1efe71c9d954ec07d09,3,R10;R8;R9
013893a5fa90241c65c3efcdbdd2cec1,3,R10;R8;R9
014e3dd712dc90f61da7ce8747d8c4c0,3,R10;R8;R9
01546d3e6175ceaabd7d92f0c566579d,3,R10;R8;R9
01570ee44031e4ebab6031501293bf66,3,R10;R8;R9
015d74d7d2667a9b93b8909283af38c8,3,R1;R16;R5
015e332b702e4829710941ab7265bd1d,3,R10;R8;R9
0162dad8330007f8f0daf43bcf4033f1,3,R10;R8;R9
0187da5fd71c7a2917346bf12a67bbe4,3,R10;R8;R9
01892129d76aaa1f59d4b22df8a14c0b,3,R14;R4;R7
018a2fe44c3451281ec338c27ecc9c53,3,R10;R8;R9
018b348fd699821cdbc5bdc0b329982c,3,R11;R14;R17
018ef9c5d5b20c5161a5c48703171c3b,3,R10;R8;R9
01a3c3d994d85ce5634d2d13c03fd4b0,3,R10;R8;R9
01afcfaabc406f0fe1797cb7fa6616c6,3,R10;R8;R9
01b0510a8d3b0860429536653db5eb21,3,R10;R8;R9
01c2b9fcb0384c84648ed76c736552a8,3,R10;R8;R9
01cbbeab94b4d2bfd5cd8a467fee46a7,3,R10;R8;R9
01d6446afde9fbf4332904bc331e9660,3,R10;R8;R9
01ee6e560f083255a630c41bba779405,3,R10;R8;R9
01f88c998eea22d21ee144bc3edfd261,3,R10;R8;R9
01fec681f2d698497151a88d6c5205a1,3,R10;R8;R9
020717d6ab0b440b37978d9bace9f9b2,3,R10;R8;R9
0211f9fe31142ba1e25fb6a2ea3fea38,3,R10;R8;R9
021ed4f8af985c0fc68335abb2cf2ed7,3,R10;R8;R9
02222df826791117f315ecb2b58c5b69,3,R10;R8;R9
023a8b8557d1fd59f272c63be6f3d4c0,3,R10;R8;R9
024f9140bd829c346fc91fcf4009d251,3,R10;R8;R9
025534801b62d61f1c1c9e571ea74695,3,R10;R8;R9
02562eb68a9c682f5f644fa7a099733f,3,R10;R8;R9
02617da0a33fe0446a508186417c2646,3,R10;R8;R9
027c56d37095bcc595ddd429f96902ae,3,R10;R8;R9
028fcc44d3104099480e897541a1ecc3,3,R10;R8;R9
02957c14fee52ac6d0617e6d86275a25,3,R10;R8;R9
02a4774868d677ef8ecff2168c0161c0,3,R10;R8;R9
02acf0e7d0932f9c6a06fd4bbe1f5d90,3,R10;R8;R9
02cbfa27d9e4b1d8c279932cd82e0730,3,R10;R11;R16
02cd1d17763c869ff3d4af5e28539456,3,R10;R8;R9
02d9d0c89022adc381c23e72add7c389,3,R10;R8;R9
02de1ec3340e75fd5e7294a84a0342a1,3,R10;R8;R9
02efc4e2e6e71e024fbfecb404a008a4,3,R10;R8;R9
02fe3eea41166a1d3eb75307a12c4a63,3,R10;R8;R9
032111ac5bb2e0cbb9a22745a77eef8f,3,R10;R8;R9
0339aac16e3dd93ee397315a224147a6,3,R10;R8;R9
033dae57cec0aca171d47090f299bed2,3,R10;R8;R9
033e1637bed9b9f3dccac9c6c419adc2,3,R10;R8;R9
03431b577d1ccf075e930c4c4913c079,3,R10;R8;R9
034cf2b503a9a7efe404f000fb988534,3,R10;R8;R9
035480fbf46e946e21e7dce78637c329,3,R10;R8;R9
035b53e8aabf8763537a296c291135d1,3,R11;R14;R17
036161ca6aa4daa43cc3bc55602e8960,3,R12;R16;R17
036b9096b099f0f6c5611da078f73e43,3,R10;R8;R9
03810755ae5721d65884360e3bccbf9b,3,R10;R8;R9
038a7c88fcd819549f430c1fd907658c,3,R10;R8;R9
038fc325ff4aa0a21c76d5dd7c740c89,3,R10;R8;R9
0391d2388a2442f14d055d5089a747c6,3,R10;R8;R9
039c6997248b3a6ba3c909af35fce0eb,3,R10;R8;R9
03a6078c0c12fb076b50ae017e590e19,3,R10;R8;R9
03cd593a310656563a5aa3886ff30380,3,R10;R8;R9
03dd99aa091caee7b0ce8efdf7f274d5,3,R10;R8;R9
03e6ecfa6f6fb33dfeac6ca4f9b459c9,3,R10;R8;R9
03f0bf0a7403c050a7ce574f98fd8ab6,3,R10;R8;R9
04031e57794b9e8861e3c65e935f11d2,3,R10;R8;R9
041081d11262c5f150e655f5e5ff0a2c,3,R11;R12;R14
041664dfb960a15686d7e9c4c7b4fd73,3,R2;R4;R6
041762ff7fe435f22ea7541e77bfeafa,3,R10;R8;R9
0424e80c4f0cae6ea9e65efeed75d5d0,3,R17;R3;R4
044c53b3fd48fc029318fbcee70ae0d1,3,R10;R8;R9
0452d38f45e4e79f91821e88bb812608,3,R10;R8;R9
0453de2faeb8d349af739a68d9dee1cb,3,R10;R8;R9
0464251a01ee7eeedd2a537dafc82844,3,R10;R8;R9
046ad82db74a4155eaff3586b0d1e068,3,R10;R8;R9
047182a6e86808669f896307dcd550c7,3,R10;R8;R9
0491b08361fdfb9359cad9d6a078f275,3,R10;R8;R9
04923676c5e29c25966fbd07fa12e2e8,3,R10;R8;R9
04994993c9e416f32ce24c7e7501d3be,3,R10;R8;R9
04aed38b30c4de9461c8a9940e99d811,3,R10;R8;R9
04bb8bd7ee6f88a16623fe5c6dd4da91,3,R10;R8;R9
04d1f1f8f52b15520f5895be87884fbd,3,R10;R8;R9
04d3efc7a608c4d58edb8c1b7f90a708,3,R10;R8;R9
04d462de5e02b54e3756875caebda95c,3,R10;R8;R9
04e78baf5f049a01b6b4f9a14f0b7c78,3,R11;R15;R16
04fbba5834f2abd713e66b3d0e6a678e,3,R10;R8;R9
0501d62912b9a6ff04eae4ffc56affc2,3,R10;R8;R9
0508d7ea85ba9be425657cc04c24a4f8,3,R10;R8;R9
051132a778e61a86eb147c7c6f564dfe,3,R10;R8;R9
05154c0bdf203a2bd583d95532d0297d,3,R10;R8;R9
051c2436c0acdb5e09d085c7e4a764f3,3,R10;R8;R9
051d112b55e4c9f9dfa53307cc2ffb62,3,R10;R8;R9
052cf8f6cb59da96df7386adf8d5f6a0,3,R10;R8;R9
053700069ddf3c4f1f6c477a48337836,3,R10;R8;R9
053cf0f0a75926ebd53f0265bad6aee4,3,R10;R8;R9
055ea315ae13148aae178aed27fa980d,3,R10;R8;R9
05721adb43ab7c061733568b274c006b,3,R10;R8;R9
059412ad34b2c48179f178e3138b5022,3,R10;R8;R9
059ec0fc0d6840cff6e268e46f85faa0,3,R13;R14;R15
05c0c802db4f100de8e2a9fa4aa62d14,3,R10;R8;R9
05d45c0a96b2c363f8b9a34a1f181c58,3,R10;R8;R9
05d676834dbed1639cb5eea70c1e307b,3,R10;R8;R9
05dfd35f424da60897dfafc2340e0891,3,R10;R8;R9
05e0b2465053b685ca37849eac3dd62f,3,R10;R8;R9
05e64c5b1e5f246ae6e8bc109e557bf4,3,R10;R8;R9
05f202ee95a17a4b1e6dbe1916ffe8bf,3,R10;R8;R9
05f4911da872a51502a16e8807ee673f,3,R10;R8;R9
06014542a807dabcf30867a2414b5e83,3,R10;R8;R9
0608fb82e9965a0a6f3607f93e304d2a,3,R10;R8;R9
061fa33f6ba0028fbbad8caaeac8d145,3,R10;R8;R9
0622cd29e4e0e4f198abf15614819ae8,3,R10;R8;R9
063319de25ce7edb9b1c6b8881290140,3,R10;R8;R9
064023f1ff95962a1eee46b9f05f7309,3,R10;R8;R9
0686521b0b8cf9426f253601b805fb52,3,R11;R15;R16
0690821a2e255ce175bfa7f36e308f63,3,R10;R8;R9
0697473448bb5e83ac926fe92271e7d8,3,R10;R8;R9
06b04918044786c36584a86273d72747,3,R13;R14;R16
06b2ff94bd0270f543deb7074c2a006a,3,R10;R8;R9
06dfb2b996464c7b0e4c5177d433edbe,3,R10;R8;R9
06e523e21ac668629092e85928b176a3,3,R10;R8;R9
06efcd37617307118fd48b3a493c133b,3,R12;R13;R16
06f3c1a8441d61da08aac07558ab5f05,3,R10;R8;R9
070d087c1badb18ee110e19cbe158a40,3,R10;R8;R9
070d372757bfbb0cee7d68fd50369fc4,3,R10;R8;R9
0710fe2b90ee68e54b84e795abb018df,3,R10;R8;R9
0712b4f7b21e2a06eacece3cf35e3059,3,R10;R8;R9
071ff9c782ead87dfa9b1c025c25e769,3,R10;R8;R9
074db6a4ab3aebd54fa0f628eb0e9b0e,3,R10;R8;R9
0760a14308badcbd370c6866c9db3a0a,3,R10;R8;R9
0777120fdd60f6a3cf8eaf3b8cf3585a,3,R10;R8;R9
077c76dffde69c0b90c28d78ef2ac31e,3,R10;R8;R9
0797fa5e2725c9b801e6d01cfa9a09da,3,R10;R8;R9
07ab6d47d868962851d22d4d1249593d,3,R10;R8;R9
07ac9545dcc585901865f7f958a7857d,3,R10;R8;R9
07bedc010fd13a8e5903473ebcf39cd1,3,R10;R8;R9
07c12d0f562f17579aabc18c11e2ad54,3,R10;R8;R9
07d004fabfd7246f9ed4283dd5237deb,3,R10;R8;R9
07d82e7e5749cbc21633134f489a7fbf,3,R10;R8;R9
07db76e6cc063ce8bb90de18216e8ccf,3,R10;R8;R9
07e5378ad3928091c08dded1f6b5353d,3,R1;R17;R2
081d1700020b6bf0099f1e4d8aeec0f3,3,R10;R8;R9
083a89dfc9a74a3f809035f886634ee2,3,R10;R8;R9
0844f274f2a388e70231d3133754ac35,3,R10;R8;R9
0853ab3a3dbadae1e6f28b933ddff809,3,R10;R8;R9
08726b7ba2f04a33ff1b878b75498776,3,R10;R8;R9
088006f2453c4183b1ef46fb607bc31c,3,R10;R8;R9
088d83359d1a00ba24251220ace42edc,3,R10;R8;R9
089a1c26766c10e2d8c4cdb86ed769dc,3,R10;R4;R8
08ce56202e44175674fc5f5517e74db4,3,R10;R8;R9
08e3d3783927a15d35137c756c1a7e0b,3,R10;R8;R9
0905c0dc82fb8fe621c43f53719a55ca,3,R10;R8;R9
0906a09b04f8d82c2cad5b820602a403,3,R10;R8;R9
090b30ca55ab2a592cd3b24c9407a2bf,3,R10;R8;R9
09175449df9374e0f6afe517f7b6249f,3,R10;R8;R9
091ce012ed7cb036288d2abdb32504c2,3,R10;R8;R9
09376dd7b6deaec0aaf1a2feb7833245,3,R10;R8;R9
095c13d937c0dd9f547035344ba6c6c4,3,R10;R8;R9
096688dacee6b1a1a5660ad15024a6f9,3,R10;R8;R9
09790cae0f405ce0fe4b003dadfc18c7,3,R10;R8;R9
097c63f9c6d46cfe5bd4937f277fbdbd,3,R10;R8;R9
098d7923f09b8f6f163143ad97dacc12,3,R10;R8;R9
09afc85ef67340016e0c8a1c70163769,3,R10;R8;R9
09b85abab0d2b7f151815538100717b2,3,R10;R8;R9
09b9674023305cb9a0acb367600efffa,3,R10;R8;R9
09c9887c189f99704b452f193a40eaf7,3,R10;R8;R9
09d6b99ffec66ae485de851924187bfe,3,R10;R8;R9
09df460412ce705d0f634436f518f46d,3,R10;R8;R9
09ebaedff630f8fa4d5d752f0beb34f2,3,R10;R2;R7
09ee91a2120006e587d2e63c7bf0230f,3,R10;R8;R9
09f0b00bd079304f72c079d369925aee,3,R10;R8;R9
09f9a62fceffacc4d062a7fe24a626b8,3,R10;R8;R9
09fca09845746d28dcda4981a8632bd7,3,R10;R8;R9
0a072917005494298d153c01bbd8f689,3,R10;R8;R9
0a0ac65c40a9ac441651e4bfbde03c4e,3,R10;R8;R9
0a114862f10f4021fa7fd916b93aea94,3,R10;R8;R9
0a14aeaf02d42990d8bb5d55270b7274,3,R10;R8;R9
0a16dc6491142ff8c7c36f3b3f4ebd02,3,R11;R13;R14
0a1aef5326b7b24378c6692f7a454e52,3,R10;R8;R9
0a2d01ecb9e01cf972c1e1d31ccacb98,3,R10;R8;R9
0a411e44ec67f3d5d80a5b3d5a3edca3,3,R10;R8;R9
0a425edf1164ad0a73e8b092c4cc8b3b,3,R10;R8;R9
0a475ad0b37bba0c638bbbe2ee5d355d,3,R10;R8;R9
0a4fbc9ade84a7abd1680eb8ba031a9d,3,R12;R13;R14
0a50d4ee79163edbf6f2d5c3082c2f51,3,R10;R8;R9
0a61578e3d77b1cebc86d13a41efa31b,3,R10;R8;R9
0a678538e529b9f1089c47bb2ffcda9b,3,R10;R8;R9
0a695a94168b32705b91779586c6b2e7,3,R13;R4;R6
0a9909b1cd924cd593151ba2d3d3dd55,3,R10;R8;R9
0aa05f2d84af7e6e733730afa17eac2d,3,R10;R8;R9
0aad4ac2ea24742e3f9de3d29fae6d95,3,R10;R8;R9
0abd4fc2425edd5c2efb2c149e9319c6,3,R10;R8;R9
0ac383fcdc6f1957b3ecceaf0acec909,3,R10;R8;R9
0ad98c531de3616cc63a92d6cf871494,3,R14;R15;R17
0b0e106a53f9dc3b28a9b15f94510b7a,3,R10;R8;R9
0b1b897b1e1e170f1b5fd7aeff553afa,3,R10;R8;R9
0b22826cc68b8d3177c5be2f4e1ae720,3,R10;R8;R9
0b36cce0b170c34b8c11fd15b42324b2,3,R1;R14;R2
0b3f09a003f9cbc1e8c54f230be2ba2d,3,R10;R8;R9
0b4c3cb187f7582fa482b8f0fded6bd7,3,R10;R8;R9
0b5213c456c26b48ca011b9865c4e6ce,3,R10;R8;R9
0b6006be69ea1764f9bf80e5091b1e8e,3,R10;R8;R9
0b62bc6644be72ce4dfa5ea77a77f311,3,R10;R8;R9
0b630100496870b457008b0f7dae1ea5,3,R10;R8;R9
0b7995c5e532803dc1bd077eaa4d2a01,3,R10;R8;R9
0b98b21145a9425bf3eeea4b0de425e7,3,R10;R8;R9
0bb76fb5f7cfb1dd4c3760f7481a1d05,3,R10;R8;R9
0bdf902cc4ac4ad2c49059960f572ab2,3,R13;R14;R15
0be2bdac4e84982ad1b24830d2cce470,3,R10;R8;R9
0be45114544283beb4f6d371f946e889,3,R10;R8;R9
0bed7f179df709d35aef763544ebfebf,3,R10;R8;R9
0bee0cde729de2d82b39527c37f11934,3,R10;R8;R9
0bef06d948ac1fe20ade505ba9960885,3,R10;R8;R9
0bffe44ef7636e7b4a7b9fd883e8e6ea,3,R10;R8;R9
0c0e47b7e0ebd10209a81d01e3c889a6,3,R10;R8;R9
0c11bc2eb3de5bd737ae186aea0d0306,3,R10;R8;R9
0c2079e62ddfb06a8a5300cefaa3a970,3,R10;R8;R9
0c25b330d5b20498108b343c644f2a1c,3,R10;R8;R9
0c31081e8ada2990bcbef0f12ea60b07,3,R10;R8;R9
0c4a6bc602d1d207f217212c68a7131b,3,R10;R15;R8
0c577dc6594dab44ebbd6964de673eaa,3,R10;R8;R9
0c5ef740a9befbf439439f0b8e652a0c,3,R10;R8;R9
0c5ff01c7bfb4362fcd98f36e555b08c,3,R10;R8;R9
0c684171749ce2c0c601b9d69b882edb,3,R13;R15;R17
0c6a7e3c733bd4f4d89443ca16615fc6,3,R10;R8;R9
0c76c19b3f015e0387dd2adcbef86182,3,R10;R8;R9
0c7a38f293d5f5e4846aa4ca6db4daf1,3,R15;R16;R17
0c7d2e66dd63fca8b98c38146ba96f6c,3,R10;R8;R9
0c8447ce02d73c505a90a9c7af8c83ce,3,R10;R8;R9
0ca39409412cb8e473da701a1418e4dc,3,R10;R8;R9
0ca7c951e2298b9aad37ae0deb4d2a92,3,R10;R8;R9
0cb91b8fe14a6d51725371b1956750a0,3,R10;R8;R9
0cd291c189895fbdcc14f4d36e1abc81,3,R16;R5;R6
0ce7d050a48ce1462cabcd2310e9fb1e,3,R10;R8;R9
0cf83a19a8281e4a281dece9854008ac,3,R10;R8;R9
0cf8dd905fb4f2f876eb241bf67add40,3,R10;R8;R9
0cfae3f740f87ca3b96dec765d06fad0,3,R10;R8;R9
0d03df2e9ed557d0c9edcec777056c1f,3,R10;R8;R9
0d0a7a1b8c1495d66ac9c427a36d9f6f,3,R10;R8;R9
0d0e4dbe84356f8ec4a4ff7616b4850f,3,R10;R3;R8
0d266f5353352d86d3c092da96dc67f5,3,R10;R8;R9
0d26f6ebf87258f502f8fba529fe3079,3,R10;R8;R9
0d30dc1e0070e7a934f39452e3ad3b83,3,R10;R8;R9
0d3b1464574b7db3d664dc0aa0b66549,3,R12;R14;R16
0d5597f8b17330d498fc5e13893e3081,3,R10;R8;R9
0d6231a3ed3eefc3ba60353b9ad00816,3,R10;R8;R9
0d94045f9e16f077bc6bbdea9f6c561b,3,R10;R8;R9
0d96a4bffbd85c60c4eec095f4c6d34b,3,R10;R8;R9
0da97c2c8c5192e678faf9290f25d5c0,3,R10;R8;R9
0dbdb924a9140849abd4ff650c5356da,3,R12;R13;R15
0dc30d30a14a6a68c9bec20ee32331c2,3,R10;R8;R9
0dc7b1615100b4f5d3ae294bae0d5d43,3,R10;R8;R9
0df187b5072103a0919c1a34be03e7ed,3,R10;R8;R9
0e093fa90e5be5666cd396d722cc84ac,3,R10;R8;R9
0e1cfc5b78d1a67bd41974ea2be8bc4c,3,R10;R8;R9
0e21abbef40e569be72ab0ad90544f87,3,R10;R8;R9
0e5734a5483002be04b734d7c88058be,3,R10;R8;R9
0e6af94d17007c94d858b3bb7adb7dac,3,R10;R8;R9
0e6da52d629393b3bcf24d8e99c1ea3f,3,R10;R8;R9
0e8291c45a5ef61d2d9ecfcf3224899d,3,R10;R8;R9
0e87195ff59d4294d61b8bffddb3c03c,3,R10;R8;R9
0e88612bd294e249382b9e64d222cdf4,3,R10;R8;R9
0e8b19dc3af06aaed4718cd664a896bf,3,R10;R8;R9
0e8d3736396b615c0798033f37e4a481,3,R10;R8;R9
0e91263f0b1925ff01d5ebde3ce65e1a,3,R10;R8;R9
0ea0bf774e0436aec7d1a1e62074c9cd,3,R10;R8;R9
0ea4221d568ab487af7c433a3df6307e,3,R10;R8;R9
0eac4cf8618d5e582c336217d0291f25,3,R10;R8;R9
0ec4947d689af2a94cc913b312368279,3,R11;R12;R16
0ecc5a44cb8163dedbdf8d9049e92344,3,R10;R8;R9
0ed4c066492aaa2e6f1772b84417e20f,3,R10;R8;R9
0ee6114a53757f4531d42e8b19b4751c,3,R10;R8;R9
0f186e3eba8d9ebd51feed957204ddbf,3,R10;R8;R9
0f1eba57237922d0f9ec0dee62793435,3,R10;R8;R9
0f26e889539ff64afd23927ee40436b8,3,R10;R8;R9
0f27846dfa86e51c27db5fe4ea5a52ad,3,R10;R8;R9
0f389422bffe0f96dc3da175550e0c5b,3,R10;R8;R9
0f45742c4d100eeee221f8853d79c9d4,3,R10;R8;R9
0f4fd2b86df83111f83444ee90edbea1,3,R10;R8;R9
0f5f23a027345ba0f0a63f1eca460b0c,3,R10;R8;R9
0f76d35a022a7188cad9a83e283fdc8f,3,R10;R8;R9
0f81902a673f0d826b55ea9dc9da297b,3,R10;R8;R9
0f8a78e1090c840b4455772fe92d7586,3,R2;R5;R7
0fafbbfb67745f8c29351f9f7263b82f,3,R10;R8;R9
0fb6d9a425117670ba7c249b35523434,3,R14;R3;R4
0fca086ebe001f784d428aa9973ba691,3,R10;R8;R9
0fd981034f74251d4a5d72891940d585,3,R10;R8;R9
0ffa24230f7064bcdb313507dce02ae3,3,R10;R8;R9
101d984c4172312c93efdd42e37e203b,3,R10;R8;R9
101f2420808891cab10b4b2f0c1d2875,3,R10;R8;R9
103fb193578933a2d53ae31ff0fc3319,3,R10;R8;R9
104b915269077619e2b3bbf641506327,3,R10;R8;R9
105c3102661ee24684dc180a32dc7119,3,R10;R8;R9
1060e455b64eea9e29ca4a3e05b47557,3,R10;R8;R9
1066a058b5bae597f2dbb33780c2577d,3,R10;R8;R9
106a3da41d2e3d9f508c09b28e8abdaf,3,R10;R8;R9
1070b419b62a9b7b1a8e71cd9504ffb8,3,R10;R8;R9
1071b3b85121012c5061894bf3b8704b,3,R10;R8;R9
107d7671377160a4a5d708849ed5d331,3,R13;R17;R8
1085585ceaf60941fd14db7ad3bb2f49,3,R10;R8;R9
10ab7eaa1ef08dea7a899cc893564838,3,R10;R8;R9
10e7dac260f11046164aa94f2d8add9f,3,R10;R8;R9
10e8248185760938d4cae1f0462af88a,3,R10;R8;R9
10f28558b1667b3d30d9e4c44f7a5bc6,3,R10;R8;R9
110cd42557499b2bcfe84732b281172c,3,R10;R8;R9
1125f1da5766f0392d45630133c7bed6,3,R10;R8;R9
112cf0367dd8b6aa14b4e384439d9eb7,3,R10;R8;R9
112db7d495906f3358852756a87a4bbf,3,R10;R8;R9
113274a4ca3c2e72b7ff1bd3ce5006b6,3,R10;R8;R9
1133414000e82176ab7852aeacc762eb,3,R10;R8;R9
1138649f25528f0ab76c93ac60279ca3,3,R10;R8;R9
1146548e94da58c6989a1a6408dfc886,3,R10;R8;R9
1148a27d6ea1ec7669de022fe2480890,3,R10;R8;R9
11570cdc6847610ab7ff58a076dad709,3,R10;R8;R9
116c19c289e285a60ab20cf72090c9fa,3,R10;R8;R9
11750f2005f2f50d592c5c5cc145fdfe,3,R10;R8;R9
117c218c2534e3d40a6ca0b3d724eb24,3,R10;R8;R9
119bc2dba30b0ba7995e189504126ed1,3,R10;R8;R9
11b3a0fe7f25bbe7643c60bcb14c35f5,3,R10;R8;R9
11b47878746ba8728eda0f9eed048639,3,R10;R5;R8
11cfa1a5b04bd1eaa319d08cdb308bb9,3,R10;R8;R9
11d5cd186965cfe8e615157e492e34bb,3,R10;R8;R9
11dbd33fc77075c94a202362ed8e197e,3,R10;R8;R9
11e41fba7056177c8654b7b7408a4ed3,3,R10;R8;R9
1224f07d895107573588225f692e94f9,3,R10;R8;R9
12268c1ea761140eafee75acabc44fb0,3,R10;R8;R9
12399d5b08e5342ade37a56b9c9e5ac5,3,R10;R8;R9
1245f853816564c0ee3f1b9e93521ff0,3,R10;R8;R9
124ec853c372fcf7f4428b26b32be62f,3,R10;R8;R9
1250c704cc9307bf84b43f1aca4d997b,3,R10;R8;R9
1254518b2893f58324e93f375cffbd6c,3,R10;R8;R9
1259ee6feb64a552e3521ddcb395888c,3,R10;R8;R9
126ae7336c7776a82bf3c15c0c6751c0,3,R10;R8;R9
12735a3e6ae44fe59babe2a618dbc450,3,R1;R4;R5
127f66766091998a72268caf4ec34bef,3,R10;R8;R9
1280dc55c1ff852024be232c2942e3fd,3,R10;R8;R9
1283d5ba97663aef3b97ee4f1884e9f9,3,R10;R8;R9
128f55a981d4192a2990946431a7469b,3,R10;R8;R9
1296335140a042ff0270825cdae2fa09,3,R10;R8;R9
129a1e7753432edd052a2cdbfbaee00e,3,R10;R8;R9
12bd4c85000b33c532fb9d57b5f2a08e,3,R10;R8;R9
12ccbda1f9c224e5d5496cd7fe3d26d7,3,R10;R8;R9
12d8de45e35e8b8c896109bfb46f8a82,3,R10;R8;R9
12e0e910766f2d1b1ccda7c32051643f,3,R10;R8;R9
12eb6f4552609edfddfc69189e7c891e,3,R10;R8;R9
12ede510c82b53705e33fa758ff03131,3,R10;R8;R9
1302aab3d9d19f6bcb9db728e3ce6306,3,R10;R8;R9
13088cbf40717bace59ef0961554c08f,3,R10;R8;R9
13183cb48b0aae02e88c3f45547d393a,3,R12;R13;R14
131adb006bb6b9dcc365b3e645f8a47e,3,R10;R8;R9
133a63179438173357f3c4a705c59c06,3,R10;R8;R9
133e82d124d799fedca8146107d2c5e7,3,R10;R8;R9
133ed9054828b0e75987e00217aef89d,3,R13;R15;R16
134cd4124bd1d75563cb47732742e331,3,R10;R8;R9
135101b508a998968ea963ebacd63ecb,3,R10;R8;R9
1374c483d258203eadf6c6a525899d51,3,R10;R8;R9
13776ecb39222a7aaace2d9721abebbe,3,R10;R8;R9
13ceff5f3d113919c224c8b42d3c2411,3,R10;R8;R9
13dbf07cb1c5273a89053346f7acf0f1,3,R10;R8;R9
13df80547c48fd7d14d22e9322f4a17d,3,R10;R8;R9
144b76b191aa1e02065903ee1cc3d578,3,R10;R8;R9
144d37bbd2dea37c4b1286207f4ba909,3,R10;R8;R9
144e272e04daf6ac8d36548ea766da37,3,R10;R8;R9
145177b578f321dbf3016984059384d7,3,R10;R8;R9
1451cd2c3fcfc23f5ae219814bb27e77,3,R10;R8;R9
145691883baff4df3e4863ca6354c44e,3,R10;R8;R9
145bbf5912e81c52ceac691693dfc716,3,R10;R8;R9
14600a97b1c302343b1b5850ed53ae13,3,R10;R8;R9
14629917f69e21145d1e662ef6c0dc2e,3,R10;R8;R9
146584f4913fd351785bf9159fd17617,3,R10;R8;R9
14742737297b34ac440a0338877663ac,3,R10;R8;R9
14783d2f57f9c689d827892bbe112cb8,3,R1;R3;R4
14877acfaf8e3b25d9f089e15887c20d,3,R1;R2;R7
14a097373f1e4e57878c3929fd2f3b4e,3,R10;R8;R9
14c5c3e0782fd77750815c5d2b565e72,3,R10;R8;R9
14f8770d112738119f0f31ee75e8fc41,3,R10;R8;R9
14fbd0bf63f33188f29e54275fb7cafb,3,R10;R8;R9
14fcb6bd9c455b96a9c5f1a7b1229001,3,R10;R8;R9
150cfe73d6dd162e02e1bc799a9d71e0,3,R10;R8;R9
150d9b226334d9f3471d088307cdc5fd,3,R10;R8;R9
1516651227a420f879b4cea1500ee7db,3,R10;R8;R9
151893dad65d5077f5a377fc9d0e6881,3,R10;R8;R9
151a8ce59aa6e414ee8a9c9d711cee61,3,R10;R8;R9
151aade5871241a6deb39da83b9d2c47,3,R10;R8;R9
152cc961492edc9e778b6c337f971258,3,R10;R8;R9
153da4dfa81a43cdf1176f7859a567e5,3,R10;R8;R9
153fd46b282d26c98f85a5886214535e,3,R10;R8;R9
1547a22e323240aa623eaa8dcf86d126,3,R10;R8;R9
156620bd19b7dee86079be71d26bd87e,3,R10;R8;R9
157f5f6e3b028ef503ff946b28afaa92,3,R10;R8;R9
159c46115f7d74337f83074f1b99114d,3,R10;R8;R9
15a12089e9c773cb200ee8959740e1b3,3,R10;R8;R9
15a71d5f1e9a0221e14cde0e0d1a2ccd,3,R10;R8;R9
15acee7728e6530dfa2bd01521c7148d,3,R10;R8;R9
15b164c54f0bf0baac308b47a45a1468,3,R10;R8;R9
15c3fc505c414c69ba757cb3be3ed213,3,R10;R8;R9
15edc6ae9aebe34220472aa7fcf34b08,3,R11;R12;R15
15f016248709de49e2b725bda5cdd787,3,R13;R15;R16
15f023463d88b8f8bc852a9a7b72e6e3,3,R10;R8;R9
16041095041e6b5afb13e8da17bf45b4,3,R10;R8;R9
1606093b9d036cda7e30316ada6ea2cf,3,R10;R8;R9
161166af30d6753f31cffc4d28a6f31d,3,R10;R8;R9
16241940f17e8c7aae3e6236b25a7c84,3,R10;R8;R9
1625249b80df13df89d06b2c30877a1e,3,R14;R15;R16
163898fbc57f00f58ad27e72031a541f,3,R10;R8;R9
16565752b931dfbec4b042b26786401a,3,R10;R8;R9
1659dcad9ea4f12c3c91b5702e800669,3,R10;R8;R9
167a1190bb99a8d01efdd75802745376,3,R10;R8;R9
1688c69504b9fd2179225d4b03e677c0,3,R10;R6;R8
168ff8ed5a696e2b1270b6449a996cd5,3,R10;R8;R9
1691ab3a82040297355b59a34c1e3fa9,3,R10;R8;R9
16b02dc3b4e8deb6c1cc686c9ef911dd,3,R10;R8;R9
16bd4511e7391b3e3d7da90b6c2653d0,3,R10;R8;R9
16edfb76036ad3b10d9479e16ad7e92a,3,R10;R8;R9
16f1b7bb98b1a38f6fee5caf9460e4e1,3,R10;R8;R9
16fbd1b86994c47ddd120cf5d410033e,3,R10;R8;R9
1700104c53dad4e23980cc44dfec1b64,3,R10;R8;R9
170709246c0ac68fa305fb3acc2cfb77,3,R10;R8;R9
171c5e2bbf7f95d2fb60a8bd81dc9d37,3,R3;R5;R7
1720ee54631aff23784053fe1719dfdb,3,R10;R8;R9
1722c7262a821be25de56e351d641993,3,R10;R8;R9
1725b46578ff86f1a8d21b10d4d4699a,3,R10;R8;R9
17285d4b3bcac950397f548d1d715043,3,R10;R8;R9
1730d2ebd1cc96e9e5656cdf916ac7f8,3,R10;R8;R9
1734a9172a7aa8106b1f32bf7b280e28,3,R10;R8;R9
17381ffc2b43778487e782dbb5cb963a,3,R10;R8;R9
1756a285d1bc917bbe55024b0727a836,3,R10;R8;R9
175e3663cc06a6d4ee39f8f9fa7f9183,3,R10;R8;R9
17791317b59d89c03ce7a15826e1b876,3,R10;R8;R9
178fec733e92dffa7bdf5b6a0b0d54b7,3,R10;R8;R9
179c892993a09dd56d4d09be53489d74,3,R10;R8;R9
179caec60f7bf3c620c28350354861a1,3,R10;R8;R9
17a34d586de2a9e5a440755ea530ce5d,3,R10;R8;R9
17a43dc27cccda142f5d54d378f4aed7,3,R10;R8;R9
17b6cfad0ea2ecd3b9511743a608bcb7,3,R10;R8;R9
17c2cd33dd23c4ae46c9738e3c346531,3,R2;R3;R4
17c980696d1aa513ab00665f1eff7bd6,3,R15;R4;R7
17d5b60d0b5decddb51eba55dc4a514b,3,R10;R8;R9
17dc4a83558d835efd5f7d6f110f07f3,3,R10;R8;R9
17eea018beec6ef78ec675919080e6a1,3,R1;R4;R5
1812172c7ad3771c05d1238bb3066217,3,R10;R8;R9
181a28291c7bc0a6a721a5759c01fd34,3,R10;R8;R9
1820dac3aa7e69930923b2f7a7bb14c1,3,R10;R8;R9
183015e171f5159d7e60d43578632a3f,3,R10;R8;R9
1831b088f3a62617cb5cacc3d852cd3c,3,R10;R8;R9
18384bcf54af7c121723805cbd00f44d,3,R10;R8;R9
18533a53425600e4da1e36085cbad104,3,R10;R8;R9
18759bb253200a7c5fef22b00d05496b,3,R10;R8;R9
18a3dd5dcbabc9484be39f9f2f6c0756,3,R10;R8;R9
18a5c8860abc63dbef3627d3e5efd951,3,R10;R8;R9
18a61a07e6f5f13ebfee57fa36cd8b6f,3,R10;R8;R9
18b362567e282e3ada32ee486ea6bad1,3,R10;R8;R9
18ca65f3991cd9e0339abe5d0dcdfc71,3,R1;R15;R5
18d37c314615dede5fb25722c8b2ee04,3,R10;R8;R9
18e5f8a372c20c95b78d49ce1ab39f16,3,R10;R8;R9
18e91ea53a6b6829c70ae2d762605c21,3,R10;R8;R9
18ee5156937f823acee35e15110c6521,3,R11;R15;R16
18ee9ef3baea468de2087e0edd85e919,3,R10;R8;R9
1912296cce436028085697480121b4eb,3,R10;R8;R9
1915f70378cedb6947df0126db6e8aad,3,R10;R8;R9
191af4a0c5c47c05b06b88f7d6ec671d,3,R10;R8;R9
1932e3ca2084c4ef9ee98c747cd21f16,3,R10;R8;R9
19417bae94986e8c122ae6efd92e3997,3,R10;R8;R9
1951e0eba7c68aa1fbd6d723f19ee7c4,3,R10;R8;R9
1981a0c4cdbb5d4eeb9c2572813a453f,3,R10;R8;R9
198302ef60405a8889da8fedd5a98ebc,3,R10;R8;R9
19850eb0ba7a72faf4b329254ab42828,3,R10;R8;R9
19b1cd4c282515de8cc36d61c45e096d,3,R10;R8;R9
19b90a86dccdc11c785cc955ee22db2f,3,R10;R8;R9
19c193dfd9cd25eaaed6196a21ccafda,3,R10;R8;R9
19da7247b897983617e17c69636620ad,3,R10;R8;R9
19f915a7d8d00addb6a4846e623b4bfc,3,R17;R3;R5
1a1502956162c21302d1601668a7f565,3,R10;R8;R9
1a2d61ed3ccdc6c3a230ef73ae6adc4a,3,R10;R8;R9
1a39c8cd556ab64679d04d440466a2f5,3,R10;R8;R9
1a414a1cb6b545c2ee4de4abede481c7,3,R11;R15;R17
1a4a1dfe32d84179b5ab03e56532bcde,3,R10;R8;R9
1a4b73e47f99ce15af33427cc16ecc74,3,R10;R8;R9
1a4f3604083f0bb00c748cd1c19236c2,3,R10;R8;R9
1a6380efb810f2c8fbae25143ab93773,3,R10;R8;R9
1a85266eec98f756269a91a56d5fb1a8,3,R10;R8;R9
1aaa4b217affae30113bd3a7a384a4c7,3,R10;R8;R9
1aaab6baefab214419016ad2f3175120,3,R10;R8;R9
1ac1cb704bf021b7f462182beb082291,3,R10;R8;R9
1ac82901d20fd381f9aee67859846cef,3,R11;R3;R5
1acd93cf651789703cd37ab249f58580,3,R10;R8;R9
1ad1420c6bf26f67e1f0d1140e938efd,3,R10;R8;R9
1ad9acab15f15722dada12e90242178c,3,R10;R8;R9
1adfe6d01589ad3a646a459bb360d5c4,3,R10;R8;R9
1aebe196c344ddae48ec99b142bcf4c2,3,R11;R14;R16
1aef7fa409ee0cb4579032577e02e9cb,3,R10;R8;R9
1b0adf573618b9d4c94b1890852179a0,3,R10;R8;R9
1b10ae5a7c9530537364360383fa6667,3,R10;R8;R9
1b2a7adb5705d9e3f5b63939046d93c7,3,R10;R8;R9
1b3379be7c72c3ae5404df423ed74388,3,R10;R8;R9
1b420f79b18aeb2c7644d4998d313f37,3,R10;R8;R9
1b44e26dcb2892268d5326bf44ccd2b3,3,R10;R8;R9
1b4daa200fc8f2a3c792ca61b7c8857d,3,R1;R2;R9
1b5f927abb8fd8e0800d2ad31a5620c1,3,R10;R8;R9
1b6b4e0d7f5f7d7ad2bf8b70783244be,3,R10;R8;R9
1b6c09c247c93d8fd21adf55814476fb,3,R10;R8;R9
1b6fbfb87455d2145db222bc4c3e9875,3,R10;R8;R9
1b7fbab20af688131ddebff7bf473879,3,R10;R8;R9
1b90f72310730c8e045e85e8b60c308d,3,R10;R8;R9
1b95d6b2be1f6e89e865704024d1944b,3,R3;R5;R8
1ba0b6688726a0efd3641d086a4dee35,3,R10;R8;R9
1bb134a3fb426b7a805ad086164ed865,3,R10;R8;R9
1bbd7232924e951e7fa87ffa0f62ec3d,3,R10;R8;R9
1bc4c3008d6a7144722daa35a7ff2b00,3,R10;R8;R9
1bcf6203521944e6222a000fec9fab38,3,R16;R5;R6
1be94a4e06067c5ecd66488cad60a087,3,R10;R8;R9
1bf0c30ec9cf3abe34938787e5f9fc28,3,R12;R13;R14
1bf31ecce06f5cab7b82b36daea676b6,3,R10;R8;R9
1c1a57cb8b3893348ecfb6e704a1b87e,3,R10;R8;R9
1c1ef26e3b3323f74041f6dd2371cd24,3,R10;R8;R9
1c2621f624311e2ab55fb909b3b53d19,3,R10;R8;R9
1c291f2d783a88bb29d4f0973d820cb0,3,R1;R2;R8
1c2edaf3f7c1867f34d76dafe8f53d80,3,R10;R8;R9
1c32170b4af4ce1a3030eb8167753b06,3,R10;R8;R9
1c3e88d7eb1849e80d109ab2f059a2e1,3,R2;R7;R8
1c42e4e14355bfa790794d44e3a1a4d2,3,R10;R8;R9
1c4d23bf90d9e32947d50b5e01ce4d78,3,R10;R8;R9
1c4d37f9cbacdce0f114ed4c3fd94dd5,3,R10;R8;R9
1c572f5c1b3f2d9dfb23b48f25a7ace0,3,R10;R8;R9
1c62f00b3228d2e131a84d1889e213cc,3,R11;R14;R16
1c9e6dbfe347fb693c6c9e0cd82113c8,3,R12;R13;R14
1ca93fdd77fb7e2caab2608094201385,3,R10;R8;R9
1caa3fd2d741bbb50cc3fdcc32b6f0cd,3,R10;R8;R9
1cb2f31d6914dbb6550d2ed5538fc184,3,R10;R8;R9
1cec183870c936178be89a81da2cc7fc,3,R10;R8;R9
1cfebd799d9854a50bfa74e0271f358e,3,R14;R16;R7
1d0b8741c4689494aed1c1859eb891dc,3,R10;R8;R9
1d170ae6d3f174b88d55b7a44e1b8963,3,R14;R15;R17
1d1b26e179d9394bc1d9971ec50d1aaf,3,R10;R8;R9
1d21c69075630b741fe0629e696fa167,3,R10;R8;R9
1d2c0ac10d4b141cda8b549c34848b4f,3,R10;R8;R9
1d2cef0157f477b7b635a86a85b6f9e4,3,R10;R8;R9
1d36704fc4f9a8f997128b92551bbc4d,3,R10;R8;R9
1d378b37e94c96925d6e96d281825519,3,R10;R8;R9
1d37efa5bcce26d6cc9a224f99db3f0e,3,R10;R8;R9
1d63eea24a9f69bc17f1da7af4ffa19a,3,R14;R5;R6
1d730f10402fbb1de01aa617b80a8242,3,R10;R8;R9
1d74c92a1e6adfcb63162f9b72edfc56,3,R10;R8;R9
1d7ba4000ddf7f707822b2aab9ed4b36,3,R10;R8;R9
1d7f85337975dded50e1414cef194deb,3,R10;R8;R9
1d8f4d5daf11f2b01695b71a862aa813,3,R10;R8;R9
1dafb16f8c69e188cf2152200e0cb2ef,3,R10;R8;R9
1dbb725a05c9543e9bd2593ac079f970,3,R16;R2;R7
1dc3bbcc437933158a734f7e28547bb5,3,R10;R8;R9
1dca2f734825798b81f034da81d257f4,3,R10;R8;R9
1dd24b51bb2c4e67bf02641925881174,3,R10;R8;R9
1dd77edddd2212d41e34dd004d3e26df,3,R10;R8;R9
1de1fb0878055fe44cd99abcbde7bfc4,3,R10;R8;R9
1e0186710c1b727da188c139c83a820b,3,R13;R17;R5
1e019d951139255f4ca9200aee4129c6,3,R10;R8;R9
1e1dcf1ea1d974a5fea81b7616a11723,3,R12;R15;R16
1e380cbe7d0d59de0527d31486a24fa2,3,R10;R8;R9
1e47f8b7036defda2d0191401e1e05d6,3,R10;R8;R9
1e584da1fcf0c0297a22f0e36ce86732,3,R10;R8;R9
1e58fd00852763634630540c1d09621d,3,R10;R8;R9
1e58fd034ba68a69df2b13cccb9ab317,3,R10;R8;R9
1e685beca49d62411bb69bc4ddf7ad11,3,R10;R8;R9
1e717af900c3f539f967ad27b1ce905f,3,R10;R8;R9
1e78773b772343629858fee07ab051ec,3,R10;R8;R9
1e8892e58834c2a38f8d0b574327ed81,3,R10;R8;R9
1e942d9666eb7b3cd0bf4e2bedae5fd6,3,R10;R8;R9
1e96e84ac07738cd2f019b1c1d1aac5c,3,R10;R8;R9
1ec44d3bc379cf915de2c69bcb325cc2,3,R10;R8;R9
1ec5b9d1af1a295a5e0d1da32d4ed835,3,R10;R8;R9
1ed4cf45940bbfbcdc31cf4289c1c1e4,3,R10;R8;R9
1ed597069acd8f4b77174148664e84d8,3,R10;R8;R9
1ee608f4c2322489c730271c6ef7caba,3,R10;R8;R9
1ee72c7f5de164530f9efa3c2d04bffc,3,R10;R8;R9
1ee956f957e7b9ec0787e07fe2b76135,3,R10;R8;R9
1f13fb95804f83251401097b2bb4aacf,3,R4;R7;R9
1f1abf0df154e4d455bd3f93fa8ef1f0,3,R10;R8;R9
1f1b451ebe38481d18a61961c9435a64,3,R1;R17;R2
1f5a95707791ca66198f87bf0d11e89e,3,R10;R8;R9
1f60588926146538eeb34cd3215b4848,3,R10;R8;R9
1f68a73472d32146d1cbe3bcd9355337,3,R10;R8;R9
1f6cae728b0bab822a84b2014feff03d,3,R10;R8;R9
1f80202df9f9ee45002ea22f2f29d31f,3,R10;R8;R9
1f897eadcbbca4e2104e7a2d7fd3e0f9,3,R12;R13;R14
1fc71d17e68259b0ae13b884ccce7309,3,R10;R8;R9
1fcceea02142af619405d89b9ee156fc,3,R10;R8;R9
1fce42f55a0de66eb161fc831cd33cc3,3,R11;R15;R16
1fec2347206230bc4721f66d8e90971a,3,R10;R8;R9
1fec989e95cea875cef982129f8e9097,3,R10;R8;R9
2016c404039deb1d04073250fa84a328,3,R10;R8;R9
2033bbf90fa9b91519bac29eb334673a,3,R10;R8;R9
20374abc6a6d82a106212cddd740a99c,3,R13;R3;R4
20394e709ffb7128e582a7b0901dca2d,3,R10;R8;R9
206f64789c8237b16ef4da5a38d74cdc,3,R10;R8;R9
2072e55e4f38ef869fc492b5e282057b,3,R10;R8;R9
2077dfb717706d5ce9a373f1672e869c,3,R14;R3;R4
208cddf534a1bc9c35f5faa6a6c51f94,3,R13;R14;R16
2094cd7cf01e7e283818e836115596c4,3,R11;R12;R13
20d9e4989fab7ecae4243324d81ad309,3,R10;R8;R9
20e27597c972c6e7fdb4d1e7638e227e,3,R10;R8;R9
20e88cb9beaf2949c3fdd01827404235,3,R10;R8;R9
20eb3cf0d35e7ed1616139edbe04bcfc,3,R10;R8;R9
21042debbedcf41f16302df107a594a2,3,R10;R8;R9
21086ab046da90a4526e5604670a96ce,3,R10;R8;R9
2116aa83dd20261a1c6f4b13ea3eafbc,3,R10;R8;R9
2121782e288bb5fccf342938ce4faee2,3,R10;R8;R9
2139901070c5471f0e289e216bc90198,3,R2;R3;R4
215ebc513445e8e809addf6029df970c,3,R10;R8;R9
21992194880ed480bd0232be383b8268,3,R10;R8;R9
21ab6bc8c66330a258b3513c2ab738fd,3,R10;R8;R9
21b7ceae06bcc8d0a4b30debc5570e57,3,R10;R8;R9
21b9ef8dedf84d02366305c87a6328d1,3,R10;R8;R9
21bdb7a46e19c697209064855102859e,3,R10;R8;R9
21cc15968368582b548bdc50f24d1ce5,3,R10;R8;R9
21cf533a9fe77bdbee21babd427a0d1f,3,R10;R8;R9
21d0e0bb639ebec0b2a2ce0c5c805344,3,R10;R8;R9
21d5465ffc737f2c94f66cc5b740614e,3,R10;R8;R9
21f596b4f75fd3d0ff54f55ad760272b,3,R10;R8;R9
2201904fdc9c81df726cb626bf58edeb,3,R10;R8;R9
221c92d2718f1f49ee483ab4afbc7238,3,R12;R15;R16
221d68705e17ec11935e410fcc483b0f,3,R11;R12;R16
2229148faa205e881cf0d932755c9e40,3,R10;R8;R9
222b7757f55bee221e7aba69fc9928d0,3,R10;R8;R9
222beb3cd839eacd08d35c2785e48265,3,R10;R8;R9
222cd825ec14127cfb030b84780c30d5,3,R10;R8;R9
224ad5cca3b13b0a820052fe0491699a,3,R10;R8;R9
2254df0c59c659c6eec67a73327bc857,3,R10;R8;R9
22576c31ecae86e2e6d580b4bebb5d77,3,R10;R8;R9
226452107c14a6218e9c4d582025110b,3,R10;R8;R9
22672ab82c290c20b86863291e25ef6c,3,R10;R8;R9
2271647c6cb51cd088392c184f8be135,3,R10;R8;R9
22807ea675967a02baf8f510543a4a95,3,R10;R8;R9
2285e92d66a166fa72444a73f4c5fc52,3,R11;R14;R16
228d41a874a5536d83b62b9161da1d61,3,R10;R8;R9
228f1394daba97a4ce03ae7e866ec2ac,3,R10;R8;R9
22b8e616a61bbc4caaed0cf23b7159df,3,R10;R8;R9
22c9f6b6888cce9bad89c72a2f87e56f,3,R10;R8;R9
22ca7192ef23cf85a365a0e68ad6f9c7,3,R10;R8;R9
22d12a2c3610060793453d39c4330429,3,R10;R8;R9
22d7fb75b2d533f5fda002cd41721884,3,R10;R8;R9
22f45bf04169a43d02dea6df008de68a,3,R10;R8;R9
2300d60e735d646de5632275313f9c95,3,R10;R8;R9
230ffa646a0bec6bce8b027cd4c66832,3,R10;R8;R9
231a4b73de5ac7e0218f736b6b6ff1f2,3,R10;R8;R9
231eceaec9e603e7cdb2021bd2ccbe02,3,R10;R8;R9
231f7662ddb1e997de7ae4e11840960f,3,R10;R8;R9
23687f2e75cfb173dbfe0a785326d6b3,3,R10;R8;R9
236c84dba2293e1afd669eee1b6511c6,3,R10;R8;R9
238b1299945de447d94124e14734edab,3,R10;R8;R9
23976276263082c45eec8db02176a30b,3,R10;R8;R9
23ada7eb0d82a360190e77da2edfcf8f,3,R17;R2;R7
23b0639cd035140def992b0ee7fc34f2,3,R10;R8;R9
23b8b9881d7effc2a5aa2b7372f01d7f,3,R10;R8;R9
23c9516db65572bae3125bcaead302d3,3,R10;R8;R9
23ca1279bcbf10d8dc39e769e145a516,3,R10;R8;R9
23cc21ad490ea10045c00fba3a208b3f,3,R10;R8;R9
23d1c67775a1f20404642b6086b74cc8,3,R10;R8;R9
23e3c7a5073d74c1d2daed5ad73fb254,3,R10;R8;R9
23f267e42a7e9f496aa143fe11f241ff,3,R10;R8;R9
23f29659e174d2c4651857bf304a5d75,3,R11;R13;R16
23f29ee2101fa421afeb84cf923ee9b6,3,R10;R8;R9
23fcdb51ca6f2495a08911d8bd8f19e8,3,R10;R8;R9
2400efb8ccb698992e54ec03286d35ef,3,R10;R8;R9
24051b6c68ac93e887c70b671d9197cb,3,R10;R8;R9
2415d19465e30def974fc2c9747692d4,3,R10;R8;R9
2458bd52db3e463b43967723e0f802b4,3,R10;R8;R9
2461bde97f5dad74ca07c6a5e6ce56c1,3,R10;R8;R9
2461ca359068b06237e93aae140a25f3,3,R10;R8;R9
2469a8efd790f12eb9304f5c013a966e,3,R10;R8;R9
247af0fcdbe53ade2def3f79e4eb9345,3,R10;R8;R9
24986a34a5f97ddeb44a999d245b949b,3,R10;R8;R9
24aae4c9a587c5f0440e6d305bebd26e,3,R10;R8;R9
24b3b89454ece6db0ba1a5cb83f3421a,3,R10;R8;R9
24b3c4ccc0e19044935c8f40ab37fc18,3,R10;R8;R9
24b77560428d23bcaf7c06a536fbb287,3,R10;R8;R9
24bf0f138643ee4141ebefba54fb6843,3,R10;R8;R9
24c408efe011f2d27322e93440221aa1,3,R10;R8;R9
24c7e3233b6ebe3d1159f81ae97daed1,3,R10;R8;R9
24d6b814577360fb4d11e0e6aecfefb0,3,R10;R8;R9
24dd3c2b634ac8b951b5aa1b24a536c8,3,R10;R8;R9
24e9b243d734e26d9de71aa3e08ef9b0,3,R10;R8;R9
25207f1f73016eb9d84327860e5c9b49,3,R10;R8;R9
2534b21e1fcdf7748a07109999952840,3,R10;R8;R9
2534b84ffceb627618e684cb037fdf74,3,R10;R8;R9
253760c0117371987f0cbc8b20e684de,3,R10;R8;R9
2546f825d7846960568c710eab2cbbd3,3,R10;R8;R9
2550db13e3e4174fb2980fbc965c4856,3,R3;R4;R5
255f4987d211d413e7823dea2ac6642c,3,R10;R8;R9
25673b843469af61ad711cdd1d920a8b,3,R10;R8;R9
256b0ad89e73b03f15635e647c2bdb02,3,R10;R8;R9
2583527ca7c4a6e278fb4506ba8637ab,3,R10;R8;R9
25897fa85891d5fcf7c65d520628cf20,3,R10;R8;R9
258b0025af766aa2a485e3221da4b46e,3,R10;R8;R9
258d918ebb5b4e4d13e381f0df399b5a,3,R10;R8;R9
2592036272857648c597c9045a6588d1,3,R10;R8;R9
2596fb668f0ec31ac6622ea546e600cf,3,R10;R8;R9
25a73bf0f701b9275c74fc23aa30e681,3,R10;R8;R9
25b123c53b8d9f39e9e29e4ee34c9906,3,R10;R8;R9
25c278c9f3eac8a0f53780aa5e615e23,3,R10;R8;R9
25e383a85bad2e00064e7be23d745f50,3,R10;R8;R9
25e47d32d64f7f416d6fb1bf497b4b1a,3,R11;R12;R15
25e4fa50ffa395dd163a97ca6bef8fe0,3,R10;R8;R9
25e99dd3d0a8e45529b0c04f28a31313,3,R10;R8;R9
25f0621dae8874aac9985c4034a565ea,3,R10;R8;R9
25f2c7b53a6ed09a9aaf73c30357aaf6,3,R10;R8;R9
25fca74811355266a2c7a0bc442db4e3,3,R10;R8;R9
26045d6e5c9397d08825496593fbc291,3,R12;R13;R9
262cd3e70a033d61a7236aa971be339a,3,R15;R16;R3
264fdebe57965c3292ce07c7b4be8c39,3,R17;R3;R5
26555d1abc4576ef9e235aba96f4429e,3,R10;R8;R9
26562944ced2c6e1eea7abaf0e5a6e5d,3,R10;R8;R9
26585204e3c296a3b105bd5bd1c537ee,3,R10;R8;R9
26603f3c325594b0a07a9fd73d74bbce,3,R10;R8;R9
26697f6b3b73c564a0dd92b2fa1a8b0b,3,R10;R8;R9
267d32594c86cba886ed0733e946c1df,3,R10;R8;R9
267e7d6c78b3bc498461b69668eb44f8,3,R10;R2;R3
26814fc54bbb41c62e1fc2c2646f3288,3,R10;R8;R9
268521c3c47990c84e7175a31d8c509c,3,R10;R8;R9
268ed28c6d57f5d5383cd5cf8e62e457,3,R10;R8;R9
269fc38670939729787d740e47145028,3,R10;R8;R9
269fe47164da086b729babc8225ea116,3,R10;R8;R9
26a2c28022c4eb76848703d3bd669562,3,R10;R8;R9
26be9cde1a3d1a38f19c6753cc9ed40d,3,R10;R8;R9
26cff5d4eedc6c89172888ea18b09893,3,R10;R8;R9
26d1d5a0ef2e692c6340e74859ffdc53,3,R10;R8;R9
26d9a51c0e889911fadbfd7219c6540a,3,R10;R8;R9
26e6b6009db476d5b90c4a7e279ba50f,3,R10;R8;R9
26fcfa2a147cabce7658e1ea656e1efe,3,R10;R8;R9
26fd27f25c4c5329c224f75f5f94d96c,3,R10;R8;R9
27128ae2af0e160293897cd55c02993b,3,R10;R8;R9
27179c32f1a5d2b20d5a289372823554,3,R10;R8;R9
271f9008a6ac0c2fbed2ee6d40ff8750,3,R14;R15;R16
2728492d9333328da0ccd73d76d6c00d,3,R10;R8;R9
273a53879b3ba9afa3d6d1e3aea0a453,3,R10;R8;R9
2752b250ca52cd0afe8b4b980e82310b,3,R13;R2;R6
27689b23167e89e1142f6fa265921a3a,3,R2;R3;R7
276eab8db40adc114124d1383afeba5c,3,R10;R8;R9
277b457e1e341a9194249937b68cd2c2,3,R10;R8;R9
27849a742242ed68910ae7592904db7c,3,R10;R8;R9
27ae5a2982f9ef772cccfbd14332f965,3,R10;R8;R9
27b61449ef8109cb45c3ba3b7642d746,3,R10;R8;R9
27b822c5d3b354f096dfb788fd3fa636,3,R10;R8;R9
27c2bfe6ab94022f4137c7e421af973c,3,R10;R8;R9
27c69745b5ba6930e94b9b29bd1965ad,3,R10;R8;R9
27c831fee072b232499541b0aca58d9c,3,R10;R8;R9
27ca6b9bd9b4c1f284e450201cfc4613,3,R10;R8;R9
27e113d3d158dbdd548b534c26164e55,3,R10;R8;R9
27e1d29f27cfe7f88225f4660e75615e,3,R14;R15;R3
27e6678a92ac10ed461ddc9f04bd3fcf,3,R10;R8;R9
27ea40d58f6894394fc2990d739a8c0e,3,R10;R8;R9
27eeacb2cf6ea95a95e0c60a914d45a3,3,R10;R8;R9
280266b12a3ac75cac7066556997e865,3,R10;R8;R9
281070333d103fe4a02065d7f986b062,3,R10;R8;R9
281ea309fd2fd61c9955f9d29c88a092,3,R10;R8;R9
28439c0a4f24e1319b22dd12b8a56a14,3,R10;R8;R9
285c4b227a6c923d674fa58fdfdd2eca,3,R10;R8;R9
285cdfec4d725d327266833adf3ba9d5,3,R10;R8;R9
2860567dbd5d3f2597072e0b0e45ccd6,3,R10;R8;R9
2866813d0d8eeae54af11160adb68731,3,R10;R8;R9
286d4f7bc4282b7dd5fae43ee06cfb8d,3,R12;R14;R15
28711a5bb20257be65943b9374dfb3c3,3,R10;R8;R9
2877640e69c0276243177a341ed74742,3,R2;R3;R9
28896771fc2f06e7fe9444b125644731,3,R10;R8;R9
28936b1a86428a44f356135a896b8627,3,R10;R8;R9
2895afe060760a377fea0d6c8fcbf9d1,3,R10;R8;R9
28c18bf8fcb6c11c5fbc7c00d9f5bacc,3,R14;R16;R7
28c8730ff1714318eeabad15e3ae5c51,3,R10;R8;R9
28d769becacfbdeebab6d3fda7322cf7,3,R10;R8;R9
28eb28a9feba4a3fd37327417aba1ed7,3,R11;R12;R14
28ff3d4ede34ff71de27c9091b25fc44,3,R10;R8;R9
292cf1b34afba18402da0662070919cf,3,R10;R8;R9
294c1b068fb6ecfd27f5106e744ddb4b,3,R12;R13;R16
2954986a6bc846398d3cc9bc2297ed84,3,R10;R8;R9
2988c0540fad8e078a609d7672525d5a,3,R2;R7;R9
299057220a9508923d271ac70bff843b,3,R10;R8;R9
299278f67dc5e40ee4fd003595c6e8d7,3,R10;R8;R9
2998cdc708e79055543eb95842261f57,3,R13;R15;R17
29c96058b2c5a8222b87dcaee1730469,3,R10;R8;R9
29cf3341c2f0195c0faddcf2e640045b,3,R15;R2;R6
29df463304de180282f55d13d254b409,3,R10;R8;R9
29fd996e134b7e6658edb78f41022878,3,R10;R8;R9
2a176d08f99af402c877cde732008c46,3,R10;R8;R9
2a180035c17769657f1d89651ff4babd,3,R10;R8;R9
2a18e11f1134a84a141b5d2f8284112c,3,R10;R8;R9
2a2d24f9e9397ea669cf6ec9f850c367,3,R10;R8;R9
2a3308874776a5824f84b6ec3fee10b1,3,R10;R8;R9
2a335bf71ad32a097557e379b6113ce9,3,R10;R8;R9
2a364dea24600221fb6208567bda008b,3,R10;R8;R9
2a3cc19a099f06f80007cceb75d43bf0,3,R14;R2;R6
2a3def0aa2b27bea4235348e5d4cf345,3,R10;R8;R9
2a5abc6af72d3329b7155f17154132f9,3,R10;R8;R9
2a6d1ced2d75a229ea936e5f2dbbbe32,3,R10;R8;R9
2a7a75a118e112a3b655617f77a3009a,3,R10;R8;R9
2a7e782ce2b8c998858e184637c3e9dd,3,R10;R8;R9
2a848e44e179f5e9b7d708835cfa5109,3,R10;R8;R9
2a8be2bd51a3851ed0ce9c84e9a62426,3,R13;R14;R16
2a96255deafcf2f24bf9f266e1c12633,3,R12;R15;R17
2aae4700188dd1842bb1851d714d7f38,3,R10;R8;R9
2ab378a7f2524b5b5a7ea85b86f0b4ee,3,R10;R8;R9
2ad18a594cbaf3c6d6145a7775829554,3,R10;R8;R9
2ae73f853f1f9c23c2c9e200046665d1,3,R10;R8;R9
2aeb88a0d7394443e815a4b3e15399d4,3,R10;R8;R9
2b0d2503cdaa8d34ad9a82cf4fdb546e,3,R10;R8;R9
2b0fb0afde2742c14c1c967cdcb20969,3,R10;R8;R9
2b24fc9d451749e2edfc5ff60be60192,3,R10;R8;R9
2b49559acd55fecfe38a55ca0ed0bf68,3,R10;R8;R9
2b4d362bb4e5eb4c37b13b9eaa1ca079,3,R10;R8;R9
2b5284b043c6459e1e1e0a4a328cad79,3,R10;R8;R9
2b55e75bee255de5460976f84d18b76f,3,R10;R8;R9
2b5b141ce31a62f9b997052a3ca73128,3,R10;R8;R9
2b658b536fb15c22f623c3d6672b64d0,3,R10;R8;R9
2b6b881ebefa187a82a2a51ea677298c,3,R10;R8;R9
2b6ec0aa221b1f430e8f5cb1696844dd,3,R10;R8;R9
2b8a0c8760862e0bd6dbac062d421396,3,R10;R8;R9
2b8cead1c95f1a83f7ea7f7b92f398e4,3,R2;R5;R6
2b8d23b406077cd35596765abe6930c8,3,R15;R16;R17
2ba459709d0d25824e0baf9f6d4f94e6,3,R10;R8;R9
2ba839f1e3d3c2d8760c11ccb7e3f01c,3,R10;R8;R9
2bac12b65fe143e0d0a4b56b320782e8,3,R10;R8;R9
2bcbeee6ac875c40fd3adc070a35f46b,3,R10;R8;R9
2be0cff9073424bcaf946885d1c1adf5,3,R10;R8;R9
2be93a3c2bd9a086a39c3806e1811356,3,R10;R8;R9
2beb474652da324c06ca0267cc903c1e,3,R10;R8;R9
2bec7ab41bfb8b797483fb5af80ace2e,3,R10;R8;R9
2c0ecdf04ffe35c6031fe2ae2b3a36f4,3,R3;R5;R7
2c2551cc5f69dc282a7dea8202492a85,3,R11;R5;R7
2c3979232fe659fb46d4ca12263e75d0,3,R10;R8;R9
2c42c054b21c3a7ff91f13e3b43e5418,3,R10;R8;R9
2c475d89c90a50567ba0cf5ddd62f68a,3,R10;R8;R9
2c535167a6a1466c54bc62eb6100f577,3,R10;R8;R9
2c5d9c4fdfc633cb9a6af8ead0c45f19,3,R10;R8;R9
2c6c48665c4d007b795cbcb57da481bd,3,R13;R3;R5
2c74f4196862f688266048d27224464d,3,R12;R13;R14
2c7fbcdc37fba555a38a39db3d9e41a5,3,R11;R5;R7
2c8015354af1a7509937c82f2979ba49,3,R10;R8;R9
2c892bb46e4187bddce8fe179d7225dc,3,R10;R8;R9
2c8f7823a733497e98add3125db370cf,3,R10;R8;R9
2cb170e77545abd5b7992c83865eb690,3,R10;R8;R9
2cb21c7b25708742a6eed6ba4a59e6eb,3,R10;R8;R9
2cb442312ff65f3255923b38dc6dc2fa,3,R10;R8;R9
2cb59fe7e250f3e883c884e726719115,3,R10;R8;R9
2cd31f05e3d0a2ebdf33e7a90fdc95ac,3,R10;R8;R9
2ce046da31101c578df3349c36f325a1,3,R10;R8;R9
2ceaa4c6e93b4496df1831cccc3e433a,3,R10;R8;R9
2cf24e4b4380252c4dc94a0e63bed062,3,R10;R8;R9
2d063af5457785f5c76ae1e6c06c0037,3,R10;R8;R9
2d13fc4ff7c24e1110fa0c5593e7c3e7,3,R10;R8;R9
2d377f5b2bd10b8ead268046859d939a,3,R10;R8;R9
2d4076277667dd84c623c7877ceeefff,3,R10;R8;R9
2d40e0cc7dca11e4b2d8574532096c31,3,R13;R2;R6
2d4a3f928bbd1cf6cec20fc617af2fa3,3,R10;R8;R9
2d5241a2f2800671da3f56606fe86d60,3,R11;R12;R15
2d530b729f6935d54ca504c92ffeaa3c,3,R10;R8;R9
2d56555f99586d0c8c6e31ab33297c25,3,R10;R8;R9
2d64ca640df9686f4d2f6152b6ca74ab,3,R10;R8;R9
2d6c36cb32352b891ef90fb11f3215f7,3,R10;R8;R9
2d6d1b01427ec2acbdbc2149559585fa,3,R4;R5;R6
2d817e7d481f611ed33a74e5cba97550,3,R10;R8;R9
2d914572fd6d5cd4b158067b5a1eda1e,3,R10;R8;R9
2d9dbcfad0e6a4bfeae0c6fe1f780d98,3,R10;R8;R9
2da795e38db0e7086e2479f7aaf1e631,3,R10;R8;R9
2dae0b56a64f3708706e63711d970243,3,R10;R8;R9
2dd5e1ec060f1389e24a4caffa6d534e,3,R10;R8;R9
2de0585a5eea24c7e8672fcd70da26b4,3,R10;R8;R9
2df96190b0062c04b4dad588079c4caf,3,R10;R8;R9
2e02414c9f4b2b23a7761fe8c2b3bc93,3,R10;R8;R9
2e14a1d545fe84fb87891640ba990781,3,R10;R8;R9
2e1571fc9e41f68fcc84b6094d664416,3,R10;R8;R9
2e285b95faad220e17e6cbfbe514733e,3,R10;R8;R9
2e31b4459572dee5881ec70c7b46dcab,3,R10;R8;R9
2e37a70ea49570b31cb4b83e5a109a7e,3,R10;R8;R9
2e426ab34288f1f7edba1c73feb45a05,3,R10;R8;R9
2e4419b8c1f923cff2781be045f4e0d5,3,R1;R15;R2
2e4b0a0fb7faf81bc42b46c3247ae8ad,3,R10;R8;R9
2e62a91d3bdb8e212af2518125eb9dbc,3,R10;R8;R9
2e6afc683a445f6e88ab4a101618f718,3,R10;R8;R9
2e7b51cf120ec59d369331d09bba34b8,3,R10;R8;R9
2e846b1cde620c95fbb326a4bae3d9df,3,R10;R8;R9
2e968b23fc1bc1150bf1943e1b53b031,3,R13;R2;R6
2e9caf35e4c86be7006e6588b6e56985,3,R3;R4;R6
2e9cb16d1950ad82347cade9cacedc8b,3,R10;R8;R9
2ea80a706ffc413d3c8d8c666e869c43,3,R1;R2;R4
2ebb05b4c603d590854c621fa4f1fd5c,3,R11;R13;R15
2f04c078e7bb7c23addf7464f7c4e925,3,R10;R8;R9
2f111f79e145a2062200644c1e77dbd4,3,R10;R8;R9
2f1d0d633adb6d339736aa2bb9e2fcb7,3,R10;R8;R9
2f3264d3c0a52bb2e280855bcfd35733,3,R13;R15;R16
2f35a721ceb1f89cbbd33ade57b32f4e,3,R10;R8;R9
2f3bb25eb6ae1a19b982c6ba56f725e2,3,R10;R8;R9
2f3f84ed97b4ae346a990e843d929f9d,3,R10;R8;R9
2f4573aa154b6ee5f4ba4dc90626f5ec,3,R10;R8;R9
2f479f67c2228f246b889508f794b785,3,R10;R8;R9
2f4adab67a67f3ee8322175840092fe5,3,R10;R8;R9
2f4bc0f22545fa58a89bfa13cc083191,3,R10;R8;R9
2f4f119515e7a3c9b76c704caf75976f,3,R10;R8;R9
2f5a3aa315379bb01b8b4c9a1ece8e2e,3,R10;R8;R9
2f5a677d35532e18388a9993ca166a80,3,R10;R8;R9
2fa41afdcc3955d6ab0bdc5656caa0d1,3,R10;R8;R9
2fa7906cc0d122c8ef0a654409b5e1d2,3,R10;R8;R9
2fd3d0e3b5de5535994ac58f2bd175da,3,R10;R8;R9
2fd65c3d2a4c8d35293784167c7a2348,3,R10;R8;R9
2fdd72337c9a875cf679564355b4bef2,3,R10;R8;R9
2ffbc003cbd77857cd7ec7a69d8f6ce8,3,R11;R12;R15
3005e709b7711027df25c715b6ebff02,3,R10;R8;R9
300f0557394e4f85b5704774106a2067,3,R10;R8;R9
30174f91133f986dd4f8f95d2b2d92b2,3,R10;R8;R9
3024b7dc8e38999c16ab20ed51c7aa2e,3,R10;R8;R9
30303a4b9ba969bea4e676cbd4a2496c,3,R10;R8;R9
3033cf4aadc4811b5e714fb3fe295a4e,3,R10;R8;R9
303e0a9c848a6f2697622543d6de3364,3,R10;R8;R9
30466896de60f54644199811cfb542f1,3,R10;R11;R8
3052424d097d8b94d387a20248639d47,3,R10;R8;R9
305c85dddfdddac905f288a8106ca371,3,R10;R8;R9
305e4add9c72c91e9984305bf4e85aee,3,R10;R8;R9
306d35d649f4fe90bec5b21eb3d8c42f,3,R10;R8;R9
306ed332a8e21425894424f73c17b11f,3,R10;R8;R9
30732ad387fb4f2429a6c5b965910869,3,R10;R8;R9
3095cc822fe5a15e277499c62b74d58e,3,R15;R4;R7
309ca3d3a6991e2a001d75f734d88099,3,R10;R8;R9
30a08276cab4bd3ba231b2307341b987,3,R10;R8;R9
30c105116d347c2f1107e206362dd949,3,R10;R8;R9
30c34393c4ba548104b8a65aa2fd76bb,3,R10;R8;R9
30cf440566432d0f579a2a10bb3f3bf3,3,R10;R8;R9
30d01b42c2a0495ceea5873455e4c4e4,3,R10;R8;R9
30d24189cf005a9baf02929afd518832,3,R10;R8;R9
30d70dcb9b7a5d7e9028326954feaa35,3,R10;R8;R9
3105bf6d00f6c2164ea9285b20692df5,3,R10;R8;R9
310a5c5df24cacd7bfc923cf0ce2f310,3,R10;R8;R9
310c786eccfed6cb9c04cf9e2d31a5fa,3,R10;R8;R9
3115c1b6368f91b45f691edbd63f1a78,3,R10;R8;R9
3116e8acc9b97d7a581ea891ae9bed80,3,R10;R8;R9
3122e82023dd28ef2ab4595f948e0e17,3,R10;R8;R9
3124a602cb56b2a41271a8b658410457,3,R10;R8;R9
3126f384167edfe4650413888feb60f1,3,R10;R8;R9
3140eff61d10b2a6f29512a73f9f8022,3,R10;R8;R9
3143c4090b404863d57a355e61585d0b,3,R10;R8;R9
314517b694426a160b93fcdf447fa355,3,R10;R8;R9
3145bee8f1346fa89938289eedd7b05c,3,R10;R8;R9
314b28b21a620ea16d0de1103157b37d,3,R10;R8;R9
315677bd3e1ac182188b6a16490695d2,3,R10;R8;R9
3156a168acb759ef3257ea5a5d788a91,3,R10;R8;R9
3156b5feb62ed8cfdafef21f1f82a6c1,3,R10;R8;R9
315749c6f7397c42913f97db8388f4c2,3,R10;R8;R9
3167f8c1907895bbfcd0effb6b25ce5a,3,R10;R8;R9
316b07c8233162f6c57b23d94b823ea8,3,R10;R8;R9
316ce67a6c95d104d5864cf2f30786bc,3,R10;R8;R9
316f325969fa2dfb24fb9706c34fa0a8,3,R10;R8;R9
317507bb22f6c10f4f08e8666c0f6ff8,3,R10;R8;R9
31873abb42a5af56c33d1681971d014b,3,R10;R8;R9
31901b2d1d2eb92c235f47f498b907c0,3,R10;R8;R9
319781be30659abddca9230f0bca5311,3,R10;R8;R9
31a2b39d2a73f406dbef13c7cd023eb0,3,R10;R8;R9
31ab750de5cb0c76b49d45ab1d2186a6,3,R11;R13;R14
31b94fc39e55c2494665e6a7ffde03b1,3,R10;R8;R9
31bdfdc7f6e09f2df77cefac8e857518,3,R10;R8;R9
31ffa866e091965da25a408b4cc7d0db,3,R10;R8;R9
320636f4d907fe2a72073b7b5fe33f86,3,R10;R8;R9
320ec834b1f64d745ebb19de0cfc184d,3,R10;R8;R9
321c111713c3ee5385db0effb54ff568,3,R10;R8;R9
321f7e75a35ff3b3cb8a4cfb0ab266c2,3,R10;R8;R9
322976528934fc60a595afd9a1bc656d,3,R10;R8;R9
322c95c6c1933b38440b167705248747,3,R10;R8;R9
323029b8a64431ac83ea6c71804f42c9,3,R10;R8;R9
32459f62247d44d5da83192aa03400e4,3,R10;R8;R9
324c908cb345ed14be7a468a56f1ceba,3,R10;R8;R9
325fece9273ff0bf0ea08a42fe24626d,3,R10;R8;R9
326f5799de625f4fddd67b9c7827bfe5,3,R10;R8;R9
32712661995a66ff7b5193dd351ce5d3,3,R10;R11;R12
3283c0e38a77249f38ca0c949862726a,3,R10;R8;R9
328a03f1cf631960207c6f6f3026bdb1,3,R10;R8;R9
328c2e4790fad49004a3bf14be3a51c6,3,R10;R8;R9
32c05ef69ce090ebbdaa6741c21afc01,3,R10;R8;R9
32c5e37a0c5d6cc1eb4b9d23c46dab55,3,R10;R8;R9
32d7d0b779485be0f92e8ef0f90cccdf,3,R10;R13;R8
32e735ff23d1c5bf5d2d1aa51937ca82,3,R10;R8;R9
32ed4f132b9f0077a309b0d91fc944e2,3,R10;R8;R9
32f643fbd7e99181193edf3720888743,3,R10;R15;R16
330056253f0b74a0808722e9f38ab46b,3,R10;R8;R9
330423a5c20c1fab3ba43d966bd6e2e5,3,R10;R8;R9
330b3939ea1fe042ad347e8d02abc393,3,R10;R8;R9
3312ab0661750f9899b4589eae97731a,3,R10;R8;R9
332f505a735ca0961e7128fc0f166a5c,3,R10;R8;R9
333a3070db2ef61c7b621e92d370d5c0,3,R10;R8;R9
333e2b073ea86a0bd0273a7a60ac0dbe,3,R10;R8;R9
33403064ce25caa5fda270e6158c6b03,3,R10;R8;R9
3349c0d8861ff59db82c4e6f1d10705a,3,R10;R8;R9
335c54cca869510a063780bc0fba7ede,3,R10;R8;R9
3362408dd6a238f4bc0660e763f37e94,3,R10;R8;R9
3368f56c5e66bc4f6111b5cf5d701f30,3,R10;R8;R9
336b63df1d774eb3f819e5405feb4fa5,3,R10;R8;R9
3378210c38d195ff5a7e3b612cded052,3,R10;R8;R9
3387caf8482024c8887d0a95b4fa0245,3,R10;R8;R9
33911feed1282c67d5096d50d9070592,3,R10;R8;R9
339bd65420300e35fa74ef9a042cb778,3,R10;R8;R9
33a32faebb8177b05000fd34659f0ed6,3,R10;R8;R9
33b032af243d6b7db06155b99964cbd2,3,R10;R8;R9
33bcd2002f1d92524e489a70b48aaf38,3,R10;R8;R9
33c856f133a5a726ffc26fe36d451518,3,R10;R8;R9
33cf3f2f72ca3c8480456091f6ccedfb,3,R10;R8;R9
33d11e9c98ade6b3937407364fd07103,3,R10;R8;R9
33db2b371f7527ae2cd349abe5a7c062,3,R10;R8;R9
343e1bdfaa62eb9f0148e3cd32aab124,3,R10;R8;R9
3441c644b35ade894f7a773095219d4f,3,R10;R8;R9
34557d39d42d74a3355d509f340cfc8a,3,R10;R8;R9
345639c3ba00cacecffade02ebad61ba,3,R10;R8;R9
345eb9bedef2fdd0d6d16380ca43005e,3,R10;R8;R9
3460c8020f8edd51b37ebc33f350d914,3,R11;R2;R3
3469b1b71a43ca0b62f45805f80231b2,3,R10;R8;R9
347180362348e522905047dde655b6d7,3,R10;R8;R9
3479c81736f275a848b74d952ebfab29,3,R10;R8;R9
34b63ee871b59cc84249bc3c3ec8a4bf,3,R10;R8;R9
34bc3d49ab74c913ee2517f5e0f4e09e,3,R10;R8;R9
34c1f477c3cdd534ef53de3c832f1ac4,3,R10;R8;R9
34c80ab45be6a7d01ee5ee230967f3e1,3,R10;R8;R9
34c83a38559d01f09ab25ee8ffc79511,3,R10;R8;R9
34df7bfc75ed0a71f5fea716bdb421f8,3,R1;R17;R5
34e22877dc637c756273febcdd660178,3,R10;R8;R9
34e635f644f6d4853776e2d74357b239,3,R10;R2;R3
34e730b3de639d75296d635521489b39,3,R10;R8;R9
34e932d09ab7cbec0edaaf188dc8a407,3,R10;R8;R9
34fa4687fe0cb1a46f70f407ef9c134b,3,R10;R8;R9
3527884ce43d577c1cc449fc0f17f646,3,R10;R8;R9
352ab0683046ce107942e9e477007b72,3,R10;R8;R9
3531c673ad643e73b007a9e9a0a2aadf,3,R10;R8;R9
353564207b9d09b26db607c43d99ce18,3,R10;R8;R9
35388720c654dc329d698234c3205892,3,R10;R8;R9
354bad318bdc4946fbb261867157901f,3,R10;R8;R9
354fc9f443af86eebc10e9b06a22481b,3,R10;R8;R9
355d1c27824a343cde65516686c0a425,3,R11;R13;R15
35666a43bb8105a07d1020d9a4839f2f,3,R10;R8;R9
357b22f02be38869ae859f0add02b898,3,R10;R8;R9
357f8f4587f096c180f701f450fffcfa,3,R10;R8;R9
35815525d36333e4253234cc83fd666c,3,R17;R2;R3
3583d368951a896ea95b498bb4efaec4,3,R10;R8;R9
359d3ca7c71e4d786af7380c78fea10d,3,R10;R8;R9
35d86694979dba2c3cade3f87924385a,3,R10;R8;R9
35de6aea3a75c405b780f3c1d2db38e0,3,R10;R8;R9
35e38672875ff60d5a131d91b4db5a6d,3,R13;R14;R16
3623eea22ab15bd3cc7901e3c00695de,3,R10;R8;R9
3633b8a8cffa248a55bab4084f4ff5e9,3,R10;R8;R9
363999879bc614085397f192124c23b0,3,R10;R8;R9
363dc405e14ed95659d88707f54730de,3,R10;R8;R9
36429387a098976713296f2beae8063a,3,R10;R8;R9
364a18cd8e445fdcb63e3692393e6854,3,R10;R8;R9
367134c4e20c2058bc154bfa25e22e98,3,R10;R8;R9
367465e5c96651ee8dac93a11fe7c0c0,3,R10;R8;R9
368befaff55745e30b3f200b298b2fd6,3,R10;R8;R9
369bf7d495f4a800910764a6f9a9a071,3,R10;R8;R9
36a0490889068162384a000b02d37ad4,3,R10;R8;R9
36cf5300d146ed2c232acd54b45f317e,3,R10;R8;R9
36d12290ed702e358cabe1d85657dafb,3,R10;R8;R9
36e495b7888099453ba79ff57a2c4334,3,R10;R8;R9
36f9f3166dc757f415e384e69b0a2447,3,R10;R8;R9
36fb4eaf5da9525924d1b4ff5bdbd52f,3,R10;R8;R9
36fb9803c515de8b2b44028af25662ec,3,R10;R8;R9
37029ba2468f77989cae221948b772ae,3,R10;R8;R9
37054193bd4e6a2f3ca764088913b0f0,3,R10;R8;R9
37111bde86ae8d81aa66f2f46f89c03b,3,R10;R8;R9
371b40dcd28695d56f820de513906913,3,R10;R8;R9
371d6f540ac601affe81e547b05c551a,3,R10;R8;R9
371f686aebbbe6929b4bd3b86ab58873,3,R10;R8;R9
37233691ba64ed88b4e05882d7e41d61,3,R10;R8;R9
3727a613e597811aee451370fde09c49,3,R10;R8;R9
372dfcb677a2d0799d2f6e14d2177f1a,3,R3;R8;R9
373c57c281c8b4476ee2603757fde26a,3,R10;R8;R9
3759c5c3b6dd31e4f79dad538500928c,3,R10;R8;R9
378c7f385c547e5e7dc632510939a551,3,R10;R4;R8
37906d71bae225a2f676c84164224140,3,R10;R8;R9
37969967243726a9e231291224502076,3,R10;R8;R9
379aef556ea6744aa51174e342fabcef,3,R10;R8;R9
379da637859b61609c15e1f4ed2a5e7f,3,R10;R8;R9
379f083410e64a2fb74761b795bd0a41,3,R11;R13;R16
37a64f131e20057e6649e0cf60a3efce,3,R11;R12;R17
37c54c4ca8994215c1ae389f1f4adfd2,3,R10;R8;R9
37c55613c78c7775df0514fb0c804f4a,3,R10;R8;R9
37d00f2fdb0521a0f3fd6c7ec458ff61,3,R10;R8;R9
37d313251f4a6ca33fc7e428389cb9c1,3,R10;R2;R6
37ec1f4e30acc60a1dd892ab9036274a,3,R10;R8;R9
37f7e5fce42c1b3d1acc91e9ff43fe02,3,R10;R8;R9
380d07a94cc4b012812119370de47192,3,R10;R8;R9
381e9c224c892d437f498779e349469e,3,R10;R8;R9
3827e2d25e931b294811ad92ae898887,3,R10;R8;R9
382d4d167434016c3e049eae87439759,3,R10;R8;R9
382fde0b4f36b498850d79b00cf5593d,3,R10;R8;R9
3845b3f74a2a76ef0b58310d61d03e6a,3,R10;R8;R9
3853062c38f4f0888baef9b1ec0a2331,3,R10;R8;R9
3875a7e4eb1bdb443470a1abbe93cb58,3,R10;R8;R9
38791e51fbea01ae3935f311e8878f1c,3,R10;R8;R9
389de59ab4c4dd2b0a4f94d33966b12d,3,R10;R8;R9
389f167c16b70e1eb1aa219fedc373b7,3,R10;R8;R9
38ab2d3283b496d60dc137e94d16b7c6,3,R10;R8;R9
38b3d1f6264e82239b563119ff33df07,3,R10;R8;R9
38c145abf52f301575550953e6aaa009,3,R10;R8;R9
38d4443729e3b217cb38e78df6694dd7,3,R10;R8;R9
38d59aef0ecbc73f365767bc09692283,3,R10;R8;R9
38d7d44f0a3b6c7129851d7ec6d9c001,3,R16;R2;R7
38dc1745e9aedd829a5c4989ad2f0758,3,R10;R8;R9
38e4156d00946746696b72f9bfa791de,3,R10;R8;R9
38e8d0a7c6e90bb221619d0d8836b3a8,3,R10;R8;R9
38e987ce7d99adc13adeebb0ca3e3182,3,R10;R8;R9
38ec375050f7c2bedcb4d1e1e7bb4e12,3,R10;R8;R9
39095bfc67751891aebabdeeb8b89f5a,3,R10;R8;R9
3911f0e97683eb279550e59ad3213da0,3,R10;R8;R9
392910e2001c7d9710d1e11f1bf4bd73,3,R10;R8;R9
3929f29e01d98f3666da7114c4e554ed,3,R10;R8;R9
393407def518a76fc2b7e8dbaeafa0ce,3,R10;R8;R9
393909c0d12d67fd08703d36970014e8,3,R10;R8;R9
39394c845e092472bfff78c26ce9feb4,3,R10;R8;R9
393cb25dab7a972a55af7269c046ab4e,3,R10;R8;R9
394138b182cad5c9af7cac9bd1649a24,3,R10;R8;R9
394ea2732452334954cf83c6e5b41951,3,R10;R8;R9
395a89a6041167d0254dc826ddfe7110,3,R10;R8;R9
397b7968bbdf2db72e34625ad8e874c2,3,R10;R8;R9
397feff0fc86964d91046470e50273e0,3,R10;R8;R9
398ca3c2cf798b9483dde58ef6887a31,3,R10;R8;R9
39a043040baac31c12db628415939f3e,3,R10;R8;R9
39c0cec7df2082421f852bc79cb333a1,3,R10;R8;R9
39e1084eccfc3b7961eb19ea7ecaa8b7,3,R10;R8;R9
39eaf0dbdf50b88ac6b3f02b918ac86a,3,R10;R8;R9
39fba09b48f252efaa54f0d093a8294d,3,R10;R8;R9
3a302fbbbf3364aa1a7731b59e6b98ec,3,R10;R8;R9
3a328d66387d59be8793ee8b4f4bdc1b,3,R10;R8;R9
3a334de1df19d35fd8d303df42a90468,3,R10;R8;R9
3a377dcc1d8747ccd388578f46c0d405,3,R10;R8;R9
3a57be55d3cf1302f582fb95c86e9446,3,R10;R8;R9
3a59363995006fd88ee83584b1e3f6e7,3,R10;R8;R9
3a6264c66e1ccad3f67960d50a152708,3,R10;R8;R9
3a813bd68c097cb009e6ef9d5f884489,3,R10;R8;R9
3a813d584b7e746b4baeb1e9a2002cfa,3,R10;R8;R9
3a9cdb601e0845a3e6b45c808fb75bc4,3,R10;R8;R9
3abc9bc2967d1891119ae82511e479b3,3,R10;R8;R9
3aefb8dc3f0615131c0dc1477b4e3133,3,R10;R8;R9
3af25684534b7791434f7dfff22f9550,3,R10;R8;R9
3b100a95644ac8ab01f261f2edd6f5e2,3,R1;R4;R9
3b2087f26637d64244ec11da41770aad,3,R10;R8;R9
3b37f8d28d0153cedc41acb8020a0a6f,3,R10;R8;R9
3b4323fc59f8c80fd69a6748d4d92eaa,3,R10;R8;R9
3b464abb85ca7ca83a105e6057afab52,3,R10;R8;R9
3b520a6957e4c70f34da759e82784125,3,R10;R8;R9
3b684bf9b1beb9744ac598bb19b6dd6f,3,R10;R8;R9
3b7b733541b21f511d7d5be899070488,3,R10;R8;R9
3b7f1edb2129713f1ddd570c48d6ace1,3,R13;R5;R7
3b84fad11366b42cf32c96c2d0fa84d4,3,R13;R14;R16
3b887c0550e9722c9b86b7c22ad09e11,3,R10;R8;R9
3b8e32e6bb1f8849af9fde0925b2761a,3,R10;R8;R9
3bb06e20b2595be65d7a95e948b2169c,3,R10;R8;R9
3bc2e1cb9a227c162900a57fb5acd0cf,3,R10;R8;R9
3bd262a356f149e12cab2c957d79fbde,3,R10;R8;R9
3bf462b3f48c0a1c35912a77a84f318d,3,R10;R8;R9
3bf8346b7d5b0743713624143004772f,3,R10;R8;R9
3c022a8f6192af3d7ca567e509d44801,3,R10;R8;R9
3c0343764fd0e6b3edb40b15740a597e,3,R10;R8;R9
3c2064ec0c7fbd9873601524016c9d97,3,R10;R8;R9
3c3050b54b5ffefafd7d144497cf04d4,3,R10;R8;R9
3c314b1dd87505c653cd66939582a0aa,3,R10;R8;R9
3c3977477c6ca3ea8a3d18ba0e4afed4,3,R10;R8;R9
3c4863368b0bf5c811a52e24fa2cd2d8,3,R10;R8;R9
3c4b09bd2eab548d9f86223ccb905deb,3,R10;R8;R9
3c58145fc5651bd028aaee3d5f3d6c40,3,R10;R8;R9
3c5e999bcc6ac19f375f201c27546de1,3,R10;R8;R9
3c63e58fcda26e02fdd6619515399985,3,R10;R8;R9
3c72da81a8c464b9a804b757363291c7,3,R10;R8;R9
3c7949b75bb527c91a6518e4f40fc87a,3,R10;R8;R9
3c7f79f9a904282f9dbe9b625216cffc,3,R10;R8;R9
3c98c90840a9290511ae8192107f8250,3,R10;R8;R9
3ca77fab496427204152c5bd079ea9ce,3,R10;R8;R9
3cac0eba7aff674db58e5e7d5cebe985,3,R10;R8;R9
3cd58e860993b9e6a8c79bfa71ec66c3,3,R10;R8;R9
3cd8187f824b95bd1d21945cbce7a15a,3,R10;R8;R9
3cdcd43f230d185be9a3ea2463f348dc,3,R11;R12;R13
3cdce1131cdbbbc959330bb08be55a3d,3,R10;R8;R9
3ce8e5fe27fc9db53129cdbdd8de89de,3,R10;R8;R9
3cf29ab62dd4b9866c7e055c59098d3e,3,R10;R8;R9
3cf65c76b376cba244af23e119d705b9,3,R10;R8;R9
3d100048eee5507768634d2733c59b6a,3,R13;R14;R15
3d10382c3359b2e799d0bc45306e146c,3,R10;R8;R9
3d3781571117f65ceac27dfbf2979b21,3,R10;R8;R9
3d4cff7ec8b3e2fe5b3f606880b45e7c,3,R10;R8;R9
3d51d381e84870cd453748be166fb7ce,3,R10;R8;R9
3d592a653c8fefc7c85a43cf64c3c0f0,3,R10;R8;R9
3d6be0fd234f4be9a57ea0ec00d1e6b6,3,R10;R8;R9
3daa0e551477dbb5c10280fd744c4087,3,R10;R8;R9
3dae58e1cf69a2284f2a44ded5c7405a,3,R10;R8;R9
3db920cfa1955efefa82e2f46d2c7519,3,R10;R8;R9
3dc3da07371be408d6313bd5d04bceec,3,R12;R8;R9
3dd04efbb7f8f0e2757e8e588350f8e0,3,R12;R14;R16
3ddadcb081c3779b4b569d9ec57f5208,3,R10;R8;R9
3ddd8b00908543e9d8a60f528452e59d,3,R10;R8;R9
3dead8495b3fdcdde5912953e520b303,3,R10;R8;R9
3df005a70ab162381374fd43655aa145,3,R10;R8;R9
3dfb420f4634c36fde566f04e6d69651,3,R10;R8;R9
3e02670c9c691dbbd7f9aaa851bb70ae,3,R10;R8;R9
3e2c52e066e6bc9e28a58d7f13c64296,3,R11;R12;R8
3e2dac4065ec2fa64f4650a95e3edfa2,3,R10;R8;R9
3e300793e970e7916c36a57fe350f688,3,R1;R5;R7
3e5c0424caa46a69a36024deb828d5de,3,R10;R8;R9
3e6dc1696e378ed55ea60091c620af4d,3,R10;R8;R9
3e79b43f7eacf45268bef2a513f7759a,3,R10;R8;R9
3e802de7dd2a052ff980de1ff50262ee,3,R10;R8;R9
3e81b168a5ed4f4419d9ef7aa61fab04,3,R10;R8;R9
3e81b83d1b4cd8333b3c5986419baff7,3,R10;R8;R9
3e8719d1ba69b36c24ad3e39a8dd83ed,3,R10;R8;R9
3ea334ae927f1feeaf80e59b5d937c31,3,R10;R8;R9
3eaab50f6e8eb3229e752d546e41979b,3,R10;R8;R9
3eafbfc0db1b4bfa5bfa963b6fe465a8,3,R10;R8;R9
3eb4d8c855c884225e771d77c18e6215,3,R10;R8;R9
3ed4693bf10d9e6067d6f1ef88485bb7,3,R10;R8;R9
3ee425093210d7bb252a277e4788f18f,3,R10;R8;R9
3ee674202cc0887b7b43db270ca54555,3,R10;R8;R9
3ee8d416f1b67797ce0495b4393b2aaf,3,R10;R8;R9
3ee9f520c0a31c20b9851fb79dccec09,3,R1;R4;R7
3ef799c210c419c0319cd2555eaa3abe,3,R2;R3;R5
3f0621a867476fca9f51e5eaec666aca,3,R10;R8;R9
3f0efef8e4a56b73d2b82e83e50c0b90,3,R10;R8;R9
3f1c30152e33358e5830f3b59bd0c41d,3,R2;R3;R6
3f2468ef0b5526f0e33834fa4e0fd85d,3,R10;R8;R9
3f2673ee39dc21448dcf80ed2a6f128f,3,R10;R8;R9
3f3acd7f9f383c01b4392b8dd8bb8f10,3,R10;R8;R9
3f3e0555c409d655b5c28669b2f8cf5d,3,R10;R8;R9
3f444025d87aeacdc84c8cc7d0bf50f6,3,R10;R8;R9
3f59f95dab9548ad6cbbd7eec034bd57,3,R10;R8;R9
3f7f3d2e14e41602ac1f5909ce5e4be0,3,R10;R8;R9
3fad3a7c3d91d5d5eca2c522ac7df822,3,R10;R8;R9
3fb03f39fb2232e19b6de537731aa5ad,3,R1;R14;R5
3fbf5ad0dc91fdb688ec53aceaa2bcac,3,R2;R7;R9
3fcd92fe8e56a1867bb6c72d87a3025d,3,R10;R8;R9
3fcf06bf3f3395ba65a8b648b68e98d4,3,R10;R8;R9
3fd0af8df0d247cb4d3c4a89fad6936d,3,R10;R8;R9
3fd3aa2d64f365c666ce7de3d5352226,3,R10;R8;R9
3fd5a48543be08bc92fbcaa0971cf50e,3,R10;R8;R9
3fd9727ab2ea76dac5770130661a738d,3,R10;R8;R9
3fe37d132711f84805405defb3673681,3,R10;R8;R9
3fea0b91a09533ea4c546cb1e49b8234,3,R10;R8;R9
3ff22a602b26d804863daaf6b7230d47,3,R10;R8;R9
3ffaeb3a9eb495e0a59bd62b09bdf319,3,R10;R8;R9
3ffb156c2d5e299fb0b69c542862f832,3,R10;R8;R9
4004f114ab2ecb224ac7484957b79ea4,3,R10;R8;R9
4010817f919544f7c1c7eef1858ce071,3,R10;R8;R9
4016b176eaf40d514b0559a0aeb48f21,3,R10;R8;R9
401aee86de220c3e1fd9baae09f6f7e4,3,R10;R8;R9
402499b5db5c7e4d68f3024f6a43d819,3,R10;R8;R9
402e634d189693e887ccd6e488a4b29d,3,R10;R8;R9
4032f3f1ead75a0d12137f73c6a653d8,3,R10;R8;R9
40365f729045dde403d39546afc573a2,3,R10;R8;R9
403867d85b6e84c2ffe7ada4ec656b5c,3,R10;R8;R9
4068af795c7cb80fec0883dab82f4fbf,3,R10;R8;R9
407530901f066b6b5b5d486495617fc8,3,R10;R8;R9
4085e7c5e44d4bc75213131a8a6aee47,3,R10;R8;R9
40946078a25a73b1cf8ad53d4497b4ca,3,R10;R8;R9
40956f021a2759da665c4497ca71ea5c,3,R10;R8;R9
40b51daeb48afacaaa3efca42bcaaf9c,3,R10;R8;R9
40b734f156870865282a367fb8e3621f,3,R10;R8;R9
40b9a833fd7bc494e9803286d9349ca6,3,R1;R2;R7
40c5bb0fb2daacf73f49b8cdfc278a27,3,R13;R14;R16
40e4e25dffe7079e7523117ca5579aa4,3,R10;R8;R9
40e919b188ff9c41cf2e3f9c37a4b808,3,R11;R15;R17
4113bf958daeb1b468c147801007dfc3,3,R10;R8;R9
4117133a86ed741c387d404a8ffe5581,3,R10;R8;R9
411720e11033999fe479d1c1a66819e9,3,R10;R8;R9
4127fa1e8bcb9931cc8b49367eecef78,3,R10;R8;R9
412c4d81ec9510492343169ea6fc6a68,3,R10;R8;R9
412fc134e3193cefce521a751c3b254f,3,R15;R4;R6
413010bcfa8857cbd34a99f115926686,3,R10;R8;R9
4134e5340d245866991f98a73310358f,3,R10;R8;R9
413a167473cba4db44ee7be8359d1546,3,R10;R8;R9
4142e0645234ffd87a9fa0b8aaa6bbb5,3,R10;R8;R9
414615baf78e32f3405cbcf5b742895d,3,R10;R8;R9
414ae85a6ec97db19ed913bde0062b11,3,R10;R8;R9
415f0f58066bad3d69bd5fac2c80574b,3,R10;R8;R9
4170940c52599e7c3bb9b4088bb3d884,3,R10;R8;R9
417de085be6029490ca2690608d65e57,3,R10;R8;R9
418f63372f9d6d1e2e37dcfb466d6740,3,R14;R2;R6
41981decf2f67490e917ab06a55a677c,3,R10;R8;R9
41a3987fef185ed06ea962df3493f57a,3,R10;R8;R9
41a85f4b0d6836e24334e29b3d952e76,3,R10;R8;R9
41bce02542a90273d79a8cc6d214170d,3,R10;R8;R9
41c40fd3bd0719e48290cd6f3485ca77,3,R10;R8;R9
41cee81dbe9886a56b6c3ee56fb23448,3,R10;R8;R9
41d514ff20e011d114c57e8a5058fe61,3,R10;R8;R9
41d642577ada2969ece3637f6c800139,3,R10;R8;R9
41ebb4e4b4434bb495434e6a4026c9d7,3,R10;R8;R9
41fb428a3813d4efe0f1031d9bff16df,3,R10;R8;R9
4203ea234a2b4f10be4bd90cddc64347,3,R17;R2;R6
420e72f8ebc531f2eaed5ee48a3203b4,3,R10;R8;R9
421a769663792125e8d7d05459a01efb,3,R10;R8;R9
42288fde1946f3c9261a97405741979c,3,R10;R8;R9
4230309aa0f542050321fe2be02554d7,3,R10;R8;R9
4248a80a016d3bb7c12544e32d97330f,3,R1;R15;R5
424c14b6f0a526ca2e8b4e9be9f70e03,3,R10;R8;R9
425a34be84f439353a9d4a2f54212e8c,3,R10;R8;R9
4268985caaa0bb4145dd056d5aa84b27,3,R10;R8;R9
427693347c93b01e186e65ddabcc01b0,3,R10;R8;R9
427db646765e399ae43ccd98c50effdc,3,R10;R8;R9
427f538105c4b3e67683731e4cb6eacf,3,R17;R2;R3
429ce8e289547fe54bb229c3091cedbf,3,R10;R8;R9
429f8dfd3cd4748c67b8395f9e8d678e,3,R10;R8;R9
42a0e01edabc44f812173bb07fa5bb09,3,R10;R8;R9
42aa1ebd4dbf93efaeb7442f6484ed00,3,R10;R8;R9
42c049fd05428f7d606e9da4a95a8c3b,3,R10;R8;R9
42d2ad470aec5b121fb71822abcecd69,3,R10;R8;R9
42e45c17b9e92a9108ef6f2f47804d8a,3,R11;R14;R15
42fba4329860d5995fea57553104907a,3,R11;R12;R15
43042c8224a4438b1ce2bb0695976182,3,R10;R8;R9
4308b795084095f21117491e3b07f2a7,3,R10;R8;R9
430e3d75b2b3924e82d5fcf9bec84e8b,3,R10;R8;R9
4334f287e7a843348a24c4dfa9718d6f,3,R10;R8;R9
4350258eb4d7ec91137c01233fe0a51c,3,R10;R8;R9
4361c97e29d8614a2b2a539beaf8aef0,3,R10;R8;R9
4376c4766028d6873001b6653c5b6a13,3,R10;R8;R9
43947f72e5d1a4998606a193af8b7a69,3,R10;R8;R9
43a9edf6cea5fec0b63f8a6d9e2a50d7,3,R10;R8;R9
43b12f96beff0400ddc04da244e69983,3,R10;R8;R9
43c1e275bc208f31cc3b1a6c8fda1ea7,3,R10;R8;R9
43cbc92d48a9318036e947277c3981fd,3,R10;R8;R9
43d3137e74ebd344636228e786cb91b0,3,R10;R8;R9
43d5a4a18c3228cf1060d24a9407036c,3,R10;R8;R9
43d6a61fac5fb77bbf83e0070b914c82,3,R10;R8;R9
43e11813c6d7bcef779a1a287edc02c4,3,R10;R8;R9
43e96bafa84091eec856901f949efa05,3,R10;R8;R9
440d5de43270006800efa1caecede2f1,3,R10;R8;R9
44227b3ea199ef4a06524f5c843e2608,3,R10;R8;R9
442c07cd30e5e5acb538377be3dd4051,3,R10;R8;R9
4462595f31d1a2c5aac2b3a8a49536d4,3,R11;R12;R16
4479ab54ba10a7609e2baaf28f04a5cb,3,R11;R12;R15
4492c069f7ada2a19b95a740e9af64e4,3,R10;R8;R9
44999de3c6dd3312011578cdbfc7116e,3,R10;R8;R9
44bee0141a26e62f08e6da00b0dbf165,3,R10;R8;R9
44ca3d27effe04ec7ac6e46ef63099b5,3,R10;R8;R9
44e0f233a3ade73cab164079b182bf41,3,R11;R14;R16
44e4be82a8acb16906b5398bc464b472,3,R10;R8;R9
44ff83f86f81c54ed2540ccddcc68263,3,R10;R8;R9
4500dc880a0978a7a1f91a0be2756806,3,R10;R8;R9
4524f9b0da0eb546173210ef937b583c,3,R10;R8;R9
4529b87e145b07c60ef3c4e3c914dc78,3,R10;R8;R9
45398cfbf0d0f364c24b5d4458df4c8e,3,R10;R8;R9
454d4b20bb55eb38f90fd51706531b9e,3,R10;R8;R9
4552f5fcf83d643416d9da169bfbba67,3,R10;R8;R9
457e53f750c2f152033022e7918cc296,3,R10;R8;R9
458a8766b1f96850e9f893e382058988,3,R10;R8;R9
458c16f2648bd04054649d10a11b9fdf,3,R10;R8;R9
458dac26200d54d8be49a43e001dc7da,3,R10;R8;R9
45be6be8ef7817787b00be04c6fd5286,3,R10;R8;R9
45d77bbb17ed1131a96b6fa31327a9de,3,R10;R8;R9
45f8fd11d471cfb910172d26f8157ee5,3,R10;R8;R9
45fad4fe08460cf9aec10986ba13c582,3,R10;R8;R9
45fe7f662e03438dcf15144ae9d74ce5,3,R10;R8;R9
46355182cba3399f341d1cd6474f45ac,3,R10;R8;R9
464c4f4d94d999777e09aca18e381926,3,R10;R8;R9
4652edceea12613caef68322a7fddec0,3,R10;R8;R9
466b5b5f21f766aecb22148002ff865a,3,R10;R8;R9
46b92bf299d677ff131e33dc85a5b8f2,3,R1;R17;R5
46ddca654164928e6c422e3e2eb24f9e,3,R10;R8;R9
46e487b18e0988c53bf9056bd3689a6d,3,R10;R8;R9
46f3ff375571079569284a232627d27c,3,R10;R8;R9
47062412df3d5cbfe56f5753cfc45035,3,R10;R8;R9
47110277377a779131d0e08d4389a503,3,R10;R8;R9
47188d0c91088558e62b52f1c9f06b0d,3,R10;R8;R9
4719de7513996807940aa3b1bbbb9610,3,R10;R8;R9
4726c4907566b5876c5c1fc7c5e876f1,3,R10;R8;R9
472b196c9371aa9d6e9d23ccf82936c2,3,R10;R8;R9
47322c3b3510df3e395773eca7e06dc8,3,R10;R8;R9
473e37c62215eca1498bf0584e59b69a,3,R11;R16;R17
47413ec6c79b4795ea7849cea26ece84,3,R10;R8;R9
474bbe6ff1f8b29f0e274dc459d95f70,3,R5;R7;R9
474f5063494b22e24a8a4855b080a640,3,R10;R8;R9
475705a8adf676e4f6d9db5296ed2b71,3,R10;R8;R9
4758f12fa97db882fa8b7142014cefb4,3,R10;R8;R9
476d64deaa4b32e9de9a508d3541f5a9,3,R10;R8;R9
477085017102d1d52b49984eb8b65a0c,3,R10;R8;R9
479f688143635e866da68da5dcd88efc,3,R13;R14;R16
47a50643e0ffee2204984ca1ac6bccf0,3,R10;R8;R9
47b5f7251d5c95b57e1fd1263587c2bb,3,R10;R8;R9
47c3488b2b2c3cc1fe426ba89c5ea057,3,R10;R8;R9
47d1e25eede8a23cc44fda5c031127d6,3,R10;R8;R9
47d5d77dd3faf937362a6a8c44c3df6d,3,R10;R8;R9
47ed17dcb2cbeec15182ed335a8b5a9e,3,R10;R8;R9
480fba9f814cae86968210673cab2c61,3,R10;R8;R9
481d58f636bb1d5b6d568e190b172a57,3,R10;R8;R9
4849b3d33dee7a3644c2e5d8b69ebf47,3,R10;R8;R9
484ac8b02e7fdf5807e95774da5f625f,3,R10;R8;R9
485c87f489b33281e4a49e4ac0ceded3,3,R10;R8;R9
485d22df0c99d17579ec2b44799ffb50,3,R10;R8;R9
4869a847a5271f2eeffe65ff1db8a9b1,3,R10;R8;R9
48774729b8921e024731f773e541d248,3,R10;R8;R9
4899401111bd09c261554c3b55009e08,3,R10;R8;R9
48a92383d627a10126b46b6bfae2bdb5,3,R10;R8;R9
48bb4ad46a1a86fd959ddb23e5bf3618,3,R10;R8;R9
48c44319fb3ad32555821ee0c74e6719,3,R10;R8;R9
48e1b4c86146132c1e3b514ab99050d9,3,R10;R8;R9
48e258ce61a71b27f93233e021024be8,3,R10;R8;R9
48e62136c5671259ad62877dfb5339d6,3,R10;R8;R9
48f3a35fcd6c76d5d0ee2d475b3f1f51,3,R13;R14;R15
49067626b247a6e8b9bd7e5b1d776c38,3,R10;R8;R9
49124d28f1789656d1da791c8f60b17a,3,R10;R8;R9
491c13b1c12bb702181d4795d3dd5083,3,R1;R5;R8
492c436c00725c4c909ec6fbc9223b92,3,R10;R8;R9
494ff71dc671dfe9fa10126064b9ce15,3,R11;R13;R15
495111db9d791a4667f35da65361aec5,3,R10;R8;R9
495fcdab0b3ae4e0856700741d4ff17b,3,R10;R8;R9
4972b3b12340e6f5b302c45ac60a1f75,3,R10;R8;R9
497a208d6060186f0bf3d7ebcf57fc02,3,R10;R8;R9
4987937425ec6478ba2f1c7549cb5369,3,R10;R8;R9
498ac0c4815a890629cf509446a47238,3,R10;R8;R9
499bf22f9d6aba3f7da0609d935c9e1d,3,R10;R8;R9
49c28afe8b399952b27ba05c8dd9cc04,3,R10;R8;R9
49c6238789bcdf8f37303fb8f70b7a9d,3,R10;R8;R9
49c82483ac000168b60056b1153c1afd,3,R10;R8;R9
49d5b90070caab91081e5e3b26b1a0f5,3,R10;R8;R9
49ded6fae1ab18e9200f9d9cbf26e884,3,R10;R8;R9
49eebefcfec20d1e94df3fe97f3464fa,3,R10;R8;R9
49ffdc3f7a8d0fc1f91335975ac6b44f,3,R13;R14;R15
4a24da485b9550c8df8b19caff945cdc,3,R10;R8;R9
4a2dec8f7163be64ef67f0d09056c921,3,R10;R8;R9
4a300e435a3290c70193efd5d89c033e,3,R10;R8;R9
4a46cdf01cee2a200f00daedf11576a9,3,R10;R8;R9
4a5732c7b9983cc84c987f27de556a9a,3,R10;R8;R9
4a67efd541f3149e52fc543a33abd332,3,R16;R2;R6
4ac56d1d9d015150191e49197b8ed15e,3,R14;R15;R16
4ac9c86c8538aadbcd05f36516562692,3,R10;R8;R9
4adeb5e5837fa7187535346c27d1afa6,3,R10;R8;R9
4b001bab36d94f73c1ead3ab74690dbc,3,R10;R8;R9
4b33db392748079f75a5250a15840b74,3,R10;R8;R9
4b4502be77b11e64bf31e62dc098da41,3,R10;R8;R9
4b56bc6d22b192f075f13231419dfcc8,3,R10;R8;R9
4b6420b930df7a0b2b4d64fb1be5a796,3,R10;R8;R9
4b6ca2a1a046bd045ea254e6550c8b5c,3,R10;R8;R9
4b8c24a1eaeabd898c28a92d25cc3632,3,R10;R8;R9
4b91d54f3170a9c8a757e6acd6c25588,3,R10;R8;R9
4b9ee23b2f17c3621158a9bef81cf86b,3,R10;R8;R9
4ba255d801f2e52fd54a67d79bd3da8a,3,R10;R8;R9
4ba445edf32750faf59f06cb09f1ed93,3,R10;R8;R9
4bb91fbeec0e58edace928f8b991cdbb,3,R10;R8;R9
4bbfa8505b7fbc0685c14d1003763f9e,3,R10;R8;R9
4bbfc3389565fc0e2617678317127940,3,R10;R8;R9
4bbfe3f248e318444c6628c28c2dbfae,3,R10;R8;R9
4bd2c3d9e7b1e62d3b55d858b5dca1a0,3,R10;R8;R9
4bd71829299b65b9ba7a01ce24387427,3,R10;R8;R9
4bdaa2947c7003aff2cd158ae9e186dc,3,R10;R8;R9
4bdb9e0eb858b60bb9cf97656c5d6130,3,R10;R8;R9
4befb68953c8c713258a3e676d3df30d,3,R10;R8;R9
4bfa2fa5fbcaf56ac690ad40fd74b260,3,R14;R3;R5
4c029c4f3deed9414b157053867709b0,3,R10;R8;R9
4c02da7cd2dc7415b226103114e5aaf0,3,R10;R8;R9
4c08ca0e2bce2f1fc972f5b0b10312c7,3,R10;R8;R9
4c127b111ebdba8c59de22a06ca00a7f,3,R11;R4;R7
4c136dc24756a39edd30f610a01029df,3,R10;R8;R9
4c27e9e5e1f0eccd8fbda6137e6d29d3,3,R13;R16;R5
4c343392ba20dd751dab3f9178bf01af,3,R10;R8;R9
4c4a83fb016a133dcc7a868e7eb229e7,3,R10;R8;R9
4c4cf43e7c8529c430c1d1295fee1784,3,R13;R15;R16
4c5bf28c7cdb9d7c5ac93c78bbd7bdef,3,R10;R8;R9
4c68b98043a1d2f7215d0db1a761bab3,3,R10;R8;R9
4c6b4bdeeca13b091e52dd6d674b90f8,3,R10;R8;R9
4c7d33b4c5bf485af4df30bb8500a002,3,R11;R13;R14
4c8b34b2b49560459f55016cc28a9b4e,3,R10;R8;R9
4ccc63ecf9efef91deef0f5849e3ad34,3,R11;R15;R16
4cccd244506af875fc9d2a32ad2b4b96,3,R10;R8;R9
4cd6ce29c3b6bab1f3f23509644cd626,3,R10;R8;R9
4cdc062257b3f9570bef2afe986605a8,3,R11;R15;R16
4ce311cd58824cdd3b6ca3e0878bb9c1,3,R10;R8;R9
4cf1b1d76ab89d36c71bb2c1cbd4335b,3,R10;R8;R9
4cfcd0c0e7dcd3236b98e3361af8b324,3,R10;R8;R9
4d01d09027d1d1e0513de4c8b4fc20e1,3,R10;R8;R9
4d0acfb4200c0153173d5d9997e6fe43,3,R10;R8;R9
4d314293037f079e4916231d262212d3,3,R10;R8;R9
4d382aae3f8589c113589533ffdb3545,3,R11;R13;R3
4d3a1fe62d0df7015482f6c8429ed5a8,3,R10;R8;R9
4d8a51ab3ebdb9b9f91c373b56b5d7f3,3,R10;R8;R9
4d8fb15d5bf045d6fb3809b305ce9d42,3,R10;R8;R9
4d911f55a3576833aa411f5718c8021e,3,R10;R8;R9
4da6d92e1eeeed4658aaa52ce11fe8f4,3,R10;R8;R9
4db4ecf3e2d32c92cf3f10c7b1643a5b,3,R10;R8;R9
4db77a5ffb5fa45be829a1cb9f6bc281,3,R10;R8;R9
4db7b12c1770b0aef3a1ea88bb95d97a,3,R10;R8;R9
4dba0415612e40d5f6351068afec5188,3,R10;R8;R9
4dc920678507b8b1f441b541c5f7d8a6,3,R10;R8;R9
4dd2565b70e524eeabe9a1c6ce75a3a3,3,R10;R8;R9
4ddc546539907c6884564c6711e6e8f6,3,R10;R8;R9
4de0046df0947c59999ff9fc24c8f1f8,3,R10;R8;R9
4de285a2425fae1e19bb809500afb721,3,R10;R8;R9
4df989ed5a8e07614c7121e0f57ab881,3,R10;R8;R9
4e05e0eb20d51d18764289ce2c240942,3,R11;R15;R17
4e0856fe29f4d2eecc45dcac43c39c1e,3,R10;R8;R9
4e1c7c8139ca923967f318edb0fec0e6,3,R10;R8;R9
4e29508a919faf1d425a6a8c14d7a08d,3,R10;R8;R9
4e39db9ee3a3fa04e219e4649581708a,3,R10;R8;R9
4e3a3b03cf00a9060ac139f57843a241,3,R10;R8;R9
4e64cec5f0f214dd6ab9eb488fe6ddb9,3,R10;R8;R9
4e67e6bf89bc680a13cdf9f72cf99423,3,R10;R8;R9
4e768f77541065c7e5465fc8e049e2d0,3,R10;R8;R9
4e7a534c72ee26ef1610dd6e5c94d246,3,R10;R8;R9
4e7fe9cc13468517b324743c8c8b7b40,3,R10;R8;R9
4e8ff7aae833d90a392038e0469a580b,3,R10;R8;R9
4ea43f30fdd925340ad598bb10028c97,3,R10;R8;R9
4eba4a7398dcb610dfc7bd794e52b9e4,3,R11;R13;R15
4ec0857964d6c66165927a14b9b7f26f,3,R10;R8;R9
4ec2fcd26cb91d4d33596c69c46e0816,3,R10;R8;R9
4ed68446e699393eee15c57b87ab6f14,3,R10;R8;R9
4eed7a6bb03888eade13343f141dd5c8,3,R10;R8;R9
4ef1312ec852f7b0da904d5c023dd763,3,R10;R8;R9
4ef589fee1b30a47d9955e4613cf901c,3,R10;R8;R9
4f15e82336d2e7505d4c9d757d6b1e68,3,R10;R8;R9
4f1aea7b3a7d3d3af2a5367565bc4f37,3,R10;R8;R9
4f3f489a6b0257782ee57deaba29b0d8,3,R10;R8;R9
4f3f5460ae80ab6ec1bf00b33087a828,3,R10;R8;R9
4f55eff35e0c162fcde67c36b159e6c2,3,R10;R8;R9
4f6ce4d52f883da96b68389f0c86a3f5,3,R10;R8;R9
4f85a3489a50abf87136c4544ce8b2ba,3,R12;R16;R4
4f88ef0610cf30530d9492bf9980ffdd,3,R1;R2;R5
4fa30afdf5d4bbfcfd9071e2a56e7a4b,3,R10;R8;R9
4fb8b42ce575d32e3bc864ac4b72b46f,3,R11;R13;R14
4fc9e9141f0c5a009cc703c2390a1206,3,R10;R8;R9
4fd945bbe2d065ec9f58c2e86de2e1f9,3,R10;R8;R9
4fea09c4066a754deae204145651ba66,3,R10;R8;R9
4ffd7c077cbf6ac90d95669b7cb314cc,3,R10;R8;R9
5020b0b92309c84c4db2b6efb0c16e98,3,R10;R8;R9
50297e864bd40ca2a8102013e0a899cd,3,R10;R8;R9
503b8d4fecc9a637a1bb1f088d66b496,3,R1;R2;R6
50625148e666a338a8588bd1b1e0b7f3,3,R10;R8;R9
50708867ca7d310f7a521c99e8404366,3,R10;R8;R9
50723f9ca4e3cc4b33cac5970f8c442f,3,R10;R8;R9
5076848df8fa698b517a34f6a8246d43,3,R13;R14;R15
508083b00dfef2ea10fe2aebee580990,3,R10;R8;R9
508c4c30d17b6c425cecaaa7121c578a,3,R10;R8;R9
50937a47ccac712f2dd7e750207c16ba,3,R10;R8;R9
50b13defc76ed84a3b775856bfda2dfb,3,R10;R8;R9
50d427f8dcf1ce69704b69db12d52192,3,R10;R8;R9
50e578a1af0cba03c513965993b9e5fa,3,R10;R8;R9
50f315c754b3530ac3c9bac3e96b22ac,3,R10;R8;R9
510de55463812cc7e80f16d523892408,3,R10;R8;R9
5110151fc236f15afffe7a5f8b9d7173,3,R10;R8;R9
511b2a7296990326bdc26ed3ca30a329,3,R10;R8;R9
511e8b50c9a7ecee4e1a8621f262e9ad,3,R10;R8;R9
51252d90beb12e47b0684e8673080ee0,3,R10;R8;R9
512e7a3cb8427dccc274f5425a3121dd,3,R11;R12;R13
513203e29fe43941076e37a945e58c36,3,R12;R14;R16
51422a086cffde581d437b25a71f2b20,3,R10;R8;R9
5156d69e540648eb952371ec5c80bc81,3,R10;R8;R9
515fa6a2f756494eb4b19d7248989268,3,R10;R8;R9
5161ae032f0552603b6de965b2bb3e09,3,R10;R8;R9
5164a68ca025b37b2ee9525b66c01071,3,R10;R8;R9
5170326726acc5b2f50c4426417f3b23,3,R10;R8;R9
517f3939a9628db4475c2c0ae39b2d1b,3,R10;R8;R9
5184bc9a54adf7c8cb707c45f21fd741,3,R10;R8;R9
5186303faebc722fd30549bffab17d28,3,R2;R5;R6
51866523926ef3d4f2e969f0c6efb13c,3,R10;R8;R9
51a8a2d913f12d2b39d9fe43fe27aa2d,3,R11;R12;R14
51a8d7259a0a6deac20b7c4979a7e847,3,R12;R14;R15
51b168d29879c8972aa29d9f31f4b00c,3,R10;R8;R9
51b32791c77b71fca56fc28f10ce770c,3,R10;R8;R9
51cc7892a363b3d3479c7b801f7ca53e,3,R10;R8;R9
51cce256c4d5b81a6b65a24cfe7b3ba2,3,R10;R8;R9
51d1cf3040cca32ccbfdb70b95168fbb,3,R10;R8;R9
51df5eca07ab2ddb3be2eeee9a52c605,3,R10;R8;R9
51eb9c41906d5d46d35740f53d37ab49,3,R10;R8;R9
520d974129f659b2ac9588b4f19bc58a,3,R10;R8;R9
5227d616111561c6fa23dbc07cf46929,3,R10;R8;R9
522dea0833b59836405679f464299eac,3,R10;R8;R9
52448f4ee36620bad15bf4c097c6f17e,3,R10;R8;R9
5260bd9fff6293f51f50232b2f0ebdcb,3,R10;R8;R9
52637c1cd09bb2655f4c08aaa698a270,3,R10;R8;R9
5268b1ff61505e50ac05fd430cc45276,3,R10;R8;R9
528b0f9791c96c9cb1b2e4f510223f8e,3,R10;R8;R9
52951d7de2485aba8ed62629eee4d254,3,R10;R8;R9
52979eadb9adb0c1dc9a64fa0d3c4d26,3,R10;R8;R9
529d855ec524ddf484434d90da0e3f4a,3,R10;R8;R9
52a4ee5944586edccdb0e1f25b7a9ef8,3,R10;R8;R9
52ad48bb3bd43f207c56972dbc29ce4e,3,R10;R8;R9
52c85584532b1c23d447ab91ac1787ef,3,R10;R8;R9
52d44d46feb0f3aa85e55476860b3ba7,3,R10;R8;R9
52e2c09b396b3591287d7040a9df8177,3,R10;R8;R9
52fe2f01573413223b1f7edee17de341,3,R10;R8;R9
53023065af5f5dbdc581ae1d01c707ba,3,R10;R8;R9
5308d2b6f06e98bd8e7c16ed6124aff1,3,R10;R8;R9
5318f62ea80235a9cc82ad475d79ee96,3,R10;R8;R9
5325bdc682cf5b460a489405dc2369f0,3,R10;R8;R9
53385a96b1681676153e5e8900eaac66,3,R10;R8;R9
534b124253b5513add03cd3c64d9b5cc,3,R10;R8;R9
5386660b78d301f69d170f83885aafe6,3,R10;R8;R9
53b1a490cd7e3a30e94014bdfd314d14,3,R10;R8;R9
53b894bd3ec511ae4bec7b5b47ce260a,3,R10;R8;R9
53be245b32ccb6e9cfd1bee68969fcd5,3,R10;R8;R9
53c5f82af2582e61a0d2c47c851cc246,3,R13;R15;R16
53ccff63f08af78b59278f65fa89ab77,3,R10;R8;R9
53d0c95f346e365f81fb95c5c6a6d027,3,R10;R8;R9
53d4fbf11ca8be107a343df37ca9eddc,3,R10;R8;R9
53e2a10eb9969b0e336a51d11dda17f9,3,R10;R8;R9
53e93d9f8cf885a55e00079256595a86,3,R10;R8;R9
53f24abf8ff03943c9a413462606cb39,3,R15;R2;R3
53f8a8327590a490890d3d2acfb08dea,3,R10;R8;R9
53fd81f25545667511f292625f390087,3,R3;R4;R6
54122627c6aeed581fde506562a73b2e,3,R10;R8;R9
54220e92c21a62705bf7a124f88f952b,3,R10;R8;R9
542f4583f097667ad5f691085f1da789,3,R13;R3;R5
543278633eea00a31aa950d65ad504c3,3,R10;R8;R9
543c0591a8706112a0e71620509a398f,3,R10;R8;R9
54402d9750c85f0e06e3d9464f6c2363,3,R10;R8;R9
5448e1c9dcfbf590e62b7e862754fbac,3,R10;R8;R9
5450f21b06e8ee3fcdc1375711bc28ee,3,R10;R8;R9
54513c2ba05c261ea2b2a87455634b1c,3,R10;R8;R9
54573b0df6208b2a4b53c2c9c079e1b3,3,R10;R6;R9
545c9dbeb94829f48598298810c03c22,3,R10;R8;R9
5467a3e2ca866b4295b2e73089fec5fe,3,R10;R8;R9
547c05d144ba6fc07c0c4bb052a3baad,3,R10;R8;R9
5480af204701170956ce3d98f363a3c2,3,R10;R8;R9
548bf08ac3fb4268aec314b42911af13,3,R12;R8;R9
548bf1d835906c257ca4557ca44b3e81,3,R10;R8;R9
54c0150631b47cb729930541e54f3deb,3,R10;R8;R9
54c29330c2acd1a534ee949951b7f649,3,R10;R8;R9
54d7976f3b2da92eafd691971f78ea2b,3,R10;R8;R9
54d9b89fd235a6141bc3512482e988a9,3,R10;R8;R9
54e6184c63c75a9695d7effc17969ad0,3,R10;R8;R9
54f9194379210945be0ed72fac357456,3,R10;R8;R9
54fa20d07ac42e467ab67a87cf8563a3,3,R10;R8;R9
54faa310d699dd7d3318ed5e786638ce,3,R1;R10;R8
550b3741c40e9beaddd7aaf69274da50,3,R10;R8;R9
550d073e57548eab1948b707b7a96132,3,R10;R8;R9
551456e08a1327bdba41297c8ebb8c6f,3,R10;R8;R9
55231bc4cc095392e090a72f11ef79c8,3,R10;R8;R9
5539e48e8091eabd708e85ae1a71a22a,3,R10;R8;R9
55502b1d1bf95606ecfb0abb4f1fdd98,3,R1;R2;R3
5562ea946b0ed8574dd20d05a001d6c4,3,R10;R8;R9
5578d9ba48381064e92e7c9198e1f1b4,3,R10;R8;R9
557e3236337cc0a98613a715ab9cde44,3,R2;R6;R7
55a6f35d1fc71adbb833ae726a42e46e,3,R10;R8;R9
55bb2808e74d4d4bfda40275268603a4,3,R12;R14;R15
55e39b1282cde6796b82c6b5019a1fb8,3,R10;R8;R9
55e45c8cf9f997e9970596503683521a,3,R10;R8;R9
55e6279aac033f9a68822a4f84d765fc,3,R11;R17;R8
55e7a17c7a91bf95becd6366d7b93640,3,R10;R8;R9
55f85ec5fcb63977aa18ff153842c150,3,R10;R8;R9
55fb526d34d6a1397c64f537883fefec,3,R10;R8;R9
560284e43ee691bdc27fa34135d9a743,3,R10;R8;R9
56148601578eca84683ee253d6f8833b,3,R10;R8;R9
566150c4fe08a31a5a17d9d9f6c5f21f,3,R10;R8;R9
566706c785a16e57c297029ba11efc2c,3,R10;R8;R9
5673fae597c1b5218f79eead1f413da6,3,R10;R8;R9
56923ac65e4a3bf6e8ec0af530c4a205,3,R10;R8;R9
569f16cfa1a0c9536565c78b092d098b,3,R10;R8;R9
56aac20ce11355082ffffb3d77bd6824,3,R2;R3;R7
56c3324444472cec9277a83158192c63,3,R10;R8;R9
56c3bbef093e2a2601cf4373aac9ff92,3,R10;R8;R9
56dac092c516acffda2ffac85f90e9cc,3,R10;R8;R9
56dd85ec693c65d811902a9054610f8b,3,R10;R8;R9
56e12dd250d23cb2199f1f90eb5a337f,3,R10;R8;R9
56fc900d3d2f8bfec66a7b5577cf2b59,3,R11;R12;R14
56ff7fcebb05ad791d43e5b043f7d405,3,R10;R8;R9
57036d99900dabe66e5294251e3f56de,3,R10;R8;R9
570b01357f936d484c60c80de7c74b86,3,R11;R16;R6
570f86fa3c8923ee5476ac1b1e7485e0,3,R10;R8;R9
5714aea8b5a2d9b030196646842a6d47,3,R10;R8;R9
5719bc77c9b616aab2202280f293699a,3,R10;R8;R9
571ffeb5344b749ef4e99c75b8449a86,3,R10;R8;R9
573b1453639e5e3e842956bbc7048547,3,R10;R8;R9
573ff866dcd6b3a8805c5b87c4df8ff8,3,R10;R8;R9
57415c4992802274b5a54930019c30f1,3,R10;R8;R9
575b98a9f9824d519937a776bd819cc4,3,R10;R8;R9
575c1973c2d617658508d18d94bc2ffa,3,R10;R8;R9
5766dfc49e91557e8cd4a06a406b8890,3,R10;R8;R9
577807f1ee94692b516b0b184b89ab35,3,R15;R16;R17
57850a5fb4ff1a1e8597a8bdea74759a,3,R10;R8;R9
5789e4266faeb45b6a483cff6b83c5d1,3,R10;R8;R9
578ccc9ae139b55ba1aad1a0b657b8d5,3,R10;R8;R9
579ceeec7e5374a80d88551c81db441a,3,R10;R8;R9
57a083a3936273d9308af1bb7c83791b,3,R10;R8;R9
57a11dff1b33a1e011eb9ccd9a2f24cc,3,R10;R8;R9
57b939b0fd7d156a6113a48caad65f0d,3,R10;R8;R9
57c9ecc9749eb1860f37a308d0b284ec,3,R11;R12;R17
57d537d956b0881fda614facacdd4408,3,R10;R8;R9
57d5e49e640aef3fae44cdac47be5ba9,3,R10;R8;R9
57e0f7ded402e2fac6be1f00fd7c0b19,3,R10;R8;R9
57e37e82484254e6826397247ac940d1,3,R10;R8;R9
57ea8252280fae29b410732f1f84bbae,3,R11;R5;R7
582b7c53ef97d1107d527bf23879353f,3,R10;R8;R9
5879d22d9f6aec0ba5d682bcc6131e22,3,R10;R8;R9
587be2890ac536488d3c32debc1c215f,3,R10;R8;R9
587e0e770264b37149a0c033ee33820c,3,R10;R8;R9
5895fa847d7ce6fbc0c1ad1ca998b613,3,R10;R8;R9
589b16dad117199798d05ca550dfcd5e,3,R2;R3;R8
58ab031cf2346b3a7b8fb32fb9ccd1c1,3,R10;R8;R9
58ac0fe8d8c2cf736216f42a31e89e85,3,R10;R8;R9
58bfe68d45f17aae1f4ffb9b5db6d6f8,3,R10;R8;R9
58c124b011089a70e144fcb9d8d1c178,3,R10;R8;R9
58c96358e94c768b0eeb723bf985d575,3,R10;R8;R9
58ce2d9435ef94fcf6fe4eeda8387890,3,R10;R8;R9
58e1820f96aa84a141c9e217c46dfe71,3,R10;R8;R9
58f0f69ce610c51dbecd42b9e83677c5,3,R10;R8;R9
58f1092e67574175f2f17b06b1f66911,3,R10;R8;R9
5933a74d7c042ba8801e604b79c64933,3,R10;R8;R9
5935605beb0f08caeb9ff4481157c520,3,R12;R2;R3
5936f6e1e88d80cfc8b42dd82996b7e7,3,R10;R8;R9
5938d1edca572c6168c83190a35b4504,3,R10;R8;R9
59463dec11bd9627f875e0372d9ce1e2,3,R10;R8;R9
5955a4d3f94e8125db08141bd25a6824,3,R10;R8;R9
59615049fbc2df4b0aaeb3aca6648421,3,R13;R15;R16
59782bef0d73440e75ec2f92b4d4e38d,3,R10;R8;R9
598047ea4f0c2a65a298a50f60f4c7d7,3,R10;R8;R9
5999e9610932a293d57fa921d4a4905c,3,R10;R8;R9
5999f46a39109c9af7dc63e3b580a1ba,3,R10;R8;R9
59a3b8e835e1468ba834b05256198d4b,3,R10;R8;R9
59a7447696c775e5330241645060ad1c,3,R10;R8;R9
59b1dc77610f1c18cf6524b476128321,3,R10;R8;R9
59b55e41fd67eb9e8e3811efba3c032c,3,R10;R8;R9
59d215990b0e15b66e129d47f1b34943,3,R11;R12;R15
59e13a6fecb4e883dee11ec8cbefe478,3,R10;R8;R9
59e1f024cb9e119964b57d942fd72e36,3,R10;R8;R9
5a0fbc7c40ea94bef4c8342d47c05b26,3,R10;R8;R9
5a41618b987898b085e2411532f7b9f7,3,R10;R8;R9
5a43f10c267152bdbf23851b50c1c52d,3,R10;R8;R9
5a58e4e711cccb78407ae86820d643d0,3,R10;R8;R9
5a80ba9453fa7f5833b04190e6f7dbf5,3,R10;R8;R9
5a8231c748478ef6be5055800a2fce17,3,R13;R14;R16
5a8b04bbb49b5883741d4b183182c661,3,R5;R7;R9
5a906d95202259b2e2ac0a2aee8f2f65,3,R10;R8;R9
5a9e67c8d1782a1a1068ba62dc2e34f6,3,R10;R8;R9
5aa1078fe0601b8d13d779ecf83badac,3,R10;R8;R9
5ab46f617dc0db05f4eee6def96c5d6e,3,R10;R8;R9
5af7ba3901d0937dea00f84257c5c8c2,3,R11;R12;R16
5af9cf3407df191a1c8fb59d76593d22,3,R10;R8;R9
5afdc4e7edfdefd26c0c8381ac79b358,3,R1;R11;R4
5b04f2ac084b14227afc7a8a321de6e5,3,R10;R8;R9
5b05df19287bc68ead3011b06492d5e9,3,R10;R8;R9
5b117af61738a1b97e73039969841851,3,R10;R8;R9
5b1670d49882cd6d4718a5bb8616b34f,3,R11;R13;R14
5b1ca661c257f3ab27cb8d43b7770fab,3,R10;R8;R9
5b21cf5288e23f7abc39fc7fecae09cd,3,R10;R8;R9
5b295b1def2ae7beedc752eb0fd668aa,3,R10;R8;R9
5b2e28bd44d10e3e10605d0d95ffba22,3,R10;R8;R9
5b34fd56bddef0fba0a3d88286604cbe,3,R10;R8;R9
5b50aaeb4070f03384ce3173afe0bdcd,3,R10;R8;R9
5b6ac2868f30a56ee492348f8da40211,3,R1;R2;R3
5b6f8c860f1ced753af1ba0f047a99ef,3,R10;R8;R9
5b76b8bc5004e1b673e03e1a5b335034,3,R10;R8;R9
5b914f255801a14edc598bbe7f480f20,3,R10;R8;R9
5ba3c5d4c87aeca558d9f2d452854085,3,R10;R8;R9
5bac140ce817cf691563067d70952e95,3,R10;R8;R9
5bb68aea19f6eb00d28d0e6386afecfc,3,R10;R8;R9
5bbac8d8d5d451761634493ddc1b7f38,3,R10;R8;R9
5bc0153d83e1514ca428123b264a3aa8,3,R10;R8;R9
5bec9b12b354f2d865db06ae323259b8,3,R10;R8;R9
5bf3368744630f459a499ccdccc9cdf1,3,R10;R8;R9
5c0e5d5565e95746f3760193c38a48bf,3,R10;R8;R9
5c10838d84f0c6a1bf21c375100a1e7d,3,R10;R8;R9
5c236bd87dff8c15d259c70b842620aa,3,R10;R8;R9
5c31e0c3f7beb95833196c55509dc127,3,R10;R8;R9
5c42e55309fada027b5bc8dc772ac88a,3,R10;R8;R9
5c5692c89519d119928a04d16613b55b,3,R10;R8;R9
5c6a7334ef6de11f55adff603734e4ea,3,R1;R13;R15
5c6e3e0700cff1f8d88bad0ba40076aa,3,R10;R8;R9
5c76b614df36384b545ed038550794c5,3,R10;R8;R9
5c796eb672128aa15473051998334a09,3,R10;R8;R9
5c87991b2ad944d1a17e2e5b6a09f156,3,R10;R8;R9
5ca166e3c183eed19a435a0db42d9939,3,R10;R8;R9
5cac2353795d14b7b45dc7f755ab4d79,3,R10;R8;R9
5cb875c0e27e2af51deea598506dd926,3,R10;R8;R9
5ccbe9cf1b033cccdd76fd99cc6ccd01,3,R10;R8;R9
5cefd144909538b07270bd3283d567cc,3,R10;R8;R9
5cf657759ffe1c8ad29c2b6938197dfc,3,R10;R8;R9
5d2a481a562112395f28010b079a9cf1,3,R10;R8;R9
5d37206ee0084505c5509d92029ee95e,3,R10;R8;R9
5d3d38eae35191d06fd2a0261fa74934,3,R10;R8;R9
5d4a7daa7e70085f6e5489fff404c1e9,3,R12;R14;R15
5d552285af8132602f23a7951eec8efe,3,R10;R8;R9
5d5a37ba110538a40cbc037126af47d3,3,R10;R8;R9
5d6c0df203f0e3f04467e27507029026,3,R10;R8;R9
5d839d09ab9417b4ea3e6e92961e0747,3,R10;R8;R9
5d8aad3fbe2a422089ebf41678bda3ce,3,R10;R8;R9
5d8c27abe7add51ed3ede20c7d091f16,3,R10;R8;R9
5d911ff93f3820e66d76ffe822300426,3,R14;R16;R17
5d915a93afa7a4d47aeb206eefba2465,3,R10;R8;R9
5da264775732004f1b724b660138854a,3,R10;R8;R9
5da459bb842baf8b844d998f5b6c996c,3,R10;R8;R9
5dcc50d9eb1c4959a2a0dbdf2845ffc3,3,R12;R15;R16
5dd28adf45035593337e0af14785f7ae,3,R10;R8;R9
5de91fab780d937e6cba46c4e807bb12,3,R10;R8;R9
5df359e160b87cd0d9f496a1e6648b1f,3,R10;R8;R9
5dfb216441a8b99cf5e617ba76cf164a,3,R10;R8;R9
5e02cde47ed2fd338141e3dcff3139b9,3,R10;R8;R9
5e06a5e29082d7c841672d9d5ee5173d,3,R10;R8;R9
5e3b89e075787f07cfccd64d9182f149,3,R10;R8;R9
5e3fbd3cf75a49590a141e5aa5572137,3,R10;R8;R9
5e679b95d1ce29e2bb0938b6b305a265,3,R10;R8;R9
5e7edf8a5f636b67a2a854b284360cfa,3,R10;R8;R9
5e808e9cbcb8cb66f3c798e9e5ea4e03,3,R12;R5;R7
5e81bf594edfd5481fc4a2fe942bb0a6,3,R10;R8;R9
5e90e76ac63c847409ad08821c7d5937,3,R10;R8;R9
5ea84b103e1046041d21c48a61e3fcd2,3,R10;R8;R9
5eaf3a8e7bc9dd931af72662081f009b,3,R10;R8;R9
5eb3f5cb8e18778cad831a75d0e74d95,3,R13;R5;R6
5ed9dc88e3fc76c9cb834ed274994ebf,3,R10;R8;R9
5ee7d7e6df4cda91b44134754044751c,3,R12;R13;R15
5f09150b3d82a8e7103c7777278389dd,3,R10;R8;R9
5f21557d7c24e3f023db5c6e866b5119,3,R10;R8;R9
5f39b234c96c89da0f9db28c873b75b1,3,R10;R8;R9
5f4eff3b76151906fe87be784d191a1f,3,R10;R8;R9
5f565b018973e7c70aad47a92a5c14ea,3,R10;R8;R9
5f6d317d6ef78eb1f66b9cf0f0bd8555,3,R10;R8;R9
5f7b80742cd833dcb52b3f2de3de412f,3,R2;R7;R8
5fac617f1ce097354f1a28e8fa5036e5,3,R11;R14;R15
5fb44599ac9e8866dc107e366467cafc,3,R10;R8;R9
5fbe80c51a1b3fb43bb5143803482282,3,R10;R8;R9
5fd4c67e23e05c603525dae871ee1077,3,R10;R8;R9
5fd698415fe157a7bc7fa75a52ecabc6,3,R10;R8;R9
5fec3c0902c51a7a230544f540e2244d,3,R10;R8;R9
5ff1e6bd7cb14179a70db035d3aa6ba6,3,R10;R8;R9
5ff1fca7e25f078c81b1e22a057dcd69,3,R10;R8;R9
5ff9bf9ce4a5732215ab6da888a4a510,3,R10;R8;R9
5ffa2d8c4717aa06a6cdec9f74e775c9,3,R10;R8;R9
600f30b4b9e4eab1d027065d4b0140fc,3,R10;R8;R9
60398630bcbf4f2fa6f5730fd9a9f4dc,3,R10;R8;R9
603b1ac8a6e947e4cb0992dbed44f0d9,3,R10;R8;R9
604340ab6423f81a91ac72182163e9a4,3,R10;R8;R9
604ce8a56fd0539880b17f999ad10468,3,R12;R14;R15
6056fe4eed40998cc745482220bd33a6,3,R10;R8;R9
606147f7461d5d7642f887d6b1b9d16b,3,R10;R8;R9
606765fe716741ebafc722890c81aaf8,3,R10;R8;R9
60679b51d403a3a1fc020a0a86fedd8d,3,R11;R12;R14
6067e2a8536a187d543ebd4fab4af731,3,R10;R8;R9
6072a9325dcf5318517a0696040a9dcc,3,R10;R8;R9
607867449f9bc95be2e163509e254752,3,R13;R14;R15
6081e75c58a050442a9ff3a5a2a51ffc,3,R11;R13;R14
609aa57eca1fce9afb86a341b7b560fc,3,R10;R8;R9
609eb619fc23177db779067b5cc816a7,3,R10;R8;R9
60ba71ee189d4892f99bdbe3fa08f98a,3,R10;R8;R9
60d769f30bc9d356998abeeba51fa6ff,3,R10;R8;R9
60e641e62376dc3cfa71299033535b40,3,R1;R13;R5
60ef7a89da46636e62b8351d15bff6c6,3,R10;R8;R9
60f2171aff3d6e13a8987e59d7a87739,3,R10;R8;R9
60fe9e6fc41b0e1f8be7b7b6b13db5cc,3,R10;R8;R9
610d69d7787f995a196a5d8ea8ed1be5,3,R10;R8;R9
611077472d2fc78135ad2ad32059888e,3,R10;R8;R9
611310e3e1ec37e73e74f1a756b3bb69,3,R10;R8;R9
61306376f68f499c2d6e52b56225012b,3,R13;R14;R16
6137da0107d18f2bc35b6814c0f00ac8,3,R10;R8;R9
613fd7f3a8b48248d4027c90a414ff9a,3,R12;R13;R15
6145c49011a33ec5d61866a3a7085f33,3,R10;R8;R9
614b0af08224c7163278ff78abc8bad7,3,R10;R8;R9
614e79f6a2879432b2af4287d954f98f,3,R10;R7;R8
616f7784ae537b00b14617a57b53de73,3,R10;R8;R9
61a02fd2f3c838c3e5daf2786bb6e54a,3,R10;R8;R9
61b870f53ee51305fca5b584ffaf4a8d,3,R10;R8;R9
61d21c0ea3c0e8904647974163dcbefe,3,R10;R8;R9
61d584d7b486245f3e861371fcf7da9b,3,R10;R8;R9
61d9e4505c1f8391ce055d3ce793a899,3,R10;R8;R9
61dd944679b8bfd6d5f5a84c9e7738e3,3,R10;R8;R9
61e0b38cea96d57adb044ac496e556ff,3,R14;R15;R9
61eda4cf19454682248154196d27cf07,3,R10;R8;R9
61f8bb57e67b95c4555d4427998c0498,3,R10;R8;R9
61fee17f99b29fc46130613d0e7ba7c2,3,R12;R13;R15
6206fcafbe92f484f03def2b5074a8a8,3,R10;R8;R9
62071e073320c21515baab6e5c55ddf8,3,R10;R8;R9
623a14228a9ea0c33a9012c02ef70487,3,R10;R8;R9
624fadcfe3f204dd43ce49bdce00c0f4,3,R10;R8;R9
6253c422540c84bc747b4426ed507452,3,R10;R8;R9
6257b0277b6dc697985febc707d83011,3,R10;R8;R9
62643c38a525c1223f3a836af96f220d,3,R10;R8;R9
62727c1647992609be0ff403bc2362ac,3,R10;R8;R9
6284e06225c1bba8f413896721002e1f,3,R13;R2;R3
62863bee894cbb15f96074e8da760b40,3,R10;R8;R9
628ab07625d7ac80f9c909b4380e75b3,3,R10;R8;R9
628ba9788c00a8fa5fd77992fa9f63ed,3,R10;R8;R9
6290796d31e7984c5bd7dac745d16bc1,3,R3;R5;R6
62b135c34d01b4af10c39d65939d9d43,3,R10;R8;R9
62b2efa946bc993544fe42785b40fcdb,3,R10;R8;R9
62c14fe41339b118b7fa4a0bb569f3f9,3,R11;R15;R16
62fad4135a04319bc5e499828b05ac70,3,R10;R8;R9
630bd57c91d01444795cb63e9efe8741,3,R10;R2;R3
6312578be73812b1634727a012980bc6,3,R10;R8;R9
6314692e3a4f5fc017e052dbd1cd683e,3,R10;R8;R9
63236a382e8f97864ea5af5d1c7a5d5a,3,R11;R14;R15
6324583b0c0d0428991e94d43a9d5d09,3,R1;R3;R5
633440744a1f7413483909dc0af84de1,3,R10;R8;R9
63382fd6688255077d3e61f946fa8c35,3,R10;R8;R9
633a915d9f92edf4edc1c4a85548201f,3,R10;R8;R9
63415dfe4d7eb0c122a6818e84195475,3,R10;R8;R9
6359437f875d6b26535d627e1c2cf31f,3,R10;R8;R9
6371c2201020a3f7e4c5a56f8f7a4fea,3,R10;R8;R9
63803ddfb3ea3bb435ff62c45ba78fde,3,R10;R8;R9
6398a304dcec08b7e3f31d0bdd6358a5,3,R10;R8;R9
639a44bdf6f3cfe5d05f96683604e758,3,R10;R8;R9
639e8235c7931fa2efb4f74bca333e00,3,R2;R6;R9
63a853b45510dfc485c9dbc998539cd1,3,R10;R8;R9
63ae0334ee9804a3bb06d66432fefa26,3,R10;R8;R9
63af905bd663fe539c2b6c3190dd222d,3,R10;R8;R9
63ce5324b5bcb2e4c556a6112dead354,3,R10;R8;R9
63cf713d392ce347a329b20e8bd4782b,3,R10;R8;R9
63f24af3bd9f735911958c1190306af1,3,R10;R8;R9
642617909307cc0ba39930495ed65a41,3,R10;R8;R9
6452a9e9489dadc789cb44af7d3dadab,3,R10;R8;R9
646728c609148567b18df0b37a9f8ec5,3,R10;R8;R9
648e0c26a323b1050a5d4ad9c57d6257,3,R10;R8;R9
649ec80ede7722141ecea3c810107176,3,R10;R8;R9
64a46917dfbd81f3747a1635f47f622d,3,R10;R8;R9
64b17a1d9119aa0a4df55d164eae856b,3,R10;R8;R9
64bb0c2fe03598b5b9c90ddc2f68eaeb,3,R10;R8;R9
64c4cafb533cc198f91e6ddbddee9a0e,3,R10;R8;R9
64e323f8638652f7bf813a933ebcbf07,3,R10;R8;R9
64f09bf84016428dd43f8984b2c303f7,3,R10;R8;R9
64f4fa78d723ad71e2422bc74bcd38f4,3,R10;R8;R9
64fbc7536c3e0b4609b471e2b8a1f54f,3,R10;R8;R9
64fd03319a30c50cfa302fc5457baf3f,3,R10;R8;R9
6503bb06d6f9dc44244a562742a16c97,3,R10;R8;R9
6544852e523b70450c51b767f71eb275,3,R10;R8;R9
654957991bdf2ede340cc5335285be5f,3,R10;R8;R9
65591c33ed8729b0ed1eebf4f59e418b,3,R10;R8;R9
65624a2cdd11858b1ebadc900859214d,3,R10;R8;R9
65629f1b90ec2b7ccc093f8ddfd6a992,3,R10;R8;R9
656744b811b1f0e3c65dd457b3cd8cd9,3,R10;R8;R9
6567f32646a35e8a0841790870de5c7a,3,R10;R8;R9
657d78347d17af866338af4f1dab0c71,3,R10;R8;R9
659c6031ed4b7d875e5e14662eb50bf2,3,R10;R8;R9
659da0929f184579263a7a070729008e,3,R10;R8;R9
659e8fa4b3d038c98fbfc0ab4cfcd411,3,R10;R8;R9
65ad4fb69f36c807fce87e66a1c6533d,3,R13;R15;R16
65bf4d6bc6fcf6a912ef3ec74bf9e35c,3,R10;R8;R9
65c9045820f5c8bb44b60cbbf5402d29,3,R10;R8;R9
65dfd8ef3a4201185c6fd6e9135cb20d,3,R10;R8;R9
65ea8c1976e3b9d6da2bd3f377a89519,3,R10;R8;R9
65f02d75dda093dfaf39ffaec74c5f56,3,R10;R8;R9
6605faf598579d666064f0a09cee2557,3,R13;R14;R15
660d934ad8ecf6701af7eb703e1cb4c8,3,R10;R8;R9
6612d7f6119514cbeda6de56571d9f84,3,R10;R8;R9
662fe30af3399b56c1579e95b0c6c87e,3,R10;R8;R9
66332eb5425bcdc6854aae970cc656b9,3,R10;R8;R9
66396f621903b00a1b7e1f54c8e5e8b3,3,R14;R15;R16
665ba9b5664d7055c1d0ac1a44ea1ea9,3,R10;R8;R9
6669f6481deca63ed9c421d5ac012c76,3,R10;R8;R9
66728ec6afc52c3ebc77242449757162,3,R10;R8;R9
667a27b0998f298db945ff935be9dd29,3,R10;R8;R9
66856d8ef0cf387346c195d4e4adcf1a,3,R10;R8;R9
6692df8a8c5f641eff181a2f589bfe80,3,R10;R8;R9
66a1a5d0239bd22d299a1e1333ed5d0b,3,R10;R8;R9
66a42146929520fe337cad37816f4384,3,R10;R8;R9
66bbea98f2c63f90d2c6e0d6792cca54,3,R10;R8;R9
66c03db83615b5c925b5bbdcd4a3c326,3,R10;R8;R9
66c570971c7df4782e3dfb9e74f0dd1e,3,R14;R15;R16
66ca165889a2837cc8534141b6441976,3,R10;R8;R9
66cc79784846f7ec74c4ced47c244b24,3,R10;R8;R9
66cd940a7bbf8b37c6abecc0a4004661,3,R10;R8;R9
66d058ae8aa6b41111cab2259989eddb,3,R10;R8;R9
66d28ab317b915eb7a400ad4a005ebc0,3,R10;R8;R9
66e2d822ac451ea21fcfa3182c56a651,3,R10;R8;R9
66e47c15c146fd0f6fb29adf167532ee,3,R10;R8;R9
66fc91228ec5c614305dd54706f73f80,3,R10;R8;R9
670c2ddd42c86d8502924bd453b969e4,3,R1;R17;R4
672ece5866dfa259ad2cede3afd0d41f,3,R10;R8;R9
673f5442a2c3f1b012fcb0efa77527af,3,R10;R8;R9
6747991aa8970e35ec44fe90b309d627,3,R10;R8;R9
6747f99ef0ff341a8b25787e3436db5c,3,R11;R3;R5
67533fa705019e473c1609ec6ed294d8,3,R10;R8;R9
675d4dfbc02d948b3be479815f560c2e,3,R10;R8;R9
675ffaef18559ad337d8abb65ee44624,3,R10;R8;R9
67635e3e25dcca671541a531ca2b4d0e,3,R10;R8;R9
678219cc34c08e4b184dbe73ef52a680,3,R10;R8;R9
67923e1fdac310042f5feb9f788839bf,3,R10;R8;R9
679bff232ad7e9f8623bcd61e7812bab,3,R2;R6;R8
67c83db34f74fb6203fc52f789ec3a31,3,R10;R8;R9
67cbbbc94027667fe9fe8fe6ea07f9a2,3,R10;R8;R9
67cfebc952a1751733ad336895f0d73c,3,R10;R8;R9
67d4cf6415b37f5a0950ac53897f3d3a,3,R10;R8;R9
67d6d106da8aa96f4368d7cc11624f7a,3,R10;R8;R9
67d78accb5656a6e435a912ca941c27e,3,R10;R8;R9
67e142bee76b89f0ca09bab8d7adaa2e,3,R10;R8;R9
67fbc13add44ab3cafafb5be3ce3cafc,3,R4;R6;R8
6807503ed8ab156abd8b43ee6bc4be75,3,R10;R8;R9
680991cadaa23df90e27c5c89941b917,3,R10;R8;R9
68122971781f688cce53b8700e0da080,3,R10;R8;R9
6818b9a73dbaf129b63a2848ac1e576f,3,R10;R8;R9
68194ba7f002feafff03a21625a07305,3,R10;R8;R9
682008cffca1751980b4010f4e82520d,3,R10;R8;R9
68291bf070ea8be26049e41d95b1bd25,3,R10;R8;R9
682b61023d547b7b92f47dfdea263775,3,R10;R8;R9
6833c509c10b569d6167db70b83ee5d5,3,R10;R8;R9
68389e585575ff6e536f3fbff8101474,3,R10;R8;R9
683ec9af11ca7fe33686ddce989d3768,3,R13;R15;R17
684626e9ab3384984e4af5ede3a0e6aa,3,R10;R8;R9
68626e0f21d8b844329c9cba44ff28eb,3,R1;R2;R7
686af368e33eea31228b8634c5947f6c,3,R10;R8;R9
6899d63a9d60ee219291ba61f964dbcc,3,R3;R4;R8
68ab5b60e34d374002405dfe7f14b7ff,3,R12;R15;R17
68ad460a32591dc2d5d522e9c913cad8,3,R10;R8;R9
68bf44155e1e9cd26c7ac566d5a02289,3,R10;R8;R9
68c396ded603aae07cb3027b1d2e8a90,3,R17;R2;R6
68d2d4cacb8e7d2b125fe18516356777,3,R10;R8;R9
68eb45dbf790f2f829d8c6a8690b0d25,3,R10;R8;R9
68f7ee667e33c638abc21bcd543ad9d5,3,R10;R8;R9
68fb6b382475cacea88d364da1730d34,3,R10;R2;R8
68fcd04c343c408db5acce03b38c2e1e,3,R10;R8;R9
6900482a91a538ead56b483f77bcf289,3,R10;R8;R9
690a74b4ebf969fbadc5ad0a1187968d,3,R10;R8;R9
690becc033b4b41fc20572d5f7f13359,3,R1;R15;R2
69264b8eef78c43726b78a6fba59d962,3,R10;R8;R9
693008c77b426c4afc45e990f5f07287,3,R10;R8;R9
6935c5330b07eb6492d228b1e1a740a5,3,R2;R3;R9
693a01d0401e233e4f6bd441542dc424,3,R5;R6;R7
696214f9b38c455d2b867484da3570d8,3,R10;R8;R9
6974b05fb97620ec153a9eb3200db4eb,3,R10;R8;R9
697c98dcc1457ad774db7b42a4e1e8b4,3,R10;R8;R9
698f2c03335010d2ff0a30798f8c2e08,3,R3;R4;R7
6993fe34fd90adcbbfe75229f5e22306,3,R10;R8;R9
69972b49aac9f4aea137e51984cf8691,3,R10;R8;R9
69a2762d9ad4e34d46a08a58596a71e9,3,R1;R5;R6
69a3e19744062d97e679adf184b667c2,3,R10;R8;R9
69a4c5a42437d7d7f8cf80a8e0402e15,3,R10;R8;R9
69afc1cd6a3209dfc08651a43e7628fd,3,R10;R8;R9
69cb46ac057f1c04cb0a582fcf2f8b96,3,R10;R8;R9
69e693c4c5f1f8ad419b1d2ed43c7375,3,R10;R8;R9
69e956035a447c4d4f4d28e13ed92dc4,3,R10;R8;R9
69ea3cb5de2b638097e68aa955ad1087,3,R1;R13;R2
6a0cf3914af765ef60fb7682f4c53cf8,3,R10;R8;R9
6a0da094696816e8ccc92c81602173d1,3,R10;R8;R9
6a2119f5509f4f9b7811ff4e7d786a62,3,R10;R8;R9
6a21c27cbd42e68576a134fca3c0266e,3,R11;R12;R16
6a226af290752e9d60405e5a5a18e90f,3,R10;R8;R9
6a245106cf0448251656a6a0bd6aebd5,3,R10;R8;R9
6a29cfd596229d4ac24ad8cbaa103c11,3,R10;R8;R9
6a4b3bf66d8876480d5ea698d3f9304a,3,R10;R8;R9
6a4f9965e83bfad45d66d4afa5d28cc5,3,R10;R8;R9
6a53a62b736fb59c4e2c35f99778656f,3,R10;R8;R9
6a5a92798a840e7b12533ada2e2816cb,3,R11;R13;R14
6a69a393d7beccc1043d5ee8cf0517d4,3,R10;R8;R9
6a6d716b650b15a1babbcd82ca95d76e,3,R10;R8;R9
6a731afa074fdf826107fa38023459a5,3,R10;R8;R9
6a770deeb23778c30bbf5dc7d00f75c4,3,R10;R8;R9
6a956ce4e56235dd8de081a965a36c2a,3,R10;R8;R9
6ab69f995bbbc0522d8819fec2cf1d3b,3,R10;R8;R9
6ab95c0f04cb1c61e635ba82b76df6b9,3,R10;R8;R9
6acc13406eda521dedfca734ddbe3e25,3,R11;R12;R15
6ada6149fec45a9046dbfe15e3459ec8,3,R10;R8;R9
6ada8f68e2f901b30feb74aaa0c32ba4,3,R13;R5;R7
6ae2757005410f45933298a2bd5d7f50,3,R10;R8;R9
6aee48100cc84e8ce9fa362fbac6113b,3,R10;R8;R9
6b2b72d289bf26b3aaf41548df0ab160,3,R10;R8;R9
6b3c9e72ced5b7a5f40029e034ab6cba,3,R10;R8;R9
6b49f9a611fb606933242b3409569497,3,R10;R8;R9
6b6f79dad019a4dee92fa35456f75a48,3,R10;R8;R9
6b7630266dc2abd86de6c994308a4986,3,R10;R8;R9
6b86fa23bbe9974e31308a8e4543b1b6,3,R10;R8;R9
6b8bb3a6cc110df0f2e182c1db0b4b21,3,R10;R8;R9
6ba7995f98e1c9c494868133536edf13,3,R10;R8;R9
6bb053f269fb54485e70eb65424578f3,3,R12;R14;R16
6bb0f4c7693b63f01ca906e712abd4e3,3,R1;R17;R4
6bb7769006f10cb8681b95246a90902c,3,R10;R8;R9
6bd56b4aa9ff512573b799ddb4c7deac,3,R10;R8;R9
6bfb85750420c5ee853ad5372dcfbd76,3,R10;R8;R9
6c07e9a9fc06aa20e54a83cded97aa7a,3,R11;R14;R15
6c08a98e48ba72aee1b7b62e1f28e6da,3,R10;R8;R9
6c28ed764e181113c90d167b3a2db3fa,3,R10;R8;R9
6c35a010256b29d6db4956f5bffff4a2,3,R10;R8;R9
6c36bf0795da73a547d0a6269c33daf6,3,R10;R8;R9
6c45f970e82a55ffca6f7259d82197e7,3,R10;R8;R9
6c4b3875e507999d883e7bda6428fa30,3,R10;R8;R9
6c4b78e706f33af6d0561c990df490b0,3,R10;R8;R9
6c52edbfaea1be8334fd862161a8f4e4,3,R10;R8;R9
6c6266968277d8d98717a106dfb716c3,3,R10;R8;R9
6c62972a4eeaf465e0461d4d74394366,3,R10;R8;R9
6c63a1225abbaf4be97d520df64d9125,3,R10;R8;R9
6c6443feb73c8113601be5a01242447d,3,R10;R8;R9
6c7168280c801ce96908597527695ab5,3,R10;R8;R9
6c7235e58f45b35fa517bb1a855f7504,3,R10;R8;R9
6c79f2551808438721052023e043ab4d,3,R10;R8;R9
6c825d5c6349fcc2a6d6af5b13e470b6,3,R10;R8;R9
6c8d15e1aadce8cc5dc0a4b719818a4c,3,R14;R15;R16
6cacb05336c1725300d12e762cca0fc8,3,R10;R8;R9
6cb28973ba5bf897b5c1ef88c79c47c2,3,R2;R5;R7
6cb76e80cd8312a6cb453b11d5ea44f8,3,R10;R8;R9
6cbdc71410309c03dd894fa3470f7b8d,3,R10;R8;R9
6cde3166d972c7b9ceff0e6099d4e374,3,R10;R8;R9
6ce61a39f1e1bff629566de047ab8775,3,R10;R8;R9
6cf076d01340d69f77857cd4708692d1,3,R13;R14;R15
6cf0ce690ad8348d8c44c689aed97836,3,R10;R8;R9
6cf0ea4eb8810156bfb48f5a7dbeffd3,3,R10;R8;R9
6d08a56a5d1e0918469413c81abc33bc,3,R10;R8;R9
6d1ae9283e8be51b5057a189f53bef03,3,R10;R8;R9
6d2ea40c6bdeaf8c3c7be4ae9125834e,3,R10;R8;R9
6d3451478ca527968706d5075d5bf0ce,3,R10;R8;R9
6d3cd7503968e1d95d46dccb35e6b617,3,R10;R8;R9
6d55788f759da917cf8b89f300764dee,3,R10;R8;R9
6d58e4bb28efa358fbce1c94e6b15efe,3,R1;R14;R16
6d5acf3f8a973a26844d617fffe72998,3,R10;R8;R9
6d6746496137a10dbfbb4019c47174c0,3,R10;R8;R9
6d80520d7518642b92a089b028407104,3,R10;R8;R9
6db40e2b46792eab40dfdfff3b29a760,3,R10;R8;R9
6db6e5b15b7497f9179ec06fb3723d5c,3,R10;R8;R9
6db88a54762f5e34ce31d2f43deb812d,3,R10;R8;R9
6dc197d0503400617170a11ab7812d73,3,R11;R13;R14
6dc207746578921c58e86d97b78534bd,3,R10;R8;R9
6dc54c273e24de333f3fdd060f74faa1,3,R10;R8;R9
6dd1a29dcafeb9545da50d85324bb781,3,R10;R8;R9
6de2efbed6b23441ab46cbcfa980e4bd,3,R10;R8;R9
6e004d77616aa8546ed689d9360e1080,3,R12;R15;R5
6e0dd61ae870e3b4f5701af4d7cb5b8b,3,R10;R8;R9
6e10d8c0ed42868404c04889240d3693,3,R10;R8;R9
6e11ca52ad7ea9add47da7eded8efe03,3,R10;R8;R9
6e1a6f52b179c14edd1af37ead978cb2,3,R10;R8;R9
6e224b4caf02b51618bda425011636f2,3,R10;R8;R9
6e26e1092a0297a1cbf0a867e3b90326,3,R11;R12;R4
6e2a38e4cc5b4cd14dba22285a5cd210,3,R10;R8;R9
6e2c5ac0b017ee374840d5ad3aba3629,3,R10;R8;R9
6e395f737d2b004443f033eb9ad7ba17,3,R11;R12;R16
6e3dce43de58cedd6cca477f98b6c94f,3,R10;R8;R9
6e4391555899c8474c4d32f42b2ba21b,3,R10;R8;R9
6e45dcf215f6474234248ad70fb897d1,3,R1;R14;R2
6e469682b53c4c558e23632c4c7e4fe5,3,R10;R8;R9
6e47a3c35eecd25bf915998f192b32d1,3,R10;R8;R9
6e48149a34ba1700f265b5e7d9fe0cd1,3,R10;R8;R9
6e4915e84e38de5d90efe0ecfd8f2cf6,3,R10;R8;R9
6e5776831430f043f18d70c93239457a,3,R13;R14;R16
6eae1d4353b0a57087ca071556aef1ec,3,R13;R3;R5
6ebee97d53199fb6126b8eeb2acc7f44,3,R10;R8;R9
6ece94f09d405a17472ba1cf4471e548,3,R10;R8;R9
6ed2ab0e4ba47734a7b2a47deff243c1,3,R10;R8;R9
6ed469a35361b49e04971347281bc312,3,R10;R8;R9
6eeead238ec804ca607534249350bcf8,3,R10;R8;R9
6efabbfe08d43653606d7b16c5ad264d,3,R10;R8;R9
6f322939176779d7af4f7c76701fa91d,3,R10;R8;R9
6f5f1420c9f88f1ec8b886e3700410f5,3,R10;R8;R9
6f79bc390fe626dd3ad6a8cb36116254,3,R10;R8;R9
6f81359c392e30ddea9260b22d732e69,3,R10;R8;R9
6f873f0a401ca124ae1e125f081b591e,3,R1;R3;R4
6f8d6f377c0d4ffcf13554466668be5a,3,R10;R8;R9
6f8e0af5fff2c4c45f6eb841a4221235,3,R10;R8;R9
6f9c69586ff53e488b23e7bb6b0556c5,3,R10;R8;R9
6fa0ca0396d8c8dba1dc037d2d882947,3,R10;R8;R9
6fa721dbeeea8b191be3336226a2d3e8,3,R10;R8;R9
6fa7dad34b96816f31cc091a0507bbdd,3,R10;R8;R9
6fb55d54b54b05b50913b456d1b5d0cc,3,R10;R8;R9
6fbeb3ec1ec16b267f98fc12cbab9b6f,3,R13;R14;R16
6fe8a6cb3929ebdfa1cc078b0318e363,3,R10;R8;R9
6feeabe1a1221a8a4da9560cc86157ed,3,R10;R8;R9
6ffac7a192bae8415d98c6d03ee4ee2c,3,R10;R8;R9
70050ec61a0f61030b7ce001eab0fefa,3,R10;R8;R9
7019341063506a9850df00a5bcf46efa,3,R10;R8;R9
7021edd61c6640c497c774e6ef61e491,3,R12;R13;R15
703637c0369923222e87e31bb7477b4f,3,R10;R8;R9
703a96532637528e3aafb5f5668186cb,3,R10;R8;R9
703e3e8b33821c0b0553c5d534a5419f,3,R10;R8;R9
7041c4545b91fb9fd032398c297fd992,3,R10;R8;R9
7043451da60cb89537435829965759c3,3,R10;R8;R9
70485d0ffe6e2b1d90b6127c5c023f18,3,R10;R8;R9
7052aefb2cae8274a2dedc9e21714d96,3,R10;R8;R9
705ac59fb56577d3db10d09dc5b3f3b3,3,R10;R8;R9
706e9e2d05f37843759f3e1da02f2d6c,3,R10;R8;R9
70822307bc21273a21e4a57632f55a0a,3,R10;R8;R9
708249b5f1cff1ae05f850da5fc2b625,3,R10;R8;R9
70bb28b860c2c597900d4a0722cf53a7,3,R16;R5;R6
70c57f59ed881d79ba9c1071b605c42f,3,R12;R14;R16
70dc4cdf5377a5daa9628a456390ed93,3,R10;R8;R9
70e09b0d52ed4571aa953c4d844bc5cb,3,R10;R8;R9
70e621d1855d992b74df22c66021b25d,3,R10;R8;R9
70eb6d92bf0c7e35e0d55e17d00629fa,3,R10;R8;R9
70f135c5319675c02b56fc5b82df7c09,3,R10;R8;R9
713f94c56bcf0a3622522744fb0d24d7,3,R10;R8;R9
714e4c788c40892e9a5500e4fde9c753,3,R10;R8;R9
71511f823c4664475131c1519d9bd0a8,3,R10;R8;R9
715278d742ca1d668e20ffab02e7fe36,3,R10;R8;R9
717b848dae42dc6c33d6d3a5754e690b,3,R10;R8;R9
719182f814fc1a742e0fbc1a751f6af7,3,R10;R8;R9
719962d2d347b4d5a6641074d75b78ad,3,R10;R8;R9
719ef3ece6314f7962ffe89cfd4cdb7f,3,R11;R13;R17
71a5a3f60976a7b46875a26dfd7a669e,3,R10;R8;R9
71ab1b7b29ed23f9c8a5ad1db0e2cbf5,3,R10;R8;R9
71bb412dd9f1550f447ce895f400599a,3,R5;R6;R9
71cfb66b2166800fae0283d2f28b0902,3,R10;R8;R9
71dadd60877ab8a22b3d5075c40415c0,3,R10;R8;R9
71ddd7f7b44aa49dafb8410e8d542ffb,3,R10;R8;R9
7216517a6e4daf3bd95b7b065dac16dd,3,R10;R8;R9
7225983eb43be7f2dcb9e75381a8f3e5,3,R10;R8;R9
72264a7633d9eaa863732d9d18658516,3,R10;R8;R9
7237fe007c5cab239011e89137eee3a7,3,R11;R16;R17
723a57bc840fd54341f543c2832ad6a2,3,R10;R8;R9
723aaeb1fd6c8333089f301b1f9620e5,3,R10;R8;R9
723f93a3f0e3905c498839d23b961631,3,R10;R8;R9
7245fcab6a98659146972d983aa01c6d,3,R10;R8;R9
7253800842122c9e6e95878b46008f54,3,R12;R14;R15
725d3455da58a90c17e5eba4b4520e97,3,R10;R8;R9
72a03107b8c5fffea70fb4d36ebeecb8,3,R10;R8;R9
72a60e1680fed635062ad42bc5df893d,3,R10;R8;R9
72a8690f81423e91e710088e939dd664,3,R10;R8;R9
72bce8eed8324b1544f1698f56a2b0ba,3,R10;R8;R9
72d2a32355662fd12a16420bd689bbf9,3,R10;R8;R9
72db011d874a7d2151f75b4f0ae679b2,3,R10;R8;R9
72dba276d1673ef009c04d2c8a7e3238,3,R1;R16;R2
7307f00233a2858176b4b8c93213d7de,3,R10;R8;R9
730b58517ca8b274e1b66e87c723c003,3,R10;R8;R9
7310cb76b0642a868c3eb66ce74e7d70,3,R10;R8;R9
7324c001e2512d3ea9197b0151c6c1b0,3,R10;R8;R9
73389cedf5cac39b292141ad966adfcb,3,R10;R8;R9
7339f20488fdc162a8b06c2d8c887277,3,R10;R8;R9
734bbd50e6a2265ae0092510852c9c24,3,R10;R8;R9
735023a2b17a5222636abc2784772804,3,R10;R8;R9
7355afc2a3a775378d54578397734408,3,R10;R8;R9
736548ed94e659b342a15a4b32e71a1f,3,R10;R8;R9
73677ea9100c2fc6b88ba7442c90bcf9,3,R10;R8;R9
7379ef3f7d2f47ad02a272c056215448,3,R10;R8;R9
73a09e14492d3c6c579a48507303431b,3,R10;R8;R9
73bc384e1f0ca88f3bcb2b5c6a8584f1,3,R10;R8;R9
73ca5ade271925fe03782a52a85f75b2,3,R10;R8;R9
73d406f3aaebf4b2d07e73a87ebff608,3,R10;R8;R9
73dcc0c151e92d0090c75815c315ba83,3,R10;R8;R9
73e54ffef4d7e3de197b530d4f1ae026,3,R10;R8;R9
7413687c59af03d7aa10a04225d1ac52,3,R10;R8;R9
74292e695d6b5868b89acf26363ee93e,3,R10;R8;R9
742d73529266f013bbbcdf0f2bf9d218,3,R10;R8;R9
7430af9cdc5fa56f86d71b66a837390c,3,R10;R8;R9
74335ad1e0f78abc3b8d9c4d3380b5be,3,R10;R8;R9
7433f75def4589a4eaaba2cc947af95a,3,R12;R2;R6
743601b5826b3d21eab4b1b90ed73bc3,3,R10;R8;R9
7444ecc98d1984f4e864b265857bda11,3,R10;R8;R9
745101df234416c1912639f9aa4816bd,3,R10;R8;R9
7478eac70ba86cb5e7e7a29a9acbd6e0,3,R10;R8;R9
747eec98df4c54df053df178cc8c2395,3,R11;R13;R14
7486840374f87cde690928d1b33aa97c,3,R10;R8;R9
74a6dc1a51dffd964baef5089fc4d1b6,3,R10;R8;R9
74eb8e74c7dee9e2342a43703a868387,3,R10;R8;R9
750371858ec902890736e5d6ee552026,3,R10;R8;R9
7519a77c0a9036cf63d56d53f708965a,3,R10;R8;R9
7520d54e60d31f2310d1eb5c77a7507a,3,R13;R15;R16
752836009ec557fe1f845720bc2914f4,3,R17;R5;R6
7540b357c67f2049cc0b8808fa2b91fc,3,R10;R8;R9
7541cb14619967aa42444e6327bb2f59,3,R10;R8;R9
754e5c9903b4b9bec894ebde02b54db8,3,R10;R8;R9
75692666e09ea0a3cbfcc4b36241c7c0,3,R10;R8;R9
756afb66aecaf0675273016e8991d8d4,3,R10;R8;R9
757b9dce1ec83ee0758ebbac0fc6461a,3,R10;R8;R9
7593231d642b5869a4974ffbc46adcab,3,R12;R3;R4
75b1cda9857d6c1b9f0bdb21cc42145f,3,R10;R8;R9
75dc0e82de7e756942ad4dcdb45c1c8d,3,R10;R8;R9
75de97fbdf15aa3e1927a97ff9479327,3,R10;R8;R9
75e726f1b8f916a9e805f1f1e326a02d,3,R10;R8;R9
75ecc008a5e1a7f034c309b4f3f1e64e,3,R10;R8;R9
75ed9329d92e12a8d1eb26cdaa0c5094,3,R13;R14;R17
75ffb5f8839bef4d8719d46c29c46064,3,R10;R8;R9
760af980f4ad1ef40a517cf7e005ea1b,3,R1;R4;R7
7610eb1f29002104c258f17b432e8d52,3,R10;R8;R9
761156f763bd414dfd2037ae413d5fe8,3,R10;R8;R9
76150430edf4bc123a894d8dfb55b864,3,R10;R8;R9
762f339322e42d419878a7b9c887553c,3,R10;R8;R9
76339ec8c17dbcdd117914581cee59f5,3,R11;R12;R14
764eeaca1e91f7410e68f3daf40de6ab,3,R10;R8;R9
7652b96082c47799544acbd7858b4280,3,R10;R8;R9
7653a1c4431f1929ae8c73588e39b8d5,3,R10;R8;R9
765760a9e2d3b82da72ca1ab86229b79,3,R10;R8;R9
7661ae717d26893100f399e76e02c438,3,R10;R8;R9
7664d4a022c8ca9a94c0bb8adb48209c,3,R10;R8;R9
768480654fabe20d0c1340a17e129808,3,R10;R8;R9
76890e5a55be1076e0e4367b1a2b35db,3,R14;R2;R7
768db39e794f0d37d296c418e50d8126,3,R10;R8;R9
768f286b65425e98e6d03fa3bd1c5ded,3,R10;R8;R9
7691599752bbacd065fc71d3b54e67d0,3,R10;R8;R9
76a8a1a491e23dc44e0c33654f10c632,3,R10;R8;R9
76b3ac42fafec422e9e25c5ae8fab603,3,R1;R5;R9
76b94abea3d34cdea83ca5011ccab53a,3,R10;R8;R9
76ba59bd6f06fc0fa1ef003da3052c00,3,R10;R8;R9
76c39b1acee002408cc8956065ea105e,3,R12;R15;R16
76daa0fd9fc0346e09cbcc7ac90c9fb1,3,R10;R8;R9
76f366130d836a1ae9d12749d0150eb1,3,R10;R8;R9
76f84c8d0216ec44b47059fa80049995,3,R10;R8;R9
7705b3f3b2a3a2de67e579119f53466e,3,R10;R8;R9
770ae639d8c1ac0846ce73d7ad5bacad,3,R10;R8;R9
771bad280d3f521bae62b331ea7db8f4,3,R10;R8;R9
771e151f13e719b549b4e3d74c4777fe,3,R10;R8;R9
7729fbb58b8006fe2b8305f9b2b33883,3,R10;R8;R9
7736d86868e78aeb6cf52f6263fe6598,3,R10;R8;R9
77411e67a520f43d7e819b9c21a33e2c,3,R10;R8;R9
77508393a893101ef38598222327703f,3,R10;R8;R9
776d1803d568d646b2e8d8b0648cde5a,3,R10;R8;R9
77721a660a5784c2b244167443f1bc26,3,R10;R8;R9
778592c49dc5b2bd4f4d4f415e174b5c,3,R10;R8;R9
778c387c2cb631286fc9927be6dc0a04,3,R10;R8;R9
779f3b4e5deddf8161905698bf806432,3,R13;R2;R6
77a86229631c04f92af02336b28db006,3,R10;R8;R9
77b13969911c7f66060294c6cd76f58a,3,R10;R8;R9
77d62e6304de7f244ac509794c99b483,3,R10;R8;R9
77d6928016b9ddbb311fe1653289790e,3,R10;R8;R9
77f4f19048695b17ba4194ae3b9bea8a,3,R10;R8;R9
78057413f8f7e8a3b1decc815e1f509e,3,R10;R8;R9
78076acd1cd80e71ff62d4fb58f047bc,3,R10;R8;R9
78128e6e9a6b5cf69bcc8cc1062d845b,3,R10;R8;R9
781337185d4b99902d0ebfd2867feab8,3,R1;R2;R8
783c29f5c65505ff48dca9a55a5f9f8e,3,R10;R8;R9
7841614f51ed3dfd1c3177a52493c56b,3,R10;R8;R9
7847f09e3ec0d370353104de17dc6a71,3,R10;R8;R9
784a4ee98cfc37a7c1ae9721bc8603ed,3,R10;R8;R9
787379ebcb21a9b806b71c925407e54f,3,R10;R8;R9
7882c56e6d4e2ec8b97556d8cfce4cf0,3,R10;R8;R9
789d2cadef93195598e3906ec5fab0e9,3,R10;R8;R9
78aa8415fbf1c792f7d7c53349d44d4f,3,R11;R16;R17
78ac03ab2cd9f2e9c7b081761f44f665,3,R10;R8;R9
78b96ab5b7fc1d75d73b3c9c747d5c96,3,R10;R8;R9
78d237a2c0fe8f82956cec48132c0b1e,3,R10;R8;R9
78dba36bdd34da385efcca7bb9ff5fde,3,R10;R8;R9
78e8eee238eeb6f386be08ece092167c,3,R10;R8;R9
78faf91d607511da380a6cc4f0a335d1,3,R10;R8;R9
7924fd832cdee99d93031d908aee05f7,3,R10;R8;R9
79318d422f9c3d533aae56a3a2db16b8,3,R10;R8;R9
7944aab8e3c02270d273b8b65fad7305,3,R10;R8;R9
7959604f5c1f6b274a0da891bc47aad8,3,R10;R8;R9
7962a93b582c5bc277d892f31dfc5dae,3,R10;R8;R9
7978725e43f1b301551e0fdbc32faef5,3,R10;R8;R9
7998e75d4e0f0ada2898d673c8ffecb3,3,R10;R8;R9
79af351d135ae05867a85d509082f530,3,R10;R8;R9
79b2e5ab9d3cf6375a3a1fa0386adfdc,3,R10;R8;R9
79bd8310bd57dfd23d33bfe5b3cc81d3,3,R12;R13;R14
79c5d4d7f3b2e7a5a183bfbe664c699d,3,R10;R8;R9
79da84eeb9599d74292b04af9078c3ef,3,R10;R8;R9
79e8d10895b6cd7b1fca87139719b63a,3,R10;R8;R9
79edf950abd9ddc4dac37e113e40da5d,3,R11;R14;R5
79ff39552d8204ba42c5041e7650effc,3,R10;R8;R9
7a0d573c9f9582d04423325d3ca146e7,3,R10;R8;R9
7a1d72be9ef473df66d225c53e61f77e,3,R10;R8;R9
7a3323fefdd4f7613e1ae2d4812c7b75,3,R10;R8;R9
7a350dc1bcdf2fb34fcc57f05adf9da7,3,R10;R8;R9
7a4bbf44262ba36208dbb20153f4569d,3,R10;R8;R9
7a5ed0a74ecc27101ba9cb64066cf452,3,R10;R8;R9
7a638d347bc64ee76ca339c799602086,3,R10;R8;R9
7a7b30a642d5f305ccf5f7a6f2e901e8,3,R10;R8;R9
7a96c5f15fb08c98d2489dc2d1ad05d9,3,R11;R3;R5
7a99127d0a0c6a00aad2115a6ff9e653,3,R10;R8;R9
7a9bbc3d02750c716fa773dcae80363b,3,R10;R8;R9
7ab69502906043cd72e71d1f549c7153,3,R10;R8;R9
7ac7db2d39f2342de386188e72cd0a72,3,R10;R8;R9
7acb16c6d6f5cfc41a958e0b41e25106,3,R10;R8;R9
7acf137fcd503834c79b7a151dd934f0,3,R10;R8;R9
7acffd33cfddf67f7a7a9cb705096335,3,R10;R8;R9
7aeae4110d509875a693b23aa17bd9ac,3,R10;R8;R9
7af1da4ba8580aa54a0bfce36071c8d9,3,R14;R15;R16
7af293bb03a398b6c01473dafb739d1e,3,R10;R8;R9
7af60baf02292ff2c0b2a25cc9106358,3,R10;R8;R9
7aff3521c214e535c920bdbd0b1a8a45,3,R10;R8;R9
7b0e3bc4d8d010b4f59776da578101b7,3,R10;R8;R9
7b30d37b73be405bfd91ed5e2d46c473,3,R10;R8;R9
7b3ebb99b0c19f567eb49c1bfdf4d163,3,R10;R8;R9
7b41dadbe305cc9f4f6068d473f73daf,3,R10;R8;R9
7b5d44f6dd14787142deafbe64eb3b03,3,R10;R8;R9
7b6a241b30dfcf7b91c6d6a63d693fd9,3,R10;R8;R9
7b6a38d1478375102a8396bedfbf9edf,3,R1;R3;R5
7b6f5c06586ee0f71a4b0b815062a5a5,3,R10;R8;R9
7b759182d86f6a44b377ffcfce8a3b53,3,R10;R8;R9
7b87ff45f630da27a103b7e587bc6fd1,3,R10;R8;R9
7bd506ddbe0c59432e3c3a24aa2205e1,3,R10;R8;R9
7bd83b3d3af0ea8150c8f2a737712db1,3,R10;R8;R9
7bd856b30b7129c81c6803c7f1fe23b3,3,R10;R8;R9
7be2d2fc4e5821cbf3f5fb7d7d3a3c8e,3,R10;R8;R9
7bf14801ba177b4d09cee3dd3e452973,3,R10;R8;R9
7c11b4c81ab766a9aa8e300ddc618084,3,R2;R3;R6
7c1874e73e85727a0a12139add66bfa6,3,R13;R2;R7
7c1add6833d5f0102b0d3619a1682a64,3,R10;R8;R9
7c22cee85ef4ace76782964772819043,3,R10;R8;R9
7c2e1c2b8ddcfaeae966c23615f01546,3,R10;R8;R9
7c3c78ed6e4353a39ddc2cbd6230dd54,3,R10;R8;R9
7c3eb59ae4e838ad4632fe96c25bcdf4,3,R10;R8;R9
7c3fb9bf622d400c454d0a6b39a1b484,3,R10;R8;R9
7c42de6dd248ce53880debab2567b521,3,R16;R4;R6
7c522cd5b56c3fb87c066171a88cf481,3,R10;R8;R9
7c53cf2eb4f08dbc905b85f144f96b45,3,R10;R8;R9
7c5b807ba491941d7a260bd1546b863d,3,R16;R3;R5
7c5f3e2c0518bba6ca3464c385d4787c,3,R10;R8;R9
7c6bf9b40c9b53c6b49b00c0fa1e61e5,3,R10;R8;R9
7c6f191b5d28bc1992e491d906f0d1a5,3,R10;R8;R9
7c76f17be369b75874a62917c8daa626,3,R10;R8;R9
7c7dce16fd7f16d1abd3a6f47e60cb9f,3,R10;R8;R9
7c9d52b0b094b37a3e6e520d3882f341,3,R2;R5;R7
7ca08fd497950fb5cbec73a62cdf8971,3,R10;R8;R9
7cc9b48563e197c84ec4ee8d30d5b3ce,3,R10;R8;R9
7ccfe0e344f6c69cf9198684f1c092b0,3,R10;R8;R9
7cd5b8c196d506b6a1040873bf0472f0,3,R2;R7;R8
7cd74b5a3c85b77c997f56cdb4995384,3,R10;R8;R9
7cf206f4cfa9f72eb70cd9d5d9200185,3,R10;R8;R9
7d084c9a42f2afea0089aa08932a6516,3,R10;R8;R9
7d0cc84e9002c1eb219559540c014e7a,3,R10;R8;R9
7d0e636b3ef2ccbb0c67b3243a1478ce,3,R10;R8;R9
7d0fa5708b67c2bbb2509a468df9b73b,3,R10;R8;R9
7d24c1ef5bcdd03fc1b01c8e6086c9d1,3,R10;R8;R9
7d3d289c824d3643eb22cdcde43afdf7,3,R10;R13;R8
7d3e79d32d233140b7e30880739a42c4,3,R10;R8;R9
7d3f19498c5e7a48a14376c3e170c68b,3,R10;R8;R9
7d48ee923365d79f033147cd5f4aafc1,3,R10;R8;R9
7d574e58da23077fc5c4579da786124b,3,R10;R8;R9
7d57de3c3c7f81da4daab6094e01e9e8,3,R13;R15;R16
7d5c70800f518f6584e25b2a88238a22,3,R11;R12;R13
7d5de314c3280fe6e89ec1e101c1539e,3,R10;R8;R9
7d610aae49bf4f979e16c2d8859f5f87,3,R10;R8;R9
7d6b2982de91c0a900396745c79f3c39,3,R10;R8;R9
7d746268923b15615c93334eff3a6baf,3,R12;R13;R15
7d97de8bdefaf9875ce1491518cc8199,3,R10;R8;R9
7da8cf1d4261791fbb0bae6f6bdb33ec,3,R10;R8;R9
7daa7e5ce05f09404b845efb87f3ea20,3,R10;R8;R9
7db70125d7739e6cd0c442e7b7592d4c,3,R10;R8;R9
7dbccd763c4ffbfd0d6b841fb5e4337a,3,R10;R8;R9
7dd2b5ae3d4201ccc00302c6199a8858,3,R10;R8;R9
7de4d79d0ed23bf080f899d09a652946,3,R10;R8;R9
7df5c81873c74ecc40610a1ad4eb2943,3,R10;R8;R9
7e038329e627ea69d841e973c82763ba,3,R10;R8;R9
7e16bd1b032a6695e408353dfa8499f9,3,R10;R8;R9
7e27268a3207b3c92b29380778076742,3,R12;R13;R15
7e2859fc7565a9b2701b29d682056319,3,R10;R8;R9
7e2b67509fa24f95e4237ed93ac683e2,3,R10;R8;R9
7e3f75426ef14f71c12bc517925d75e9,3,R10;R8;R9
7e534f2dc65f7cef4f864325433017dd,3,R10;R8;R9
7e6182876c0a09e96176348e2fcd712e,3,R10;R8;R9
7e6c0dc72fa1db4a501f7ac5f6aac040,3,R10;R8;R9
7e705e1d7561ee00863609c72d39aded,3,R10;R8;R9
7e86aee54688699519f47582c4d44bf3,3,R10;R8;R9
7e9efb8ee0bae7af280f5ea091f8d245,3,R10;R8;R9
7ea14022f825d9bd869b05c7f10831db,3,R10;R8;R9
7ea5d9e48085e44708b8fad8974ce953,3,R10;R8;R9
7eb40f6abadc14f9b9f195c674cc2fd7,3,R10;R8;R9
7ec4a135c83baf0142cb9d7cfc597937,3,R10;R8;R9
7ecd6f67f649f26c05805c8359f9e528,3,R10;R8;R9
7ed01df33497667609ef5a2585b5e36d,3,R10;R8;R9
7ed7def1a431371634f38e5113c396f2,3,R10;R8;R9
7eda1e28e4cee7d8016276c87b76259f,3,R10;R8;R9
7ee89ae8abd9f4ebe6447e05a1b4f744,3,R10;R8;R9
7ef087c19b4be20d077ae67763a63f63,3,R10;R8;R9
7f0e383a8f3c1c49b14021f834d2fa24,3,R10;R8;R9
7f599800cc62ee666b751303ca096f98,3,R15;R16;R8
7f5eab5de5307d4ae8e2a0fa99c0b41a,3,R14;R15;R16
7f6545a0985a090403178267ff0295a4,3,R10;R8;R9
7f777981e2a46b0d4f770de8def6cb78,3,R10;R8;R9
7f96d122bf50434dcfd3dd9b16d2c05f,3,R10;R8;R9
7f9a96e7377ba04fc585b805f93d5996,3,R10;R8;R9
7fa31ce0f6768ace9e8b25d1240feda0,3,R10;R8;R9
7fb4dd417196cddcbe7816c3512a2417,3,R10;R8;R9
7fbdcc98dcb6e88187cf7461af6d2d61,3,R10;R8;R9
7fccbf8d7cf537f74586ca8f1ab56fc1,3,R11;R12;R14
7fd3b9dfa5050c1f879046960e0cf0d7,3,R10;R8;R9
7fd93d9774bd704ebd2f9933d6f98df8,3,R10;R8;R9
7fea37717ab0bf53c7cfa2f10f24c6a0,3,R10;R8;R9
7feba6ffbc4f98d9d9c032a7ae477177,3,R12;R3;R5
7ff2bf9cde37a4224e94680ce1b7b828,3,R1;R12;R2
7ff5bb38db13ea89a27681c6dcf59b55,3,R10;R8;R9
7ffe83778375bb8229b12c2ad4570c0e,3,R10;R8;R9
8004676ecf95af8cee446cbcd139a938,3,R10;R8;R9
800a68b6e6a75b5d6e5c3160ddafe266,3,R10;R8;R9
8010842479cb7918eee13bc1db7fcc25,3,R10;R8;R9
8015e5edbf16541fef78e6f8859764e4,3,R13;R15;R16
80234017eb6caeada9e14d421eb0b8f8,3,R10;R8;R9
803179ef55f8ecf356363cf194b4ff33,3,R10;R8;R9
8036ddc6d564439af50497faef05eec3,3,R10;R8;R9
803e047ce22c14175d0631e947ed1599,3,R10;R8;R9
8048713c2ed48d97dd887233f24e012a,3,R10;R8;R9
804bcde30d36e32d9429f00bed7a388d,3,R10;R8;R9
804bfe2d3e6b0b8a34541a276d7cd7d6,3,R10;R8;R9
80566fdc49f6da7e1a3e5f69bda6d299,3,R10;R8;R9
80615519a6e4a619f88f76994b4a05ad,3,R10;R8;R9
806c20c1d5b38e2ca7941854ec66659f,3,R11;R13;R15
8072c8f70ffb83e6a82b01aafb25263d,3,R10;R8;R9
807797c8ef120370d45796ed35260d81,3,R10;R8;R9
8079e09258000b9f94f8318ce4d0412d,3,R10;R8;R9
8081c5d9aa37706f9e9d43f8e26d2ee5,3,R10;R8;R9
8098d1ce056318c03a3c70ccf3707945,3,R10;R8;R9
809fc376d2a0aeae5d8bb7f7aed6eda0,3,R5;R6;R9
80b4a951ab0029dbcc40fd4480fc6162,3,R10;R8;R9
80bc61a643d289b3c2afc3a1ad297e48,3,R10;R8;R9
80bd0e3e1fbd70822b77e8df2dd00ff2,3,R10;R8;R9
80c9acacf163bc16010749b2b946e528,3,R10;R8;R9
80caa435b6ab5edaff4a0a758ffaec6e,3,R10;R8;R9
80f2bd216bbb01b56cf50c9a85f79233,3,R10;R8;R9
80f636996b540968f24c909d3c1da685,3,R10;R8;R9
810491951571933b11959743e41a704b,3,R12;R14;R15
810a3894117aa4dc8d1cd1d22aa7e9de,3,R10;R8;R9
8111591b7fea74653fbd7e935a74cf36,3,R10;R8;R9
8126dc2ffbe33a6be3ea20a6f1174ff7,3,R10;R8;R9
812dd976fb73bfdcacdb61a6fc2bb957,3,R10;R8;R9
81314db8b8a964015628efa277e1d7db,3,R10;R8;R9
8138c0bc649a534f449cf703475528ec,3,R10;R8;R9
813a6d586e217397402e45009ec068e3,3,R10;R8;R9
813e13e8b9385cbcffc45356265f6a10,3,R10;R8;R9
8157a9e66791223fbb7aeac1337953c7,3,R1;R15;R5
816008f1b6e1fd740b3b52bb9e258377,3,R10;R8;R9
8169688849f800eed6dded6f1c10a352,3,R10;R8;R9
818796ebd40823cf964a850393882fea,3,R10;R8;R9
81b2b950caf9b6c1f2ba9162f3fd259b,3,R10;R8;R9
81b8689df47e19fee5d5a2b104a3f8b1,3,R10;R8;R9
81e1bdd75db3ed8260cd2a8a206107a4,3,R10;R8;R9
82225c7d9d9d257ff166c37a90909c8e,3,R13;R14;R15
8222ee980c821621f5a6cff2b212b2ff,3,R10;R8;R9
82240a46a3961830c1f340424fa7ce65,3,R10;R8;R9
822c4cfa6ccc027318abacda96617282,3,R10;R8;R9
82336f39711a91abff06905932f534d7,3,R1;R16;R2
823f25d87fd8839bf338b6d9a97722a4,3,R10;R8;R9
8242bf2fdc119f6272d0fa3e5b4e583a,3,R10;R8;R9
824920c963d82a8c0a2a593177ad5b93,3,R10;R8;R9
82603b0dce20d3f1495c3d02caf391cd,3,R10;R8;R9
82624b37dc4d0169f3fe6fd87dcb5208,3,R10;R8;R9
826cff99f07a59af9eca51ff161f1e08,3,R10;R2;R7
826ef40d8bd63f54f66cc620ad52c8e9,3,R10;R8;R9
828468076a2fa7c97169cfb83a117593,3,R10;R8;R9
82877be2465c084b0b9bc186fc7f158f,3,R10;R8;R9
828c239be4afbb409fc1c190360a73c9,3,R10;R8;R9
82c1b7407eafb2bcc73fb0dbe9d94272,3,R10;R8;R9
82c8e033e6fde13b0bf365370407d342,3,R10;R8;R9
82d5f09eac7d3abea784450255fddc78,3,R10;R8;R9
82dda789847403a8544ad1e6928571bf,3,R12;R13;R7
82f62718d5385a45eb2b328b3a90fbdd,3,R10;R8;R9
830d05f396b604388e2d7b68d79a6bbf,3,R10;R8;R9
8339682fa8a467c49ed7dc1fbaaee361,3,R10;R8;R9
834088205c0b6066ebacac10dc6375d5,3,R10;R8;R9
834f395ef75cdefe26c9d2cb3cf809b4,3,R13;R14;R15
835413c68fe1d065629f748ed4e67205,3,R12;R14;R16
8355a97b5adf6ed2baa581c37486248b,3,R2;R3;R7
835b1552b7be3350d697503504211aa4,3,R10;R8;R9
835b2647ac2c4168fd8ee19431cfb47b,3,R10;R8;R9
836875cb65e35b17f6bd79b04d151a39,3,R10;R8;R9
838752b9510e918a05149382f3b56dab,3,R10;R8;R9
8387e5ff12264f87c27db2863d4a9c87,3,R10;R8;R9
838ef4aafc8f2392dabdfbee3a6721e0,3,R10;R8;R9
8393e0cadb4f98d2755a71ddc72525a7,3,R10;R8;R9
83b7785191c812c71f06b948e5843515,3,R10;R8;R9
83bf2acb96d1e39c553401a9c994eff1,3,R10;R8;R9
83d663ac0f523bd9dd0b6234704767fd,3,R10;R8;R9
83e7cd905776606181931c7b695db12f,3,R10;R8;R9
83ead8dbc31cd2bbe0ddc8a93c071520,3,R10;R8;R9
83ee97a2340f95bc8cf74934b2f8fae2,3,R10;R8;R9
84073a6a8201f339407be82dda7e1303,3,R10;R8;R9
841b1864e29f7e6371b6ab16a298142b,3,R10;R8;R9
84293339bfff0b76aadb731526ac3dd2,3,R10;R8;R9
8448867ddbba0f6ee5072f8c4d633f3c,3,R10;R8;R9
844c1b8f13dcca48b733ed0e47504e9a,3,R10;R8;R9
845d1edaada5683f85efcb17937404be,3,R10;R8;R9
846a659d3d5f0c9bc9a7f917dea9da79,3,R10;R8;R9
84749e46e93f4ac01d4a8ae41bb2a179,3,R10;R8;R9
848a8f3f7a4d210c2ee4901b0e07369a,3,R12;R13;R17
848da3f12d971aec50f9e4f76eef3a1d,3,R10;R8;R9
84a27b87601b81cd39889ced2d489f70,3,R10;R8;R9
84b3b3b5c73b0798b732b4f34f84ca05,3,R10;R8;R9
84baca7ccea00d8087be7b834603a5db,3,R10;R8;R9
84c87b7beb63b5b3ac76ed9da17c7033,3,R12;R13;R16
84c887e039ef9c6f05eac4a7920a3bab,3,R10;R8;R9
84ccfc2b291a2986d20f22861de7f699,3,R11;R13;R15
84eb3e8b282f648bbc43c356f058f24e,3,R12;R13;R16
84fdc0055fe587d2095ace6ad7ffc837,3,R10;R8;R9
84fe5801e7bcf024bb26b7c9285e43bc,3,R10;R8;R9
850efce317c8306a07d00f274e8cd8eb,3,R10;R8;R9
852ec6a0bcb9608ffee9b3fda0867f91,3,R10;R8;R9
8546bf5046e18c37bdb219c26b5d13cf,3,R1;R2;R6
8559bb12926cbc66f8a6b40a7fd1207d,3,R10;R8;R9
8566d9205d59b74e1828d61c6739e15d,3,R10;R8;R9
8573fa95ec3defbe2dec45d85a5093a1,3,R10;R8;R9
857b9d89572e03adb17d0630b33709ea,3,R10;R8;R9
8596ba22a0324a295aa986fa60680492,3,R10;R8;R9
85bf2bce1d8ac45002dee50ffa3e014a,3,R15;R2;R6
85ce3df7831fce5801ab5b798aa79c10,3,R10;R8;R9
85cfc59f138f490784170dbaeb0112a7,3,R12;R13;R16
85d4fa5daa1c437d7c8fc07db29b98e6,3,R10;R8;R9
85d5ef7e1090859bf9594d55460d2026,3,R10;R8;R9
85e4008def6c48bf43bcf70a5d1e2273,3,R10;R8;R9
85e95b13040ae3e20eccac186b93e6ac,3,R10;R8;R9
861788e0e73283c8872552da6e6a4b7f,3,R10;R8;R9
8622dd9ca5c02271e81ebc135a602520,3,R10;R8;R9
862a7784c0c283c84f570d01bc151667,3,R10;R8;R9
862f0aaa5644a8a01e86ff585005a259,3,R10;R8;R9
863827ae84bd3b17640ce459b0022d15,3,R10;R8;R9
863d09f3ec5bc88cfa15138876a20ab8,3,R10;R8;R9
864162106b4c83be91a86d4d38595977,3,R17;R3;R5
8649d84b0796e9deccdd4f6bd8d4e998,3,R10;R8;R9
865a0a1a1781b55fa40887566aa9cd67,3,R10;R8;R9
865ea295fcf3442224a58a60a9190b41,3,R10;R8;R9
86648ae0db784e5a5c20ff8de9cc67b0,3,R10;R8;R9
86c1b099be1f08120cdc722e88738dc0,3,R10;R8;R9
86d9b86fe05cf159ca827fad05736c4d,3,R10;R8;R9
86dbe6128679f9c5752c1c82d040caa2,3,R10;R8;R9
86e9cd395b754516f0dcf8a317e30517,3,R10;R8;R9
86ea362edec93fb69697ad8e6920d0d7,3,R10;R8;R9
87072b31f1655d67bafa2705d96b876b,3,R10;R8;R9
8708b2d996ae54a106918d7b115ecfea,3,R10;R8;R9
8709819be5b46c9e0fd3405be96d3740,3,R10;R8;R9
870dd6c4f5ce36cd38983795253a020a,3,R4;R6;R7
87222168e0c854adc8d38ecf9715361f,3,R10;R8;R9
87263262e293c23ec2d03b174ef4ff64,3,R10;R8;R9
87292fd850fa8494048bbdae18312907,3,R10;R8;R9
872fcda56bcda425012eef3cbf6ebf95,3,R10;R8;R9
8751da44b525b4328e1457adab72f8e0,3,R10;R8;R9
87545bddfd34ccf9d27c19a482f5a409,3,R10;R8;R9
875ffffa457e0a0aeb8a76872e3fc6d6,3,R12;R3;R5
8762595001d994ee7c1734a165301a09,3,R10;R8;R9
87686c267f1534a0b3107cbf62b15222,3,R10;R8;R9
877735b744c0d327c287cdf7ffb44406,3,R10;R8;R9
877a53d035ddd0a518cb4c08f7f0d962,3,R10;R8;R9
8788745c121bcbce59873c943afa0ebd,3,R11;R13;R15
8794eea4b84bc93cdf786327e3e606f6,3,R10;R8;R9
879caa633ff0c3c5a9f2c483e757b991,3,R10;R8;R9
87a516c6446958f3f56cf3e4ab8a0c5f,3,R10;R8;R9
87a724e9ba23be348dbaf24878afa014,3,R10;R8;R9
87a8df2f22475c7200ebe891d0f25b88,3,R10;R8;R9
87c4e738629ba2dfbb78ea55247908f8,3,R10;R8;R9
87d6a8f38b07e64a2d2bd2e1594a44bf,3,R10;R8;R9
87f7997c901c0026e338e6f6d79b385f,3,R14;R15;R16
87fdaa98d570ac156bfaa0d863401373,3,R13;R3;R5
8820320f9f26502110190b10d5321949,3,R10;R8;R9
8829ec5d02b48e5f5349b0cde4ddb30b,3,R10;R8;R9
8833a7356f60fd760f6647555a4d8264,3,R10;R8;R9
8845010681f45c2c6f2271ac8bebdfbc,3,R10;R8;R9
886159a41e7589ba0d0713980591e27d,3,R11;R13;R14
8862ef75274d0c13bba19d7b5f2147c6,3,R10;R8;R9
888880bfaaf252cc1f400ff43ee21451,3,R10;R8;R9
88932681cc425d08e5583baeafb9dd12,3,R10;R8;R9
88974ca0acec2690c1e0377c4523662e,3,R14;R15;R16
88bf02cc510da5050a869c290d8f8565,3,R10;R8;R9
88e33acc19c4296385bb217cf333d8ce,3,R10;R8;R9
88fbcd393052bc2479237d62244d16e2,3,R10;R8;R9
88fec30ba54121b6e7f1081d2d608704,3,R10;R8;R9
8900e436ef9c73811c793b32127de1b8,3,R10;R8;R9
8912ff28e4b5fd0a5e101fef66dabaa5,3,R11;R13;R14
892e41c7ed24db564a46d384de10c99c,3,R10;R8;R9
8933f5b721da3ab96e2a6b7efa61fc24,3,R10;R8;R9
8949bd29efc31aaf1425666bf2bc6f33,3,R10;R8;R9
89524feaa558a7a2fbed12b38afcf61b,3,R11;R8;R9
897a9061820965f894abf66586bef0a5,3,R10;R8;R9
89857d1b7b733e1dfdea1f3298fb3a07,3,R10;R8;R9
898aa25e4ce627843fa8ea0607a0cfc8,3,R10;R8;R9
8991d0302a45f1bb372795cea3f18a75,3,R10;R8;R9
89bab84561df6af7b88b6a7d05254725,3,R10;R8;R9
89d2c2a6c42bb2bc268b8d535c4f31fa,3,R10;R8;R9
89e503ac5a54714d03b313b1a6fac252,3,R10;R8;R9
89e6ab133f587191383608ee04cea79a,3,R10;R8;R9
89ffa015af2b8418d8f503c0b65c75f2,3,R14;R2;R7
8a1194107e6ab9101402512dba498e8e,3,R10;R8;R9
8a454755517a41861d07dd898e6572a5,3,R10;R8;R9
8a482be3ab941b8b011bd9badcb6c094,3,R10;R8;R9
8a67f8e2673ceb7004824904b6e72055,3,R10;R8;R9
8a6df5f9f33f6df888f00882757209d9,3,R10;R8;R9
8a7ca215a9c86fb9a1352de720c182f3,3,R10;R8;R9
8a81e64b8258068648760ba016d0d3a6,3,R10;R8;R9
8a87a85a22182720d845212dfb44daef,3,R10;R8;R9
8a9f6de8179f600733be50c16c7b929e,3,R10;R8;R9
8aa01c8d1f096797b2b3f70c0e51c972,3,R10;R8;R9
8ab165974684980021cfd4d69d0874a5,3,R10;R8;R9
8ac12a69ad57ca73535e04b6cfba5edb,3,R10;R8;R9
8ac52862c96cc0f4a21cb3f5314b2505,3,R10;R8;R9
8ac9d40920ef54d20f860195073a1d2a,3,R10;R8;R9
8acab997bea043eb15c9aa293b095374,3,R10;R8;R9
8acbe4fb1e5a886042029febc6700af2,3,R10;R8;R9
8ad47a88ab880f982a7ca140b355f66e,3,R3;R4;R5
8ada567dbd73c16928ce0f7477275803,3,R10;R8;R9
8ae85268313b0db2f58d2193aab645c9,3,R10;R8;R9
8aecb4535fbfdee0217ef2f37b735c29,3,R10;R8;R9
8af84125f707b873c506f65de72e02e4,3,R14;R15;R16
8b06e353ea42754432d11673a4067336,3,R10;R8;R9
8b0839b2cc2d11420e6cfbc46b5f0f87,3,R11;R12;R14
8b09d4ec88d8372bded8547543dbbf24,3,R10;R8;R9
8b1beee6ae2a00d5a98483e50c7ac0f2,3,R10;R8;R9
8b1d99768092df4a92ed2e3e2eb962e9,3,R10;R8;R9
8b32bb8de86a0f89db7241a3de5eb5c2,3,R10;R8;R9
8b37c2ebf7f6d5b446110e75a5cf6ad1,3,R10;R8;R9
8b5d3109a9d587e6a27ac3b109343c5f,3,R17;R2;R6
8b704237f088b80ad737f48ff49d8cd9,3,R10;R8;R9
8b8046a319a835e4dacf1fb2449d880b,3,R10;R8;R9
8bb45148873379b118cca29a71c28f4e,3,R10;R8;R9
8bbf80bd095c75b2207ef57a277a661d,3,R10;R8;R9
8bc2410a31ef52ddb3e2d41cbe1ea7ff,3,R10;R8;R9
8be157ed11fc1bb06d77637ae7da43bc,3,R12;R13;R16
8be5bfabd547e1ef91f0b0b7b4d597d4,3,R10;R8;R9
8bf59d2126095730fe534504609bcc9d,3,R10;R8;R9
8c000de5f90b8dd6ed6f77923874c20e,3,R10;R8;R9
8c09865ee3cb674cc41dee8bca45fe5a,3,R10;R8;R9
8c09c35eeb8472b327cc14b1d51e118c,3,R10;R8;R9
8c22b37c81902d8c42fec5b9363f79bd,3,R10;R8;R9
8c564256945c5e76731f827d472683ff,3,R10;R8;R9
8c6cbbc156f7eb5d6132c937d089f014,3,R13;R14;R6
8c717fbd10400d0cea8af2a1f59d050b,3,R10;R8;R9
8c75e7cff1d266d1d4f73187d7c1bbc2,3,R10;R8;R9
8c9946f1106496dc13bc64cd0532c370,3,R10;R8;R9
8cacb3b69e1fcc845537d1e4a7c1c5ab,3,R10;R8;R9
8cb084ad48ad4a21e15bdb8f4567ed8f,3,R15;R16;R17
8cc5ee4cf5c697d98d7c85951aa4f8d7,3,R10;R8;R9
8cd75497ddd543845e5a151e9a3b7561,3,R10;R8;R9
8ce1c8d29072b068ae7c6c185213e156,3,R10;R8;R9
8ce28abc5f7b1e4b97eef3cf6f2cb218,3,R1;R17;R4
8cfb544c8ae38f85d48916e5db86c601,3,R10;R8;R9
8d002d924e667aded2857442587afe81,3,R10;R8;R9
8d09bc6c72b4f8ad8346be6c55f9f136,3,R10;R8;R9
8d1c24466cec1a18b96989ced1f5422d,3,R10;R8;R9
8d435f703d51586aa164b24e5ec3b9b0,3,R10;R8;R9
8d6a0dcadf3c7322e146e729f4ac4ebf,3,R10;R8;R9
8d71580638dabfe93678f1a7bab30bfe,3,R10;R8;R9
8d74ba04415b33be3134b55c868016f8,3,R10;R8;R9
8d8ac0cdeb07adc1805e5c986b0034c3,3,R10;R8;R9
8d90a34bf34f673775ffd827112142df,3,R10;R8;R9
8d92135190568a756e7850cec9f6577a,3,R10;R8;R9
8db0ec16659e5c003a6b07debf49e554,3,R10;R8;R9
8db8173d076bab7a3fcc6656a0b3c15a,3,R10;R8;R9
8dc9c4a2edfac5c6ed1b0246e435aff9,3,R10;R8;R9
8dcb48f8f81f5d883b1c85b7106a2378,3,R10;R8;R9
8dd6662d207b63fbfd51d2ccda2910cc,3,R10;R8;R9
8de1d1a853009572844969d046f99f6b,3,R10;R8;R9
8de2c306ed9fa7c44c70d249af346d9b,3,R10;R8;R9
8de556d9cd8d026b8eba03870cc6acba,3,R10;R8;R9
8df447178660d98a2efcab6323c8f658,3,R1;R16;R5
8dfdb16f2373ca92d484bb8ae376d7dc,3,R10;R8;R9
8e063eadea9a6aeb684c893c8598be3e,3,R10;R8;R9
8e1a18777633a830c6e5897e4dddb6f7,3,R10;R8;R9
8e3006f8c3906fc969d4aa9aeb31f586,3,R12;R14;R17
8e36ae96a199bbaea285e074edde991a,3,R11;R2;R3
8e3cbb3460e37bd5418cb4bc23c07af8,3,R10;R8;R9
8e49cc23db589bc0acd59a8841128560,3,R12;R13;R14
8e506a2c5a4a64624770f56bd56fe684,3,R10;R8;R9
8e5f9d775ab631aca970ca98d32946dc,3,R10;R8;R9
8e682cb1be531ca41c0e04e45c227797,3,R10;R8;R9
8e8108b7709b8f9f60eabe001816dbd4,3,R10;R8;R9
8e8605a691bd8149aad332a64fce5dcf,3,R10;R8;R9
8e8d8e5b84f477e17297df90008ab053,3,R10;R8;R9
8e8f6687544bfcd254e60e5e28b260d6,3,R10;R8;R9
8eb38ce22b1b5323c2dad3a92c79e1bd,3,R10;R8;R9
8eb496d5dd817b996672eab35e7de8f4,3,R10;R8;R9
8ebf23deb8ee4d7bba82aa38d3420fee,3,R10;R8;R9
8ed4976e3f507617cea65e8b068cbb1e,3,R12;R13;R16
8ef3fb1b703ffcb77d3709d45adf8695,3,R10;R8;R9
8ef74927dbf4b7819d546c7e1f2e002e,3,R10;R8;R9
8f0d77c5c2faa59b360bf71cc07f4d4e,3,R10;R8;R9
8f175ebdd1fb0e26809311ca829077b8,3,R10;R8;R9
8f186efb51af999168f501bda156eda5,3,R10;R8;R9
8f2dd210a995d677029f2c3d285ff80e,3,R10;R8;R9
8f2f0fd9dfa82786b2c02b4a2df53dc1,3,R10;R8;R9
8f4c737a0dbc8fc4be1e1def59ef4fa9,3,R10;R8;R9
8f53904e77e3c20fc28a489d9737d973,3,R12;R13;R14
8f572ec6313554380c112b06168aed35,3,R10;R8;R9
8f6709f15f4f222cf7af5bb49f73aa18,3,R10;R8;R9
8f752093ee546364e7a3f570c7e2041d,3,R10;R8;R9
8f828151dee8b12935726c711c024149,3,R2;R4;R6
8f98e3e6e86e573a6bd32403086b3707,3,R10;R8;R9
8fb5356727d6147b99fea57e012b0b64,3,R10;R8;R9
8fcbf4c0ba3178b938cc3c80df975fe3,3,R10;R8;R9
8fd4e7599250d006e579f1ffcb28b1b1,3,R10;R8;R9
8fd72a5ede4e6f75961080e5cfaa1b5e,3,R10;R8;R9
8fda45c871b6dd0ba4569d560fd49ea6,3,R10;R8;R9
8fdf29fa92d82675c73489bcbb4dda0a,3,R10;R8;R9
8fe0e719bc142d9327cb86cc28e82b03,3,R10;R8;R9
90014bdac9592e29646c4c358275fdfc,3,R10;R8;R9
900fa6baa0c15f5c96eaed57294ec6d4,3,R10;R8;R9
90294c2e98cf161d97c32633e5a67ab1,3,R10;R8;R9
902b03191f0a6bc2e7e47be16b63c38c,3,R10;R8;R9
902cb4d7b941c2b490c322b01314b352,3,R10;R8;R9
902d77e0d68673b7f8d12a3ab1483b95,3,R10;R8;R9
902ff31bc097877d97df0921ca238aa3,3,R10;R8;R9
9043e39c8e52843751e7cc9edc2c02e6,3,R12;R13;R15
9049aa8aa21b134a75e38dfc18facced,3,R10;R8;R9
904b3b12d54cf5f6f4ccccbcaffa3714,3,R10;R8;R9
904c10ed0347e0a4636ff9d752fad6cd,3,R10;R8;R9
906a43ceed5a95c81a94cc7c6ea41027,3,R11;R14;R16
9071e5009f5db86b4c0dd0f6280b2c7a,3,R10;R8;R9
9074b5859c254e4cc0d1ae9781cfcdf1,3,R10;R8;R9
90823fdce55e57a5c6de680ccf9ffc38,3,R10;R8;R9
9089facaf103cdb37adce579bd64f064,3,R10;R8;R9
908cff12e3ce717c4fc6cba8290b89a6,3,R10;R8;R9
908e8d4196bf6a2c6a4bc91d62f1e8eb,3,R10;R8;R9
90a27c3ac3327ddb800b2ae9bcc27ac6,3,R10;R8;R9
90d8e7b88a0d29d30f98e069b0e2cceb,3,R10;R8;R9
90f4166c777d2ecf85440797c6ee774c,3,R10;R8;R9
91001d4c9d10b36d04f1a7d80b100a7d,3,R10;R8;R9
910c99ddbefd826f8e28f0969d0d162f,3,R10;R8;R9
9120a0510a95b14a2554cb6cd5319f00,3,R12;R14;R15
912f2d1789cd50ea5251af9e7f5f6868,3,R10;R8;R9
9134e1c89231ce785443c0e4eac783a7,3,R10;R8;R9
91560db4325bf6045259caf6e908ba1f,3,R10;R8;R9
9163c1b53f6cef4006d0169ee3b24886,3,R2;R3;R7
9163f352663788a365db4685d32099b6,3,R10;R8;R9
9174dcffa34a6ea52cff8a626864de26,3,R10;R8;R9
91783a3a0b479febd50ea952f711d776,3,R2;R3;R5
917974e9208badd0cf8ed8f757276a1f,3,R10;R8;R9
917bf10b1a676986b3e548bed07c03f2,3,R10;R8;R9
9181d4eeda0ebc4ef8f7e2ea50ed627c,3,R10;R8;R9
9188790e0ad5b3a06595039d9314baad,3,R10;R8;R9
918eae18d789f73c80e8431e03472648,3,R10;R8;R9
91a12fbbe1ad5eb62cdf97edeb122280,3,R10;R8;R9
91b45e8d4bd5c08b849e3a1baea0270a,3,R10;R8;R9
91c5f8decf441bfaf7c89e7c3dd06fd9,3,R10;R8;R9
91c6fc1df5829cdaff5705203a351e1e,3,R10;R8;R9
91ce578ebdd959abb3c14b7c24711d19,3,R11;R2;R3
91dcbfac33b20bb82e9641211b18f53b,3,R10;R8;R9
91e4d6c6f6b7527f7963c2ed2f947a4a,3,R10;R8;R9
91e721ea0143333c5efe5dfb8ca98746,3,R10;R8;R9
91f1c20e4e0753f19022f919014aaa3d,3,R13;R14;R16
9209eb472d8c5200cbc8ad2015cbf1a2,3,R10;R8;R9
920cbb3a89aba24738b16fd78fc79196,3,R10;R8;R9
92113f2b921dcc352679d94851f4051f,3,R10;R8;R9
9233b2cb05dd9ae0902badc7482c5481,3,R10;R8;R9
923878ed8c8260135f856d361df060c9,3,R10;R8;R9
9246c1061217b8131ccdaea80327e24d,3,R10;R8;R9
924c710624ba217ea2a275babf7903a6,3,R10;R8;R9
924eb4734344e5808df5d15855d68178,3,R10;R8;R9
9255e7154b30dcddd72f1f5ae6e46470,3,R10;R8;R9
9259faeeda26a934fb32c74b8682e15f,3,R10;R8;R9
92658ab8e0bb9aa59becf54ecb0e6063,3,R10;R8;R9
9273bd554f5d9340a11722070a53c65b,3,R11;R13;R14
9278f10a8ff708a2cb687a2f0366ad74,3,R10;R8;R9
928076ee487f027f64e040389fc91725,3,R10;R8;R9
928886f988f5f5791937a0ee73ff0b25,3,R10;R8;R9
9291d31a52303b92e8df393034a0a367,3,R10;R8;R9
92928a912d1736877050c8c00c3dacdb,3,R10;R8;R9
929cadd9346edbd600e909ce306ebfb6,3,R10;R8;R9
92a7ca7a9adaf9d057f28fecec78e449,3,R10;R8;R9
92c4bde91acc54147a32701d24422734,3,R10;R8;R9
92c7afb7f1496f6f676fc6f079337fc8,3,R10;R8;R9
92c8ef82a9059eade4fd85c649f3b1fe,3,R10;R8;R9
92ddcf2c387ec3f50403371ca9997ad0,3,R10;R8;R9
92e484e2051dfa000b770a6ea1e0686b,3,R10;R8;R9
92e5d2d36ee724738906a15a54647d0e,3,R10;R8;R9
92e79511cf61feac9fb92f92325c0a19,3,R10;R8;R9
92e9e7ccc49692f0c6fa6917d7289f6f,3,R10;R8;R9
92ec72f76087d45365e94f60cd667002,3,R10;R8;R9
92fae85ed91d9465eb06594a89cf2697,3,R1;R2;R8
9300415e9ac5678a968ea7b751c8c8ea,3,R10;R8;R9
9304a2da1a0b23b779266d91a9719415,3,R10;R8;R9
930659d5e9eb2e7e224255e9337b9f99,3,R10;R8;R9
93067baae2937e61291bac49adb5308a,3,R10;R8;R9
9306d40fe3b77bd159c6ab92c0a306c8,3,R10;R8;R9
930a3d2c506f5035a1aa301b401f6fec,3,R10;R8;R9
930f9da548ab53f8edd16761660c683f,3,R10;R8;R9
9316b2ca577b760f2611b9d99bff7053,3,R10;R8;R9
931786165c810445eff5e832421a93c4,3,R10;R8;R9
931e92a65f8ec5eb009c0afa0f52e0c1,3,R2;R3;R5
9340b8c8362e2734af5bf9edecf6efac,3,R10;R8;R9
935a7deda5e549ec48293dea791b7c5a,3,R10;R8;R9
9369d8c9b16544b4f5c2d953f972a87c,3,R10;R8;R9
9378e938afe891b372d0d7a1924c7aa5,3,R10;R8;R9
9385f1142a0999cae18ceb73dc804bc7,3,R10;R8;R9
9390e4ee9fcf6bdba3b1f03d40bfd4d1,3,R10;R8;R9
9394d988f22d6f03b220ce1b1af919ca,3,R10;R8;R9
93a37385c5f53a0c3a1357f996f22555,3,R10;R8;R9
93abddc3fe8d832eac4e48ef666437cd,3,R10;R8;R9
93b19937892c90a3d062674c7c554765,3,R10;R8;R9
93cb971f3c5504f1362de4367f9199d1,3,R11;R12;R16
93d04c587467e12a828828f907adecdb,3,R10;R8;R9
93ed73782bc23a0ef9c426c21982d8d7,3,R10;R8;R9
93ef5877b678e69cf43fa16bbae50b93,3,R10;R8;R9
942d83991819c4e1c9f10261e7e740cf,3,R10;R8;R9
942df4c44fdc6ffe0111740028a25581,3,R10;R8;R9
943587a46ada0ee193c60a106ac61934,3,R10;R8;R9
9446be5a692accfa901d612a1e2a4c72,3,R10;R8;R9
9455d586debaa57d4e592d7a1292c977,3,R10;R8;R9
945b4e002f3a1cc5b5616dc54545d914,3,R10;R8;R9
945dcf557d9d281b55644289c53b1039,3,R10;R8;R9
945ebd66ed6b631a05e638ff88708e2f,3,R10;R8;R9
947c9697bb1023635f14e326d13c55bc,3,R10;R8;R9
94aacb0f4b6f837af4311cd8742bab06,3,R10;R8;R9
94db14c4d9cc5b73cd4ccc12e94d566a,3,R13;R2;R3
94de62dfe739e0d39da5c014bc72576f,3,R10;R8;R9
94fe218b2934a56f5c5e9dbbe7c3ab98,3,R5;R6;R8
951f37f1a2b9eeda8687588d6c1395f0,3,R10;R12;R13
952b065c0aac9ab20a9bcc051987a00f,3,R10;R8;R9
952b45e292277cdeec3873a510360fec,3,R10;R8;R9
95318747e792176f2ed657e5cf0d20a9,3,R10;R8;R9
95421a7356eac56ffcd4eda6ce23cfd4,3,R10;R8;R9
9548c30d5cd9f5051877d7070e1dc33c,3,R10;R8;R9
954984f75efe6890cfa45d0784a3a1e6,3,R10;R8;R9
9550a9bd0f5a9c89b096778dee669dfc,3,R1;R5;R7
955c561b6301bc98d02990faa70a5ec6,3,R12;R14;R15
9589df954de68262bc380d648b0184c3,3,R10;R8;R9
959612f16d4ab164853d66bde4ec1297,3,R10;R8;R9
9598f874069cca35ff56d54925d35ccb,3,R10;R8;R9
959cb0680fbb9779352b9e42feef7977,3,R13;R5;R6
959e5d96df8e3eaa7eed10f8b0b3d08c,3,R10;R8;R9
95b097144aebefbb161afb3acc62381b,3,R10;R8;R9
95b32ce2a10f57629eb63830376237ca,3,R10;R8;R9
95b55a69ed71d956594f754e8071f64c,3,R10;R8;R9
95b5b6f29ba51deea4fe7a8848a1b250,3,R10;R8;R9
95b9b32e68bfb95100cc300664f9aae5,3,R10;R8;R9
95b9f6b4e21ace0ad8ec1bbcdf93060d,3,R10;R8;R9
95badc82bced45380cf4275bb11d2bb9,3,R10;R8;R9
95bbadf9fca1ad13b442ab060935e06c,3,R10;R8;R9
95cd5503c91006be9f3c9991db2b3cf5,3,R10;R8;R9
95d26610969ba722c1b4def95637e23f,3,R10;R8;R9
95d3c55f3737289bc2ea761df9a0c120,3,R10;R8;R9
96021af52e0a14e49058189530e7cdc3,3,R10;R8;R9
96151d76b7654e7ee86045acfe659521,3,R10;R8;R9
9639e6b5d6391d119e959a65b6733c24,3,R12;R17;R3
963e75d60b45a08a1de456d383759167,3,R10;R8;R9
9644622ee77d5894827ca63b323e704b,3,R10;R8;R9
96486c2488f9b4755798099db0d54a18,3,R10;R8;R9
965d2c73cfa52a84d2f432118434037e,3,R10;R8;R9
966ae608783951f73244e01c1e5694d4,3,R10;R8;R9
96734f3235d72a018aaef6b78391df7a,3,R10;R8;R9
967f2ad4d9bd6d377127624161468188,3,R10;R8;R9
968172a174cec0c1f043932fd8a4576b,3,R10;R8;R9
96836e392ecca0df10f8aeac33db3c68,3,R12;R14;R15
96856fd17a41d64ead800f556f369cdb,3,R10;R8;R9
9696f133b6337e31d8961638df6d89af,3,R5;R7;R9
969d075666dedd66f4c1c6ad0b1e7052,3,R10;R8;R9
969d1591fb0b4bf7041938b6fbcfbdc8,3,R10;R8;R9
96bffead32cd991447d96ab59af2ec55,3,R10;R8;R9
96c522f25fae304c496697b220be49a6,3,R10;R8;R9
96e6dbf6148db615d730bdc0d5d76785,3,R10;R8;R9
96f334aaa1d7d9cad160e710c9965615,3,R10;R8;R9
96fb81c205dcedda4f036353e4f18cdb,3,R10;R8;R9
970dcfd176e4fdaaf9bcb511a82e3b70,3,R10;R8;R9
9710d919aaab2bdac30900f140de109b,3,R10;R8;R9
971e2965c2e5149f64be489d589dc3d0,3,R10;R8;R9
972b79ab9ba7e34488c4459e43241ab4,3,R10;R8;R9
972f8298395b49ef09c8faf6a04e22b0,3,R13;R14;R15
974de0b950075fe57ca6587571ff09c5,3,R1;R16;R5
978aac9419e5145086523be16545e55a,3,R1;R5;R7
97a05a3ade68254d5163547aab61f3f4,3,R10;R8;R9
97bd8561208807d003ff804d69348974,3,R10;R8;R9
97bdb0096786b6ac9b5f0901cf144084,3,R10;R8;R9
97bf1159c3d5a11144527bd31d2ee628,3,R10;R8;R9
97e5e230f793b64aba05a318d6fdf4c4,3,R10;R8;R9
97e953ca3bf93ddf8a9f9044cbdd8e7c,3,R10;R8;R9
97f48290716a3cad241bf74f3ce47143,3,R10;R8;R9
97fd4f6e94b84fc564ae30aec660e443,3,R10;R8;R9
980030eec2892fd979adc481d9675550,3,R10;R8;R9
9809f0d8f7d4654a2599c052a5b83dbd,3,R10;R8;R9
980cbaa4ca9127c95c7a24cfa7b08598,3,R10;R8;R9
9822d3f2c751dcc995ea4d827e63aed9,3,R10;R8;R9
9823c13f2412bfef40728c2f08972b03,3,R10;R8;R9
982f677d3e934cc99a7560f143b7eb49,3,R10;R8;R9
9850d20ee4d2bf722154a90ae07ddff8,3,R11;R12;R13
9852b93d2e984a4c427f7d14be534717,3,R13;R14;R15
98553a08561599e00ebcbc603e206557,3,R10;R8;R9
985aa6789515f5ad438d2384ed52cda9,3,R10;R8;R9
985be77c13eb905ee8e19a45e46ab785,3,R12;R15;R16
98617a2bbd11c4afa7be664889cdd6de,3,R10;R8;R9
986a142a1300b3401bdeda43822ceba6,3,R10;R8;R9
986cbf62313a140fc59925d613ed4332,3,R10;R8;R9
9875e42950bf3e157e96b0fc8c6f4680,3,R10;R8;R9
98930c53682b85b91e22c7a59cfc36fa,3,R10;R8;R9
98a1266e373f6b7d51677e1d5a9a8d96,3,R10;R8;R9
98b4edbf9b483c883f0a40c04ea61800,3,R10;R8;R9
98cf181303375a6b877a30af28fa3bfc,3,R10;R8;R9
98cfae70f256055ec24e8ba2dfd54ca6,3,R10;R8;R9
98d31d7df7863752c8f85cd0be34ecc5,3,R10;R8;R9
98d44861c84d532bcca874fcde5e5f42,3,R10;R8;R9
98dca7e62a4f2d47455b9a275fa75a08,3,R10;R8;R9
98e2d03f7e9ba87b4922b35347866fc4,3,R10;R8;R9
98f00bae3d65ebcebd046c12e5b27f7c,3,R10;R8;R9
98ffafc82ac9d3aec1d4d3957d0d9322,3,R10;R8;R9
993adb8e17f2726e4c9bb5cb414d9de5,3,R10;R8;R9
9943805f08872ab64d994fc84ff1b25d,3,R10;R8;R9
995533127aa50c3b1a64829055850319,3,R10;R8;R9
996cf9196ebda9f2b449e2ec38ac17c4,3,R11;R14;R17
997230116fa99fe2335a4524899ea08d,3,R10;R8;R9
997a190cf3302633937a80eff6c65459,3,R10;R8;R9
997fca43b97287e53c551c3d4753edcb,3,R10;R8;R9
999612f847684578b1fdcf2d9d4d4994,3,R10;R8;R9
99b6a685b8c3992e218834b8777e0ce1,3,R10;R8;R9
99bac8deff3eb3beb9479e0c080940f7,3,R10;R13;R8
99c5019992434f96249d79326a472b05,3,R10;R8;R9
99f45d9953ae4d119bdac3987dffb676,3,R10;R8;R9
9a080db6a1a2ceca36947cebd0367514,3,R10;R8;R9
9a103f2f70e89e234d5aca1a4535329b,3,R10;R8;R9
9a10974aa0dabf26fb1b8a7d85cafedc,3,R10;R8;R9
9a1781dd524b50ec31f94c184bbb6b4c,3,R10;R8;R9
9a1a909b3cc2641976339609258c1b04,3,R10;R8;R9
9a2d123a36eea730440d44f430ad2951,3,R10;R8;R9
9a321e5a866cee9e943cf5f3684de512,3,R10;R8;R9
9a3d018df521eaab6b4eec203a19970b,3,R10;R8;R9
9a44147b1b764d0cbd57a317bd22e48c,3,R10;R8;R9
9a5094b2563a1ef3ff50dc5c7ff71345,3,R10;R8;R9
9a51be5f7bf1078ac8972a14de31c515,3,R10;R8;R9
9a6377016b455cd0f2b6e64bf1af6cc7,3,R10;R8;R9
9a65d343df43c00deb1838098495b672,3,R10;R8;R9
9a6ef2893ef45236c5eb1141db74c9aa,3,R10;R8;R9
9a7decacad5d692b7c6b7253217fc770,3,R10;R8;R9
9a8dbd52534ed67ccc9144ba1b43d185,3,R10;R8;R9
9b00eeaa317747fe5d908526e1268393,3,R10;R8;R9
9b091aa027eeb034fc8fe803692028a0,3,R10;R8;R9
9b1034893f70d565ab25e7c3aedb3ff7,3,R10;R8;R9
9b12521fa480b7872a66995a796f03e5,3,R10;R8;R9
9b1d076abcb937c2e19f7c2e10dbcbc0,3,R11;R14;R15
9b1e8c3a5bce9d3c3f9e7c6394289c67,3,R10;R8;R9
9b294ef55b60d28d047089d91a1ca502,3,R10;R8;R9
9b389242ffe5059b705ee8f5aac00bd5,3,R10;R8;R9
9b44eddd5b59cd65d92366f27290d949,3,R10;R8;R9
9b962decc3b730467e74a8fbfaa0d953,3,R10;R8;R9
9b9c8cc2a7eb9c66f77432e677f7fdb5,3,R10;R8;R9
9b9f47628be6a48ddb41aec8ba39b454,3,R10;R8;R9
9b9fafab95a68b7dd80a22f337245a93,3,R14;R15;R16
9bb8bb42168a8ce95a57d818bc23b112,3,R10;R8;R9
9bc4efab79fda2c8d0c4fe352979d35f,3,R14;R3;R5
9bc7f47f5e3d9cb135278aa09a42ff3a,3,R16;R2;R6
9c12e58f5fd540a5b5457f9014e83479,3,R10;R8;R9
9c17e04426811c66677c1a9b480d1a51,3,R10;R8;R9
9c314e403d3e6e3ed09e79a57019f9ad,3,R14;R15;R16
9c3e095779134703dfd7b263d71b44f4,3,R10;R8;R9
9c41221ce46d36fc44d140e21c3f3da7,3,R10;R8;R9
9c5b6aec6d12a963522ae5b333f612d1,3,R10;R8;R9
9c6b55a1b4fe76943377f346658b5da5,3,R10;R8;R9
9c83d9f88170cd38f7bca54fe27dc48a,3,R10;R8;R9
9c89004f6827ca42cc151098ce8bd986,3,R11;R12;R13
9c9d6d92f17ef2b3145ad8743e11b194,3,R10;R8;R9
9c9f556eea533f066368e0f4a452bee7,3,R11;R14;R15
9ca2725b69db57ebc2df26a7da70affb,3,R11;R13;R16
9ca6f4d20348cea6a7efa90deeff2639,3,R12;R14;R15
9ca97574cdfcbcd1db8ba2fb76e2dd34,3,R10;R8;R9
9caac1a690115767b3d4f97702f571d2,3,R10;R8;R9
9cb5ed4b6f4a25b2ac497159f7b1b82b,3,R10;R8;R9
9ccdadb18e6a8c9c2459768eaaa2893b,3,R1;R10;R2
9ce4169ac820450d4a18f4d9d33d40f1,3,R10;R8;R9
9ce5d86c2dcaacd045d5f52587e41247,3,R10;R8;R9
9d094c16cc0afb04940a651298d12dcc,3,R10;R8;R9
9d25a49dcfd33a593605da5b2cecfe2b,3,R1;R13;R2
9d2c6d2e55ac8c64f264087ccc48187a,3,R10;R8;R9
9d2c9f496cedde3fe7a38080bf9b65c3,3,R10;R8;R9
9d366d706dc228d1721d3f16b139221f,3,R10;R8;R9
9d41ae882fa21638f67228ff85cb05ab,3,R10;R8;R9
9d42c5942895afd3391a8fb93a3991a8,3,R3;R4;R5
9d4654c4c7def98196c0f8f14277ec7c,3,R10;R8;R9
9d66132dc1a3e262df38c3ad25626a00,3,R10;R8;R9
9d740f84910f8b7f0bfb870f8f4ad8b1,3,R10;R8;R9
9d839a52c0fc61167a2f95ae6f7ee5ad,3,R10;R8;R9
9d8cf27d445accf16f4c577c3f05b2b3,3,R10;R8;R9
9d9caa9e06ec349f19f871e3fe2f343a,3,R10;R8;R9
9da65d59721d58bd125a4fc94b6ffec6,3,R10;R8;R9
9dba466530505c0992a5bb874ffc90ee,3,R1;R2;R5
9dc06dc651df290e2f3cd30ac1513c7e,3,R12;R2;R6
9dc2037ca1424465db0c4fe2972767f0,3,R10;R8;R9
9dda26bc7998dba2e4d8592801138fad,3,R10;R8;R9
9de44540163b68efbaae0d0c2b704b4a,3,R10;R8;R9
9def018e27028f4b11403cd6ad0d4691,3,R10;R8;R9
9def44a5c7f43c29e24752e03add7809,3,R10;R8;R9
9df340dc63bb0f9c185f2d019cd533a8,3,R10;R8;R9
9df823bdb8130ffcea2bee7544a0db94,3,R11;R12;R15
9dfc32d8ff0e7a5b65dcda7fc2899881,3,R10;R8;R9
9e03a12bdc2f03b99a92662e992ea810,3,R10;R8;R9
9e104788d948797f70790dce9067c277,3,R13;R14;R15
9e15afcba3bac18db3bb491b546792d4,3,R10;R8;R9
9e394247ba5019ad6430530f0133bb68,3,R10;R8;R9
9e4494bb24faf76970a1116cda4da0fc,3,R12;R13;R4
9e4888894ce1958ed9367866eaa9cb79,3,R10;R8;R9
9e4f8b07c7cfc2e3be4481e8f3507108,3,R12;R13;R16
9e63db3c1b443ca561e426b798096b8f,3,R10;R8;R9
9e6b3b14058606fadddc95950f8b8e3b,3,R10;R8;R9
9e886934e6ac2d1b15603e91690b97ca,3,R10;R8;R9
9e90a23fb8d5ce13eb766d538afcafea,3,R10;R8;R9
9e952e4a222f3b3e022f0e0815ce9b02,3,R10;R8;R9
9e9cc9d084546cb6d7f7ddba63411a81,3,R12;R13;R14
9ea6802588a0cf35c44631bf01f9bd7f,3,R10;R8;R9
9eb4fa8a29bcdd4fbede7c391589a42d,3,R1;R2;R9
9eb64584567f0c8e31e0dfcedd137aea,3,R10;R8;R9
9eba0d101f410f9cdfae46cb094ae2a6,3,R10;R8;R9
9ed1f91369552618456da255b02820b3,3,R10;R8;R9
9eeacc3c99e0b295f3e0ab1c6e8d66fd,3,R10;R8;R9
9ef084b09e407e4f8f00932602d1a88d,3,R10;R8;R9
9ef2c06481a9e65d71e6743d04217462,3,R13;R15;R16
9f143122da6e0f80e97ebc5c32af11ed,3,R10;R8;R9
9f1bdd6de55cf175cd65c01aed55ff12,3,R10;R8;R9
9f2360f56f61751a254678ec0adbc77d,3,R10;R8;R9
9f29889356a03cac6cdb9601b37b3918,3,R10;R8;R9
9f329a8c05ac45949b43e6626efdb8d0,3,R10;R8;R9
9f3b91a14738c8cb5ac655fdb40bdb9b,3,R10;R8;R9
9f3cd35d1e478da2bac4bf5afd1153c0,3,R10;R8;R9
9f79612cb768f8fa50a6cb22e4e38a2a,3,R13;R15;R16
9f7a76f14e777ed53606a7d6d3ef3890,3,R10;R8;R9
9f8ad1b404295f6c9951bcfe9e2da754,3,R10;R8;R9
9f99a143df8874d1e5320ebbbae6040c,3,R2;R3;R6
9f9ab4b3170b84ec04b006d522114f24,3,R10;R8;R9
9f9c6cde56f7e1b36c94f6d72fe0a2f3,3,R10;R8;R9
9fa07ce40365c2c37f75ba3a5486b8c6,3,R10;R8;R9
9fb8448d2d7ce8d93e129a16906074e3,3,R13;R16;R4
9fccf640c41b789bef11c3437045436d,3,R10;R8;R9
9fd12d311ea007b2cd5b6f0973dbc6de,3,R11;R12;R16
9fd7ae7f030dbd0185a3984704dcdc5d,3,R10;R8;R9
9fd7f8bc66d606ffee290028c4d5d1f3,3,R11;R15;R16
9feaa80fe5166e87af68fcab302c7ae6,3,R4;R7;R8
9fed2e6b4943fd575a7a91456c8c899e,3,R10;R8;R9
9ff3dfd4bd748b3a368d9d97e3637339,3,R10;R8;R9
a01c58a18c2382adada9aea189097614,3,R10;R8;R9
a040343977edb13d15604e5e3c125e59,3,R10;R8;R9
a07064273b3f1112655970e8326f25df,3,R10;R8;R9
a077f8b8a0f82348128918516eacff8a,3,R10;R8;R9
a083b9235a837f1f0171174a00ea538c,3,R11;R13;R14
a091c439300eaff4c79f0a82d343a369,3,R10;R8;R9
a0a6050fdda9f59eff1ca6a197883fcb,3,R10;R8;R9
a0e08352d5127c4654a6f563899fd901,3,R10;R8;R9
a0ed62efc8bf9e5053d18e250390b96d,3,R10;R8;R9
a0f0fba4ab530612f91852ff0fee4f1a,3,R10;R8;R9
a0f8199197edd3488950b47b3db6646b,3,R10;R8;R9
a1058b4368a7e3d945757f218393baf9,3,R10;R8;R9
a1099e200fda2e6dc8c80d691fc6e70d,3,R10;R8;R9
a1134e92282815efb505a93105083393,3,R11;R15;R16
a1375f9466915186308ef31e0766db3f,3,R11;R14;R16
a137951bfa9be68fec6cb6ef0a679d20,3,R10;R8;R9
a153495b8f21f9c8a56d3489c513d721,3,R10;R8;R9
a1720873fde30e8b3dab6b5157e58e70,3,R10;R8;R9
a18a90445d328302a6dc46ca43917e4a,3,R10;R8;R9
a18d88dbf60435ac196dbcdc512115c7,3,R10;R8;R9
a18dee563cbdaa4a85594968f8678b84,3,R12;R2;R3
a1af684b8e0ce8e5cd4223881451a5af,3,R1;R14;R2
a1c5f6de8dea1889fbe3542682a5a4c4,3,R10;R8;R9
a1d1cbb23e3efdbbbcfccc03e9624356,3,R11;R13;R14
a1df46be5ace1fcd65a304d44f83a1a6,3,R13;R15;R2
a1e4301af829e773b3b56870a60fa750,3,R10;R8;R9
a1e8167621dbbff8f8bf5714e43fd188,3,R12;R16;R17
a240c258ffa22652149f1e08d4237d04,3,R10;R8;R9
a2480b9f63cc65e052dc0b9ad19c866e,3,R10;R8;R9
a24f6e745dea4cfb8c3a31aa084650f7,3,R10;R8;R9
a2509450b933cc298fbc4f25ed31baba,3,R10;R8;R9
a2511b7d5a4657b9b161d7c3e69587ae,3,R10;R8;R9
a257e58a06d3267edc82453ae093ac97,3,R10;R8;R9
a2a58a1645b852dc7bf03f703940163d,3,R10;R8;R9
a2a8071358cf2858d45596364fd4ec85,3,R10;R8;R9
a2c6dd0cabc2fc70fbb1cf2dac50d11c,3,R10;R8;R9
a2ca3716b1e7923e5f8e0fc6f8200509,3,R10;R8;R9
a2ca9713ed2b4fb5632aa8647769c1a6,3,R10;R8;R9
a2d8804d3d08a2afb75dd9e6fbb53010,3,R10;R8;R9
a2de4d532410b97fe4080e096ca6010d,3,R10;R8;R9
a2ef60f418b8518fc372b7c333f8a5c3,3,R10;R8;R9
a302f45dd2d8b7b698c3ce3121cb7cfc,3,R10;R8;R9
a30e54c94c56cf1448eb8f3921a40e15,3,R10;R8;R9
a3106645d9ff642b102c1fae08356865,3,R10;R8;R9
a3138b15692cfedc5a35d1bf5314616e,3,R10;R8;R9
a31e14af6336413d69a6920a6c04fc20,3,R10;R8;R9
a31fef91832012791b0a749471e37159,3,R10;R8;R9
a330d6606525415c5e462b9e13ca8452,3,R10;R8;R9
a33cd2473556d2cdfd77ba3d2fa78349,3,R11;R12;R16
a340f6b48cac7f561fd07809cb4bed96,3,R10;R8;R9
a3411581087b63a70a2bdba24e55ff4e,3,R10;R8;R9
a36676c626033075ddd0487e29489cc2,3,R10;R8;R9
a3942b8f01dd54858add21b966d3986e,3,R10;R8;R9
a398135fec0dd0d8239d5b6d8d24454b,3,R10;R8;R9
a3ca1ceec50e701e7f1a5d09a7827ee4,3,R10;R8;R9
a3d5137d2817fa1a7497352d16b31b20,3,R10;R8;R9
a3dcbf04ea4cf926b6efb6ac526d5ff9,3,R10;R8;R9
a3ddfa552c6cd137bf46a5db89f5a2ce,3,R10;R8;R9
a3edf89d922032beef7cf3484ab9fe54,3,R10;R8;R9
a3f5ac68c8d1b1805be21f18c47fc186,3,R10;R8;R9
a40a4c976a48e21acd6a2cd3d71cac4f,3,R10;R8;R9
a43d700412de5ab25b800bd283e1baa2,3,R10;R8;R9
a43f966e46d3da7816d35145890ad03d,3,R10;R8;R9
a45407e8b1daab75a1217b65de60c29d,3,R10;R8;R9
a458bca92aaba1cea1793c8e1cfde5f3,3,R10;R8;R9
a47a8dbe0f480f7ce3abfb0b9d880afa,3,R10;R8;R9
a48969d2e8f19426f60949458d6fa1b8,3,R10;R8;R9
a48b09b94137d7500ba23cfc72c990fa,3,R10;R8;R9
a4a33bef990b7fac8876f44f26b06bbb,3,R10;R8;R9
a4ad3a5adfa6a22174acffb59997e1ee,3,R5;R6;R7
a4b41309551add1836dd1f0e96e7c594,3,R10;R8;R9
a4bc2e88a21b0cc1bb3a7b6645c739f2,3,R2;R4;R7
a4bf2029dfdd687dd7b4567b159a4121,3,R10;R8;R9
a4c71296aa5ce5ac4f5d4b244dfd0a11,3,R10;R8;R9
a4ce4aaed43f660e1055d6f30e4da63f,3,R10;R8;R9
a4e2a5e09a4a18d87207901815df0475,3,R10;R8;R9
a4e387b2c288194660b20ca771d16ad6,3,R10;R8;R9
a4eb90d17d4a800bd78648862de879fa,3,R10;R8;R9
a4fc9faa46af26c5fc462772d88d0af3,3,R10;R8;R9
a52d6fa5d0fad69daf5cfadd32115bf1,3,R1;R17;R4
a534ccaabf172ce675cfa296a26656de,3,R10;R8;R9
a537060564b5e08c80f46362deb565e8,3,R10;R8;R9
a54dadab8f6cc14103878d99092d2b7a,3,R10;R8;R9
a593d4aa6d8d9dbe2139c6c3889535eb,3,R10;R8;R9
a5a2a3b02ccb9c3145d553d269e4b0b8,3,R10;R8;R9
a5a68ae68617df1b6362ed51973e1338,3,R10;R8;R9
a5ac5264ecd49bbdb58c894c100eacdf,3,R10;R8;R9
a5ae36dfad78f8734605d73781b02f3b,3,R10;R8;R9
a5b4a4f3010769a3601c845983ee0826,3,R10;R8;R9
a5bdf59cbdda3f531f057d3c1840fef1,3,R10;R8;R9
a5beb1c44c49e97f1f46e5071c5c38e8,3,R10;R8;R9
a5c5bca04df42e9949aa48cee3ad67c7,3,R10;R8;R9
a5c7b10a238b041fc8d10afd9cc12569,3,R10;R8;R9
a5ce7ccf65c0e89f0a4f31e252d5b071,3,R16;R3;R5
a5dd0a76a5253cbd34b9365c78e44110,3,R12;R14;R16
a5dfcc60924b58142b382c753ef1c07e,3,R10;R8;R9
a5e363abd637698b9113973ccd5c663e,3,R10;R8;R9
a5e985887d6db5408eeac67bcdf771c6,3,R10;R8;R9
a5ef63166c0cc0acf772a7f06ef54fac,3,R10;R8;R9
a616c36ec79f99dfa8ec9eafaf12ecfa,3,R10;R8;R9
a61be8051f02ec494ed40696e988f6d1,3,R10;R8;R9
a62197f08a9d755712d126c4c8c93541,3,R10;R8;R9
a629d0f2bd9dfde3991ef4aec75e1c8e,3,R10;R8;R9
a6309e7373450069baaec7802ec8b244,3,R10;R8;R9
a6317cca482e4c5e020ab5e4c94fe921,3,R11;R14;R16
a63b427ef8132749b8f71c66983d3231,3,R10;R8;R9
a6541e2d7a4e09d6c1bdee83632bf781,3,R10;R8;R9
a655a71a3cddecea703e954e8e23cccc,3,R15;R4;R7
a657a8af7862982643a765365d051f81,3,R10;R8;R9
a65b19420087f574983a8adec9906c16,3,R1;R2;R5
a66524d3706dae7e6bb8f669cbea99d6,3,R10;R8;R9
a673256f7b975e11bf89dbb29f4565b9,3,R12;R13;R14
a673c55470f775d286249e189896c376,3,R11;R14;R16
a68dc259352540652c16a30b4ad4c99f,3,R10;R8;R9
a68ee14d5193f59a98c5ff0e150c8174,3,R10;R8;R9
a692a1afd469e83448d1148facc77de7,3,R10;R8;R9
a69592721a2c215f1c77481e0eaf8751,3,R10;R8;R9
a696b0fbd24620e5f86b377968175fd9,3,R10;R8;R9
a6a3e8472da94404496b18198004f698,3,R10;R8;R9
a6adbed163583ebad6e6f761611d02ef,3,R10;R8;R9
a6b6e002c7d2d78f98fe443c1f9af2b4,3,R10;R8;R9
a6bcb9f5d59588d699c5aa83cd3039c7,3,R10;R8;R9
a6be2e43de24f6b2d0b1f908f181cbe5,3,R10;R8;R9
a6dc083013ac8108bd13fbac28921290,3,R10;R8;R9
a6df9baa059b2fd400ee2e0149ae5b87,3,R10;R8;R9
a6ee1589384c418846cc3375e8f0bc45,3,R10;R8;R9
a6f3b580b96c7912c0c0cbc15da4c9ab,3,R10;R8;R9
a71462e25ea94178b2ff97939d7af7ec,3,R10;R8;R9
a722712967b38150cee4f85dad4230ed,3,R10;R8;R9
a75ffc1c7b9a233ab869e52d79cefefb,3,R10;R8;R9
a76703a9a5a6459ca0c4ba8407403bc0,3,R10;R8;R9
a76bd15bd83fe8e44ccdfd058d42d4aa,3,R10;R8;R9
a77b3f35ace5807fb30ea0515c60d3b6,3,R10;R8;R9
a77bfe2433adc567669ac27ed874b0ed,3,R10;R8;R9
a782b1a571da89222c8085b9fb6b1df5,3,R10;R8;R9
a786432eef4d2c8117ae53da8648cbce,3,R10;R8;R9
a78e6dc6978392015fa78795c0aea8a7,3,R10;R8;R9
a7911c0364a00437dc27f8db4b95980f,3,R10;R8;R9
a79d59f6ca2b10cf2d51ed7ecbbb8bef,3,R10;R8;R9
a7ae31b4052444b8f576b657b1753445,3,R10;R8;R9
a7b19dd41e8243e343e7a3fde69b9c3e,3,R10;R8;R9
a7d58a3553702199d37dd2e1279ddadf,3,R10;R8;R9
a7dae5a9e0ee3afd267ae9a5ebca1c11,3,R10;R8;R9
a7e65af70639bcbe5abc17ed529ab765,3,R10;R8;R9
a7eaf74178c4aca851e331b2c8503ff1,3,R10;R8;R9
a7edba318fa3305ec4118eb7e0091140,3,R10;R8;R9
a7f1d66c0930fc471b6723dec24d707f,3,R10;R8;R9
a8234567b95c404365745b9fb0f4859e,3,R10;R8;R9
a824f7f43552c3af8d846dd1cc0f0c11,3,R10;R8;R9
a838e79ba2e9716bc790a76f7ae1c94e,3,R10;R8;R9
a83a592882c4d218a715673ee31cc5fb,3,R10;R8;R9
a84777df727ba6ea0d556e914e83e530,3,R10;R8;R9
a847bdede3ab373ca4e2ab6199dc569f,3,R10;R8;R9
a84c5a7adea6bbde88dc2ac6747ca443,3,R10;R8;R9
a84fae30f42f9978cfd9fcaf91544792,3,R12;R3;R4
a856ceb08a968a90562df73417bdc1d8,3,R10;R8;R9
a8712873fe9accd992e9b306cf2d1f25,3,R10;R8;R9
a8750c349b5dac834473304bad0f2877,3,R10;R8;R9
a87dc1505bcdb64c00c84b096799bdab,3,R10;R8;R9
a8845638da074eb2496b1fd2dda75071,3,R10;R8;R9
a8887bae37bd218a89be7a6e2dc1499b,3,R1;R4;R7
a8ae76a6902d594f90596f039ffca026,3,R10;R8;R9
a8bc630e9b4f2cc1a94468143ed35428,3,R10;R8;R9
a8d3a6a443563d90270c2d0c790b925f,3,R10;R8;R9
a8d64d95235580532652f69ce634b687,3,R10;R8;R9
a8db71e482a4dc2e83a1f5eecd9568cc,3,R10;R8;R9
a8dd1496dde8d6f63316c8ec2a823b38,3,R10;R8;R9
a8f1ef14b75d62f292591997909c258c,3,R10;R8;R9
a9029c62f52fcd875b4e40d85b0d3b2a,3,R10;R8;R9
a90c09c0b59115253c982074694b3972,3,R1;R4;R5
a9109d137db24859730111a8b8c3996a,3,R1;R2;R4
a9141690efddf683c82a9d90af347ab1,3,R10;R8;R9
a914589fe6b948522475f7bf7e7b1136,3,R10;R8;R9
a93d6d3861a432fd2d85d8b41448daf4,3,R10;R8;R9
a946684583c7bf346b18e1d69d17e9cf,3,R10;R8;R9
a94ecf839c2405342ebcb57648444e2a,3,R10;R8;R9
a95d641ac8ee1a9f186cd0b8c0dca7ef,3,R10;R8;R9
a961a6c1687700c95124510bbffef266,3,R10;R8;R9
a9833de8a15ca2840b3bf23d4f6226ef,3,R1;R11;R2
a98bf3259fda4941663b88ff1efc7625,3,R11;R12;R13
a99265d8c1d5b7759b7be824d3828ae5,3,R10;R8;R9
a995b7251057480098c9c9d34b615b2a,3,R10;R8;R9
a99a720cab88405baaf789e85ce20c45,3,R10;R8;R9
a9a29ae5fc19afe7e720cf97be94160f,3,R10;R8;R9
a9a8fc1deb941099c0b729d566926d5b,3,R10;R8;R9
a9ab4843564feecfc052a300af02cf71,3,R10;R8;R9
a9ace70f0331bf293ca1fb56f40af36e,3,R10;R8;R9
a9b3444f50e7ab612641a6fe1e4f8cb9,3,R10;R8;R9
a9cc2f2d386fc3de3d20da289cdce689,3,R12;R13;R14
a9d588e278a7f8a681c1160a32e1673a,3,R10;R8;R9
a9d62204bf898b94d63107c6f51893ca,3,R10;R8;R9
a9ed4b5aaf129325369ebae1cfd5e321,3,R13;R15;R16
a9f2816d377349f221a96f46c728d36e,3,R13;R14;R16
aa08370eb6114a474adfd0accb6a7238,3,R10;R8;R9
aa0a24df022cd97cc1dff4f7ea2131cc,3,R10;R8;R9
aa12ea6652b3b8bea37df74e4e127e8f,3,R10;R8;R9
aa1ebd488f7f3cab0aa784073b0a9d70,3,R10;R8;R9
aa3535cb70d8142fdbdac165de546a8c,3,R10;R8;R9
aa4370e72e37cb955a24369f7fc9f35f,3,R10;R8;R9
aa7fd75c84c03f4eec5b9e0468043d68,3,R10;R8;R9
aa84f25fcbe7ca4ff31053a0a7de0f9a,3,R10;R8;R9
aa89a83d50a147e44d6dc72893f01fef,3,R10;R8;R9
aa91a19616d9ea16284536f902a58b92,3,R10;R8;R9
aa974c2b6ea5fcf05bab269a9c9d4437,3,R12;R13;R15
aaae825ac199f7a07b03af4622b1746e,3,R10;R8;R9
aab340b68fb6481774913dd75523e15e,3,R10;R8;R9
aabbf5ce0173007aaba2e6df836b10ea,3,R10;R8;R9
aabc4acd6a8f6c27828a11701675a6e7,3,R10;R8;R9
aac515fae9d93ada4abddab6b1118aae,3,R10;R17;R8
aac7be2bd0b4a2eeea474ffeac78ad13,3,R10;R8;R9
aacb56677ce974f054fdb59c5c39af10,3,R10;R8;R9
aad2e740715e926cee0a56a56efa26db,3,R10;R8;R9
aadca4c2d680af0c23325b0f16cedb97,3,R13;R2;R6
aae2387bb66db167eed5051e14ca784c,3,R10;R8;R9
aae2c7e023bb6b4d9df30fda884d7b15,3,R10;R8;R9
aae8f5574784d4343ab50b4f0cef671d,3,R10;R8;R9
aaef6f8db63b90e24660b8d788103ff6,3,R10;R8;R9
aaf7eca124ab4fd9fc5b7d842a0dfca7,3,R10;R8;R9
ab11a974837f5313912804939bfae79e,3,R10;R8;R9
ab1b8d362de0b272def82e68b7bdc718,3,R10;R8;R9
ab2f860cddd3f85410d8cbc3280dbdd6,3,R10;R8;R9
ab2fa61dbfb45bfa62491cd3240a37eb,3,R10;R8;R9
ab37cbf66e86936027846e53ac03e3c0,3,R10;R8;R9
ab39f5256d8cd84c1704757c4ae2b49c,3,R10;R8;R9
ab4146d29b600f971b22f88b9852ae0a,3,R10;R8;R9
ab51ed37f90ea78c93f1e92aa8a9d749,3,R10;R8;R9
ab5a33b1a98f405f60d41b563e741164,3,R10;R8;R9
ab659f1080296ba99ca110763beb2f72,3,R10;R8;R9
ab719171f74e1469b2cb50645ff6b7c7,3,R10;R8;R9
ab730707fed0edaf38a9b788b226b9f2,3,R10;R8;R9
ab7c4fd74b4be8ccb135dad2ae7de2c3,3,R10;R8;R9
ab8276dba30d7268b96c07a0fff9bbdb,3,R10;R8;R9
ab92572887da3377ccc7d68f10407b5d,3,R10;R8;R9
ab9d58c665c19627affd36ec20815090,3,R10;R8;R9
aba445ebea68177bc4f3a519ee27daff,3,R10;R8;R9
aba91dac22aa6142a169a002c81fb49e,3,R10;R8;R9
abac6c7bdaf2149035157fd02883dbcd,3,R10;R8;R9
abad0d103508405be6dceb70b2b3d5ec,3,R10;R8;R9
abb91bdaa9d02f50bde1eaa88e13afab,3,R10;R8;R9
abef2c15f19cc4822c9aac666cafe144,3,R10;R8;R9
abffa843a8032bc9d0fd85b85ee99ca3,3,R10;R8;R9
ac023841616ad1f665c0ce60ba5ed7b5,3,R11;R12;R16
ac07b01154a498c1e5bec041f620fa96,3,R10;R8;R9
ac0d5180cbac66eead6195728563d5e2,3,R17;R4;R6
ac0f6a69e78c3adae6905693914ba80f,3,R10;R8;R9
ac1d94eefdeeb76ee96e56b8856f7209,3,R10;R8;R9
ac2383f94e250feb34c72b4851cd4a11,3,R10;R8;R9
ac2a615b3861212f9a2ada6acd077fd9,3,R10;R8;R9
ac3e0af6a22d73ed96f05d43037a1e7a,3,R11;R14;R15
ac48248c4e0441f92f2e5b55048bf73f,3,R10;R8;R9
ac74ec4ce879ddfe2cb00be038821457,3,R10;R8;R9
ac752b0b8cc19def83152828e39ddc71,3,R10;R8;R9
ac77155e8aea752d32fb1448c99a533b,3,R10;R8;R9
ac84f263701e0d8668a47ac3e59e4e48,3,R10;R8;R9
ac98e2021c6cb0e87d323a712ae1276d,3,R10;R8;R9
acb556c64a4b230f77a02103b34afe7a,3,R10;R8;R9
acc6529ff7e03c2a225fd1ddb5319db8,3,R10;R8;R9
acc7065e73590820d1fa944488092d59,3,R14;R15;R17
acd377b981077dfd46028b37d3efb502,3,R10;R8;R9
ace398a669b2e39eb12fdd80d5e526a1,3,R10;R8;R9
acf300f2bafea4a7050e1189c1419c7e,3,R10;R8;R9
acf77cd6d5785f7f95c041f350c9d017,3,R10;R8;R9
acfda6253dc16e15950cbd4622395528,3,R10;R8;R9
ad0fa9668da66d13e4d8cdbd7d9b215c,3,R10;R8;R9
ad14d47f4b21f0c9d8f47c9570e6135e,3,R10;R8;R9
ad21e3f856bd69daf2ee8b6699bd32cf,3,R10;R8;R9
ad24d94862a28b03fed0deb2030a311d,3,R10;R8;R9
ad2a12be7e44277e041c435e8b526632,3,R10;R8;R9
ad52065fa03e78f1a4d5046e8434ec1f,3,R10;R8;R9
ad58ac84f676ff6813a5df7a0057829b,3,R10;R8;R9
ad59955ebf23a15362787e6407e31deb,3,R10;R8;R9
ad65ef4667adaa5e3bc774ad80158540,3,R11;R13;R14
ad6e1fe898fb41a7c76718428f7c80a9,3,R10;R8;R9
ad74c895feae8a322c54bbce08626812,3,R10;R8;R9
ad7ccd5224c39c8f0c6675044e95f185,3,R10;R8;R9
ad86f42123384e2441cce36347aa7d1a,3,R10;R8;R9
ada5ba2e729f9b4518de5a6bc31e1eca,3,R10;R8;R9
adaf0261d0c111e5928ba94ab6b36e2d,3,R10;R8;R9
adbdf73b309ebdd0b0adcbcfed6c88f7,3,R10;R8;R9
adc01b67d1d426c270e7d2f26bfa71ef,3,R2;R4;R6
adc6f4b5339f7178055838776bf49dd7,3,R10;R8;R9
add6e79a3c93a11bdd9a74886b480840,3,R10;R8;R9
adec73c9152d88ac38c830602cd8b1ad,3,R10;R8;R9
ae127045cca13da6dbfee11df1f08c7e,3,R10;R8;R9
ae2ee40dc4a0a53a87e85f1b3f9e159a,3,R10;R8;R9
ae3382840414ce4de46c3827674b9709,3,R10;R8;R9
ae36d480c2a2fc78c9ff95f4266bd059,3,R10;R8;R9
ae5cec1517ab3e82c5374e4c6219a17d,3,R10;R8;R9
ae6dd2d7f46bb9d1d2f9e4a9917dc151,3,R10;R8;R9
ae7e40fec9afc78a66a48232532faa07,3,R10;R8;R9
ae93342f946e59b019b3554610c6f760,3,R10;R8;R9
ae995f3866b1bd3f06dc4d713407a0be,3,R10;R8;R9
ae9d5b3baccd0f0f32f178b85aa868ff,3,R10;R8;R9
ae9d832badb7dcd02d2e8cfbcf128ce6,3,R10;R8;R9
aea448a9f33bf9919de6c74e0aa488e7,3,R10;R8;R9
aef156a41ae971bfabc47f28d1c81dc9,3,R10;R8;R9
aefca6fbdab82ce59b2c7cceed75d062,3,R10;R8;R9
af201da8a5f8354c4c3291995d5cbafd,3,R13;R15;R16
af274ab115b34a7c0eca41ed997fd214,3,R10;R8;R9
af3c3d9f70164856281f8f3444483100,3,R10;R8;R9
af4ab9c77eca05d706b877bb52a23303,3,R10;R8;R9
af4c1f381399cfac17a6e0b983261a4e,3,R10;R8;R9
af4f5a12b32b5d76951f3994cd7e9ad6,3,R10;R8;R9
af545c8cabc4dec52e5dbc7698876869,3,R10;R8;R9
af66878efd9bd33140109790f78ca297,3,R10;R8;R9
af793b61efb4ac8fba4bc62475506e23,3,R10;R8;R9
af7bc6de796b5a2399c962fead126547,3,R10;R8;R9
af9a9224cf1f0dd1bacdb95a1b8ea36b,3,R10;R8;R9
af9e637ceefdd477dd305fe750ff75b5,3,R10;R8;R9
afa4de6570c31504ba4b77978377ccc9,3,R10;R8;R9
afb41a2217d37b54f0427fc1c69336be,3,R10;R8;R9
afb6230703512afc370f236e8fe98806,3,R10;R8;R9
afb8601b20f73b8ca44fbb72ceb39a1a,3,R10;R8;R9
afb8a317a1c70191a4169cf5dd4e1da6,3,R10;R8;R9
afcbed04ed7232fb28279ef81f7c4bc1,3,R10;R8;R9
afd8ce1c8c525815a5f2709dcf072c70,3,R10;R8;R9
afe9c9c0bcc2c72f4fab87d9bc63cc8e,3,R10;R8;R9
afea04a48a160dbd7418423e6bc4f243,3,R10;R8;R9
aff45c4a432e02d85ff83fc3de55cbb9,3,R10;R8;R9
b0065509f042f4a2ac97481b6c7c0dc5,3,R2;R3;R7
b01037a08ba72220deddf845bfd02466,3,R10;R8;R9
b022e92b9271babbc6a7a734fd7b77cc,3,R10;R8;R9
b0262bc4aa5a47704a3c3d1cbc150bd4,3,R10;R8;R9
b065d3b4da92b8015b47224341661fd8,3,R10;R8;R9
b06c6e447980a2561175026ad10ae04d,3,R10;R8;R9
b08d54426c6af35ea469ecb63d047fbc,3,R10;R8;R9
b0a52e18d443efb28d082f0ae8e7b893,3,R10;R8;R9
b0bef1b57611726c4b0c636264fe5061,3,R11;R12;R16
b0c015954f4b80fddd0ed4d105e9e434,3,R10;R8;R9
b0c179bc7f39eeb0add4d6e00e51732c,3,R10;R8;R9
b0c31d017d7fb817457a7d9a49b03d6c,3,R10;R8;R9
b0cc2c92c421a86197cf135253e57e51,3,R10;R8;R9
b0ce7cceb5ad859254814cb3f75a33df,3,R10;R8;R9
b0df2d378c04b59dbd0f7c20352c35e8,3,R10;R8;R9
b0e76a5226cdee7e8e17b45f117d9ed5,3,R10;R8;R9
b0f6a0c19f3b18beda2c9197d1c4440b,3,R10;R8;R9
b0f70ba8840ab9c8f39f37768c97e78d,3,R10;R8;R9
b0f891aceeaa1e6fe1de0fd072389686,3,R10;R8;R9
b0ffdd76d9b722fc8720913b34d36d03,3,R10;R8;R9
b1061d4cdf14dd101734a129b89a85de,3,R10;R8;R9
b108458c4649e4bc6c85d773f45728ae,3,R10;R8;R9
b10952e32b77bd8acf557d7856856156,3,R10;R8;R9
b117813585c3d832d90eabc3cce04721,3,R10;R8;R9
b11960f23db725bb4ba6f6741586a5f7,3,R10;R8;R9
b127a6da511c3c1d544b54fc52e9c6b7,3,R13;R14;R16
b12b6c605dbf92119ae65310a7bc55d7,3,R2;R7;R8
b1317b9c87824f682908a6c503f8d39d,3,R10;R8;R9
b14394ca65966a3ea6e21e9b596d75da,3,R10;R8;R9
b154780d4c3de6dfedeb1efcb2411575,3,R10;R8;R9
b17dabf3bf866e22c5c9a342e2412002,3,R10;R8;R9
b17fa1439061ffd2a0b36e8acd83bc32,3,R10;R8;R9
b18121dc37e2914d7a630c3ac781c9d7,3,R10;R8;R9
b18616900ff4b4ec90b24128d309b546,3,R10;R8;R9
b19140c03d24dd602afccafbb6485930,3,R13;R16;R17
b192b0ddffed39cf6894a6beab870f9e,3,R10;R8;R9
b19ed7f40285fbd541be0bacde17fae3,3,R10;R8;R9
b1d44013e0b4fab1d38af22901e312c4,3,R10;R8;R9
b1d599b4bf50932fb66d8a9aaf41ba3e,3,R10;R8;R9
b1d7cd4432f36fc46d4e49f01def1cbe,3,R13;R2;R3
b1deab22cfb50881b47c52daa9993ab3,3,R10;R8;R9
b1e31fb059b5a49bb70bb4f274c56841,3,R10;R8;R9
b1e63a68c95bda1c50667decd3989ca0,3,R10;R8;R9
b1f71b5ef16dce633e4033237b761cdf,3,R10;R8;R9
b22bd21cfb3258bad7d934f036c34b5b,3,R10;R8;R9
b23548e92d78f28ac323a4609751c152,3,R10;R8;R9
b23ee0544bba6ed7301111820f8de415,3,R10;R8;R9
b2506496d79b479a6b1427288235190c,3,R10;R8;R9
b27c879787934c51d42095098dd313b2,3,R10;R8;R9
b28339816a52309160153d0e27833cef,3,R10;R8;R9
b29294e12f7aacc8f31ffa0f13959c3a,3,R2;R7;R9
b293d02e9eb0ddf6f13ae424f3aec2b1,3,R10;R8;R9
b29679d2251dd63917530a6eb83e0493,3,R10;R8;R9
b2a0d46de6a845624835477b8207cbe8,3,R10;R8;R9
b2a52a18d74c641353762a0c1569a695,3,R10;R8;R9
b2c97c1426a846ada2d815a4ecc67893,3,R10;R8;R9
b2ef37ed5522134cc9ec28895ed4d932,3,R10;R8;R9
b305ccbbf99b1f59b9a7edffd46659f1,3,R10;R8;R9
b311e9ad56a71aadfcd8be7009111352,3,R10;R8;R9
b325d5dcf507c8cce2c5de3e9afb2847,3,R10;R8;R9
b32a218326ec600eb1bdc3297eed2c16,3,R10;R8;R9
b3510302f95f75a91e0fd49e04767f02,3,R10;R8;R9
b355bd7207c70cdc8b499739edaaa8ab,3,R10;R8;R9
b3588a07ee672507c31f69109089b805,3,R10;R8;R9
b359c14158afff8ef7d00c59d2211ebc,3,R11;R14;R16
b366c0801a5f5e8f59fa76b30e67f4ae,3,R10;R8;R9
b37cd57257591d19366e5a6f23ceb8f6,3,R10;R8;R9
b37f9bfd1002374e06d03379807967db,3,R10;R8;R9
b39a285d468234c4934c6d5489727fa2,3,R16;R2;R7
b3c5bcf8d6a3059af4c048169710ffd6,3,R10;R8;R9
b3c7d38fa039c4550491cf77cb52bea8,3,R10;R8;R9
b3cc453518cf826875edcd3d5778ee87,3,R10;R8;R9
b3cf4f7aab7e62964dd965e768178e32,3,R5;R7;R8
b3d1eabc4bb5b66d92f3fae7ddb67b29,3,R10;R8;R9
b3f160c75b16300c0f4a89ce8814d1bc,3,R10;R8;R9
b3f4af84fa71fe204eb105ce430deef3,3,R10;R8;R9
b403b5824536defcaab0702f29c180a9,3,R10;R8;R9
b40a6f0ea09c4d305ef296e0d8b73cde,3,R10;R8;R9
b4105a81821522d6bfe3d18d9b757eb4,3,R10;R8;R9
b412dfe3a17da1fe404b67ec756b8a67,3,R10;R8;R9
b4148f125cfe78550775272f6b8c965a,3,R10;R8;R9
b41de357cd8bbef33ae563b6299f802c,3,R10;R8;R9
b41fd5f3e08360e72cc4d73a83a1b610,3,R10;R8;R9
b42962e103033ae66afb049d00cb477c,3,R10;R8;R9
b42b72d0fcbdf8b3b811fe219193e397,3,R10;R8;R9
b42e930c16c0166dbeae813b47bb8b07,3,R10;R8;R9
b440269d96e31c7f99b7fd9bcf08eda3,3,R3;R5;R6
b455c6067fa5e154a2c48ac187029022,3,R10;R8;R9
b482f72073e73cea73cc82ea02b353da,3,R10;R8;R9
b4872c4ae2b5733b5d0c025949d077da,3,R10;R8;R9
b489964b59d3f6f9070e45a02e469d8b,3,R10;R8;R9
b48d6f9b38b698b6ac534ec7ded5c4e8,3,R10;R8;R9
b493be668f28b801ecaa2278069825eb,3,R10;R8;R9
b4a7269d3fcbed43638a44892088ac4a,3,R10;R8;R9
b4b6e377eedea6b7a33ce8958d79fe71,3,R10;R8;R9
b4c00291b57d489dbe6665c789c6d360,3,R10;R8;R9
b4c6f7fd99fa215a9634736b8a0cd5d1,3,R10;R8;R9
b4db27f83c152fb40adc9bd6a4e742d8,3,R10;R8;R9
b4dd6dada2ebdf6899c21a3bc081d796,3,R10;R8;R9
b4ed7fedb5fd04e7a72bf8bc2f8aa91c,3,R10;R8;R9
b4faf90679534ac80ab9113365203dc0,3,R10;R8;R9
b4fc5e0bb44a19fcb308e73639746915,3,R13;R14;R15
b508112a2b015ec159ce926661b6b23a,3,R13;R15;R7
b50d4c9c23a26b4391d508a5d6a32f7a,3,R10;R8;R9
b527a2b66bb1c7a3c31fd9b1fe665712,3,R10;R8;R9
b5351b37d8d3944228ff46e9cc7139a4,3,R11;R12;R16
b53d1dd80e99ca6bcef9d592f65d3321,3,R10;R8;R9
b552fb1120a4211fd165a73ddb91e6e7,3,R10;R8;R9
b5585b9fe48edd5d89069a8d6ca07543,3,R10;R8;R9
b55a0fc49ba34ddf21e50dde0f11edca,3,R10;R8;R9
b5632581be1d7da89d9d01a9983c4afa,3,R10;R8;R9
b576400860f1e271b820f959e8b4b9b8,3,R10;R8;R9
b57763fed61d020d0338a35dd06a4011,3,R10;R8;R9
b57e21ea64ba9736e0711bdbbe53c221,3,R10;R8;R9
b5822471fa3aef526081f6a64d7bec2f,3,R10;R8;R9
b58f3853512c47b9d88eca193031b650,3,R10;R8;R9
b59dc05efd7fe99cc96902b2c04ad8c3,3,R10;R8;R9
b5a3de338d33d96e3bfa129f7a4172ca,3,R10;R8;R9
b5bd1410c0347b22fba82f6bb6a3a45c,3,R10;R8;R9
b5be61351d358e354a42633e5d853352,3,R10;R8;R9
b5c56a5624857bd608eeadd16a7f566b,3,R10;R8;R9
b5e2ebedcb69b842ee6b751e5a4991a8,3,R10;R8;R9
b5eb86bdfcbce8d8536e608124d0f9ed,3,R10;R8;R9
b5fa2fc3b3e2a3bbf93884481fb08b74,3,R10;R8;R9
b60cac600ed504d8cfe8a669d3e3448f,3,R10;R8;R9
b61e3688e902469aeda86709a31c475e,3,R10;R8;R9
b63468d09854f322d5e371915e5591d0,3,R10;R8;R9
b66bd49e532dc5b3d043aff504c5f165,3,R10;R8;R9
b66d58ed04096cca4e4fbb0da6e74592,3,R10;R8;R9
b685d041e15fd6b5ffbac258f0673518,3,R10;R8;R9
b691366d6d838d521c053720ef950e54,3,R10;R8;R9
b6acc59400a48d9306c1560daada75ba,3,R10;R8;R9
b6b3626c00261d525ff80435fe25eb5b,3,R10;R8;R9
b6bb5088976d0d3d51f3041b2172cffb,3,R10;R8;R9
b6c1ab12c31f8330977696c199b0592a,3,R10;R8;R9
b6c5be2e2facca99c47e133769a065ce,3,R10;R8;R9
b6d81cd3e996c836eeeadcc896afdfe4,3,R10;R8;R9
b6e15b40a6370f847f1cb97f73528068,3,R10;R8;R9
b6e87644b798ae36a29fc57cccf14f8e,3,R10;R8;R9
b6ec5b8679737f741fb225e79a849ac9,3,R10;R8;R9
b6f07c3256419d2afece328ae2f7ebc5,3,R13;R14;R16
b6f4abe4d21f1e44827e26f640f626bc,3,R12;R5;R6
b71274108d1bfb8bf7a96b8f512da72b,3,R10;R8;R9
b720e511bfdfb393b77a26c29fc8cd91,3,R10;R8;R9
b73a869bb8f8397e10c6910a0bd8072f,3,R10;R8;R9
b73e16e580992f545e375c2d3d6f7387,3,R11;R14;R15
b75075aceaa139ea4a971c652005c665,3,R11;R4;R6
b7531cbe38186e2d9aeb1b5de83984b3,3,R10;R8;R9
b75b0115ce7e890c8d3cc739cfc8c089,3,R10;R8;R9
b75bba1e9dfb84fe1bd84c88c638c339,3,R10;R8;R9
b761841b1bffc40e56e97a869f994f69,3,R13;R14;R15
b76cca59757045fa3cedad238c878354,3,R10;R8;R9
b76de23d23b7418566348c413efa1a3f,3,R10;R8;R9
b770403a1d0ab861f1944f8b896afcae,3,R10;R8;R9
b775ef55984de7ff2b12941010f9d968,3,R10;R8;R9
b78367d7be3c92afe88f13efcb6dcaf5,3,R10;R8;R9
b7837ea29dd8bd1386f09cc1474320f0,3,R10;R8;R9
b79e4a0140ad6e02038d6de55ab1a3fb,3,R10;R8;R9
b7b84cc718930bb70aa2fdcb53cfb98e,3,R10;R8;R9
b7cb4aab02fe2cdcf2de5b7a93f49d73,3,R11;R13;R16
b7cde19a331d3ba71fcb8efc361af419,3,R10;R8;R9
b7ce898bce636076cff5d2267500bc18,3,R10;R8;R9
b7d87f19a1daba2fa97a0eae0a033a9c,3,R10;R8;R9
b7e9e8a42a7581a9f40b67f4ed3bab72,3,R10;R8;R9
b80be20a79e5a7539bd00f4907b444b2,3,R10;R8;R9
b8202fc93f201492ab7880cb6b4c9165,3,R10;R8;R9
b821bbaa6723f749a915b00b94a69977,3,R10;R8;R9
b8322e1a06179954c5b5f5ed05083c05,3,R12;R13;R16
b872e348b0ba7c7259853c8312f9daa4,3,R10;R8;R9
b87b691b9ceeaf0c9539b2844be6e1e1,3,R10;R8;R9
b88d596bf6fd4664434f6525ac632f74,3,R10;R8;R9
b89103ceb6d47e45889eb9a21d04542c,3,R10;R8;R9
b8a7669b5debce390c877d087380722d,3,R10;R8;R9
b8b8c9ae5afd3e8d2dbd5d69fa0f9378,3,R10;R8;R9
b8d0602c3d243b1f833bc0e5885a0b0c,3,R10;R8;R9
b8d3a0bb21e3e536728b13aaea587974,3,R10;R8;R9
b8de83edc69e3eb2e8837f74ff988557,3,R10;R8;R9
b8df1b270c5447fdac022ab51540f949,3,R10;R8;R9
b8e264216ade48723aff628067080b04,3,R10;R8;R9
b8e5248b4e87c2775642f2b5c7bdbade,3,R10;R8;R9
b90e929709147ef63dfebf74c0cbe454,3,R2;R3;R4
b9174fe081e3839ed1f7c8169d85739e,3,R10;R8;R9
b919471290e71f53a6b9c1a672662854,3,R10;R8;R9
b91b76bcb6e0b005ef98719bd719b488,3,R13;R2;R3
b934b20d2bc6a9ad44b46aef2776268b,3,R10;R8;R9
b9374768fadad510f514c5b81b048881,3,R10;R8;R9
b948592be9abd5dcf1a570c72887c033,3,R10;R8;R9
b995057fed5cd441821c8a954697ea57,3,R10;R8;R9
b99a097e12daedcc1d269899c813db0c,3,R10;R8;R9
b9a2c726f8a39ea3cc841fa6d3100cc6,3,R10;R8;R9
b9b2a7a46b88db57379c59db58cc2228,3,R11;R15;R16
b9bf0f1b540eaf41cb590ee0a15fe0e7,3,R10;R8;R9
b9e484fa14cf5877736daa59b2ce2b24,3,R10;R8;R9
b9f09915187c2cc01e958da90d97ac89,3,R10;R8;R9
ba0d29d84db98416a0858ad30c4d41a7,3,R10;R8;R9
ba0ee85ac58311c7f1413a3af2f3f7c7,3,R10;R8;R9
ba0f97b49906ccf1bf205dd7ca108c06,3,R10;R8;R9
ba142c273c1f6e0fcccfeec5751351b2,3,R10;R8;R9
ba1795ee5daae1ed415756c3f4f21b48,3,R10;R8;R9
ba1d2a4e889b03f2d79aabfbf0804062,3,R10;R8;R9
ba301b6e6ace2f31edf20efdd78cd286,3,R10;R8;R9
ba4344465d9f3d34328ee5ee2e96dc61,3,R10;R8;R9
ba46dcb445340df33566b52d7192ab6e,3,R10;R8;R9
ba4a00ea7764b5ee772792a50531e9e7,3,R10;R8;R9
ba566bf98caaa797816d7a2ffa296d5d,3,R10;R8;R9
ba5e3409250a85483d6e39be759bc102,3,R10;R8;R9
ba665972d68d2cb8b55839ad6592961c,3,R10;R8;R9
ba683c0053ad11332810ecc509b6c17b,3,R10;R8;R9
ba68c12f2141bba79d9c29322c2c295a,3,R10;R8;R9
ba8c1cd9bceb450054920b79af773650,3,R10;R8;R9
ba8cf1b843900f3e754f6e172f62efc4,3,R10;R8;R9
bace601f50d2f324022ae6a9ad608123,3,R10;R8;R9
bad42a62c993ad12cc37da8f9a33e490,3,R10;R8;R9
bad57ce327ed96a0ae3e01c930f297cc,3,R10;R8;R9
baf56818e451ed175e7cbd7d94e01bb0,3,R2;R3;R4
bb315b4bc113c0506a9e24593cb06a6b,3,R11;R16;R17
bb39350ab564d44de74b77ad863a8ae6,3,R10;R8;R9
bb3d26414a85af5edf485b330607860d,3,R10;R8;R9
bb4c165fbbc02116fb18be5f2e21a2a5,3,R10;R8;R9
bb541cb8a793063968903bf3fc5b68f7,3,R10;R8;R9
bb60194195e9a5eaa27685d2fa688085,3,R10;R8;R9
bb6c5c14ec3550cf81d67c8298ea5f41,3,R10;R8;R9
bb72868e96a7c3c5b82dae9f1d814eec,3,R10;R8;R9
bb7d4479b3065e5912e328c065733504,3,R10;R8;R9
bb8f70bb23d06edce7b87df6f529d0b4,3,R10;R8;R9
bb93a8a5285c48a0797bc5216e99f861,3,R13;R16;R17
bb99c58b3e18ca4a52dbd27495d88216,3,R10;R8;R9
bb9f4f20dd8f4e5c5ab518d7f1818b1f,3,R10;R8;R9
bbac60d6c7695f5eeccb56cb56336f6d,3,R10;R8;R9
bbc8cca2bda1c6bc5b66715a12830d78,3,R10;R8;R9
bbcafeecae64804e1e0780b49bafd5bd,3,R10;R8;R9
bbe4356faa4ee427169a71d8ed020921,3,R10;R8;R9
bc0e94e539fcc6c3f623d6ce5db07370,3,R10;R8;R9
bc2be005526db7ab9d5ec6741ddee945,3,R10;R8;R9
bc38a48bbec6ee4e1ccb6eb453529cae,3,R10;R8;R9
bc7483c563cf172e46390a235cdc63b9,3,R10;R8;R9
bc765f1145a3390f6b231f0d05193458,3,R10;R8;R9
bc849fedf97c9eb2bc7707bac17329bc,3,R10;R8;R9
bc87c2265556912b25d36f2fef105a01,3,R10;R8;R9
bc87ef332a3c532a7e86893cae30e127,3,R10;R8;R9
bc89dfd66b1662e2aaf94bc7e1e7f630,3,R10;R8;R9
bcd6064c48c99c6557d0876ec2e47883,3,R10;R8;R9
bcdf0364c02fc489f7a8a7b94e913c5e,3,R10;R8;R9
bce076b117178591a7dad5ab9296ba74,3,R10;R11;R8
bcfe72dc85490721c3c39870e6eea3f6,3,R10;R8;R9
bd152be0a921cfee79bffbdbf53e84d6,3,R10;R8;R9
bd23539b8fb116791fe16b9854601c1a,3,R10;R8;R9
bd24133a5c72fdd62ad820445627b718,3,R10;R8;R9
bd2783f6ab7795e45ccdbd4bb96250f3,3,R10;R8;R9
bd3042360365944aa845f34f0aa70424,3,R10;R8;R9
bd3257de200124da83881b37840d3987,3,R10;R8;R9
bd392937baf9a09b697937d8bb607989,3,R10;R8;R9
bd3f8d06c2eab0bfe5428dfe3f9a1499,3,R10;R8;R9
bd3fa1499eba12696a695b952f9218a3,3,R10;R8;R9
bd3fe876153eeddad8bab49b129ea081,3,R10;R8;R9
bd60f56f346490b1b62e6cfd02cbe7f5,3,R10;R8;R9
bd6eb525438d6da1ced0ed1810857772,3,R10;R8;R9
bd82bfb604a82629f08b99b1c165db35,3,R10;R8;R9
bd931b74386e3e3f2934b1741c77d5b1,3,R10;R8;R9
bd94013e719d3bf243bdf5771490bb0a,3,R10;R8;R9
bd9a6c424edb2e622c1f4b6a59a58e91,3,R10;R8;R9
bda862be2d20d538b558300c97b8255c,3,R10;R8;R9
bdaace04fa79a60e8542a3b573288076,3,R10;R8;R9
bdd0bebed953f69413213d387c9717e7,3,R10;R8;R9
bdd7f0b920e6c5ea82526986ffb63001,3,R10;R8;R9
bdd8423e5deae0ae5dc7e0547887fafc,3,R10;R8;R9
bdda2e2d06f7d1bdc6e410a5dad455d7,3,R10;R8;R9
bdddb2fbd93102ff052738ae31ff7e75,3,R10;R8;R9
bdde108a7d024a734cdbed2952f64fe1,3,R11;R12;R13
bdde865328435f214633b4858d9a4d20,3,R10;R8;R9
bde4bfa149bc13cee2de7c2e942979e7,3,R10;R8;R9
bde7cb2bd708d3d928b6ad9e32038fe1,3,R10;R8;R9
bde911be299cef4ecbdf6c63af33cdf6,3,R10;R8;R9
bdeeec185619e393d3cbd8f532f95c15,3,R10;R8;R9
be01f8ea4bf3a231d39378be5a167bc4,3,R10;R8;R9
be0cc63b7335bd1fb95a2ad432209a14,3,R10;R8;R9
be1bb194dfb986bf7554b491852b8901,3,R10;R8;R9
be3bbacb9b3c148eae9549bce68bf0db,3,R10;R8;R9
be505971cc0f51f3cf4a5717767b42da,3,R10;R8;R9
be53fe5a49231f1c1be020b0bdd8561f,3,R10;R8;R9
be66657e907a732207237b75b7e105c4,3,R10;R8;R9
be6a2a69a923979c38e8e83fed53ff89,3,R10;R8;R9
be78bb12b31ef59665212f778a7ca895,3,R10;R8;R9
be85b7d55e0ef589729ef4dd6ffc38fb,3,R10;R8;R9
be869b141b0483aaa10e62ec407c0010,3,R17;R8;R9
be8747c0a1878e0230868c016a47f523,3,R10;R8;R9
be904250a48381ded92ee7d690cf3687,3,R10;R8;R9
be92ec2aee088c56d3ba79598461cb9a,3,R10;R8;R9
be9503d3b32da3ca2d06d6df8b1a997b,3,R11;R2;R7
be95363066a0f6e2d9644cc14b39d3e1,3,R10;R8;R9
be965185f4128002ad591b91c41e0211,3,R10;R8;R9
bea7018176b6d5d871fe0cb1c87a64a6,3,R10;R8;R9
beaa1ae511a49bd86ee5c090f91c80d7,3,R10;R8;R9
beb81be7f3b55d47fa70e7972c9dc9e1,3,R1;R12;R2
becab72d8a1f599d4a3d3650d3fffe54,3,R10;R8;R9
bedecebc0349e52e9afe5cc8f2e067a0,3,R10;R8;R9
bee427b74f77002c1a4faa71e65d5744,3,R10;R8;R9
bee99c179da019550328e64a55713d5e,3,R10;R2;R8
bf0ac90b81bd62e7444fbe3142506e3d,3,R10;R8;R9
bf123de5827d72ba0d0e71683bbe819d,3,R10;R8;R9
bf2d10fe88254cf97b08fab2e7c80232,3,R10;R8;R9
bf33d826094fabd938f69b3ba663f607,3,R10;R8;R9
bf429fed8c01a5d6014d86f2aa3385fa,3,R10;R8;R9
bf59a73e51a04d9e381630527339ad43,3,R10;R8;R9
bf5c7a815313c2d2853494cf766237b5,3,R10;R8;R9
bf63f10c778016ebea60f7bacf1fbec9,3,R10;R8;R9
bf742708d94bd9f8620db2f6f4b596f5,3,R10;R8;R9
bf9bba0703ec2a74740fbb891b9f6322,3,R10;R8;R9
bfbbb3c77f965726e05343efafb2eb86,3,R5;R6;R8
bfd794933b6d06cc9e840ae7b90b1cbe,3,R3;R4;R7
bfdd2b7d930f17b450e1d1e7ec7a57bb,3,R10;R8;R9
bffb5303ac64552996db400e0f7058b0,3,R10;R8;R9
c008cfaf7009c94d297cc2e715e81c03,3,R10;R8;R9
c00a2b726b1d7854efc73ef3611c7591,3,R10;R8;R9
c02bd11de5cf471fa502f5bebe133904,3,R10;R8;R9
c0440c09698f89df168dc146af067fe7,3,R11;R13;R14
c04ee933a8fed37ebbeb697b03356a56,3,R10;R8;R9
c09a2d6a72b0f14763619224335d685e,3,R10;R8;R9
c0a788fb3c78173e4a2a447b5fc70a93,3,R10;R8;R9
c0b2806d0baff57d885063624d744ac1,3,R10;R8;R9
c0e801c67186fc05d8bed52353b4486c,3,R10;R8;R9
c0f992e23de30afb875371c3630cb9af,3,R10;R8;R9
c12df5422711be0ed7b17a657c68fc8d,3,R10;R8;R9
c13533b61e97274091200c6ceab55cb7,3,R10;R8;R9
c14b94a6ebfb3a4b828bd71537f682c7,3,R11;R12;R16
c156a4adc33cd20a2ad75a07ff245b09,3,R10;R8;R9
c18362ca7e7d5df7a4dd8db31dfed194,3,R10;R8;R9
c184ac40eb6c1713f28f34582f768c5d,3,R10;R8;R9
c191a7c7c0e1847b1aebc8e8ef628aed,3,R10;R8;R9
c1b09655bffba16895cfed1be6ccdf6d,3,R10;R8;R9
c1b56c6b38aa09f0f32f0605deb5a240,3,R12;R15;R8
c1c9528727dd016bad131ff8c3863774,3,R12;R13;R14
c1ca66539955f94f6dbd74fb5ba7208d,3,R10;R8;R9
c1ef70e18d73c3fe0b0d741b1b0b59fb,3,R10;R8;R9
c201c69926e59f0c1dfeeeb8365ff05a,3,R11;R12;R16
c20ca4cd7589fa3a77578769bf82ea1b,3,R10;R8;R9
c21c6e6969dcd46d9441110183ade633,3,R10;R8;R9
c24029f31fb9ae265934082ce6b47d33,3,R10;R8;R9
c249e006c2f7340f6fc550ede970e0d3,3,R10;R8;R9
c25a87784e4a9dd01911f626cbd1faeb,3,R10;R8;R9
c26185210303f6c638a4ac60e635df21,3,R10;R8;R9
c26bb71d19d1f57200b4bf9b8bb596d9,3,R10;R8;R9
c2a2ce443b43b82ae5bd29d06716a44e,3,R10;R8;R9
c2bdc729e1623c6c142d9f4e6ed48418,3,R10;R8;R9
c2c54eed2dd73e20ef0e5af5a4aa1feb,3,R10;R8;R9
c2d4ab1622ab34e5680710a63501c8b6,3,R10;R8;R9
c2d843a231c6aa30c9239083bc612f7b,3,R10;R8;R9
c2f01c1eb7b249b706ea3f1ee549e05f,3,R10;R8;R9
c2f51a2b9785c772ef611db089bf528e,3,R10;R8;R9
c2fafca7a6e8316c8bc0a3dc400b8aba,3,R10;R8;R9
c32573547f924b6b663798730d915724,3,R10;R8;R9
c32ec722d0608e89e8d6eaeab36191b1,3,R10;R8;R9
c337c0c48cb14bcfac1ba739a785c2cb,3,R10;R8;R9
c341b3f8a0353bab2ec49147b97ce9d0,3,R10;R8;R9
c34e6aa7a5db3386850b830dd3c45a98,3,R10;R8;R9
c351e3875444070992012c35126bf41f,3,R10;R8;R9
c36e768eae71d51ac540131145d4c101,3,R10;R8;R9
c37c1b0387090f95fa7f6b38542f1d19,3,R10;R8;R9
c38c9a98d30027a18e88f39346987f78,3,R10;R8;R9
c39440999e8b3e376911ab851a7c56f6,3,R10;R8;R9
c394eadea89e5795c8037280492d116d,3,R10;R8;R9
c399b71d7f853206cdf9bfa916252b4d,3,R10;R8;R9
c3a7cdd9fb36706cfd3a4fdb86b65061,3,R10;R8;R9
c3abe21f7e07452e6760cdc2cab95296,3,R10;R8;R9
c3adefe651baf211a73e391f3068e916,3,R10;R8;R9
c3d222900b4131b148a9943db0e1bcc6,3,R10;R8;R9
c405835a086b2f7d7c9ef3976b69e677,3,R10;R8;R9
c407f9bc14eb1d87dbb961aa226a43b6,3,R10;R8;R9
c4135c9dce53b084dd7423af76626eb8,3,R10;R8;R9
c4135fa4ca67c0ae5697988741f7842d,3,R10;R8;R9
c413baf55bfb894ee5af02d991b452ce,3,R10;R8;R9
c4179d7d6f19e1b4b27460c03810f651,3,R10;R8;R9
c41d4f698ccccbf7068c44c8c14f4e16,3,R10;R8;R9
c41f9e2dd4f6b5524d93b3229085b26c,3,R12;R2;R7
c42997b00e59f4523788aa9fbe1f7526,3,R10;R8;R9
c42b5e8105ed48a96bf7273e25f2a047,3,R10;R8;R9
c439d7071a6929d38db1b86e577806c3,3,R10;R8;R9
c440f25216153cfc2bcf4af70c3d59c4,3,R10;R8;R9
c465dd63a0c768fac5d985c9d14c4aa8,3,R10;R8;R9
c47b49c8a45e467ea86c02d53936b39b,3,R10;R8;R9
c47b6592b70ba7c5bdb919f92f4ec07a,3,R10;R8;R9
c47bf1efb40dc9e8eb8975abcb539ab8,3,R10;R8;R9
c47d248c49d70684d8638910c126ccae,3,R13;R16;R6
c4a03cb1a35df1a042140fa01620995e,3,R10;R8;R9
c4a330dbf5845a6f53f102eb3cd771e0,3,R10;R8;R9
c4c1ef63bd568c89beb4ae3ab9eeb1bb,3,R10;R8;R9
c4c2b57389bb4eac8ce685dfe8f5b965,3,R10;R8;R9
c4d68aad9fdec87b76853d26744026bb,3,R10;R8;R9
c4e6dda386e88a2c9164f19024359f45,3,R10;R8;R9
c4e8d9bb21040cbe94f1763856bfcfe2,3,R10;R8;R9
c4f7b110380be6bee542f5c26c78f36d,3,R14;R15;R16
c5010a72f3e20e9b59d7bb991d3c633b,3,R10;R8;R9
c50bb66530634bfac9d5487a607e8211,3,R10;R8;R9
c516ff097d60479f58a797cefad2c80f,3,R10;R8;R9
c5326a0f289b91e4fe88b86d5b00a7bd,3,R10;R8;R9
c53c9441ef4e5df63d8dfb34a983900e,3,R10;R8;R9
c55486a359cc99e2d1518ceba3020967,3,R10;R8;R9
c57e2790b60c949160c90679c711066a,3,R10;R8;R9
c58bc096aa929d9645f0a15a62771893,3,R10;R8;R9
c599c619d44a05ed87854caa6977fd18,3,R10;R8;R9
c5a45ede0cbd270bf54e8a5e7fd27813,3,R10;R8;R9
c5aa9d492605510ce5fc2403df57cd6a,3,R12;R16;R17
c5ad7caaee32f3d5647a993ab299b1c1,3,R10;R8;R9
c5ae256b23f9336ac61c393b3d1607b3,3,R10;R8;R9
c5b761d0fefbe5b1c05822a4df670c09,3,R10;R17;R8
c5beeca4042003ebfeac1f3a786dbe6a,3,R10;R8;R9
c5c36ce7f8adbd045bfe59a325eeae47,3,R10;R8;R9
c5d6ea0776a448a0e43bb1f1638044cd,3,R10;R8;R9
c5dfd21f7ffbb5183cb8a2b7874de381,3,R10;R8;R9
c5eb5f71bfa01fe274e5f6a19f6006ed,3,R10;R8;R9
c5f612ff593f8d5568d3b5d5594d96d4,3,R10;R8;R9
c60b87f681462b74b5cc58bc78f5b99e,3,R10;R8;R9
c619a784636c085eb798f98a5ba1102d,3,R10;R8;R9
c6221295778a330b5b3fa85e719ee9e8,3,R10;R8;R9
c629819adb86c5d0cfd7d454a64d508a,3,R10;R8;R9
c65efe41cef6390d70796a2947dbcc91,3,R10;R8;R9
c67b6e145e57b4fbd4db367f114bd879,3,R10;R8;R9
c6821f9488fa1827726c54dbf5c862b8,3,R10;R8;R9
c683b3808de205ecfd3d3e09f4de44a2,3,R10;R8;R9
c699f16ba0b86f474390da9515bcad7a,3,R10;R8;R9
c69c8b15929c66d8756acc34fe456713,3,R10;R8;R9
c6a67dc0d36b5e231b4a1789d00be3d9,3,R10;R8;R9
c6ad29cb15e0476259fdf56305b286d4,3,R10;R8;R9
c6ada34016e7fdffbba5cbccc996e395,3,R10;R15;R8
c6ae45cbd57420cf4937b9f9299a5667,3,R10;R8;R9
c6c19cc8f966c6353e663a4e299d9a39,3,R10;R8;R9
c6de0bd21c84a2c1eac1b869e79e7ffd,3,R10;R8;R9
c6e432dd2d937af0c6c404f59e82524b,3,R10;R8;R9
c6f36808b0208f5011ecb1ea21aef1b3,3,R10;R8;R9
c6fe78d03c9d12783f3451ad237351f4,3,R2;R3;R4
c70dce909198abf8b39a7e0d41c9a895,3,R10;R8;R9
c71ce6345cf70b23ab481a2d66e9c288,3,R10;R8;R9
c723c6ffb2f746dff02c9538c6c593f4,3,R10;R8;R9
c74b6a0a59b10d81e57158890803fae4,3,R10;R8;R9
c74b97e75097396e9f159c80d5a4a268,3,R10;R8;R9
c7544daad44cfaa27e274b88dce60c46,3,R10;R8;R9
c75d652b2cd934bb797a9a02c6aec8ee,3,R10;R8;R9
c75f825862144dbdff940d9c4ecccde8,3,R10;R8;R9
c7629ae7a638c5892d90c49fd90401f0,3,R10;R2;R3
c772fcde08c1e9cb49ab6c11b8fe6e42,3,R10;R8;R9
c78a429b728a3b35c6e4b4a560dee407,3,R17;R2;R7
c797ab3749e39389929f6b188eee412e,3,R10;R8;R9
c79916dc9b5b70cbd4138366358976a2,3,R5;R7;R9
c7afdce95181c731e79f72d4ad6d4447,3,R12;R14;R16
c7ce99e81ceea73f99d919b38d8df460,3,R10;R8;R9
c7d940c13f1be3feeb46adb7e8206de9,3,R10;R8;R9
c7dfac0ca6b7382d2d51a92ebdf6169e,3,R10;R8;R9
c7e5ddae40ae657e6dd89aba0e113a66,3,R10;R8;R9
c7ea6667211c1999c15af0e228a6e040,3,R10;R8;R9
c80fe973b34b764cf37e43efb755c0b8,3,R10;R8;R9
c818320ffaaa28c866549769e23a3b1d,3,R10;R8;R9
c8205cbdfff77ee90770156c3075a38f,3,R11;R14;R15
c82a4c022beafccbd3bb2d1e8a50a0ee,3,R10;R8;R9
c837c5bfbeedca68690f51b2e07aaabd,3,R14;R2;R6
c854dff7593a38e6e7a83330ff32ac86,3,R10;R8;R9
c85587ddf15dbf7ab134208647cb9856,3,R10;R8;R9
c855e2fc7a8fea601a568f546e466d4b,3,R1;R2;R5
c8634131ee43469be8f4f75ab4595b10,3,R10;R8;R9
c8772752985ad53b7c0214c4c954dd01,3,R10;R8;R9
c87a39abf714b710d0539e246739d783,3,R10;R8;R9
c88c3cfbb6ed6198f4e13b5e4dda7f5b,3,R11;R13;R14
c8a24a5d72c93b72685287c27e0d4623,3,R10;R8;R9
c8a56cc3c310b1619ec6559afab11089,3,R10;R8;R9
c8a782d151fc7bc3305ec970901b7bfe,3,R10;R8;R9
c8cd4cf2230684b7185aa05d0cefe6b6,3,R10;R8;R9
c8cef7f9bbed9e8303371f940dcfc495,3,R10;R8;R9
c8e9aaf309d856f9a7275115fef4a423,3,R10;R8;R9
c8f305c30eccf48e12cf024df3d24e26,3,R10;R8;R9
c8f75e6529a051827b8b7952a3e65f5b,3,R10;R8;R9
c8f9493ed65b68adb82000cb7ca7baf3,3,R10;R8;R9
c8fe4972b001dfc2e11a06c800da0d6a,3,R10;R8;R9
c9178abde9d3400103cf7f925bc38782,3,R10;R8;R9
c918bc36b064c7fb97f95503181a4d60,3,R10;R8;R9
c922a445f08f22058a4a979c5de23586,3,R1;R2;R5
c925e4d4be7a67db1cda23c93f9414ec,3,R10;R8;R9
c92a0bd2d3c781a82946934351821e9a,3,R10;R8;R9
c9380a132776f6d999ed5a72a1212bcf,3,R10;R8;R9
c93d43336ef6d28348794b5ced1886a4,3,R11;R14;R16
c978cdb3275ab78fe11929e145dedab2,3,R10;R8;R9
c989d46402b855ed7f825b7e6e4c17b2,3,R10;R8;R9
c996a67b615c29ae24418c918bd44c69,3,R10;R8;R9
c9c761e1d3bf899273a06ca2e24610ef,3,R10;R8;R9
c9e29220b5d0f9cfdb250f0872648a89,3,R10;R8;R9
ca06e2f4999e77fe76003a86b64a0710,3,R10;R8;R9
ca1f29978ccbee874f58148f4148e278,3,R10;R8;R9
ca2367e34e80cf17deb67602a24e4920,3,R10;R8;R9
ca23e139746a14d9de312dc7271d84e4,3,R10;R8;R9
ca2a64d3c50654de6327f3880bbc17d3,3,R10;R8;R9
ca300a7c90492a6f03220a3f9efe7c4e,3,R10;R8;R9
ca3e09e7614df68776156e7388fa5edb,3,R10;R8;R9
ca45eff411274d3a20007bfbc5b68bc1,3,R10;R8;R9
ca51a918dfb1408e97204c7dbf8a6f39,3,R10;R8;R9
ca527d7c532ec5810f5b73ab2ff7170a,3,R1;R11;R12
ca6ad3f597ed0079bf27187e72855c15,3,R10;R8;R9
ca6c1531a83f8ee89916ed934f8d4847,3,R10;R8;R9
ca72b54e1dc0ba04d64631ccd30acb9d,3,R10;R8;R9
ca96c5f3611278776d1f6027bbd41005,3,R10;R8;R9
cad7f3b0b26e674d67eb5a735c0a9bbe,3,R10;R8;R9
cad8e7e5f5034a50d4b1ebb30db533c5,3,R10;R8;R9
caf1b7af2b0caf57a7ae5d23b5dd2aba,3,R10;R8;R9
cb0165cbc17f5d8d0fc4deab637aa2ae,3,R10;R8;R9
cb206cb073c2685558a0ef6dece16fa7,3,R10;R8;R9
cb8fd53c4498aa62dd48c184beb050bd,3,R10;R8;R9
cb9658d61c84a99ba31665f40cb0788d,3,R14;R15;R16
cb9cfff99f0aa6a0e618e2310a68f186,3,R10;R8;R9
cbae689446b034eb2204751c65e08af2,3,R10;R8;R9
cbc971fb918adb51914a165519ba121a,3,R10;R8;R9
cbcb95889f621abbd2e9b46220267c98,3,R1;R5;R7
cbfe3d59be5549fee6a56e73fc8b2803,3,R10;R8;R9
cc47c14b9aa97e08fad1925a6dc1efee,3,R10;R8;R9
cc5ca13d504354fc7c1e75bf2ca9857b,3,R10;R8;R9
cc625b64cd45864eb85bdf4446e813a4,3,R10;R8;R9
cc6fc3c91c3d9061b11b65f8257a2ad0,3,R10;R8;R9
cc9a84f1f3942ceb845c5f174e5b70cd,3,R14;R15;R16
cc9b6ee01a01702434ad789eef9432fb,3,R10;R8;R9
cca122e46a24a6ccfeba9ade9f7b933c,3,R10;R8;R9
cca5fa8df1efa35b42580fc781efadb7,3,R10;R8;R9
ccce794d56a43641c1bb3d6b0253e794,3,R10;R8;R9
ccd403a2a0b24d9d67ebf996e03224d3,3,R10;R8;R9
cce1682c4fbfc0f04fb84136651a3813,3,R10;R8;R9
ccff375f4139cef65b98385224cfc810,3,R10;R8;R9
cd1290a0b49dd799d0c77475b1953868,3,R10;R8;R9
cd1a6e3e5352f7b0dd5f596f29b74390,3,R10;R8;R9
cd2ca6c232cc1c107ad1249579b457be,3,R10;R8;R9
cd33be932bca447f6bf5b83b03018806,3,R10;R8;R9
cd42d4220f19d14291f1cf7c2a194f07,3,R10;R8;R9
cd49c1e8e2c3e37a4dc3325c986a609f,3,R10;R8;R9
cd61bab9751a2dc321165c975901bb23,3,R10;R8;R9
cd857b26125043e9eee272433187f3a6,3,R10;R8;R9
cd92b5a85b85e254d101eb7b1deed668,3,R10;R8;R9
cdad4eefae33e95d6fb7e6422cf84758,3,R10;R8;R9
cdbd07a6e9e17958d4cafd4278872806,3,R10;R8;R9
cdc44f8510ed779fade14a506d2bbd8c,3,R12;R2;R6
cdc9449b58f831981f7df30de936077d,3,R10;R8;R9
cde07682ce7758568b5a3701eee9f46a,3,R10;R8;R9
cde438e260e3b75a814cd3519a2c28b5,3,R10;R8;R9
cde6b59dc5447237fd9f9b264567a653,3,R10;R8;R9
cdeda235172891a9886537799cd57d76,3,R10;R8;R9
cdee8199f2b74923889994f67789dae8,3,R10;R8;R9
cdf9f0eb45572fe32a1c66db5755fc20,3,R10;R8;R9
cdfac35a0800774db5fe8a6354df64ef,3,R10;R8;R9
cdfb27f0268e0803530e4511ed89b0c1,3,R10;R8;R9
ce05e2dfd28685a861263561a123fb05,3,R10;R8;R9
ce0a7268695e0f82d7350f8646ea8c86,3,R10;R8;R9
ce124e4ecf1e643ca350bbc75e7f8658,3,R10;R8;R9
ce1809b48b0ba6519f6f7b3a01155173,3,R10;R8;R9
ce229a03f797a78f5c482af89d78c988,3,R10;R8;R9
ce2445abc396911bace06d962bf9b6e6,3,R10;R8;R9
ce2c5376b597eb067395da4c7f9960aa,3,R10;R8;R9
ce2c97cafc1a2ef349e996e91abd554a,3,R10;R8;R9
ce371ba7a1fb344e711357b2a55c8754,3,R10;R8;R9
ce4e8ead795a19444e7b9dc1c27cfb66,3,R10;R8;R9
ce51a9ef3a4afc873a483972c2264c2f,3,R10;R8;R9
ce5d79a7cdd6e58c3c4e858abf9c4101,3,R10;R8;R9
ce5e76544b8c1d0ec34783b0f1bc471d,3,R10;R8;R9
ce6877e88fc20990497099e6196b6ae4,3,R11;R13;R14
ce99128124dc2e9cb8795a06342c00a2,3,R10;R8;R9
cea1568b0614b071775567674391519d,3,R10;R8;R9
ceae25112f71e514cb5772484f9434f7,3,R10;R8;R9
ceb5e06ea1a66fedab43e8bdb51890eb,3,R13;R16;R17
cefc63f9ff49d9da82c49144f05a13cd,3,R10;R8;R9
cefc99738c5307f12d9104f31ff2c1c4,3,R10;R8;R9
cf32a2bc41deeb7436a36bcc4ff324fb,3,R11;R14;R16
cf3f071a229e2d4433abcb38c4b35cac,3,R10;R8;R9
cf412a6f906091434c19ffd30f2df9b6,3,R10;R8;R9
cf4d4dc28551c17c0d33d0326d4a201b,3,R10;R8;R9
cf5594b365507845c417b03b93107877,3,R10;R8;R9
cf62220b6647aa19043a9bd46a04f61a,3,R10;R8;R9
cf7b4c06372d21a1d7dc81dcd6757dfe,3,R10;R8;R9
cf95785b8e8bf924e9cf0b51faef41aa,3,R10;R8;R9
cf959acfa91add68f9f4b35aca1abbce,3,R10;R8;R9
cfb0f1134227a67c3c30809e424fba01,3,R10;R8;R9
cfbac484f94686cd93d564487d9e5a8a,3,R11;R12;R14
cfcd11e1470297208eb39c9e82d6618a,3,R10;R8;R9
cfd708bfc4b35a7a4d6aabde5c0799ae,3,R10;R12;R8
cfe3e67ca5f8235d64e51416a26e70cc,3,R10;R8;R9
cff98ac92877ed0954dad4fefb125d1e,3,R10;R8;R9
cffa67149b86b1359623d25f061a2063,3,R10;R8;R9
d0043062cebce85f2487407bc033d405,3,R10;R8;R9
d00773ee4a01cc570b35d2f86a22d961,3,R10;R8;R9
d015e02257639b55b196e26820e10081,3,R10;R8;R9
d0252f72f9db197d04d2f59c8f77f908,3,R10;R8;R9
d04d4c8e2d4a4338994e37f3eec158ca,3,R10;R8;R9
d04f6328a4f309158aabe9818ab3e2eb,3,R10;R8;R9
d055c6563b7d1059b2488cd239aa328e,3,R10;R8;R9
d058b141769a9791bb2547c44f08c79e,3,R11;R15;R16
d0698d11e0b9d2f343888948f5fccb83,3,R10;R8;R9
d06c3bda18d5dc7ff656faf4358615a4,3,R10;R8;R9
d07557904cbe57fc1bdebac1e8aeefa1,3,R10;R8;R9
d07da8a9b93d7c684264ec8be14c0fe7,3,R15;R16;R17
d087fb5597b73624c84203ca9633a2c1,3,R10;R8;R9
d088c22989ec259a26d64efe51eb276d,3,R10;R8;R9
d08fe6d0819f1ca56bc29422f8d8a408,3,R13;R2;R6
d09d12dab1ee691049e51dfd69722a09,3,R10;R8;R9
d0a8b798569ce701b96f52058e99e5f4,3,R10;R8;R9
d0d9778108b9059fd91572f77ed96e51,3,R1;R11;R2
d0e7b36dd1975188809340a634301e87,3,R10;R8;R9
d0ea942db524a895c4bc433e03c3cd3a,3,R10;R8;R9
d0f5c4ab003b51700ba82fab2eeef905,3,R10;R8;R9
d106ec9b305178f3da060efe3191499a,3,R10;R8;R9
d10befbaf9fa291ed319f7118515a20c,3,R10;R8;R9
d1192634c95b9018fe25890bf74d45ab,3,R15;R5;R7
d11b2ce53ce195af06de80a5076f8126,3,R10;R8;R9
d13883c248f9a28b6f50e3ac77ccb756,3,R10;R8;R9
d142a0fed8a258c8093a0e0e9c4e48ce,3,R10;R8;R9
d14f7d9469a5cdf6a60feea8f190f38d,3,R10;R8;R9
d15440be54e5314679b36d0e7c9c0da1,3,R10;R8;R9
d15e6278a65dfc72e8a437c5836ba4a6,3,R10;R8;R9
d1605d4007fbbdbec96acce4a834d10b,3,R10;R8;R9
d16b67fee07971da41a3d08707ccd864,3,R11;R12;R13
d16f5fd6c9f2c17efe75b084d527c2a5,3,R10;R8;R9
d1713f5cf5838c1592e5f712b5d4928e,3,R12;R15;R16
d1840dda98dafc76f201fa30bda3ef94,3,R10;R8;R9
d189ad84aa78fffbb5bea14f1c230e54,3,R10;R8;R9
d18baf80b9c942af3688e9ddeb3dd18b,3,R10;R8;R9
d19b822e1f1cb392d172d1ee4fa73005,3,R11;R12;R14
d1ae8f8c681cf7e9ad6fc1f8ab02dc3a,3,R10;R8;R9
d1bb581de986967b12d4ee6a064d70e8,3,R14;R16;R17
d1bcef094e9b8c86c70192220b8e1648,3,R10;R8;R9
d1dbddfd0d130d400e81deeef783007a,3,R10;R8;R9
d1ded9f78544969878049b01149d0dd2,3,R10;R8;R9
d1dfd6ac02ac34ebaf9788ec9b2de1f3,3,R11;R15;R16
d1e95f585e1094cb8ddf94c1d97a4d1a,3,R10;R8;R9
d1eb013c56b49d88034915dbee6c5f68,3,R10;R8;R9
d1ee146b55af8b9cd84ec605a9aa36bd,3,R12;R15;R16
d20563eda118661e39a855fa825539fe,3,R10;R8;R9
d211355c013edb6306146222ebb2082f,3,R10;R8;R9
d23024cde82d22b8e1cf899c3c0207c7,3,R10;R8;R9
d2305891b7a1433e06323ea610d47884,3,R10;R8;R9
d23be2fc84b61c8250b0047619c34f1a,3,R10;R8;R9
d23f3e07cbc9ef75f47407eccac43d73,3,R10;R8;R9
d252062152a9c144706233c2a544c711,3,R10;R8;R9
d25885006314439d3d359c94d1ea63e9,3,R10;R8;R9
d260497f6120426c51399f5f846c16b6,3,R10;R8;R9
d280f2ad03ad22e2fdcdcd0d26869e47,3,R10;R8;R9
d28436f3bcb1f8a129b35a812d5c8cfb,3,R10;R8;R9
d28f1f4fdbb37d98f802678fc174ff21,3,R11;R15;R6
d29e22e5ef93b44aef8810130ef9acca,3,R10;R8;R9
d2ba8e95f185391a08f009c8e2a9ca12,3,R10;R8;R9
d2bc15eab8150cfcbcd9364c20c7297d,3,R10;R8;R9
d2de60c06501603f1d4842fa71808636,3,R10;R8;R9
d2e80d6cae14b72a824f1ac625d23472,3,R12;R13;R16
d2ee971a8b41f013def83648617b43cc,3,R10;R8;R9
d3013a1bf9748593f9a413cf4f067d7f,3,R10;R8;R9
d312cdd620b130479bfea6128e47b2c4,3,R10;R8;R9
d32509da6cdeed96643392245b6ab8e8,3,R12;R3;R4
d32677062d9b64918b27c648d2da50d1,3,R2;R3;R8
d33e30f362a5e816c72f2d2e81b810bd,3,R10;R8;R9
d3627a59bdf97f89094cbcee823ba057,3,R11;R15;R16
d3637a1935a905b3c326af31389cb846,3,R10;R8;R9
d3780a0c70b4737cd12874433023c40a,3,R10;R8;R9
d3823d24855b6ef03c188e962948b4b9,3,R10;R8;R9
d382f7b5c1608ed890527962c60eda05,3,R10;R8;R9
d39514e0a4ab55df4e5f6e0426aa8fed,3,R10;R8;R9
d3b82f17d58da80f02e2b0812606cee2,3,R10;R8;R9
d3dfd38de2eecc6492fa8101d8245b76,3,R10;R8;R9
d3e275e681d082bcc003336b8355b2f2,3,R11;R14;R15
d3e2d6c3f0b85c65e3bd7561b2ece66a,3,R10;R8;R9
d3ef9ae515fb3cd3565e2c9875b3e0aa,3,R10;R8;R9
d3fcec7cbaa93e9e4845724118cae73c,3,R10;R8;R9
d414a0d3435dd64628dd3b72e6ecd6be,3,R12;R3;R5
d42c8cdbeea7094d8a3e4899742cdda0,3,R11;R12;R16
d433568de3111a8536c18e27eff73a47,3,R10;R8;R9
d4368452d937230208748ce2c819b971,3,R10;R8;R9
d43960df26db044d6b9caa7e4ec2ac08,3,R1;R14;R15
d439808cf55114c97c3b244c54e5ab34,3,R17;R2;R6
d43c6680c56521ab6aafd6babf8bd7c6,3,R10;R8;R9
d44766bf0eb902fbc1848f418417c45f,3,R10;R8;R9
d44b907ffbef18483e074eac9a4783dc,3,R12;R5;R6
d44deb5774617d3e89893bae3994489f,3,R10;R8;R9
d45374a1b323c34b8418b36b819783e3,3,R10;R8;R9
d45c88116610fd72a56688d29bf2771d,3,R10;R8;R9
d46fcfc88827c952da48421ecdac7e30,3,R10;R8;R9
d47bdbcba4b30efdc224e8d6ab79f647,3,R10;R8;R9
d47efdd2527ed1646f31bec6dcbbcdc1,3,R10;R8;R9
d4a201049322f6130e8ee837c22ed803,3,R10;R8;R9
d4a67043b09bca469a46c16b763c0391,3,R10;R8;R9
d4a8a32d495cd0d49ec8ad2eee3afa3e,3,R10;R8;R9
d4b3527d37d04d52eef04650b7c45c1d,3,R10;R8;R9
d4b495a674f603616f7f418f41e4e0bf,3,R10;R8;R9
d4bcbefefd480d4362d7d373a23e8729,3,R10;R8;R9
d4dcc6b21675250fcf6697b8b1b65e5d,3,R10;R8;R9
d4e8665286a7fd59bcd408868c247a5d,3,R13;R14;R15
d513454347dd168afa0b6bb6c328a2ee,3,R11;R12;R17
d5203efda6708309bae1c60534f16192,3,R10;R8;R9
d52590d27ebd08d17277ef794e31337f,3,R10;R8;R9
d530ec3596a3e7e7dd73fbe369178c07,3,R10;R8;R9
d5331c5488785e73b81760e5418a192d,3,R10;R8;R9
d547ff1995b2b5cd7904cb0052857dd1,3,R10;R8;R9
d54f205e3f01d2ead98f02fc1bd4c164,3,R10;R8;R9
d558629d10923b5a498508ac4b65f7d2,3,R10;R17;R8
d55bf1212f45e38da405d8bde20f6a7d,3,R10;R8;R9
d56ea789585115ee47580ed320a8532e,3,R10;R8;R9
d56fd281ce49dd0ed4dfcf1d72ca78d0,3,R10;R8;R9
d571f85ab9434bcb8bc11bd175453c96,3,R10;R8;R9
d5802f146ff1cde67791855f2b531420,3,R10;R8;R9
d59d5dcc1601a29509f91dab5f8550bc,3,R10;R8;R9
d59e8b41b1b2b15cd6a7ae3ec6882781,3,R12;R14;R16
d5a6b16e6de1f5f21a7a549a84af463f,3,R10;R8;R9
d5adeb5f9d36c06c466a45acfb35d4d8,3,R10;R8;R9
d5b2a2c4177eb355dd3c0bfacbfd39bd,3,R11;R14;R16
d5d504bb44506c3d2b96fc68b085305b,3,R10;R8;R9
d5e37f977eb0774ed01dda67ba31adb2,3,R10;R8;R9
d5eaa2c2ae8e05956394f24470224843,3,R10;R8;R9
d5f6e4ac57771303fe96ac40b177a28d,3,R10;R8;R9
d5fd5c2233862d3d73a5e4f7b57be280,3,R10;R8;R9
d60002856387ce505f27d4a6dd8d2bec,3,R10;R8;R9
d60854afebf749f87a8c95a07cb30d48,3,R10;R8;R9
d60fdd6237c71b741d10c85895723d16,3,R10;R8;R9
d617b24dad98aa3b1f2d645828095355,3,R10;R8;R9
d61eb45d47ad48020286203b1f1362f8,3,R10;R8;R9
d625684a437d0b9f622fec5329c6d7af,3,R10;R8;R9
d630459c8036ef43b0fdb55625289101,3,R10;R16;R8
d6352ccc0bf75017b99820231822ab6b,3,R10;R8;R9
d647ae4618fc943d965b25c3aab3fb4c,3,R10;R8;R9
d653c05dad30d8c04fa23fdac2572ab6,3,R10;R8;R9
d6569366db7f18f343963d9119307f89,3,R11;R14;R16
d6599d989c75982e68a7f277ddf170ff,3,R11;R12;R13
d65e8ebeaf0add8c9491ba9d8b35931e,3,R10;R8;R9
d661504676709e84d3075bb96462e7a5,3,R10;R11;R8
d6b38dc0d4cb99ead6ff30cc999f17ca,3,R10;R8;R9
d6d2896d8c4e3cf8b74fc981e7218678,3,R10;R8;R9
d6d95f11e158dafc5fe2955b81192f51,3,R10;R8;R9
d700828f067b24ac9bc70bc8bbee1bea,3,R13;R14;R15
d7049d549349da79c6fce9744a52e470,3,R10;R8;R9
d70837c881f01f8c51afe9616879de50,3,R10;R8;R9
d70e8f6924ff1e80d6b008965df94e08,3,R10;R8;R9
d7112ac1c4800858be0b871cb50c3c18,3,R10;R8;R9
d7163e05dad88864eb0111956c16eb66,3,R10;R8;R9
d7210d8d2f377ab74e46acfb4a158e79,3,R10;R8;R9
d7242fc163c07f6d286ed049914d962e,3,R10;R8;R9
d73add6550804e3da302f96e50e463af,3,R1;R2;R6
d742a4e61899a7a7408754397737a3ea,3,R10;R8;R9
d746a3f16ed61bfebbdfab1b9086e3aa,3,R10;R8;R9
d74aa13b3bc96f254461e842232dbfce,3,R10;R8;R9
d7509ae432cae9e7062e1e78582e64d5,3,R10;R8;R9
d75471409759c988b3380b9a675fd12c,3,R10;R8;R9
d754c0b8f318f683355ec2b11954abb4,3,R10;R8;R9
d77ef79ee4580a65dcb1e0e26b91d017,3,R10;R8;R9
d786442ae2ad8b9bec49fece2659d564,3,R10;R8;R9
d79068eb77a5aa51eb57904fbfce1720,3,R10;R8;R9
d791f10dbcb0ab7c0c34dafd2fdf8b08,3,R10;R8;R9
d79e29f792f1225d45994d75d624f8d1,3,R10;R8;R9
d7a418b9be0b9981e1a5e81f97e70690,3,R10;R8;R9
d7aea6f37597df566725da73655edcc2,3,R10;R8;R9
d7b69078f953c292ffe719e864f53b21,3,R11;R13;R15
d7bbb290f6691900ee45ea1ed1d5787f,3,R10;R8;R9
d7c148eb16f56462447f7f9c78ce390d,3,R10;R8;R9
d7c8b14cc4c55e569c6bb92637b27595,3,R10;R8;R9
d7d10dd5db989860a2758763e97edc05,3,R10;R8;R9
d7d4917de30bc1fe416ca55703dfae65,3,R10;R8;R9
d7d4e27e5a9b3752fddcf5c6080026d5,3,R10;R8;R9
d7d7a197eb6dae4936fc641168a7abe8,3,R10;R8;R9
d7eafe6a9ffafc052512cac5aa378efb,3,R10;R8;R9
d7eda97fb8a4ab94a7c0dfd1d3d1c17e,3,R10;R8;R9
d7fab14d2d4bb9d001b64f4fb59cee80,3,R10;R8;R9
d80e04e5a52a954fcc1004a53f2ef4a5,3,R10;R8;R9
d8220f2e082dae72b6db9b8a86637695,3,R11;R13;R16
d8275cd2eabf34a7f7bf22bdd838bc70,3,R10;R8;R9
d84454d6b6109ee5d68a81e49a45cb4f,3,R10;R8;R9
d846ef7992c9efb128ba7e3c25fa6a64,3,R10;R8;R9
d86ef0cf8f2fe8de11926a45bbce5379,3,R10;R8;R9
d876777df161eb8f02cc9e134916f104,3,R10;R8;R9
d8863e2fc68e2bb33caa4c05bdbbd363,3,R10;R8;R9
d888fbee05acda2b655ba4136c1958fa,3,R16;R2;R6
d8a3fe9536afba5813aa8025506c810a,3,R2;R7;R8
d8b297c773294eb23707c0a7f693c5fc,3,R10;R8;R9
d8b75d2a0acb6e0fa20ef05300b7e006,3,R10;R8;R9
d8bed8c7cbb164f7e8dcc5708ef41f7b,3,R10;R8;R9
d8d73dcf93b13ff0bd2f11639abd0003,3,R10;R8;R9
d8dbee83116aef5c27b78b8b6aa53170,3,R10;R8;R9
d8df1cd5564e9a9f4d72b17049d5d79e,3,R10;R5;R7
d8ecc4a091d838d9a615f100a907d5ec,3,R10;R8;R9
d905cbadc9456dc3ad054496c5fa9289,3,R10;R8;R9
d91079b185012d745fb4c1aa0e04d3b9,3,R10;R8;R9
d914b535b048cf5f93363556b0c2b16e,3,R10;R8;R9
d91b584f369006155e911a1dce5261da,3,R10;R8;R9
d9245845860a540560404f47bcda1716,3,R10;R8;R9
d925309691e7929d905eaa42f081833f,3,R10;R8;R9
d926d49104e258332d45e8afb02dd575,3,R10;R8;R9
d93676d54152dd6a7a78cdf2659171d8,3,R10;R8;R9
d936f8115e8be8a46c5933decd3b6b94,3,R10;R8;R9
d9486490c0d42c5e7060a64f5d0176d4,3,R10;R8;R9
d94b4e689299d6eb3cc8f5ac772d759b,3,R10;R8;R9
d95da4b845c9eee6dbf93b1c27bd4dad,3,R5;R6;R7
d9910b0b179e65a23b33b1ec0a8b4bb4,3,R2;R6;R9
d997f71818df03dd9ba8d4214dcf1856,3,R13;R4;R7
d99ee7158fccfc6add49cd6b8389fb55,3,R10;R8;R9
d9a6b1f6a4175eaee343eef3c1134928,3,R13;R14;R15
d9ca6a56d878b6c9f46571e35afb725d,3,R10;R8;R9
d9d272d8282ba9ce1ce1065f45cd0456,3,R10;R8;R9
d9e1d3236f81f2cbdbe29bb94b7d45e2,3,R10;R8;R9
d9f6c5f7623550374aff527ad8ba6ccd,3,R10;R8;R9
da0364cb98ded8ccbdea0d70fc8fa38c,3,R10;R8;R9
da080bbceada7f806710be3c22f34c48,3,R14;R3;R4
da1f25221a05f7b1852b8191f89aca1f,3,R10;R8;R9
da1f5d4d40b9a1b9e5c3f4adf092e68c,3,R10;R8;R9
da43f621e092ce20c96b5f4efcc2ea43,3,R10;R8;R9
da4cfaa6343960e89066e60b678bbbd7,3,R11;R14;R16
da4f74aa1442d910174204f6dfb0d074,3,R10;R8;R9
da6434d2962b74259909abfdf93d4e6c,3,R10;R8;R9
da648f4e3bf110e8c31b0fd1859c19c2,3,R10;R8;R9
da668869900c862ce12bd06fde5feb8d,3,R10;R8;R9
da7182a1b541864c1687329689b3c438,3,R10;R8;R9
da7ba2750699edc297c106c314963f15,3,R10;R8;R9
da80aff78196208d9395ced4a9f0d485,3,R10;R8;R9
da8a1f7ff197b044c9080c8ad34b1df2,3,R10;R8;R9
da922b5ee573e770260d4f6c849a17a5,3,R10;R8;R9
da95c308ecf6b869be4930aa124c0d7e,3,R10;R8;R9
da9778a74d1eb6016acd497948eae1d1,3,R10;R8;R9
da996e211b26bd509d3ca7136c1e9435,3,R10;R8;R9
daa2bf07bac956d6742ac7fda965cf99,3,R10;R8;R9
daa38c68b720696d6d0c59fe690dc2a5,3,R1;R13;R5
dab8bef96e96c74e44e44b513760086b,3,R10;R8;R9
dad083d8150288db33157fde49ab35f9,3,R10;R8;R9
dadb809c6e432781996add21a4543cd3,3,R10;R8;R9
dadf619a987c90a4f2c250ae26ed2041,3,R10;R8;R9
dafe6d3ffe818409176b801fc4798881,3,R10;R8;R9
db0409f17482d968dc350ae12a91d913,3,R10;R8;R9
db14c5746cc1525384f3865b4a20c7b2,3,R10;R8;R9
db169d0be36123bd55b866d6aa73983b,3,R10;R8;R9
db1942c4b69ecc90ff870f987b7c5284,3,R10;R8;R9
db30e6a7a66927f57bf3cbfd440e377a,3,R10;R8;R9
db33ef6234c141325aa449789c23d869,3,R10;R8;R9
db3e54a9097fc39788693da5bbcef8cf,3,R10;R8;R9
db458f41a65184d55c82cdbee65ed10b,3,R10;R8;R9
db462203729870bda6162307e7d2f319,3,R10;R8;R9
db49c96665f4fe0ff5f4420578e2f185,3,R11;R14;R15
db56d92cb8648d1bd80eff002eefdbf7,3,R10;R8;R9
db57f6b752f8f5485e04d8fe8877ab90,3,R10;R8;R9
db65300cb20b50abb1e3b30f908ef3e0,3,R10;R8;R9
db724caf57a7adc90648a092e9fa2395,3,R10;R8;R9
db7da50ba329b52f6779db53689c289f,3,R10;R8;R9
db8cef631031c241d7eea067c09fde94,3,R10;R8;R9
db8d818bc4047e5c02af17c31bb78009,3,R10;R8;R9
dba73ad098671788c3ed72fc9b07bdd3,3,R10;R8;R9
dbca1fb4fbbfbd6032a9764f3e922ad3,3,R10;R8;R9
dbcfcf58619fc013b719b680aa71b91b,3,R10;R8;R9
dbd95448052d2fd61f31da0c52f05845,3,R14;R15;R16
dc0fcb0e8d98ec8065bee19fb06670df,3,R11;R13;R14
dc16611b33711249ce1605b2d7148bc0,3,R10;R8;R9
dc249d912181102a5875015b61b92d70,3,R10;R8;R9
dc31ce81fcf53c987f2c8ddcb8c162d4,3,R10;R8;R9
dc3d3675ea30a5f3885dcc1b258a6a2e,3,R10;R8;R9
dc4d73c10876b27e063b584d49eea496,3,R10;R8;R9
dc50912f4b027506434b409550322d6c,3,R1;R11;R2
dc67d031d4eba63b63da5e8da9ca965d,3,R10;R8;R9
dc7d6c6fa1fdde25e0aa64a1f6fd594a,3,R10;R8;R9
dc822ebcbb0cb4879d794f0f1bc3638d,3,R10;R8;R9
dc8aa159b1b1bfe781235fb843de2e78,3,R10;R8;R9
dcb081bb5e1dac41000e96fc37c8c322,3,R11;R13;R14
dcbe7cd300844e5e702e7dd68a54794c,3,R10;R8;R9
dcc6c3c2c149299292afc9004774505d,3,R10;R8;R9
dd0d24793fa18a607a734a0d66d0d760,3,R10;R8;R9
dd1ec1034edd4e6b9696ea5cbeca6168,3,R11;R13;R14
dd229e11cb18d836618643df8129b2c4,3,R10;R8;R9
dd2fcc4feaa9544f3691e1db071e7e8b,3,R10;R8;R9
dd375650caabb420aff92ee4a5d833df,3,R1;R2;R7
dd736e1b1729796f6212e55b7fef44b7,3,R10;R8;R9
dd83b3e293e8801c9fb167c53f96e2b6,3,R10;R8;R9
dd8944d0fd8028eae388491f0d0ed3e1,3,R10;R8;R9
dd915e69c819b34a0cd6a9120289e8e6,3,R10;R8;R9
ddb599239817420d3cc38fd0eb881c8a,3,R10;R8;R9
ddc2e81bc04195f7f72109ee5873a2fb,3,R13;R14;R15
ddc38d560476be1d8fc06f8867c0277b,3,R10;R8;R9
ddc78bd83fc1feb6823701c803bc7f9a,3,R1;R2;R9
ddcd8866dd04a1b1e87bbcf3ab9c6760,3,R10;R8;R9
ddeb40737928ae87d4f71257d5b29c3d,3,R10;R8;R9
ddec878b93cd18918c2b81bca339a5e9,3,R10;R8;R9
ddf1ec27c68bb40da0bebdff2dd95175,3,R10;R8;R9
ddf85fd2c17b59964206fd00d8a71917,3,R10;R8;R9
ddfc9d530d66058f1dcec6b2685bc254,3,R10;R8;R9
ddfe291fa3e2d21ce8681a2e9e4b300a,3,R10;R8;R9
ddff143851d1399b550480a41b4c6fe2,3,R10;R8;R9
de029bf544556d1fe712ee43f2614c5c,3,R10;R8;R9
de15c0fca6c7441dd089122ad074a7f3,3,R10;R8;R9
de20b8c80c04bd2dbe0782fb21738588,3,R11;R14;R15
de45e56d725f9c1e2d3dec69587b2682,3,R10;R8;R9
de4917c51024b4f810868d211e4f4d40,3,R10;R8;R9
de4ab903cee751d979e2a7c14f51500f,3,R10;R8;R9
de6783eb70869268dbd796a1d27de7a8,3,R10;R8;R9
de6d6efd88431d3253198106bb070471,3,R10;R12;R8
de6e41835b9455151e4e6bed43e31244,3,R10;R8;R9
de6e8f086381d773cb6290df0d6a7eb9,3,R10;R8;R9
de7c0acddd7ed5fb90f5f5e12458235b,3,R10;R8;R9
de7de41f2a0c21dc5fa8c1b3e05f469d,3,R10;R8;R9
de8c78afea91064bd977bb7092b99a63,3,R12;R15;R9
deb4afdb821024fd5dfedaddbd7800d3,3,R10;R8;R9
debcc0c8e3b22dd08b85037c91da1df7,3,R10;R8;R9
deca3ba844d501eb3ea145dc15c2cfb0,3,R10;R8;R9
ded121c1fb2afcda23e7eb5aefa7daa0,3,R10;R8;R9
def03f80d3b78a52a6f9af13565343ff,3,R10;R8;R9
def6b60a136b880ef5733241781a803d,3,R10;R8;R9
deffec9fbce51979a23bc9932988c78f,3,R10;R8;R9
df079ba565294d4e0abd85356d2fdfe4,3,R10;R8;R9
df1ba068fad70f8cfa474ee67004067c,3,R10;R8;R9
df2e21b90ce0510ed66e161136cf60ad,3,R10;R8;R9
df4cdf26c36cbf365fc95d261e1d3bcc,3,R10;R8;R9
df5aa1123fb533c8865b8eaf0bb9c5c8,3,R13;R3;R4
df91d818a193e328405cf8a86ed530bb,3,R12;R5;R7
dfb2b9c6d978d65bf5b78728f744c830,3,R10;R8;R9
dfb91e05ce090dbd08177c0b4531dae3,3,R10;R8;R9
dfb9686c9e1146bd8ff746390ad0ab0e,3,R10;R8;R9
dfc7293d19f545e0de7e67dfb7772653,3,R10;R8;R9
dfd523a5991fc852654bf1235c6282c6,3,R10;R8;R9
dff0b05ec36121a537d59148ac0443ca,3,R10;R8;R9
dff6766d2464bfe77de7f6f19edbf51a,3,R10;R8;R9
e027dbf13a085669fcae603111c049df,3,R10;R8;R9
e034d4e19f562e61b29533f222ec9600,3,R10;R8;R9
e038a02993359e092b4b3432064c2ffb,3,R1;R14;R2
e04c58b55093d601257c9017dbba66e0,3,R12;R15;R16
e04fc8c293aab8b63db7576e123a7d84,3,R10;R8;R9
e07b71d8648f36747632a87acc3f2e21,3,R10;R8;R9
e0a078144e3167316fa44673aa5e3aab,3,R10;R8;R9
e0a7f7a788eedf388b90bf00bd4e39df,3,R10;R8;R9
e0a868625cea9a6ebbec8788070ae098,3,R10;R8;R9
e0ad8549835ae5a3208c03ce618e79a0,3,R10;R8;R9
e0c85d5a6ff74851b3b1ebdfceca5f48,3,R10;R8;R9
e0c8a1f0f9ecb4748b67876c19af37ed,3,R10;R8;R9
e0da968a8b88e3ad9cb42b9e7973bc6d,3,R10;R8;R9
e102c995058060f394b532a81bc21011,3,R10;R8;R9
e17d969fef9169c3460a0817d60da54b,3,R10;R8;R9
e18a100e84aefa9da53dc8cc2fd4f22c,3,R10;R8;R9
e19c99b75b9523210bfaf40406df82f3,3,R10;R8;R9
e1a4353d3e747a7150cb06cac73f4d6f,3,R10;R8;R9
e1a4dd4c30b1757eafb095021def4d63,3,R10;R8;R9
e1ba0e65d55cff798f5253a5bc108fd7,3,R10;R8;R9
e1c76d9a72b804e14b4f93f3e23f1fa8,3,R10;R8;R9
e1c7cdc2d2faec46612191158a77a38a,3,R10;R8;R9
e1c88be08dcb3f9baca7cb67c77fbcf9,3,R11;R12;R15
e1d60fa0e8a70ed91147dd06a6561e29,3,R10;R8;R9
e1d60fdb0e8b11d6198093e11afb562b,3,R10;R8;R9
e1e596163010acb347ac7fa1a48d8d9c,3,R10;R8;R9
e1e74a1b970197d2b8a236f4ddd8f3d5,3,R10;R8;R9
e1eb9553f694d0eba82535625d70186c,3,R10;R8;R9
e231c613316a725fb7f844b9390fa024,3,R10;R8;R9
e2321f70d075c658946e167356ef516c,3,R10;R8;R9
e23431ed927b6459935d0d5457ca8604,3,R10;R8;R9
e2375b4b6839b3783d0918a689eecfd0,3,R10;R8;R9
e238991c30a0138640205bd05314f400,3,R10;R8;R9
e2390bb5d4c550b82277f815a8e5fe9b,3,R10;R8;R9
e2441e5b3cbecdd27c65aea20353cc1d,3,R11;R12;R15
e24bb429606e5f412625957e627a6fa3,3,R5;R6;R9
e2516771535cd2d3550541b91d8b1233,3,R10;R8;R9
e25910b3bb83c9fbe7601dfaa4032e55,3,R10;R8;R9
e25d75e8e6b0327356d1566d324ecfcb,3,R10;R8;R9
e26ef831acab997d0ebbd38bd2773ae0,3,R10;R8;R9
e2729583d1f9bbee7c2f1a9f3e483936,3,R10;R8;R9
e282be557a81566f8ccc78271c7f2ff2,3,R10;R8;R9
e295e1f2ce1695b80db68a73c6042d99,3,R10;R8;R9
e29eceb0a991c17d07de2fe27a8ddf44,3,R10;R8;R9
e2aac840e7e6f54e6fe0003c60c51c57,3,R10;R8;R9
e2b6dcfadc876caf1673923ee3cedf7d,3,R10;R8;R9
e2ba061bc18b521f763050516e70f87c,3,R10;R8;R9
e2c9d3576bec9857de53e8bfedc30e69,3,R10;R8;R9
e2cdf4955f581cb30a0e92f006125307,3,R10;R8;R9
e2d9292329797abcf80d3a8887a75fff,3,R1;R13;R2
e2ddc073ae97138d841b53076baf0b33,3,R10;R8;R9
e2de831b92a2dc7237d2b1885ee4bb9c,3,R10;R8;R9
e2ec7fc4c6f718c7da540ee96d64b724,3,R10;R8;R9
e2edea962c97f3290638096b4f27465f,3,R3;R5;R7
e2f74cb96fb90ec20839f4ff497c007f,3,R10;R8;R9
e307273033fdd5b7e870836a890d1b56,3,R10;R8;R9
e312a8c1788a0b47d0ce8c1321a912f9,3,R10;R8;R9
e31be972e181987a8600a8700c1ebe88,3,R10;R8;R9
e32bf14c4f6930efc80bfd4f4147ac0f,3,R10;R8;R9
e33ce975b5a636df54a8a1f592410b0c,3,R10;R8;R9
e34c8c01586e531b57fe7e67f9d846e9,3,R10;R8;R9
e3769a9e37c159ac96c5d2f155d1826c,3,R11;R12;R15
e38bb22eeeb25ec645b19e81883b5759,3,R10;R8;R9
e3a37326d6d7c5c35e6f84cfbb8187ca,3,R10;R8;R9
e3b834778550579c140f46805b019e78,3,R10;R8;R9
e3b9fe4e47c5650cf87c2e556fb7a1f4,3,R10;R8;R9
e3c5ff1eb0d55039f3bbc3c4875543c3,3,R10;R8;R9
e3c9c54cbd1ca5e2dfec4d5f95c1fb65,3,R10;R8;R9
e3cc7ffdbe05d3b7b1696c8a2a61a61c,3,R10;R8;R9
e3d5edcf6b873d7738cd50ccaf6182ef,3,R10;R8;R9
e3d67e87b9ad31a5795719d97990f3a3,3,R10;R8;R9
e3e49b19db364999dc94c01cdc185c1e,3,R10;R8;R9
e3e8b186331c3acb1b9f82b1f2cbe56d,3,R12;R13;R16
e436d21e957755c5a52edcdbd3d700b0,3,R10;R8;R9
e443471026e11f9cdf418dca3f35017f,3,R10;R8;R9
e44c4522979ee8d8b50977b9af91db58,3,R4;R7;R8
e45bf032d966f8d3e6fdd0f03a7fdec4,3,R10;R8;R9
e4980f36744d9a8e0dbb26bb97ccbda9,3,R10;R8;R9
e4a528876744e3a37158645935028c57,3,R11;R16;R17
e4a73f3555433a101aa6f6a0ca5006ff,3,R10;R8;R9
e4ac7ebc707ed34608338b58d0917e94,3,R10;R8;R9
e4b3710c1d18a0fe70a8eb0bfc5de2cc,3,R10;R8;R9
e4b4d6910f4be64483f87b1325ce7fe3,3,R10;R8;R9
e4be367babe3680af9278fa53a5f6224,3,R10;R8;R9
e4d552e0ccc55cd65ed27729e1be30d5,3,R13;R15;R6
e4d919ecede4ac171b4815ba0863f2f7,3,R10;R8;R9
e4dec9c7cb04e431f5c3b41430030184,3,R13;R2;R7
e4e6a45ca9bfadf6a01e7e451539441a,3,R10;R8;R9
e4ef5698e1570bed158879d7b5ab20f7,3,R10;R8;R9
e4fe775718f2633a8989f20e06612f01,3,R10;R8;R9
e50abd173f7b744b87b84cd7a2d17a79,3,R10;R8;R9
e521b0e2fca887f754c05d26a9783103,3,R10;R8;R9
e521dced7f05cc201fd9e6e30f145dae,3,R10;R8;R9
e529c5465cafd94ee9a3b38f7267523a,3,R10;R8;R9
e531672ae6083e717cbe83d7fc71ddda,3,R10;R8;R9
e53aa24d4f2f17891ca8a6e8dfc0d8e8,3,R2;R3;R5
e553a378133c655abbda6a0b64b3077e,3,R10;R8;R9
e559048794d171b368b3570107840037,3,R10;R8;R9
e56080a93578380082f934120565c181,3,R10;R8;R9
e563c35ddd67c5124a6787e474dfa319,3,R11;R13;R16
e583b6c45b5622f1e714f57521a22a30,3,R10;R8;R9
e58d508f7915d3ada6edb4d88dc1f5f7,3,R10;R8;R9
e5a6825407439b31e234e69989ccd542,3,R10;R8;R9
e5c03ed2c3823410a7a9571117c776ad,3,R10;R8;R9
e5c83f02dfe7265bb10020c2fc7b487a,3,R10;R8;R9
e5cdc84592cc075cd953fc65fc57f573,3,R10;R8;R9
e5d63ef8a922c6775c51ce9b511235b9,3,R10;R8;R9
e60ce67640c934d4fb3bcac5b334983d,3,R12;R14;R16
e613a63ea3e1262cd599a32571d11c2e,3,R12;R14;R15
e62c07fde352cc658af3f989fe0b546f,3,R10;R8;R9
e62c2f1897582761b9a5dbc7dbb1a930,3,R10;R8;R9
e6399a4d1b7a12a9a4c2fcbdc91ea41d,3,R10;R8;R9
e645d9985d6afaacf2722b9c82b2c9c5,3,R10;R8;R9
e64adf704d7234993a79be4637514d0b,3,R10;R8;R9
e652b2cebae0a6c74e292b3112d29e6e,3,R10;R8;R9
e65784ed3ae371e991d3362ab0eb8a35,3,R10;R8;R9
e674608b3b3609bdf9a5c8017ddcacba,3,R10;R8;R9
e67e4cab40626c54b8fc20ce6e9e4273,3,R10;R8;R9
e67e91b27935a01b738eaa01ede863fd,3,R10;R8;R9
e68532fbad2aa9d9fee2900c341c8c6b,3,R10;R8;R9
e685922feb4f7e397cd47ac418342071,3,R10;R8;R9
e6883a6ffa058ed027ac1626175b5aff,3,R10;R8;R9
e694841193437bcb89ad2c1acbf95f79,3,R10;R8;R9
e6a08696962a275ee2dd46d9ae1c6150,3,R10;R8;R9
e6a9b0eb532d8aab0ce29b787d81614b,3,R10;R8;R9
e6b4c5c08d6767a47e348b79bf9ab2d2,3,R10;R8;R9
e6d737cf8600e9b07168c04ca7541980,3,R11;R4;R6
e6dcfd8e8ebe5462b3a6e344384826ba,3,R10;R8;R9
e6df9b3fba3fb8745fe06fe9fb84ecfe,3,R10;R8;R9
e6e114b28a55ec3e9ecac74c55167fef,3,R10;R15;R16
e6e11fcf16e269d36b9496612d7ca537,3,R10;R8;R9
e6e1f33532a2f3f93d17d2be963cd122,3,R10;R8;R9
e6fe1659a6cacb4f2ea6ef651481e0ba,3,R10;R8;R9
e7136e97a466963b452941e91b6330fe,3,R10;R8;R9
e719b0f794aebc789651fbd91ade8a05,3,R10;R8;R9
e722a8f83ef80b62f5b6d73828e1f760,3,R10;R8;R9
e724ee60258fda4c7f15e0f8d757ee2c,3,R10;R8;R9
e7375b4dfc336c7b166b688f72d86b34,3,R10;R8;R9
e746ee7a622d991a0c02b55efe234fb9,3,R1;R4;R9
e74856412eeed254480c9d2f78d001d5,3,R10;R8;R9
e74b1c3bddcee3e007b6851bd8ff8174,3,R10;R8;R9
e75fdf059e59a1560645965b64f51cd2,3,R10;R8;R9
e76af44f2856bf89d69d00d43536cf8c,3,R10;R8;R9
e76c69a0601a1f3f059a762b7fb0614e,3,R10;R8;R9
e7a50b38b3dd034c219fad4c10986fe7,3,R10;R8;R9
e7a58f5647d24fc877f9cb3d051792e2,3,R10;R8;R9
e7a911ddb90533a589331cae6aaf82b2,3,R10;R8;R9
e7ae00eef602436f48a44b36dc79b383,3,R10;R8;R9
e7af557ff6a1782400710d2c8ddb2568,3,R10;R8;R9
e7c0727f49a3d279143ed21b382ac1c4,3,R10;R8;R9
e7c2c01276add5f38a01ceeec66b7f22,3,R10;R8;R9
e7dad9b7047a87bb31b871d98c648d13,3,R10;R8;R9
e7dec1ffda66e9a315335afa8e961205,3,R1;R5;R6
e7e8948818352b4d800dfac9a8999300,3,R10;R8;R9
e7ea94b2fec95a7461b10a7f3eea2897,3,R10;R8;R9
e7ee695015acda8604f34f0da3849efb,3,R10;R8;R9
e82620b01bbc77792885029d3cd0d8ae,3,R10;R8;R9
e82cedee4afa9651a7bd0d57a23280f2,3,R10;R8;R9
e85487c53c27918cb638090cc8f16730,3,R10;R8;R9
e857debbed22981f3fce009cac3031db,3,R10;R8;R9
e86cde1dbe7a082d03b9c38b400e4c67,3,R10;R8;R9
e88010a078a87a4c1cc42cf761e2c72a,3,R10;R8;R9
e88addf3e1354820d8b1a4b42083188c,3,R10;R8;R9
e895c0a84cf6c38ffee0cfd5be9849fd,3,R10;R8;R9
e8acde7bd3c521671dae97d0a75cdde0,3,R10;R8;R9
e8cccc190246b1950b4eaa9433f295f3,3,R10;R8;R9
e8d9fffe6ef4c59d01e8e64cf5c7466c,3,R10;R8;R9
e8e6ff19c3be05a4ccfb20abc4202d52,3,R10;R8;R9
e9269d70abec8d90f4790c6afaa4a924,3,R10;R8;R9
e9278ee61a8a275650baf02c600c382e,3,R10;R8;R9
e9581123b6819b2cd1bcf6ed35481520,3,R10;R8;R9
e96d18f0d425aaedc12782dc33aec7a4,3,R10;R8;R9
e988f84d11f5903f930dd67fa55ce628,3,R10;R8;R9
e98a76eaefca34840133986ed53cd210,3,R1;R2;R3
e991a1b8b7d4d863205850ceb863343a,3,R10;R8;R9
e9954e6e3b2d0c5bf990a519c0ba5abe,3,R10;R8;R9
e9986131c41216ce7900ddfe19e38ed6,3,R10;R8;R9
e99ba43b91cf30a1df2c4c4adfe7c3b1,3,R10;R8;R9
e9af0316eb1e082f0b2fac36ecf9a6c6,3,R10;R8;R9
e9bbeb5248b591a86ff636b9f0b68549,3,R10;R2;R6
e9c0a723726efbed9a1d43d4db015ff3,3,R10;R8;R9
e9dffce64ee5dd73e861bd8c407c65cb,3,R10;R8;R9
e9e1a8854e0bec89e37445f9cbf7bb95,3,R10;R8;R9
ea00fab3726550241cd51c2750892d36,3,R10;R8;R9
ea0ab2737896670ca5d52dd4b10285ab,3,R10;R8;R9
ea14c8ae2edae2b343920df92bfce974,3,R10;R8;R9
ea18aab66eff5e0e540553178f9cad4d,3,R10;R8;R9
ea4fd210b0300b23ee63f0b8352390be,3,R10;R8;R9
ea56b3455c844f324b8c9323ebf2ddb2,3,R14;R2;R7
ea61f0761446db10c6286a6e333af0e2,3,R10;R8;R9
ea970ed46ada798de375a4be51f701c9,3,R10;R5;R6
ea97fdc2b0bf64e712a784849efbab79,3,R10;R8;R9
ea99ac7087780248ca58449abd57f377,3,R10;R8;R9
eaa4b09922cfd1c4130787403173e93a,3,R10;R8;R9
eaa5aa491942a0bbc9a161ed3f08c2b5,3,R10;R8;R9
eaa6f57c9cb05f5c4586a5249019001a,3,R10;R8;R9
eaaa04823e2280d1cb8cb5b52952d7ad,3,R10;R8;R9
eaacad7a533d8c301172386cefc0b0f8,3,R10;R8;R9
eab0be019f53390dbbb3225e86506c09,3,R1;R11;R5
eab57c526a617da691b80234ed8ee9d9,3,R10;R8;R9
eabf04158953bb71ac4e934f4e28d160,3,R10;R8;R9
eabff4780c183c33d17681a21f1356b4,3,R11;R14;R15
eacc53e9f724bd51a38d76306e6db8d2,3,R10;R8;R9
eae9d1efd139bba5e4acbb3333eff429,3,R10;R8;R9
eaef6aa0bc70059db2c376b924d29ba2,3,R10;R8;R9
eb0c86ba705f5dfebc0d3b4d59d2dcab,3,R10;R8;R9
eb268b0b19f47cf268626dafc1d6f45f,3,R10;R8;R9
eb319a3149253e25a32a6f2926cf67b2,3,R10;R8;R9
eb331754f1d31043109a9cc9aa968ab6,3,R10;R8;R9
eb384402d0dee9dc9818a0b65681bf67,3,R12;R14;R15
eb38f65822271c1130b1c25cebe98f90,3,R10;R8;R9
eb3f408d6ce7818e66b775cbed9b53b1,3,R10;R8;R9
eb504655d27862892ea7c99c352d5aad,3,R10;R8;R9
eb6c714df22142229464c6b83e47d7d6,3,R10;R8;R9
eb72e2bb09327ca57b150dab46677e1f,3,R10;R8;R9
eb76c1606548e4410a5fa74b70ebe5c9,3,R10;R8;R9
eb9b834aa6ef13e715d55dac9beb0bb7,3,R10;R8;R9
eb9e22a9dbb15c3a9b957945351e651d,3,R10;R8;R9
ebb0f756621fb2c6dcfa2b82d4fc8ed8,3,R10;R8;R9
ebcf699a8c42843567184fb71f33160c,3,R10;R8;R9
ebe4ab991ab3c0551a697e34f5e83b36,3,R10;R8;R9
ebf4ffbcf6de699bf9deab70f0dee8ff,3,R10;R8;R9
ebfa9ce8a25b09fee878068fd7cd9212,3,R10;R8;R9
ec0b1ecd417bf735801bf2b971ab61ed,3,R10;R8;R9
ec0d8eda3ff0b4fe8d3a7a7b795fed21,3,R10;R8;R9
ec513a0af055499f1b188cc6a9175ee1,3,R10;R8;R9
ec6ec12533b8495bb7344d8895dd4f05,3,R10;R8;R9
ec7572df0f93d21860c5dc1147d1393b,3,R10;R8;R9
ec9927d1322b9c33ad265903e06ee108,3,R10;R8;R9
eca27ff9495044fbcd347ee51a8f1187,3,R10;R8;R9
ecadf9a1eca2152b13f18d3a0b8bfba4,3,R10;R8;R9
ecae6af88e3b859c906e9b149a422b3f,3,R10;R8;R9
ecb9c0dda8a3ec89624e780ac054d2e0,3,R10;R8;R9
ecce24df48ffadc82e635c279a18c622,3,R10;R8;R9
ecd11f0b7b55d7d0515fb569cbcc39d8,3,R10;R8;R9
ecd1275cbffcd530452e2b20dd070b4e,3,R10;R8;R9
ecda8c2d80adc70ee958fcb0361c3286,3,R10;R8;R9
ecdaa71066f64d1f0592799186135925,3,R10;R8;R9
ecef71a87df9aee5cca62966f95d9f26,3,R10;R8;R9
ecf36a90601939ea964925fce1f0cc41,3,R10;R8;R9
ecf474d5d4f65d7a3e23370a68b8c6a0,3,R10;R8;R9
ecf9eb0e92ca13ace0ac71331f964371,3,R10;R8;R9
ed06295915b52f5fcc88e158ab0c7100,3,R13;R15;R16
ed12402a2b76cda47517d5073b35eb9a,3,R13;R16;R17
ed1a545ab109f23cd065a5e5e512df1a,3,R10;R8;R9
ed427a3b0eb541083e0d2d6c2ae2ac31,3,R10;R8;R9
ed4efe30ae54fe3f57904eb7d738fd99,3,R10;R8;R9
ed5a8bb58eb699827e3d05b535f28933,3,R10;R8;R9
ed68ca5f01252d51a5f07c8fc9835898,3,R10;R8;R9
ed696103132aee457b0e11ce0d7b7d27,3,R10;R8;R9
ed6b8aafbebda034d02fb57cbe7a2439,3,R10;R8;R9
ed6f20cff422347c954f41eac82fac8b,3,R10;R8;R9
ed89af5c7c30f2c96b4cd8a5402748ae,3,R10;R8;R9
ed9f5c40c389c115089e5a8f15e162b0,3,R10;R8;R9
eda23140c7a820d76c89bc994768888d,3,R14;R5;R7
edb4d2772dc7746b93dc0d7e181a25ef,3,R10;R8;R9
edb61d8f85f46f6da703ab9730bf35b1,3,R10;R8;R9
edb67efb2fbf3647dbf9c4daec79da3f,3,R10;R8;R9
edbb3284303d5df669dc8bd73ea38358,3,R10;R8;R9
edc6ab1b2233143d011edf7706c32b6c,3,R10;R8;R9
ede3e4041468a91f1a8027aeaa10e540,3,R10;R8;R9
ede72bdbae3f743b8febe5433c49d126,3,R10;R8;R9
edec03d88f6da9a7dcd76772432d9c23,3,R10;R8;R9
edeef2dceeafd6d5ebe67880f2f9162c,3,R10;R8;R9
ee1abdde3a0e65f9e0b832dfdbbea5de,3,R1;R13;R2
ee1ce355f6de728da4c7a40715b16826,3,R10;R8;R9
ee253aab2bfa090c01a596a449159233,3,R10;R8;R9
ee387adc8e34dcbb696539dcbb626a9d,3,R10;R8;R9
ee3b2a3399a40af7703ce312d43df635,3,R10;R8;R9
ee47fd39217a0d25550cb6b9badd3ee2,3,R10;R8;R9
ee530c9de44ad59a5467104a429ded64,3,R13;R15;R16
ee53128143074612b8b482d5450aaef2,3,R10;R8;R9
ee6c07d4bebff60ce328cd0e59d39305,3,R10;R8;R9
ee7cc34733914fd5924eb5d75a27fba3,3,R10;R8;R9
ee87cffb47722b3161ea80a75fa307a4,3,R10;R8;R9
ee9e445e316c60e028de2486e3f459df,3,R10;R8;R9
eea2d38f25bbee2095457fff9b8b2200,3,R1;R10;R8
eea459fdf4b72989a21ac94125a64f0e,3,R10;R8;R9
eebb4b0a4472b69b72b1004b5b4bfcaa,3,R10;R8;R9
eebe67275df5f83998a5fe7c147c81cc,3,R14;R2;R3
eec404a6f4d2db9c179dbe4549de4fdb,3,R10;R8;R9
eedb247767ce38e4dd2498c5dd56dc11,3,R10;R8;R9
eee88aa055892224d0fa0518f304996b,3,R10;R8;R9
eeee9953810eee9388b3a0c5a4ad4ef6,3,R10;R8;R9
eef3fe7c5ff44ffe54fc80c27365343e,3,R10;R8;R9
eefb68d818bf732e1cda9be83b641a19,3,R10;R8;R9
ef063a93b1392dc44be6a968b8e32838,3,R10;R8;R9
ef0b10e9d207fa0ff2f4e2f59a590970,3,R10;R8;R9
ef0c1fe356460c25e02dd26a6013e895,3,R10;R8;R9
ef2e25ee2c102a3b20052b4a3770f0d8,3,R10;R8;R9
ef3216f8485fe691d819f831ea07e9ce,3,R10;R8;R9
ef3577342a00289f6fccf26d6b61c7ac,3,R10;R8;R9
ef50301bda56ee37e33b99fde2be8c7f,3,R10;R8;R9
ef52e83e7d040c6fcb278fa3ee8ad35a,3,R10;R8;R9
ef58076f0eec194a3f303b469ac081de,3,R10;R8;R9
ef63342a9d28339d09338c16573066c6,3,R10;R8;R9
ef725f99c37d1a779747e5f592a620fb,3,R10;R8;R9
ef85cda3a115da5e7399342ac986d489,3,R11;R12;R15
ef8abdca805f7af833aecafaddbf818e,3,R10;R8;R9
ef8c3f4f4d6b6d278abdbc8077051629,3,R10;R8;R9
ef9ba80e23c77ad5c619e74bfbdffd8b,3,R10;R8;R9
ef9d2c00f3825adfdc8a574600d156d3,3,R10;R8;R9
efb4c40bcdca8c2e5100a9febf5fbd4b,3,R11;R12;R13
efb838879b6ee5f7d44b56ff592d83a4,3,R1;R4;R5
efbc06ce023ce45d33b8473672773aef,3,R10;R8;R9
efc7bc78ce88e95191fdab525f974c24,3,R10;R8;R9
efd841b9897ceb215d30cff8e1fb85b4,3,R10;R8;R9
effc4dc50dd44a151333e9c7dc1ff73e,3,R10;R8;R9
f0105dcab1f42815442e5a2b0247eb21,3,R10;R8;R9
f0267345c2bb297314f8c9db2b33ffb2,3,R10;R8;R9
f034b173fe81cebbf8ba0b793c3d3eb1,3,R10;R8;R9
f04b3db35749d0bb959a9dbb8e5858c9,3,R10;R8;R9
f06d2ac151719fe4d2cf5546a9dbb734,3,R10;R8;R9
f0840d1476c8b326484642d6422d756f,3,R10;R8;R9
f086d97c1eeccba6e2a4e28560b7cd6c,3,R10;R8;R9
f09ec49805bd445b71404666a53d4a8e,3,R10;R8;R9
f09f740821c6160878d713149db4adf6,3,R10;R8;R9
f0adf7b51f3c26e565e1977c4b6c235a,3,R13;R15;R16
f0b7c809436fc5f445098da06308cebc,3,R10;R8;R9
f0c719e77a94983d22ad4a1e96e37f34,3,R10;R8;R9
f0dea85c5527d47a3b7f4227813f0b95,3,R10;R8;R9
f10143e3eb341eac01909c339a5cf01f,3,R10;R8;R9
f13e10ca4f8d95667e05156f2f51d095,3,R10;R8;R9
f1a45afaee0efd07fef17057f3942464,3,R10;R8;R9
f1a700126451c58e895df07f90c8b1ee,3,R10;R8;R9
f1b743ce8d76f083d3e87da80f1dd522,3,R10;R8;R9
f1ba5da6f133d329f7ab9bb241fc0b7b,3,R11;R13;R15
f1be25d4ee46f32d585fd6c809c92329,3,R10;R8;R9
f1c4779f16c3ebad57ecb73dcf2a2c1d,3,R10;R8;R9
f1d1e5089e66fc256f08e621b5dcc9bf,3,R10;R8;R9
f1da5e509f8a55be3ac43a1b0034ca77,3,R10;R8;R9
f1e4056384e1926c3ae33882e0dc00cb,3,R10;R8;R9
f1ece4212015e746f3d90a95feb17546,3,R10;R8;R9
f1ed2d380bf23214b0522e753035545c,3,R10;R8;R9
f233f426d24061d9584932e52bfdbd49,3,R10;R8;R9
f23603293e7a6bb7166cd493d2da2f77,3,R2;R5;R7
f244d8f6b541d370470f56b8f6ebcb3b,3,R10;R8;R9
f2495f8fc8e1640e7ca9383966aa9f5f,3,R10;R8;R9
f24f5cb1232f59b8688e655a48127b43,3,R10;R8;R9
f25a910b0e75a30296bb0350b2a648bd,3,R10;R8;R9
f26e0a7663ac71c9253c155ffdb4b0e4,3,R10;R8;R9
f289d19e4b47b6f38bc2dca65d2d40bd,3,R10;R8;R9
f29df9890df1e30033396c8f220a9f14,3,R10;R8;R9
f2c0995bf613672b13eb82ee09b1547b,3,R10;R8;R9
f2ca613f1200588a3f8c44e2516db4bc,3,R10;R8;R9
f2e56bf4b304000674dde626b3335ca7,3,R10;R8;R9
f2ea94fbd14e7946114152b0a11d6ade,3,R10;R8;R9
f2ee561a5779269382bf01c07da84f91,3,R10;R8;R9
f2f1cf0ebcbc9348fba2dcd55f6e8c91,3,R10;R8;R9
f2f8d46d9438459a795b19be73738cbb,3,R10;R8;R9
f31dd0e07a6342b11cb64cbc8af90835,3,R10;R8;R9
f32ab457c492c30221d3a89fe7c6b25a,3,R11;R13;R15
f32fbc404c68b727c5bf14bca3ec7b5e,3,R10;R8;R9
f332f8f1673ac8dbf2d755540520a511,3,R10;R8;R9
f33741a2c2ffaa247cea27ba87e6f4d9,3,R10;R8;R9
f33c818324f7631eec51571396df362d,3,R10;R8;R9
f345c9caf6c388069ca35fcc4bb52001,3,R10;R8;R9
f347a8de5e60079db066c440949b8395,3,R10;R8;R9
f351e56a857e49f1e5c12b0fbd43db98,3,R10;R8;R9
f356caa9aae421a22704f79e158e4321,3,R10;R8;R9
f369ab97b45fdd8ac73e51af003ae854,3,R1;R5;R6
f36cb2ce4ae7b6e960550542a99a9bff,3,R10;R8;R9
f3741f47791eca3ad54e01f9c36188a1,3,R10;R8;R9
f38455688ba4360b502d7c512295953e,3,R10;R8;R9
f3a84940a5a63947852fd915062fed1d,3,R16;R5;R7
f3ae85dcad0b8befecc06e496f3c4263,3,R10;R8;R9
f3b2d71af1014019e7639088a255e13f,3,R10;R8;R9
f3bdfeef73cd67f5583466d3df2829df,3,R10;R8;R9
f3d513a22e62ef6dae79d398cd1462e8,3,R10;R8;R9
f3dc45b4e1efdaf51bc35ab371110877,3,R10;R8;R9
f3e804892343e3b12e2542939d9101a6,3,R10;R8;R9
f3fc4e540d940916de69e6a7e928cead,3,R10;R8;R9
f40c08b38fce6f2b77c6019d34521357,3,R10;R8;R9
f41016cc32c5ed986f15e4d6169c1c2f,3,R10;R8;R9
f41ccbeeaa2f48cbb13110e15c20a538,3,R10;R8;R9
f42000d2ffb02c74c696fba7678c51a6,3,R10;R8;R9
f4283460f9f2e254b8b048ce635f1276,3,R10;R8;R9
f458843968166ba8c5af491035ce1651,3,R1;R4;R7
f490b0ddc0cd7f3789c13e1764dfe51a,3,R10;R8;R9
f491935369d316678118cd07d5646de6,3,R10;R8;R9
f4976db55ec34ca21f36c218993ea7a2,3,R1;R16;R5
f499a3f9610865b8be4ff7c7ac5214cf,3,R10;R8;R9
f4b8c5c84f200ee9e9faba45bb2b0baa,3,R10;R8;R9
f4c12a07224893104dec25b926db33a1,3,R10;R8;R9
f4c97bfedbc71ab64cf312ea2962971e,3,R10;R8;R9
f4d7a04f379295bb190b0c95567f7e0a,3,R10;R8;R9
f4d7d5de6fbfafb222c389fb23251e80,3,R10;R8;R9
f4da0959856bcdd4b91e0c6949b109e3,3,R10;R8;R9
f4de2c4362a04f072fa06a8440bc7473,3,R10;R8;R9
f50d5b9d7f65680d066371d14fcda875,3,R10;R8;R9
f51434ef988e30a05f8b0986814d9485,3,R10;R8;R9
f51c1a48919f8b36116ed4aa799dcb23,3,R10;R8;R9
f52c1bf308db55a73521eb1a048b1c92,3,R11;R13;R15
f52ec4da5edc58fc2f93c00316c38fe7,3,R12;R15;R16
f53abed5f97de8473a4a09bd9742282c,3,R10;R8;R9
f53c45bd444bfa9796ac5ce5489136c7,3,R10;R8;R9
f55ce69d04d99c8f5e01df3c6838c8ee,3,R10;R8;R9
f5647785cac236ffe0ec3287f9f6aa84,3,R10;R8;R9
f57a452f52edaaaf43d41c78f1f73181,3,R10;R8;R9
f5824499552ae516c70308416344eb91,3,R10;R8;R9
f58508942604632676c1df2639e18010,3,R10;R8;R9
f58e50c4d7e818b02f28e52fd6f2a9f2,3,R10;R8;R9
f58ecf974a05d2f5ece85aa9393cf9d6,3,R10;R8;R9
f591f6e017545ab779d1e88735340128,3,R10;R8;R9
f59ccb89d776a68b79292bef810333ac,3,R10;R8;R9
f5aaeb372cca52343b1dd12027904bc2,3,R10;R8;R9
f5b2547ee619395f63368aab8996f2fb,3,R10;R8;R9
f5d78a935a1360644d9583fbdef0552e,3,R10;R8;R9
f5de538719c1a637e84474ea30a4e515,3,R10;R8;R9
f5e6b0ff23298eff87b65789ee32959e,3,R10;R8;R9
f5eb3e7e9ee9c4d08377de30251a94e2,3,R10;R8;R9
f5f1591393eb38f422ba01ece830b176,3,R10;R8;R9
f5f8866773cc80861a7f5c30502d0fbb,3,R10;R8;R9
f608bb02a0b91160b07fb867bbec84ad,3,R10;R8;R9
f60cef429e2b47fd330fbfcfd3ec3a31,3,R10;R8;R9
f6178657260dafbe0088bf3bb12e95fd,3,R12;R15;R6
f61ac5d1e80c2332240594868a6da019,3,R10;R8;R9
f62a549cbf9dedb3a5990a691bd7c27a,3,R10;R8;R9
f62c4b2e9c78abcf338d9226c55b7e1e,3,R10;R8;R9
f62e254cf73362e117599c99791f706f,3,R10;R8;R9
f6349590bcca0313c865a6658b41cde4,3,R10;R8;R9
f635b5ecbb18bd0b90c881dd055fb089,3,R10;R8;R9
f6689a5d04b19e0750f5128f629b5d39,3,R10;R8;R9
f673d781efd8b4830ce480735fdcac8d,3,R10;R8;R9
f680a42a3444d3739c5552face67bf18,3,R10;R8;R9
f68b31e44bfe5252ca65f6bc22152e61,3,R10;R8;R9
f69a67703fe0e5e5bd9535025fbff414,3,R10;R8;R9
f6e59f1f95016d13f75bad536b8e2af5,3,R10;R8;R9
f6ea8fd5566a3776bec64ec816a0eb31,3,R13;R4;R6
f6fc6f200924da874ae95664661e67aa,3,R10;R8;R9
f70157a4a06e9ba3da6fae2fc48fb4e9,3,R10;R8;R9
f730c80ec55bf2f6b80001ec0686f245,3,R11;R12;R16
f736d35657c19d752b94cb194d9ed59a,3,R10;R8;R9
f769eea17a2e7678f481f386c3c6261c,3,R10;R8;R9
f774dada729622b4f5e2e1c352169d77,3,R11;R5;R6
f77548b76082f9b45c05764493005039,3,R10;R8;R9
f7793fee61ea241a3fc07b927e4914f6,3,R10;R8;R9
f78a273e30b5cd8a2d580fa4959c8433,3,R13;R14;R16
f78a44efd6e19fe5e6f71247a4d97126,3,R14;R15;R16
f78e1c855e003640a3d79723f16f5f1e,3,R10;R8;R9
f791a58edd0f0080354090193069373d,3,R10;R8;R9
f7987e0db0dcf873c778b099ebd9bf1a,3,R10;R8;R9
f7a56f47ad3ca3e1a06fd41bba7a3b03,3,R10;R8;R9
f7b1e8842f18b17265754367a8d92ee6,3,R10;R8;R9
f7b3fa818839a04913e45fa796203462,3,R10;R8;R9
f7c4b8ffe5e3c01d6dd0165c9e3ad64f,3,R10;R8;R9
f7cca0874f0a8fdfdcb8952ec15c2e24,3,R10;R8;R9
f7dd175ca0962155ec39311b997a5288,3,R12;R13;R15
f7f461c0aaa21762f7e9e7e1e7b24dc9,3,R10;R8;R9
f7fd31cb67b22bf95cc94d909b6dd2e3,3,R10;R8;R9
f8418a411444f8ea00f9b3affe70a758,3,R13;R14;R15
f853be3a4ec02063d6e9c0279c8cb559,3,R10;R8;R9
f866dffa083b0a1b8e5c09a47a2d55f2,3,R10;R8;R9
f87d4c4e7d55bc2cbd44e80bf51f8bc6,3,R10;R8;R9
f887788825f5004145c4b29efa89fbc6,3,R10;R8;R9
f89143595274fa6016f6eec550442af9,3,R10;R8;R9
f89667b79d3858d6064f49b5fb203800,3,R10;R8;R9
f8c4ffc718ece871a52ab5f63b04b41c,3,R10;R8;R9
f8dbc59e1e501220fa867a6d68d93641,3,R10;R8;R9
f8dee4ee7a507e4e1f6a2b951e63f3d0,3,R10;R8;R9
f8e34b28f4fa0c030e1d55b1190990f1,3,R10;R8;R9
f8e4280d43baa3b536d1ed937672ff93,3,R10;R8;R9
f8f1d67dcbeb7badd781e2a0f30e020e,3,R10;R8;R9
f8f3bf0d3d08f814e2764470681998a4,3,R12;R13;R15
f9004576db9e423ddce7bc64608e2aed,3,R10;R8;R9
f90442f2620175fa21b6afeda865df11,3,R10;R8;R9
f908ceca3f24d487d583b5530b127013,3,R10;R8;R9
f9132773a02cfa4cb24f617627155948,3,R10;R8;R9
f9192d70b8ae33af5fa02c6764e7457c,3,R10;R8;R9
f94fc1f4e263bf33a9b1e9c4027a474f,3,R10;R8;R9
f95dd68c2ff46436c6819c3788ac01d3,3,R10;R8;R9
f97b35befd831df48967fda3cef13c12,3,R10;R8;R9
f9849624906b15585f9f7f998b34193c,3,R10;R8;R9
f99c888cfe3ec332780b60b44134f681,3,R10;R8;R9
f9a0f4bd4bb3553af6e939362bbba5d6,3,R10;R8;R9
f9b6143fdadf3e46bc016548719a4371,3,R12;R14;R15
f9ba2d912ef79893510ff58bafa70558,3,R10;R8;R9
f9c6b63c9379c69451d44dc64fbcc814,3,R10;R8;R9
f9d48a25ddad7cb044c500cb7266455a,3,R10;R8;R9
f9dda1a40ac162af4e9fbc6027ed5375,3,R10;R8;R9
f9e2672a5b9363b4df480c9b8b773379,3,R10;R8;R9
f9e33b36ae582d27a5426d7e0692d128,3,R10;R8;R9
f9e6958221cb9c50deaf7ce3e78b6bf4,3,R15;R2;R6
f9e722d2706d42998afff41568223a01,3,R10;R8;R9
f9f7feefb4bac748ff7ad313e4a78906,3,R10;R8;R9
f9fea79e8c324d21c93ca0271b84e24e,3,R10;R8;R9
fa109c087e46fe1ea27e48ce6d154d2f,3,R10;R8;R9
fa1d691e369b258e948303634d83b2f6,3,R10;R8;R9
fa1ffc0e890d0d6fa472f8abb1590b88,3,R11;R14;R17
fa3b6b158acb587e7cfac000b3737a39,3,R10;R8;R9
fa4c38b3c5e53e1e84bd0923f2d8e480,3,R10;R8;R9
fa5f06ba5deade163b028b37cfe68901,3,R10;R8;R9
fa6cfad334f4061af968f0896319bdf4,3,R10;R8;R9
fa7b469e21cf7a4e7afe9f17cf721259,3,R10;R8;R9
fa7d454b6cb43448ed5a8da49df6ce05,3,R10;R8;R9
fa8115db4830d2b29eccf4f133341a7c,3,R10;R8;R9
fa8a4206a96b99a55f7e8c84a1ec5892,3,R10;R8;R9
fa93ce20869f64a1d44d6b8b3d962061,3,R10;R8;R9
fa9cd1a78a6d2d8d6e918a8c4125faf4,3,R10;R8;R9
fad39dc356aaa2da58470c6daaba8112,3,R10;R8;R9
fae3d9c7c5d474bb9cac8ac1c8912688,3,R10;R8;R9
faf2eeb7b3818ff5941115c3f9b6070e,3,R10;R8;R9
fb14e1b207e0ee66ed2e3179323091a8,3,R3;R5;R6
fb159c22e0b94e4f00fab42d40efb584,3,R10;R8;R9
fb16b22a22ab5aa31e8de22118a8183c,3,R10;R8;R9
fb2b28e4c2d24f22d4f67804eef69ecf,3,R10;R8;R9
fb31baa6cb3084cb283c11ee81c32f22,3,R10;R8;R9
fb4db65bf21dfd88e154ab703136c69b,3,R10;R8;R9
fb511731a1fc742451a090891ebaa0ce,3,R12;R14;R15
fb60c3083ec018a8bc953b6af2d39151,3,R10;R8;R9
fb65f00dc9ea6fe17670ad9564e41db5,3,R10;R8;R9
fb8e11c6b2886b2d41b379e0598669b9,3,R10;R8;R9
fb8f8632ea2bb7e136adee05a286105d,3,R10;R8;R9
fb9212a34ae58d0a54a4880a80da1174,3,R10;R8;R9
fb929e0efd696fe0f54902da5e7ec57a,3,R13;R15;R17
fb986f9e81efde615e0364b35efdb377,3,R10;R8;R9
fba40b4a066903eaccbf80e168617e69,3,R10;R8;R9
fbace720f1e0ffcf06aa08e8b6e8131d,3,R10;R8;R9
fbadbb00720fcc1385e05adaca2502e1,3,R10;R8;R9
fbbc76c4db97f2f7caa7926655f13d32,3,R10;R8;R9
fbc1bf59ac6832df4802bd8a473d26f4,3,R10;R8;R9
fbd4d82ec1018ef94b0b4baf2589a6a2,3,R10;R8;R9
fbd7d287fcf514d7c8c1d8b08eee47c6,3,R10;R8;R9
fbda3ef47493765e3d705185bf5c9538,3,R10;R8;R9
fbe11df20d8794421a72b14fdc3aa593,3,R10;R8;R9
fbfa7706ae60ef2f3f18211269a8d2ac,3,R11;R15;R16
fc206ae1d3ef8a63e90642dba9f75e4a,3,R10;R8;R9
fc217b20fc08dbe61924444274fb1c92,3,R10;R8;R9
fc24ad13f52fb8b4135f5a18a982a1cf,3,R10;R8;R9
fc34c8cc6321cfc97ec35783a5daa937,3,R10;R8;R9
fc40fa29a65f935b15a3763a83d11a15,3,R10;R8;R9
fc4363ebce3a4aaa7c7d8c4796221c16,3,R10;R8;R9
fc47195078badf33f2575c3f0db648ab,3,R10;R8;R9
fc50039c45fdb6c9224bfff5ba4e64b3,3,R10;R8;R9
fc63f0bc1c17a196a1985672fe91d660,3,R10;R17;R8
fc7a5aa2e71f3a9cd2ee1a871303239e,3,R10;R8;R9
fc7daec18e1ea6a01e908775052d3e7b,3,R10;R8;R9
fc89fd328df2a724d19d1cb78fb97f3c,3,R10;R8;R9
fc8c4737d8852af905ef96b5ca0daef9,3,R10;R8;R9
fc9792581d7190c4b20c3e436e2d91bb,3,R13;R14;R5
fc979a294242406c565414d75dd68f9f,3,R10;R8;R9
fcbe95aa17720d5caa68e24f4f664040,3,R10;R8;R9
fce81c9b7b2d0f705e8c3a19d6197784,3,R10;R8;R9
fcf343f7991ed6cddae630502922296e,3,R10;R8;R9
fcf451b16c4dd6fe2f066ad3d471cbdd,3,R10;R8;R9
fd0101d5a41b3c0a8743502692690bdb,3,R1;R5;R7
fd079817727211a09fd6b0415463f23d,3,R11;R13;R16
fd1bd078f5f30ad02ed984c94077bbdb,3,R10;R8;R9
fd23b01b59784498154c9ee6b60dab4a,3,R10;R8;R9
fd277568d5778bed67a80aabd4c2e297,3,R10;R8;R9
fd2892a3069f461f8a47e714b9b7f755,3,R10;R8;R9
fd6d801a9b661fd0abe97e5c37567c2b,3,R10;R8;R9
fd709b976ae14089b17bea48208573d8,3,R10;R8;R9
fd80612e19d0c248b8477125cba4a350,3,R10;R8;R9
fd810298e165ef0b9a88bb25fda7a34b,3,R10;R8;R9
fd984c0e930169a20e6a2d02e1dab204,3,R10;R8;R9
fda13aa356913d7c5530897288978420,3,R10;R8;R9
fda942e02952bbbe30fb7525fdf408ea,3,R10;R8;R9
fdbf6600541e76b3b009a11cae0f91c3,3,R10;R8;R9
fdc0e4eaee26a9dd7bec404df5428612,3,R14;R16;R4
fdcbaf21dccc1202812b5233b960de0b,3,R10;R8;R9
fdcdbc6befee8ab9553039895835bad8,3,R11;R13;R14
fdd323a08a8d9890c938351d465108b6,3,R10;R8;R9
fdd529400be877bedaf4f2df9176cedf,3,R10;R8;R9
fdf40431c67d1e10a8d9ff3c0060b1fa,3,R10;R8;R9
fe48b59fe20a779d3a6a32d7a22e4b8b,3,R13;R14;R17
fe620114981e611e4e92f017dafc254f,3,R10;R8;R9
fe712042bd989a581a931a300fee1203,3,R10;R8;R9
fe8d72ce0411fb11e5b254e149634fad,3,R10;R8;R9
fe90142bc4523ef5e2413ba94415e037,3,R10;R8;R9
fe9ae553a2fa76cba207ebd4b9b0cddb,3,R10;R8;R9
fe9e2c89c75a48f88d5d7274ff939b31,3,R10;R8;R9
feb24760f15f661154ccc371571ceb4b,3,R10;R8;R9
fec797e0e4b2eff050372800790c01e8,3,R10;R8;R9
fee46e386a84e134836e01d0b9a38154,3,R10;R8;R9
fee7f5490aee6eb6626adb30d2509868,3,R10;R8;R9
fef3e36fbec340a6ef785936fb8859c6,3,R10;R8;R9
ff00fd8abeb1fb6646fc3943f802cb8d,3,R10;R8;R9
ff0191df898268978f2c29231450fd66,3,R10;R8;R9
ff0b6f6423f910a910be0c5729424e58,3,R10;R8;R9
ff177d5fef1586b58fc89b1bf9cc5095,3,R10;R5;R7
ff2659c5a80afab12bf10c8644341a2b,3,R10;R8;R9
ff335f1c7745c6184a5732cc5a01092d,3,R10;R8;R9
ff45df5e7c2a2724c532d13eba7cde2f,3,R10;R8;R9
ff4cd09578f32d803e5996a4a2ec29b2,3,R10;R8;R9
ff60d1425ffd67d12aa61e3eb3b45040,3,R10;R8;R9
ff612a13f0bf475515259b986735c4e4,3,R2;R3;R9
ff6b2b10b8f2350ab09d8690c9c83154,3,R10;R8;R9
ff924bcbd38f123aec723aa7040d7e43,3,R10;R8;R9
ffb5d0b005261ed350f7a08c06613a34,3,R10;R8;R9
ffceb71a80efba3b83c88e11f4b9694b,3,R11;R13;R14
ffe6f9fe648a7ec29a50feb92d6c15a4,3,R10;R8;R9
ffeffc54594debf3716d6fcd2402a99f,3,R10;R8;R9
