image_id,split,file_name,zero_gt,annotation_count,class_count
1,train,train/0005e8e3701dfb1dd93d53e2ff537b6e.jpg,0,5,4
2,test,train/0007d316f756b3fa0baea2ff514ce945.jpg,0,11,5
3,val,train/000d68e42b71d3eac10ccc077aba07c1.jpg,0,16,5
4,train,train/00150343289f317a0ad5629d5b7d9ef9.jpg,0,17,7
5,train,train/001d127bad87592efe45a5c7678f8b8d.jpg,0,6,2
6,val,train/00291f7aff0123ea76a59998effef229.jpg,1,0,0
7,train,train/0046f681f078851293c4e710c4466058.jpg,0,11,4
8,train,train/004d2bc2111d639f5e8441ced52d55cb.jpg,1,0,0
9,train,train/0061cf6d35e253b6e7f03940592cc35e.jpg,0,7,4
10,val,train/00675cd546313f912cadd4ad54415d69.jpg,0,6,2
11,train,train/008b3176a7248a0a189b5731ac8d2e95.jpg,0,12,4
12,train,train/009d4c31ebf87e51c5c8c160a4bd8006.jpg,0,9,5
13,train,train/009d837e29ba400e03856cf8d6a5b545.jpg,0,5,2
14,test,train/00a9f697d85a506d5b281f588addce4e.jpg,1,0,0
15,train,train/00aca42a24e4ea6066cca2546150c36e.jpg,0,9,5
16,train,train/00bcb82818ea83d6a86df241762cd7d0.jpg,0,5,5
17,train,train/00e25f831ccd21bd41b558cfccbf1be7.jpg,1,0,0
18,train,train/00f2f97f74e086e1f82acc285ee4a5c5.jpg,0,8,5
19,val,train/010018c93ed33ae56ed048ee54867e46.jpg,0,18,5
20,train,train/0108949daa13dc94634a7d650a05c0bb.jpg,0,6,2
21,train,train/010a3dbb67bc37800a041866844861b1.jpg,0,8,4
22,test,train/011244ab511b20130d846f5f8f0c3866.jpg,0,3,1
23,val,train/0114c5cd093c742334d5a5fa14140421.jpg,0,9,5
24,train,train/011ae9520e81f1efe71c9d954ec07d09.jpg,0,18,8
25,train,train/013893a5fa90241c65c3efcdbdd2cec1.jpg,0,8,5
26,train,train/014e3dd712dc90f61da7ce8747d8c4c0.jpg,0,3,2
27,train,train/01546d3e6175ceaabd7d92f0c566579d.jpg,0,6,4
28,train,train/01570ee44031e4ebab6031501293bf66.jpg,0,7,5
29,train,train/015d74d7d2667a9b93b8909283af38c8.jpg,1,0,0
30,train,train/015e332b702e4829710941ab7265bd1d.jpg,0,5,2
31,train,train/0162dad8330007f8f0daf43bcf4033f1.jpg,0,7,4
32,train,train/0187da5fd71c7a2917346bf12a67bbe4.jpg,0,3,1
33,train,train/01892129d76aaa1f59d4b22df8a14c0b.jpg,1,0,0
34,train,train/018a2fe44c3451281ec338c27ecc9c53.jpg,0,15,6
35,test,train/018b348fd699821cdbc5bdc0b329982c.jpg,0,5,4
36,train,train/018ef9c5d5b20c5161a5c48703171c3b.jpg,0,3,2
37,train,train/01a3c3d994d85ce5634d2d13c03fd4b0.jpg,0,14,5
38,train,train/01afcfaabc406f0fe1797cb7fa6616c6.jpg,0,6,2
39,test,train/01b0510a8d3b0860429536653db5eb21.jpg,0,8,5
40,val,train/01c2b9fcb0384c84648ed76c736552a8.jpg,0,7,3
41,val,train/01cbbeab94b4d2bfd5cd8a467fee46a7.jpg,0,9,4
42,train,train/01d6446afde9fbf4332904bc331e9660.jpg,0,6,4
43,train,train/01ee6e560f083255a630c41bba779405.jpg,0,12,6
44,train,train/01f88c998eea22d21ee144bc3edfd261.jpg,0,3,1
45,train,train/01fec681f2d698497151a88d6c5205a1.jpg,0,7,3
46,train,train/020717d6ab0b440b37978d9bace9f9b2.jpg,0,10,5
47,train,train/0211f9fe31142ba1e25fb6a2ea3fea38.jpg,0,8,4
48,train,train/021ed4f8af985c0fc68335abb2cf2ed7.jpg,0,3,1
49,val,train/02222df826791117f315ecb2b58c5b69.jpg,0,3,1
50,test,train/023a8b8557d1fd59f272c63be6f3d4c0.jpg,0,10,4
51,train,train/024f9140bd829c346fc91fcf4009d251.jpg,0,23,3
52,train,train/025534801b62d61f1c1c9e571ea74695.jpg,0,5,2
53,train,train/02562eb68a9c682f5f644fa7a099733f.jpg,0,18,4
54,val,train/02617da0a33fe0446a508186417c2646.jpg,0,12,4
55,val,train/027c56d37095bcc595ddd429f96902ae.jpg,0,9,4
56,test,train/028fcc44d3104099480e897541a1ecc3.jpg,0,9,5
57,train,train/02957c14fee52ac6d0617e6d86275a25.jpg,0,5,2
58,train,train/02a4774868d677ef8ecff2168c0161c0.jpg,0,14,7
59,train,train/02acf0e7d0932f9c6a06fd4bbe1f5d90.jpg,0,7,3
60,train,train/02cbfa27d9e4b1d8c279932cd82e0730.jpg,1,0,0
61,test,train/02cd1d17763c869ff3d4af5e28539456.jpg,0,12,4
62,train,train/02d9d0c89022adc381c23e72add7c389.jpg,0,7,4
63,train,train/02de1ec3340e75fd5e7294a84a0342a1.jpg,0,6,2
64,train,train/02efc4e2e6e71e024fbfecb404a008a4.jpg,0,6,2
65,val,train/02fe3eea41166a1d3eb75307a12c4a63.jpg,0,9,3
66,train,train/032111ac5bb2e0cbb9a22745a77eef8f.jpg,1,0,0
67,test,train/0339aac16e3dd93ee397315a224147a6.jpg,0,3,1
68,train,train/033dae57cec0aca171d47090f299bed2.jpg,0,7,3
69,train,train/033e1637bed9b9f3dccac9c6c419adc2.jpg,0,9,4
70,train,train/03431b577d1ccf075e930c4c4913c079.jpg,0,5,2
71,train,train/034cf2b503a9a7efe404f000fb988534.jpg,0,19,8
72,train,train/035480fbf46e946e21e7dce78637c329.jpg,0,8,5
73,val,train/035b53e8aabf8763537a296c291135d1.jpg,0,3,2
74,train,train/036161ca6aa4daa43cc3bc55602e8960.jpg,1,0,0
75,train,train/036b9096b099f0f6c5611da078f73e43.jpg,0,5,2
76,train,train/03810755ae5721d65884360e3bccbf9b.jpg,0,6,2
77,train,train/038a7c88fcd819549f430c1fd907658c.jpg,0,5,2
78,val,train/038fc325ff4aa0a21c76d5dd7c740c89.jpg,0,15,6
79,train,train/0391d2388a2442f14d055d5089a747c6.jpg,0,5,2
80,train,train/039c6997248b3a6ba3c909af35fce0eb.jpg,0,5,3
81,train,train/03a6078c0c12fb076b50ae017e590e19.jpg,0,10,5
82,test,train/03cd593a310656563a5aa3886ff30380.jpg,0,9,4
83,train,train/03dd99aa091caee7b0ce8efdf7f274d5.jpg,0,6,2
84,test,train/03e6ecfa6f6fb33dfeac6ca4f9b459c9.jpg,0,57,2
85,train,train/03f0bf0a7403c050a7ce574f98fd8ab6.jpg,0,7,3
86,train,train/04031e57794b9e8861e3c65e935f11d2.jpg,0,3,1
87,train,train/041081d11262c5f150e655f5e5ff0a2c.jpg,0,3,1
88,test,train/041664dfb960a15686d7e9c4c7b4fd73.jpg,1,0,0
89,train,train/041762ff7fe435f22ea7541e77bfeafa.jpg,0,8,5
90,val,train/0424e80c4f0cae6ea9e65efeed75d5d0.jpg,1,0,0
91,train,train/044c53b3fd48fc029318fbcee70ae0d1.jpg,0,8,3
92,train,train/0452d38f45e4e79f91821e88bb812608.jpg,0,6,2
93,train,train/0453de2faeb8d349af739a68d9dee1cb.jpg,0,6,5
94,train,train/0464251a01ee7eeedd2a537dafc82844.jpg,0,3,1
95,val,train/046ad82db74a4155eaff3586b0d1e068.jpg,0,17,8
96,train,train/047182a6e86808669f896307dcd550c7.jpg,0,4,2
97,train,train/0491b08361fdfb9359cad9d6a078f275.jpg,0,5,2
98,train,train/04923676c5e29c25966fbd07fa12e2e8.jpg,0,6,3
99,train,train/04994993c9e416f32ce24c7e7501d3be.jpg,0,6,2
100,train,train/04aed38b30c4de9461c8a9940e99d811.jpg,0,8,4
101,train,train/04bb8bd7ee6f88a16623fe5c6dd4da91.jpg,0,9,3
102,train,train/04d1f1f8f52b15520f5895be87884fbd.jpg,0,5,2
103,train,train/04d3efc7a608c4d58edb8c1b7f90a708.jpg,0,8,5
104,val,train/04d462de5e02b54e3756875caebda95c.jpg,0,3,1
105,test,train/04e78baf5f049a01b6b4f9a14f0b7c78.jpg,1,0,0
106,train,train/04fbba5834f2abd713e66b3d0e6a678e.jpg,0,8,3
107,train,train/0501d62912b9a6ff04eae4ffc56affc2.jpg,0,9,3
108,test,train/0508d7ea85ba9be425657cc04c24a4f8.jpg,0,4,2
109,train,train/051132a778e61a86eb147c7c6f564dfe.jpg,0,7,3
110,train,train/05154c0bdf203a2bd583d95532d0297d.jpg,0,5,2
111,train,train/051c2436c0acdb5e09d085c7e4a764f3.jpg,0,8,3
112,train,train/051d112b55e4c9f9dfa53307cc2ffb62.jpg,0,8,4
113,train,train/052cf8f6cb59da96df7386adf8d5f6a0.jpg,0,3,2
114,train,train/053700069ddf3c4f1f6c477a48337836.jpg,0,6,1
115,val,train/053cf0f0a75926ebd53f0265bad6aee4.jpg,0,14,7
116,val,train/055ea315ae13148aae178aed27fa980d.jpg,0,3,2
117,train,train/05721adb43ab7c061733568b274c006b.jpg,0,9,3
118,train,train/059412ad34b2c48179f178e3138b5022.jpg,0,5,2
119,val,train/059ec0fc0d6840cff6e268e46f85faa0.jpg,0,17,5
120,train,train/05c0c802db4f100de8e2a9fa4aa62d14.jpg,0,10,5
121,train,train/05d45c0a96b2c363f8b9a34a1f181c58.jpg,0,5,3
122,train,train/05d676834dbed1639cb5eea70c1e307b.jpg,0,9,6
123,train,train/05dfd35f424da60897dfafc2340e0891.jpg,0,9,7
124,train,train/05e0b2465053b685ca37849eac3dd62f.jpg,0,21,6
125,train,train/05e64c5b1e5f246ae6e8bc109e557bf4.jpg,0,6,2
126,val,train/05f202ee95a17a4b1e6dbe1916ffe8bf.jpg,0,5,3
127,val,train/05f4911da872a51502a16e8807ee673f.jpg,0,5,2
128,val,train/06014542a807dabcf30867a2414b5e83.jpg,0,5,1
129,train,train/0608fb82e9965a0a6f3607f93e304d2a.jpg,0,9,4
130,test,train/061fa33f6ba0028fbbad8caaeac8d145.jpg,0,16,9
131,val,train/0622cd29e4e0e4f198abf15614819ae8.jpg,0,6,2
132,train,train/063319de25ce7edb9b1c6b8881290140.jpg,1,0,0
133,train,train/064023f1ff95962a1eee46b9f05f7309.jpg,0,19,5
134,val,train/0686521b0b8cf9426f253601b805fb52.jpg,0,4,2
135,val,train/0690821a2e255ce175bfa7f36e308f63.jpg,0,3,2
136,train,train/0697473448bb5e83ac926fe92271e7d8.jpg,0,6,3
137,test,train/06b04918044786c36584a86273d72747.jpg,0,5,4
138,val,train/06b2ff94bd0270f543deb7074c2a006a.jpg,0,6,3
139,train,train/06dfb2b996464c7b0e4c5177d433edbe.jpg,0,9,2
140,train,train/06e523e21ac668629092e85928b176a3.jpg,0,6,5
141,test,train/06efcd37617307118fd48b3a493c133b.jpg,0,3,2
142,train,train/06f3c1a8441d61da08aac07558ab5f05.jpg,0,8,4
143,train,train/070d087c1badb18ee110e19cbe158a40.jpg,0,8,4
144,train,train/070d372757bfbb0cee7d68fd50369fc4.jpg,0,6,2
145,train,train/0710fe2b90ee68e54b84e795abb018df.jpg,0,4,3
146,train,train/0712b4f7b21e2a06eacece3cf35e3059.jpg,0,8,2
147,test,train/071ff9c782ead87dfa9b1c025c25e769.jpg,0,8,6
148,test,train/074db6a4ab3aebd54fa0f628eb0e9b0e.jpg,0,8,4
149,test,train/0760a14308badcbd370c6866c9db3a0a.jpg,0,8,3
150,train,train/0777120fdd60f6a3cf8eaf3b8cf3585a.jpg,0,6,2
151,train,train/077c76dffde69c0b90c28d78ef2ac31e.jpg,0,6,4
152,train,train/0797fa5e2725c9b801e6d01cfa9a09da.jpg,0,6,2
153,train,train/07ab6d47d868962851d22d4d1249593d.jpg,0,4,2
154,test,train/07ac9545dcc585901865f7f958a7857d.jpg,0,7,3
155,train,train/07bedc010fd13a8e5903473ebcf39cd1.jpg,0,9,2
156,test,train/07c12d0f562f17579aabc18c11e2ad54.jpg,0,7,5
157,train,train/07d004fabfd7246f9ed4283dd5237deb.jpg,0,7,5
158,train,train/07d82e7e5749cbc21633134f489a7fbf.jpg,0,9,5
159,test,train/07db76e6cc063ce8bb90de18216e8ccf.jpg,0,3,1
160,train,train/07e5378ad3928091c08dded1f6b5353d.jpg,1,0,0
161,train,train/081d1700020b6bf0099f1e4d8aeec0f3.jpg,0,9,6
162,test,train/083a89dfc9a74a3f809035f886634ee2.jpg,0,9,4
163,train,train/0844f274f2a388e70231d3133754ac35.jpg,0,7,2
164,train,train/0853ab3a3dbadae1e6f28b933ddff809.jpg,0,11,3
165,train,train/08726b7ba2f04a33ff1b878b75498776.jpg,0,4,2
166,val,train/088006f2453c4183b1ef46fb607bc31c.jpg,0,4,2
167,train,train/088d83359d1a00ba24251220ace42edc.jpg,0,6,4
168,test,train/089a1c26766c10e2d8c4cdb86ed769dc.jpg,1,0,0
169,train,train/08ce56202e44175674fc5f5517e74db4.jpg,0,16,8
170,train,train/08e3d3783927a15d35137c756c1a7e0b.jpg,0,5,3
171,train,train/0905c0dc82fb8fe621c43f53719a55ca.jpg,0,6,2
172,test,train/0906a09b04f8d82c2cad5b820602a403.jpg,0,8,4
173,train,train/090b30ca55ab2a592cd3b24c9407a2bf.jpg,0,7,3
174,train,train/09175449df9374e0f6afe517f7b6249f.jpg,0,5,4
175,train,train/091ce012ed7cb036288d2abdb32504c2.jpg,0,16,6
176,train,train/09376dd7b6deaec0aaf1a2feb7833245.jpg,0,7,4
177,train,train/095c13d937c0dd9f547035344ba6c6c4.jpg,0,4,2
178,train,train/096688dacee6b1a1a5660ad15024a6f9.jpg,0,5,3
179,train,train/09790cae0f405ce0fe4b003dadfc18c7.jpg,0,5,2
180,train,train/097c63f9c6d46cfe5bd4937f277fbdbd.jpg,0,11,5
181,train,train/098d7923f09b8f6f163143ad97dacc12.jpg,0,5,2
182,test,train/09afc85ef67340016e0c8a1c70163769.jpg,0,3,1
183,val,train/09b85abab0d2b7f151815538100717b2.jpg,0,9,3
184,train,train/09b9674023305cb9a0acb367600efffa.jpg,0,8,5
185,train,train/09c9887c189f99704b452f193a40eaf7.jpg,0,4,2
186,train,train/09d6b99ffec66ae485de851924187bfe.jpg,0,8,4
187,val,train/09df460412ce705d0f634436f518f46d.jpg,0,7,4
188,val,train/09ebaedff630f8fa4d5d752f0beb34f2.jpg,1,0,0
189,train,train/09ee91a2120006e587d2e63c7bf0230f.jpg,0,5,2
190,val,train/09f0b00bd079304f72c079d369925aee.jpg,0,13,6
191,val,train/09f9a62fceffacc4d062a7fe24a626b8.jpg,0,26,6
192,train,train/09fca09845746d28dcda4981a8632bd7.jpg,0,3,1
193,train,train/0a072917005494298d153c01bbd8f689.jpg,0,10,7
194,test,train/0a0ac65c40a9ac441651e4bfbde03c4e.jpg,0,3,1
195,train,train/0a114862f10f4021fa7fd916b93aea94.jpg,0,4,2
196,train,train/0a14aeaf02d42990d8bb5d55270b7274.jpg,0,13,5
197,train,train/0a16dc6491142ff8c7c36f3b3f4ebd02.jpg,0,6,2
198,test,train/0a1aef5326b7b24378c6692f7a454e52.jpg,0,3,1
199,train,train/0a2d01ecb9e01cf972c1e1d31ccacb98.jpg,0,4,2
200,train,train/0a411e44ec67f3d5d80a5b3d5a3edca3.jpg,0,10,4
201,test,train/0a425edf1164ad0a73e8b092c4cc8b3b.jpg,0,22,6
202,test,train/0a475ad0b37bba0c638bbbe2ee5d355d.jpg,1,0,0
203,val,train/0a4fbc9ade84a7abd1680eb8ba031a9d.jpg,0,13,4
204,train,train/0a50d4ee79163edbf6f2d5c3082c2f51.jpg,0,6,2
205,train,train/0a61578e3d77b1cebc86d13a41efa31b.jpg,0,6,3
206,train,train/0a678538e529b9f1089c47bb2ffcda9b.jpg,0,6,2
207,train,train/0a695a94168b32705b91779586c6b2e7.jpg,1,0,0
208,train,train/0a9909b1cd924cd593151ba2d3d3dd55.jpg,0,6,3
209,train,train/0aa05f2d84af7e6e733730afa17eac2d.jpg,0,3,1
210,test,train/0aad4ac2ea24742e3f9de3d29fae6d95.jpg,0,8,3
211,train,train/0abd4fc2425edd5c2efb2c149e9319c6.jpg,0,15,5
212,train,train/0ac383fcdc6f1957b3ecceaf0acec909.jpg,0,13,4
213,val,train/0ad98c531de3616cc63a92d6cf871494.jpg,1,0,0
214,train,train/0b0e106a53f9dc3b28a9b15f94510b7a.jpg,0,27,8
215,train,train/0b1b897b1e1e170f1b5fd7aeff553afa.jpg,0,9,4
216,val,train/0b22826cc68b8d3177c5be2f4e1ae720.jpg,0,5,2
217,val,train/0b36cce0b170c34b8c11fd15b42324b2.jpg,1,0,0
218,train,train/0b3f09a003f9cbc1e8c54f230be2ba2d.jpg,0,4,2
219,train,train/0b4c3cb187f7582fa482b8f0fded6bd7.jpg,0,10,5
220,train,train/0b5213c456c26b48ca011b9865c4e6ce.jpg,0,9,5
221,train,train/0b6006be69ea1764f9bf80e5091b1e8e.jpg,0,6,3
222,train,train/0b62bc6644be72ce4dfa5ea77a77f311.jpg,0,9,3
223,train,train/0b630100496870b457008b0f7dae1ea5.jpg,0,4,2
224,train,train/0b7995c5e532803dc1bd077eaa4d2a01.jpg,0,7,3
225,train,train/0b98b21145a9425bf3eeea4b0de425e7.jpg,0,14,6
226,train,train/0bb76fb5f7cfb1dd4c3760f7481a1d05.jpg,0,3,1
227,train,train/0bdf902cc4ac4ad2c49059960f572ab2.jpg,0,3,2
228,train,train/0be2bdac4e84982ad1b24830d2cce470.jpg,0,6,3
229,train,train/0be45114544283beb4f6d371f946e889.jpg,0,8,5
230,train,train/0bed7f179df709d35aef763544ebfebf.jpg,0,6,1
231,train,train/0bee0cde729de2d82b39527c37f11934.jpg,0,8,4
232,test,train/0bef06d948ac1fe20ade505ba9960885.jpg,0,7,5
233,val,train/0bffe44ef7636e7b4a7b9fd883e8e6ea.jpg,0,4,2
234,train,train/0c0e47b7e0ebd10209a81d01e3c889a6.jpg,0,3,1
235,test,train/0c11bc2eb3de5bd737ae186aea0d0306.jpg,0,5,2
236,train,train/0c2079e62ddfb06a8a5300cefaa3a970.jpg,0,13,6
237,train,train/0c25b330d5b20498108b343c644f2a1c.jpg,0,6,2
238,train,train/0c31081e8ada2990bcbef0f12ea60b07.jpg,0,15,6
239,train,train/0c4a6bc602d1d207f217212c68a7131b.jpg,1,0,0
240,train,train/0c577dc6594dab44ebbd6964de673eaa.jpg,0,11,6
241,train,train/0c5ef740a9befbf439439f0b8e652a0c.jpg,0,3,1
242,train,train/0c5ff01c7bfb4362fcd98f36e555b08c.jpg,0,17,7
243,train,train/0c684171749ce2c0c601b9d69b882edb.jpg,0,7,3
244,train,train/0c6a7e3c733bd4f4d89443ca16615fc6.jpg,0,28,10
245,val,train/0c76c19b3f015e0387dd2adcbef86182.jpg,0,8,5
246,train,train/0c7a38f293d5f5e4846aa4ca6db4daf1.jpg,0,5,3
247,train,train/0c7d2e66dd63fca8b98c38146ba96f6c.jpg,0,4,2
248,train,train/0c8447ce02d73c505a90a9c7af8c83ce.jpg,0,9,3
249,train,train/0ca39409412cb8e473da701a1418e4dc.jpg,0,6,2
250,train,train/0ca7c951e2298b9aad37ae0deb4d2a92.jpg,0,7,3
251,test,train/0cb91b8fe14a6d51725371b1956750a0.jpg,0,6,4
252,train,train/0cd291c189895fbdcc14f4d36e1abc81.jpg,1,0,0
253,train,train/0ce7d050a48ce1462cabcd2310e9fb1e.jpg,0,3,1
254,val,train/0cf83a19a8281e4a281dece9854008ac.jpg,0,5,3
255,train,train/0cf8dd905fb4f2f876eb241bf67add40.jpg,1,0,0
256,val,train/0cfae3f740f87ca3b96dec765d06fad0.jpg,0,5,2
257,train,train/0d03df2e9ed557d0c9edcec777056c1f.jpg,0,28,5
258,train,train/0d0a7a1b8c1495d66ac9c427a36d9f6f.jpg,0,7,3
259,test,train/0d0e4dbe84356f8ec4a4ff7616b4850f.jpg,1,0,0
260,train,train/0d266f5353352d86d3c092da96dc67f5.jpg,0,6,3
261,train,train/0d26f6ebf87258f502f8fba529fe3079.jpg,0,4,2
262,train,train/0d30dc1e0070e7a934f39452e3ad3b83.jpg,0,17,5
263,train,train/0d3b1464574b7db3d664dc0aa0b66549.jpg,0,5,4
264,train,train/0d5597f8b17330d498fc5e13893e3081.jpg,0,10,3
265,train,train/0d6231a3ed3eefc3ba60353b9ad00816.jpg,0,11,7
266,test,train/0d94045f9e16f077bc6bbdea9f6c561b.jpg,0,4,2
267,train,train/0d96a4bffbd85c60c4eec095f4c6d34b.jpg,0,4,2
268,train,train/0da97c2c8c5192e678faf9290f25d5c0.jpg,0,6,2
269,train,train/0dbdb924a9140849abd4ff650c5356da.jpg,0,7,4
270,test,train/0dc30d30a14a6a68c9bec20ee32331c2.jpg,0,6,2
271,train,train/0dc7b1615100b4f5d3ae294bae0d5d43.jpg,0,3,2
272,train,train/0df187b5072103a0919c1a34be03e7ed.jpg,0,13,6
273,val,train/0e093fa90e5be5666cd396d722cc84ac.jpg,0,7,3
274,train,train/0e1cfc5b78d1a67bd41974ea2be8bc4c.jpg,0,5,2
275,train,train/0e21abbef40e569be72ab0ad90544f87.jpg,0,6,2
276,test,train/0e5734a5483002be04b734d7c88058be.jpg,0,4,2
277,train,train/0e6af94d17007c94d858b3bb7adb7dac.jpg,0,13,5
278,train,train/0e6da52d629393b3bcf24d8e99c1ea3f.jpg,0,10,4
279,train,train/0e8291c45a5ef61d2d9ecfcf3224899d.jpg,0,5,2
280,train,train/0e87195ff59d4294d61b8bffddb3c03c.jpg,0,4,3
281,train,train/0e88612bd294e249382b9e64d222cdf4.jpg,0,12,5
282,val,train/0e8b19dc3af06aaed4718cd664a896bf.jpg,0,4,2
283,val,train/0e8d3736396b615c0798033f37e4a481.jpg,0,17,8
284,train,train/0e91263f0b1925ff01d5ebde3ce65e1a.jpg,0,6,2
285,val,train/0ea0bf774e0436aec7d1a1e62074c9cd.jpg,0,6,2
286,train,train/0ea4221d568ab487af7c433a3df6307e.jpg,0,7,3
287,train,train/0eac4cf8618d5e582c336217d0291f25.jpg,0,9,4
288,train,train/0ec4947d689af2a94cc913b312368279.jpg,1,0,0
289,test,train/0ecc5a44cb8163dedbdf8d9049e92344.jpg,0,7,2
290,train,train/0ed4c066492aaa2e6f1772b84417e20f.jpg,0,10,2
291,train,train/0ee6114a53757f4531d42e8b19b4751c.jpg,0,6,2
292,train,train/0f186e3eba8d9ebd51feed957204ddbf.jpg,0,15,8
293,test,train/0f1eba57237922d0f9ec0dee62793435.jpg,0,6,2
294,train,train/0f26e889539ff64afd23927ee40436b8.jpg,0,3,1
295,train,train/0f27846dfa86e51c27db5fe4ea5a52ad.jpg,0,3,1
296,train,train/0f389422bffe0f96dc3da175550e0c5b.jpg,0,6,4
297,train,train/0f45742c4d100eeee221f8853d79c9d4.jpg,0,4,3
298,train,train/0f4fd2b86df83111f83444ee90edbea1.jpg,0,5,2
299,train,train/0f5f23a027345ba0f0a63f1eca460b0c.jpg,0,6,2
300,train,train/0f76d35a022a7188cad9a83e283fdc8f.jpg,0,4,2
301,train,train/0f81902a673f0d826b55ea9dc9da297b.jpg,0,3,1
302,train,train/0f8a78e1090c840b4455772fe92d7586.jpg,1,0,0
303,test,train/0fafbbfb67745f8c29351f9f7263b82f.jpg,0,9,5
304,val,train/0fb6d9a425117670ba7c249b35523434.jpg,1,0,0
305,train,train/0fca086ebe001f784d428aa9973ba691.jpg,0,9,4
306,train,train/0fd981034f74251d4a5d72891940d585.jpg,0,7,3
307,test,train/0ffa24230f7064bcdb313507dce02ae3.jpg,0,7,4
308,train,train/101d984c4172312c93efdd42e37e203b.jpg,1,0,0
309,train,train/101f2420808891cab10b4b2f0c1d2875.jpg,1,0,0
310,train,train/103fb193578933a2d53ae31ff0fc3319.jpg,0,4,2
311,val,train/104b915269077619e2b3bbf641506327.jpg,0,7,4
312,train,train/105c3102661ee24684dc180a32dc7119.jpg,0,5,1
313,train,train/1060e455b64eea9e29ca4a3e05b47557.jpg,0,4,2
314,train,train/1066a058b5bae597f2dbb33780c2577d.jpg,0,19,5
315,train,train/106a3da41d2e3d9f508c09b28e8abdaf.jpg,0,3,3
316,train,train/1070b419b62a9b7b1a8e71cd9504ffb8.jpg,0,5,4
317,test,train/1071b3b85121012c5061894bf3b8704b.jpg,0,6,2
318,val,train/107d7671377160a4a5d708849ed5d331.jpg,1,0,0
319,train,train/1085585ceaf60941fd14db7ad3bb2f49.jpg,0,6,2
320,test,train/10ab7eaa1ef08dea7a899cc893564838.jpg,0,5,2
321,train,train/10e7dac260f11046164aa94f2d8add9f.jpg,0,5,3
322,train,train/10e8248185760938d4cae1f0462af88a.jpg,0,8,4
323,train,train/10f28558b1667b3d30d9e4c44f7a5bc6.jpg,0,6,3
324,train,train/110cd42557499b2bcfe84732b281172c.jpg,0,6,3
325,train,train/1125f1da5766f0392d45630133c7bed6.jpg,0,6,4
326,train,train/112cf0367dd8b6aa14b4e384439d9eb7.jpg,0,8,3
327,test,train/112db7d495906f3358852756a87a4bbf.jpg,1,0,0
328,train,train/113274a4ca3c2e72b7ff1bd3ce5006b6.jpg,0,7,3
329,train,train/1133414000e82176ab7852aeacc762eb.jpg,0,5,3
330,val,train/1138649f25528f0ab76c93ac60279ca3.jpg,0,5,2
331,train,train/1146548e94da58c6989a1a6408dfc886.jpg,0,4,2
332,test,train/1148a27d6ea1ec7669de022fe2480890.jpg,0,7,4
333,train,train/11570cdc6847610ab7ff58a076dad709.jpg,0,3,1
334,train,train/116c19c289e285a60ab20cf72090c9fa.jpg,0,8,3
335,train,train/11750f2005f2f50d592c5c5cc145fdfe.jpg,0,6,3
336,train,train/117c218c2534e3d40a6ca0b3d724eb24.jpg,0,7,3
337,train,train/119bc2dba30b0ba7995e189504126ed1.jpg,0,5,3
338,val,train/11b3a0fe7f25bbe7643c60bcb14c35f5.jpg,0,22,3
339,val,train/11b47878746ba8728eda0f9eed048639.jpg,1,0,0
340,train,train/11cfa1a5b04bd1eaa319d08cdb308bb9.jpg,1,0,0
341,train,train/11d5cd186965cfe8e615157e492e34bb.jpg,0,4,1
342,test,train/11dbd33fc77075c94a202362ed8e197e.jpg,0,13,8
343,train,train/11e41fba7056177c8654b7b7408a4ed3.jpg,0,4,2
344,train,train/1224f07d895107573588225f692e94f9.jpg,0,3,1
345,train,train/12268c1ea761140eafee75acabc44fb0.jpg,0,6,2
346,train,train/12399d5b08e5342ade37a56b9c9e5ac5.jpg,0,5,2
347,val,train/1245f853816564c0ee3f1b9e93521ff0.jpg,0,13,6
348,train,train/124ec853c372fcf7f4428b26b32be62f.jpg,0,3,1
349,train,train/1250c704cc9307bf84b43f1aca4d997b.jpg,0,4,2
350,train,train/1254518b2893f58324e93f375cffbd6c.jpg,0,10,5
351,train,train/1259ee6feb64a552e3521ddcb395888c.jpg,0,10,2
352,train,train/126ae7336c7776a82bf3c15c0c6751c0.jpg,0,7,3
353,test,train/12735a3e6ae44fe59babe2a618dbc450.jpg,1,0,0
354,train,train/127f66766091998a72268caf4ec34bef.jpg,0,14,4
355,train,train/1280dc55c1ff852024be232c2942e3fd.jpg,0,10,4
356,train,train/1283d5ba97663aef3b97ee4f1884e9f9.jpg,0,5,3
357,train,train/128f55a981d4192a2990946431a7469b.jpg,0,12,3
358,train,train/1296335140a042ff0270825cdae2fa09.jpg,0,18,6
359,train,train/129a1e7753432edd052a2cdbfbaee00e.jpg,0,11,6
360,val,train/12bd4c85000b33c532fb9d57b5f2a08e.jpg,0,6,4
361,train,train/12ccbda1f9c224e5d5496cd7fe3d26d7.jpg,0,6,3
362,train,train/12d8de45e35e8b8c896109bfb46f8a82.jpg,0,6,2
363,val,train/12e0e910766f2d1b1ccda7c32051643f.jpg,0,6,4
364,train,train/12eb6f4552609edfddfc69189e7c891e.jpg,0,6,2
365,train,train/12ede510c82b53705e33fa758ff03131.jpg,0,11,7
366,train,train/1302aab3d9d19f6bcb9db728e3ce6306.jpg,0,6,3
367,train,train/13088cbf40717bace59ef0961554c08f.jpg,0,13,4
368,train,train/13183cb48b0aae02e88c3f45547d393a.jpg,1,0,0
369,train,train/131adb006bb6b9dcc365b3e645f8a47e.jpg,0,11,3
370,test,train/133a63179438173357f3c4a705c59c06.jpg,0,6,2
371,train,train/133e82d124d799fedca8146107d2c5e7.jpg,0,4,2
372,train,train/133ed9054828b0e75987e00217aef89d.jpg,0,4,2
373,train,train/134cd4124bd1d75563cb47732742e331.jpg,0,9,3
374,train,train/135101b508a998968ea963ebacd63ecb.jpg,0,7,2
375,train,train/1374c483d258203eadf6c6a525899d51.jpg,0,19,3
376,val,train/13776ecb39222a7aaace2d9721abebbe.jpg,0,7,4
377,train,train/13ceff5f3d113919c224c8b42d3c2411.jpg,0,9,5
378,train,train/13dbf07cb1c5273a89053346f7acf0f1.jpg,0,7,3
379,train,train/13df80547c48fd7d14d22e9322f4a17d.jpg,0,5,3
380,train,train/144b76b191aa1e02065903ee1cc3d578.jpg,0,19,5
381,train,train/144d37bbd2dea37c4b1286207f4ba909.jpg,0,5,3
382,train,train/144e272e04daf6ac8d36548ea766da37.jpg,1,0,0
383,train,train/145177b578f321dbf3016984059384d7.jpg,0,5,2
384,train,train/1451cd2c3fcfc23f5ae219814bb27e77.jpg,0,7,3
385,val,train/145691883baff4df3e4863ca6354c44e.jpg,0,17,7
386,train,train/145bbf5912e81c52ceac691693dfc716.jpg,0,8,2
387,train,train/14600a97b1c302343b1b5850ed53ae13.jpg,0,16,6
388,train,train/14629917f69e21145d1e662ef6c0dc2e.jpg,0,3,1
389,val,train/146584f4913fd351785bf9159fd17617.jpg,0,8,5
390,val,train/14742737297b34ac440a0338877663ac.jpg,0,8,5
391,test,train/14783d2f57f9c689d827892bbe112cb8.jpg,1,0,0
392,val,train/14877acfaf8e3b25d9f089e15887c20d.jpg,1,0,0
393,train,train/14a097373f1e4e57878c3929fd2f3b4e.jpg,0,12,5
394,train,train/14c5c3e0782fd77750815c5d2b565e72.jpg,0,8,4
395,train,train/14f8770d112738119f0f31ee75e8fc41.jpg,0,8,5
396,test,train/14fbd0bf63f33188f29e54275fb7cafb.jpg,0,7,5
397,train,train/14fcb6bd9c455b96a9c5f1a7b1229001.jpg,0,5,2
398,train,train/150cfe73d6dd162e02e1bc799a9d71e0.jpg,0,8,2
399,val,train/150d9b226334d9f3471d088307cdc5fd.jpg,0,7,3
400,test,train/1516651227a420f879b4cea1500ee7db.jpg,0,6,2
401,train,train/151893dad65d5077f5a377fc9d0e6881.jpg,0,19,6
402,train,train/151a8ce59aa6e414ee8a9c9d711cee61.jpg,0,9,6
403,train,train/151aade5871241a6deb39da83b9d2c47.jpg,0,6,3
404,train,train/152cc961492edc9e778b6c337f971258.jpg,0,7,3
405,train,train/153da4dfa81a43cdf1176f7859a567e5.jpg,0,5,2
406,train,train/153fd46b282d26c98f85a5886214535e.jpg,0,6,2
407,train,train/1547a22e323240aa623eaa8dcf86d126.jpg,0,3,1
408,test,train/156620bd19b7dee86079be71d26bd87e.jpg,0,4,2
409,train,train/157f5f6e3b028ef503ff946b28afaa92.jpg,0,3,1
410,train,train/159c46115f7d74337f83074f1b99114d.jpg,0,8,3
411,train,train/15a12089e9c773cb200ee8959740e1b3.jpg,0,19,7
412,train,train/15a71d5f1e9a0221e14cde0e0d1a2ccd.jpg,0,5,2
413,train,train/15acee7728e6530dfa2bd01521c7148d.jpg,0,8,5
414,train,train/15b164c54f0bf0baac308b47a45a1468.jpg,0,14,7
415,train,train/15c3fc505c414c69ba757cb3be3ed213.jpg,0,24,5
416,train,train/15edc6ae9aebe34220472aa7fcf34b08.jpg,0,4,3
417,train,train/15f016248709de49e2b725bda5cdd787.jpg,1,0,0
418,test,train/15f023463d88b8f8bc852a9a7b72e6e3.jpg,0,14,5
419,train,train/16041095041e6b5afb13e8da17bf45b4.jpg,0,5,3
420,train,train/1606093b9d036cda7e30316ada6ea2cf.jpg,0,19,6
421,train,train/161166af30d6753f31cffc4d28a6f31d.jpg,0,4,2
422,train,train/16241940f17e8c7aae3e6236b25a7c84.jpg,0,3,1
423,train,train/1625249b80df13df89d06b2c30877a1e.jpg,0,9,5
424,val,train/163898fbc57f00f58ad27e72031a541f.jpg,0,6,3
425,train,train/16565752b931dfbec4b042b26786401a.jpg,0,4,2
426,val,train/1659dcad9ea4f12c3c91b5702e800669.jpg,0,8,3
427,train,train/167a1190bb99a8d01efdd75802745376.jpg,0,22,6
428,val,train/1688c69504b9fd2179225d4b03e677c0.jpg,1,0,0
429,test,train/168ff8ed5a696e2b1270b6449a996cd5.jpg,0,10,6
430,train,train/1691ab3a82040297355b59a34c1e3fa9.jpg,0,20,9
431,train,train/16b02dc3b4e8deb6c1cc686c9ef911dd.jpg,0,15,5
432,test,train/16bd4511e7391b3e3d7da90b6c2653d0.jpg,0,17,7
433,train,train/16edfb76036ad3b10d9479e16ad7e92a.jpg,0,8,4
434,train,train/16f1b7bb98b1a38f6fee5caf9460e4e1.jpg,0,5,2
435,train,train/16fbd1b86994c47ddd120cf5d410033e.jpg,0,6,2
436,val,train/1700104c53dad4e23980cc44dfec1b64.jpg,0,7,3
437,train,train/170709246c0ac68fa305fb3acc2cfb77.jpg,0,6,3
438,train,train/171c5e2bbf7f95d2fb60a8bd81dc9d37.jpg,1,0,0
439,train,train/1720ee54631aff23784053fe1719dfdb.jpg,0,5,2
440,train,train/1722c7262a821be25de56e351d641993.jpg,0,6,3
441,val,train/1725b46578ff86f1a8d21b10d4d4699a.jpg,0,8,5
442,test,train/17285d4b3bcac950397f548d1d715043.jpg,0,6,2
443,train,train/1730d2ebd1cc96e9e5656cdf916ac7f8.jpg,0,8,7
444,train,train/1734a9172a7aa8106b1f32bf7b280e28.jpg,1,0,0
445,test,train/17381ffc2b43778487e782dbb5cb963a.jpg,0,8,5
446,train,train/1756a285d1bc917bbe55024b0727a836.jpg,0,10,4
447,val,train/175e3663cc06a6d4ee39f8f9fa7f9183.jpg,0,4,2
448,val,train/17791317b59d89c03ce7a15826e1b876.jpg,0,9,4
449,test,train/178fec733e92dffa7bdf5b6a0b0d54b7.jpg,0,12,4
450,train,train/179c892993a09dd56d4d09be53489d74.jpg,1,0,0
451,train,train/179caec60f7bf3c620c28350354861a1.jpg,0,11,5
452,train,train/17a34d586de2a9e5a440755ea530ce5d.jpg,0,7,3
453,train,train/17a43dc27cccda142f5d54d378f4aed7.jpg,0,8,3
454,train,train/17b6cfad0ea2ecd3b9511743a608bcb7.jpg,0,7,2
455,val,train/17c2cd33dd23c4ae46c9738e3c346531.jpg,1,0,0
456,val,train/17c980696d1aa513ab00665f1eff7bd6.jpg,1,0,0
457,train,train/17d5b60d0b5decddb51eba55dc4a514b.jpg,0,3,3
458,train,train/17dc4a83558d835efd5f7d6f110f07f3.jpg,0,9,5
459,test,train/17eea018beec6ef78ec675919080e6a1.jpg,1,0,0
460,train,train/1812172c7ad3771c05d1238bb3066217.jpg,0,28,4
461,train,train/181a28291c7bc0a6a721a5759c01fd34.jpg,0,22,8
462,train,train/1820dac3aa7e69930923b2f7a7bb14c1.jpg,0,3,1
463,train,train/183015e171f5159d7e60d43578632a3f.jpg,0,6,4
464,train,train/1831b088f3a62617cb5cacc3d852cd3c.jpg,0,6,2
465,train,train/18384bcf54af7c121723805cbd00f44d.jpg,0,7,3
466,train,train/18533a53425600e4da1e36085cbad104.jpg,0,6,4
467,train,train/18759bb253200a7c5fef22b00d05496b.jpg,0,4,2
468,train,train/18a3dd5dcbabc9484be39f9f2f6c0756.jpg,0,11,5
469,train,train/18a5c8860abc63dbef3627d3e5efd951.jpg,0,9,4
470,train,train/18a61a07e6f5f13ebfee57fa36cd8b6f.jpg,0,10,5
471,val,train/18b362567e282e3ada32ee486ea6bad1.jpg,0,13,7
472,train,train/18ca65f3991cd9e0339abe5d0dcdfc71.jpg,1,0,0
473,train,train/18d37c314615dede5fb25722c8b2ee04.jpg,0,3,1
474,train,train/18e5f8a372c20c95b78d49ce1ab39f16.jpg,0,4,2
475,test,train/18e91ea53a6b6829c70ae2d762605c21.jpg,0,6,2
476,test,train/18ee5156937f823acee35e15110c6521.jpg,1,0,0
477,train,train/18ee9ef3baea468de2087e0edd85e919.jpg,0,10,4
478,val,train/1912296cce436028085697480121b4eb.jpg,0,4,2
479,train,train/1915f70378cedb6947df0126db6e8aad.jpg,0,4,2
480,train,train/191af4a0c5c47c05b06b88f7d6ec671d.jpg,0,3,1
481,test,train/1932e3ca2084c4ef9ee98c747cd21f16.jpg,0,10,5
482,train,train/19417bae94986e8c122ae6efd92e3997.jpg,0,9,3
483,train,train/1951e0eba7c68aa1fbd6d723f19ee7c4.jpg,0,9,3
484,train,train/1981a0c4cdbb5d4eeb9c2572813a453f.jpg,0,4,3
485,train,train/198302ef60405a8889da8fedd5a98ebc.jpg,0,6,3
486,train,train/19850eb0ba7a72faf4b329254ab42828.jpg,0,14,6
487,train,train/19b1cd4c282515de8cc36d61c45e096d.jpg,0,3,1
488,test,train/19b90a86dccdc11c785cc955ee22db2f.jpg,0,6,4
489,test,train/19c193dfd9cd25eaaed6196a21ccafda.jpg,1,0,0
490,train,train/19da7247b897983617e17c69636620ad.jpg,0,13,6
491,train,train/19f915a7d8d00addb6a4846e623b4bfc.jpg,1,0,0
492,train,train/1a1502956162c21302d1601668a7f565.jpg,0,3,1
493,test,train/1a2d61ed3ccdc6c3a230ef73ae6adc4a.jpg,0,6,2
494,test,train/1a39c8cd556ab64679d04d440466a2f5.jpg,0,9,4
495,train,train/1a414a1cb6b545c2ee4de4abede481c7.jpg,0,13,4
496,train,train/1a4a1dfe32d84179b5ab03e56532bcde.jpg,0,9,4
497,test,train/1a4b73e47f99ce15af33427cc16ecc74.jpg,0,6,4
498,train,train/1a4f3604083f0bb00c748cd1c19236c2.jpg,0,9,5
499,train,train/1a6380efb810f2c8fbae25143ab93773.jpg,0,7,5
500,val,train/1a85266eec98f756269a91a56d5fb1a8.jpg,0,6,3
501,val,train/1aaa4b217affae30113bd3a7a384a4c7.jpg,0,15,3
502,train,train/1aaab6baefab214419016ad2f3175120.jpg,0,6,3
503,train,train/1ac1cb704bf021b7f462182beb082291.jpg,0,9,4
504,test,train/1ac82901d20fd381f9aee67859846cef.jpg,1,0,0
505,test,train/1acd93cf651789703cd37ab249f58580.jpg,0,11,7
506,train,train/1ad1420c6bf26f67e1f0d1140e938efd.jpg,0,6,2
507,train,train/1ad9acab15f15722dada12e90242178c.jpg,0,7,3
508,train,train/1adfe6d01589ad3a646a459bb360d5c4.jpg,0,4,2
509,train,train/1aebe196c344ddae48ec99b142bcf4c2.jpg,0,4,2
510,train,train/1aef7fa409ee0cb4579032577e02e9cb.jpg,0,24,6
511,val,train/1b0adf573618b9d4c94b1890852179a0.jpg,0,7,5
512,train,train/1b10ae5a7c9530537364360383fa6667.jpg,0,7,3
513,test,train/1b2a7adb5705d9e3f5b63939046d93c7.jpg,0,22,8
514,val,train/1b3379be7c72c3ae5404df423ed74388.jpg,0,9,4
515,val,train/1b420f79b18aeb2c7644d4998d313f37.jpg,0,9,4
516,train,train/1b44e26dcb2892268d5326bf44ccd2b3.jpg,0,8,4
517,train,train/1b4daa200fc8f2a3c792ca61b7c8857d.jpg,1,0,0
518,train,train/1b5f927abb8fd8e0800d2ad31a5620c1.jpg,0,13,7
519,train,train/1b6b4e0d7f5f7d7ad2bf8b70783244be.jpg,0,7,2
520,train,train/1b6c09c247c93d8fd21adf55814476fb.jpg,0,4,2
521,val,train/1b6fbfb87455d2145db222bc4c3e9875.jpg,0,7,3
522,val,train/1b7fbab20af688131ddebff7bf473879.jpg,0,5,2
523,val,train/1b90f72310730c8e045e85e8b60c308d.jpg,0,5,3
524,test,train/1b95d6b2be1f6e89e865704024d1944b.jpg,1,0,0
525,test,train/1ba0b6688726a0efd3641d086a4dee35.jpg,0,7,2
526,train,train/1bb134a3fb426b7a805ad086164ed865.jpg,0,4,2
527,train,train/1bbd7232924e951e7fa87ffa0f62ec3d.jpg,0,8,6
528,train,train/1bc4c3008d6a7144722daa35a7ff2b00.jpg,0,6,4
529,train,train/1bcf6203521944e6222a000fec9fab38.jpg,1,0,0
530,val,train/1be94a4e06067c5ecd66488cad60a087.jpg,0,6,3
531,train,train/1bf0c30ec9cf3abe34938787e5f9fc28.jpg,1,0,0
532,train,train/1bf31ecce06f5cab7b82b36daea676b6.jpg,0,8,5
533,train,train/1c1a57cb8b3893348ecfb6e704a1b87e.jpg,0,3,2
534,train,train/1c1ef26e3b3323f74041f6dd2371cd24.jpg,0,6,3
535,train,train/1c2621f624311e2ab55fb909b3b53d19.jpg,0,10,5
536,train,train/1c291f2d783a88bb29d4f0973d820cb0.jpg,1,0,0
537,train,train/1c2edaf3f7c1867f34d76dafe8f53d80.jpg,0,11,5
538,train,train/1c32170b4af4ce1a3030eb8167753b06.jpg,0,9,2
539,train,train/1c3e88d7eb1849e80d109ab2f059a2e1.jpg,1,0,0
540,train,train/1c42e4e14355bfa790794d44e3a1a4d2.jpg,0,3,1
541,train,train/1c4d23bf90d9e32947d50b5e01ce4d78.jpg,0,14,5
542,train,train/1c4d37f9cbacdce0f114ed4c3fd94dd5.jpg,0,7,3
543,train,train/1c572f5c1b3f2d9dfb23b48f25a7ace0.jpg,0,9,3
544,train,train/1c62f00b3228d2e131a84d1889e213cc.jpg,1,0,0
545,train,train/1c9e6dbfe347fb693c6c9e0cd82113c8.jpg,1,0,0
546,train,train/1ca93fdd77fb7e2caab2608094201385.jpg,0,5,2
547,train,train/1caa3fd2d741bbb50cc3fdcc32b6f0cd.jpg,0,24,6
548,train,train/1cb2f31d6914dbb6550d2ed5538fc184.jpg,0,10,6
549,test,train/1cec183870c936178be89a81da2cc7fc.jpg,0,8,3
550,train,train/1cfebd799d9854a50bfa74e0271f358e.jpg,1,0,0
551,train,train/1d0b8741c4689494aed1c1859eb891dc.jpg,0,6,3
552,train,train/1d170ae6d3f174b88d55b7a44e1b8963.jpg,1,0,0
553,train,train/1d1b26e179d9394bc1d9971ec50d1aaf.jpg,0,6,3
554,train,train/1d21c69075630b741fe0629e696fa167.jpg,0,16,5
555,train,train/1d2c0ac10d4b141cda8b549c34848b4f.jpg,0,12,5
556,train,train/1d2cef0157f477b7b635a86a85b6f9e4.jpg,0,18,7
557,train,train/1d36704fc4f9a8f997128b92551bbc4d.jpg,0,13,7
558,test,train/1d378b37e94c96925d6e96d281825519.jpg,0,5,3
559,train,train/1d37efa5bcce26d6cc9a224f99db3f0e.jpg,0,10,5
560,train,train/1d63eea24a9f69bc17f1da7af4ffa19a.jpg,1,0,0
561,val,train/1d730f10402fbb1de01aa617b80a8242.jpg,0,12,5
562,train,train/1d74c92a1e6adfcb63162f9b72edfc56.jpg,0,4,2
563,train,train/1d7ba4000ddf7f707822b2aab9ed4b36.jpg,0,18,7
564,train,train/1d7f85337975dded50e1414cef194deb.jpg,0,6,1
565,train,train/1d8f4d5daf11f2b01695b71a862aa813.jpg,0,4,2
566,train,train/1dafb16f8c69e188cf2152200e0cb2ef.jpg,0,13,5
567,test,train/1dbb725a05c9543e9bd2593ac079f970.jpg,1,0,0
568,train,train/1dc3bbcc437933158a734f7e28547bb5.jpg,0,11,5
569,train,train/1dca2f734825798b81f034da81d257f4.jpg,0,11,3
570,train,train/1dd24b51bb2c4e67bf02641925881174.jpg,0,5,2
571,train,train/1dd77edddd2212d41e34dd004d3e26df.jpg,0,6,2
572,train,train/1de1fb0878055fe44cd99abcbde7bfc4.jpg,0,6,2
573,test,train/1e0186710c1b727da188c139c83a820b.jpg,1,0,0
574,train,train/1e019d951139255f4ca9200aee4129c6.jpg,0,6,4
575,val,train/1e1dcf1ea1d974a5fea81b7616a11723.jpg,0,10,4
576,train,train/1e380cbe7d0d59de0527d31486a24fa2.jpg,0,9,4
577,train,train/1e47f8b7036defda2d0191401e1e05d6.jpg,0,3,1
578,train,train/1e584da1fcf0c0297a22f0e36ce86732.jpg,0,7,3
579,train,train/1e58fd00852763634630540c1d09621d.jpg,0,7,3
580,val,train/1e58fd034ba68a69df2b13cccb9ab317.jpg,0,4,2
581,val,train/1e685beca49d62411bb69bc4ddf7ad11.jpg,0,7,4
582,val,train/1e717af900c3f539f967ad27b1ce905f.jpg,0,8,5
583,train,train/1e78773b772343629858fee07ab051ec.jpg,0,8,3
584,val,train/1e8892e58834c2a38f8d0b574327ed81.jpg,0,12,5
585,train,train/1e942d9666eb7b3cd0bf4e2bedae5fd6.jpg,0,9,3
586,train,train/1e96e84ac07738cd2f019b1c1d1aac5c.jpg,0,10,3
587,train,train/1ec44d3bc379cf915de2c69bcb325cc2.jpg,0,8,4
588,test,train/1ec5b9d1af1a295a5e0d1da32d4ed835.jpg,0,7,5
589,train,train/1ed4cf45940bbfbcdc31cf4289c1c1e4.jpg,0,16,4
590,train,train/1ed597069acd8f4b77174148664e84d8.jpg,0,7,3
591,val,train/1ee608f4c2322489c730271c6ef7caba.jpg,0,4,2
592,train,train/1ee72c7f5de164530f9efa3c2d04bffc.jpg,0,7,2
593,val,train/1ee956f957e7b9ec0787e07fe2b76135.jpg,0,8,4
594,train,train/1f13fb95804f83251401097b2bb4aacf.jpg,1,0,0
595,train,train/1f1abf0df154e4d455bd3f93fa8ef1f0.jpg,0,6,2
596,train,train/1f1b451ebe38481d18a61961c9435a64.jpg,1,0,0
597,train,train/1f5a95707791ca66198f87bf0d11e89e.jpg,0,6,2
598,train,train/1f60588926146538eeb34cd3215b4848.jpg,0,16,6
599,train,train/1f68a73472d32146d1cbe3bcd9355337.jpg,0,3,1
600,train,train/1f6cae728b0bab822a84b2014feff03d.jpg,0,8,4
601,train,train/1f80202df9f9ee45002ea22f2f29d31f.jpg,0,12,5
602,val,train/1f897eadcbbca4e2104e7a2d7fd3e0f9.jpg,0,5,3
603,train,train/1fc71d17e68259b0ae13b884ccce7309.jpg,0,7,4
604,train,train/1fcceea02142af619405d89b9ee156fc.jpg,0,6,2
605,val,train/1fce42f55a0de66eb161fc831cd33cc3.jpg,0,13,6
606,train,train/1fec2347206230bc4721f66d8e90971a.jpg,0,6,4
607,train,train/1fec989e95cea875cef982129f8e9097.jpg,0,8,4
608,val,train/2016c404039deb1d04073250fa84a328.jpg,0,4,2
609,train,train/2033bbf90fa9b91519bac29eb334673a.jpg,1,0,0
610,train,train/20374abc6a6d82a106212cddd740a99c.jpg,1,0,0
611,train,train/20394e709ffb7128e582a7b0901dca2d.jpg,0,6,3
612,train,train/206f64789c8237b16ef4da5a38d74cdc.jpg,0,5,3
613,train,train/2072e55e4f38ef869fc492b5e282057b.jpg,0,17,6
614,train,train/2077dfb717706d5ce9a373f1672e869c.jpg,1,0,0
615,train,train/208cddf534a1bc9c35f5faa6a6c51f94.jpg,0,5,2
616,train,train/2094cd7cf01e7e283818e836115596c4.jpg,1,0,0
617,train,train/20d9e4989fab7ecae4243324d81ad309.jpg,0,6,3
618,train,train/20e27597c972c6e7fdb4d1e7638e227e.jpg,0,11,6
619,train,train/20e88cb9beaf2949c3fdd01827404235.jpg,0,4,2
620,train,train/20eb3cf0d35e7ed1616139edbe04bcfc.jpg,0,3,1
621,train,train/21042debbedcf41f16302df107a594a2.jpg,0,4,2
622,train,train/21086ab046da90a4526e5604670a96ce.jpg,0,7,3
623,train,train/2116aa83dd20261a1c6f4b13ea3eafbc.jpg,0,5,2
624,test,train/2121782e288bb5fccf342938ce4faee2.jpg,0,5,3
625,train,train/2139901070c5471f0e289e216bc90198.jpg,1,0,0
626,train,train/215ebc513445e8e809addf6029df970c.jpg,0,6,3
627,train,train/21992194880ed480bd0232be383b8268.jpg,0,6,2
628,train,train/21ab6bc8c66330a258b3513c2ab738fd.jpg,0,3,1
629,val,train/21b7ceae06bcc8d0a4b30debc5570e57.jpg,0,3,1
630,train,train/21b9ef8dedf84d02366305c87a6328d1.jpg,0,12,4
631,train,train/21bdb7a46e19c697209064855102859e.jpg,0,5,3
632,train,train/21cc15968368582b548bdc50f24d1ce5.jpg,0,4,2
633,train,train/21cf533a9fe77bdbee21babd427a0d1f.jpg,0,11,5
634,train,train/21d0e0bb639ebec0b2a2ce0c5c805344.jpg,0,13,7
635,test,train/21d5465ffc737f2c94f66cc5b740614e.jpg,0,5,2
636,train,train/21f596b4f75fd3d0ff54f55ad760272b.jpg,0,9,5
637,train,train/2201904fdc9c81df726cb626bf58edeb.jpg,0,7,4
638,train,train/221c92d2718f1f49ee483ab4afbc7238.jpg,0,4,3
639,test,train/221d68705e17ec11935e410fcc483b0f.jpg,0,4,2
640,train,train/2229148faa205e881cf0d932755c9e40.jpg,0,12,4
641,train,train/222b7757f55bee221e7aba69fc9928d0.jpg,0,8,4
642,val,train/222beb3cd839eacd08d35c2785e48265.jpg,0,9,5
643,train,train/222cd825ec14127cfb030b84780c30d5.jpg,0,7,5
644,train,train/224ad5cca3b13b0a820052fe0491699a.jpg,0,16,5
645,train,train/2254df0c59c659c6eec67a73327bc857.jpg,0,15,7
646,test,train/22576c31ecae86e2e6d580b4bebb5d77.jpg,0,6,4
647,val,train/226452107c14a6218e9c4d582025110b.jpg,0,17,7
648,train,train/22672ab82c290c20b86863291e25ef6c.jpg,0,22,6
649,train,train/2271647c6cb51cd088392c184f8be135.jpg,0,4,2
650,train,train/22807ea675967a02baf8f510543a4a95.jpg,0,6,3
651,train,train/2285e92d66a166fa72444a73f4c5fc52.jpg,0,4,4
652,train,train/228d41a874a5536d83b62b9161da1d61.jpg,0,8,3
653,train,train/228f1394daba97a4ce03ae7e866ec2ac.jpg,0,5,2
654,train,train/22b8e616a61bbc4caaed0cf23b7159df.jpg,0,6,3
655,train,train/22c9f6b6888cce9bad89c72a2f87e56f.jpg,0,7,3
656,train,train/22ca7192ef23cf85a365a0e68ad6f9c7.jpg,0,7,4
657,train,train/22d12a2c3610060793453d39c4330429.jpg,0,4,2
658,train,train/22d7fb75b2d533f5fda002cd41721884.jpg,0,5,2
659,train,train/22f45bf04169a43d02dea6df008de68a.jpg,0,6,2
660,val,train/2300d60e735d646de5632275313f9c95.jpg,1,0,0
661,val,train/230ffa646a0bec6bce8b027cd4c66832.jpg,0,5,4
662,val,train/231a4b73de5ac7e0218f736b6b6ff1f2.jpg,0,10,5
663,test,train/231eceaec9e603e7cdb2021bd2ccbe02.jpg,0,7,3
664,test,train/231f7662ddb1e997de7ae4e11840960f.jpg,0,6,4
665,train,train/23687f2e75cfb173dbfe0a785326d6b3.jpg,0,3,1
666,train,train/236c84dba2293e1afd669eee1b6511c6.jpg,0,5,4
667,train,train/238b1299945de447d94124e14734edab.jpg,0,17,8
668,test,train/23976276263082c45eec8db02176a30b.jpg,0,7,3
669,train,train/23ada7eb0d82a360190e77da2edfcf8f.jpg,1,0,0
670,train,train/23b0639cd035140def992b0ee7fc34f2.jpg,0,6,2
671,train,train/23b8b9881d7effc2a5aa2b7372f01d7f.jpg,0,8,3
672,train,train/23c9516db65572bae3125bcaead302d3.jpg,0,22,7
673,test,train/23ca1279bcbf10d8dc39e769e145a516.jpg,0,11,6
674,train,train/23cc21ad490ea10045c00fba3a208b3f.jpg,0,8,3
675,test,train/23d1c67775a1f20404642b6086b74cc8.jpg,0,9,4
676,train,train/23e3c7a5073d74c1d2daed5ad73fb254.jpg,0,14,8
677,train,train/23f267e42a7e9f496aa143fe11f241ff.jpg,0,12,4
678,train,train/23f29659e174d2c4651857bf304a5d75.jpg,0,5,3
679,train,train/23f29ee2101fa421afeb84cf923ee9b6.jpg,0,9,3
680,train,train/23fcdb51ca6f2495a08911d8bd8f19e8.jpg,0,8,4
681,train,train/2400efb8ccb698992e54ec03286d35ef.jpg,0,5,2
682,train,train/24051b6c68ac93e887c70b671d9197cb.jpg,0,9,4
683,train,train/2415d19465e30def974fc2c9747692d4.jpg,0,9,2
684,train,train/2458bd52db3e463b43967723e0f802b4.jpg,0,3,1
685,train,train/2461bde97f5dad74ca07c6a5e6ce56c1.jpg,0,7,4
686,train,train/2461ca359068b06237e93aae140a25f3.jpg,0,9,5
687,test,train/2469a8efd790f12eb9304f5c013a966e.jpg,0,6,3
688,val,train/247af0fcdbe53ade2def3f79e4eb9345.jpg,0,7,5
689,test,train/24986a34a5f97ddeb44a999d245b949b.jpg,0,6,2
690,train,train/24aae4c9a587c5f0440e6d305bebd26e.jpg,0,7,4
691,train,train/24b3b89454ece6db0ba1a5cb83f3421a.jpg,0,10,6
692,train,train/24b3c4ccc0e19044935c8f40ab37fc18.jpg,0,13,4
693,test,train/24b77560428d23bcaf7c06a536fbb287.jpg,0,9,5
694,train,train/24bf0f138643ee4141ebefba54fb6843.jpg,0,5,2
695,train,train/24c408efe011f2d27322e93440221aa1.jpg,0,7,3
696,train,train/24c7e3233b6ebe3d1159f81ae97daed1.jpg,0,6,4
697,train,train/24d6b814577360fb4d11e0e6aecfefb0.jpg,0,4,2
698,val,train/24dd3c2b634ac8b951b5aa1b24a536c8.jpg,0,13,6
699,val,train/24e9b243d734e26d9de71aa3e08ef9b0.jpg,0,8,4
700,train,train/25207f1f73016eb9d84327860e5c9b49.jpg,0,12,6
701,train,train/2534b21e1fcdf7748a07109999952840.jpg,0,14,5
702,val,train/2534b84ffceb627618e684cb037fdf74.jpg,0,6,2
703,test,train/253760c0117371987f0cbc8b20e684de.jpg,0,6,3
704,train,train/2546f825d7846960568c710eab2cbbd3.jpg,0,5,2
705,val,train/2550db13e3e4174fb2980fbc965c4856.jpg,1,0,0
706,train,train/255f4987d211d413e7823dea2ac6642c.jpg,0,4,2
707,val,train/25673b843469af61ad711cdd1d920a8b.jpg,0,3,2
708,test,train/256b0ad89e73b03f15635e647c2bdb02.jpg,0,4,2
709,train,train/2583527ca7c4a6e278fb4506ba8637ab.jpg,0,16,8
710,val,train/25897fa85891d5fcf7c65d520628cf20.jpg,0,8,5
711,val,train/258b0025af766aa2a485e3221da4b46e.jpg,0,15,7
712,train,train/258d918ebb5b4e4d13e381f0df399b5a.jpg,0,8,2
713,train,train/2592036272857648c597c9045a6588d1.jpg,0,7,3
714,train,train/2596fb668f0ec31ac6622ea546e600cf.jpg,0,18,5
715,test,train/25a73bf0f701b9275c74fc23aa30e681.jpg,0,8,5
716,test,train/25b123c53b8d9f39e9e29e4ee34c9906.jpg,0,12,6
717,val,train/25c278c9f3eac8a0f53780aa5e615e23.jpg,0,9,5
718,val,train/25e383a85bad2e00064e7be23d745f50.jpg,0,6,2
719,train,train/25e47d32d64f7f416d6fb1bf497b4b1a.jpg,1,0,0
720,train,train/25e4fa50ffa395dd163a97ca6bef8fe0.jpg,0,5,3
721,train,train/25e99dd3d0a8e45529b0c04f28a31313.jpg,0,9,4
722,train,train/25f0621dae8874aac9985c4034a565ea.jpg,0,6,3
723,test,train/25f2c7b53a6ed09a9aaf73c30357aaf6.jpg,0,6,2
724,test,train/25fca74811355266a2c7a0bc442db4e3.jpg,0,14,6
725,train,train/26045d6e5c9397d08825496593fbc291.jpg,1,0,0
726,train,train/262cd3e70a033d61a7236aa971be339a.jpg,1,0,0
727,test,train/264fdebe57965c3292ce07c7b4be8c39.jpg,1,0,0
728,train,train/26555d1abc4576ef9e235aba96f4429e.jpg,0,5,2
729,train,train/26562944ced2c6e1eea7abaf0e5a6e5d.jpg,0,4,2
730,test,train/26585204e3c296a3b105bd5bd1c537ee.jpg,0,14,9
731,val,train/26603f3c325594b0a07a9fd73d74bbce.jpg,0,5,2
732,train,train/26697f6b3b73c564a0dd92b2fa1a8b0b.jpg,0,4,2
733,train,train/267d32594c86cba886ed0733e946c1df.jpg,0,9,5
734,train,train/267e7d6c78b3bc498461b69668eb44f8.jpg,1,0,0
735,train,train/26814fc54bbb41c62e1fc2c2646f3288.jpg,0,7,3
736,test,train/268521c3c47990c84e7175a31d8c509c.jpg,0,7,4
737,train,train/268ed28c6d57f5d5383cd5cf8e62e457.jpg,0,5,2
738,test,train/269fc38670939729787d740e47145028.jpg,0,5,3
739,train,train/269fe47164da086b729babc8225ea116.jpg,0,8,2
740,val,train/26a2c28022c4eb76848703d3bd669562.jpg,0,5,2
741,test,train/26be9cde1a3d1a38f19c6753cc9ed40d.jpg,0,7,4
742,train,train/26cff5d4eedc6c89172888ea18b09893.jpg,0,11,6
743,train,train/26d1d5a0ef2e692c6340e74859ffdc53.jpg,0,15,6
744,val,train/26d9a51c0e889911fadbfd7219c6540a.jpg,0,6,4
745,train,train/26e6b6009db476d5b90c4a7e279ba50f.jpg,0,7,3
746,train,train/26fcfa2a147cabce7658e1ea656e1efe.jpg,0,6,3
747,train,train/26fd27f25c4c5329c224f75f5f94d96c.jpg,0,3,1
748,train,train/27128ae2af0e160293897cd55c02993b.jpg,0,7,3
749,test,train/27179c32f1a5d2b20d5a289372823554.jpg,0,13,5
750,test,train/271f9008a6ac0c2fbed2ee6d40ff8750.jpg,0,7,6
751,test,train/2728492d9333328da0ccd73d76d6c00d.jpg,0,4,2
752,val,train/273a53879b3ba9afa3d6d1e3aea0a453.jpg,0,6,1
753,train,train/2752b250ca52cd0afe8b4b980e82310b.jpg,1,0,0
754,val,train/27689b23167e89e1142f6fa265921a3a.jpg,1,0,0
755,train,train/276eab8db40adc114124d1383afeba5c.jpg,0,4,2
756,train,train/277b457e1e341a9194249937b68cd2c2.jpg,0,5,2
757,train,train/27849a742242ed68910ae7592904db7c.jpg,0,5,2
758,val,train/27ae5a2982f9ef772cccfbd14332f965.jpg,0,6,3
759,train,train/27b61449ef8109cb45c3ba3b7642d746.jpg,0,3,1
760,train,train/27b822c5d3b354f096dfb788fd3fa636.jpg,0,33,7
761,test,train/27c2bfe6ab94022f4137c7e421af973c.jpg,0,6,1
762,train,train/27c69745b5ba6930e94b9b29bd1965ad.jpg,0,5,2
763,test,train/27c831fee072b232499541b0aca58d9c.jpg,0,5,2
764,train,train/27ca6b9bd9b4c1f284e450201cfc4613.jpg,0,5,2
765,train,train/27e113d3d158dbdd548b534c26164e55.jpg,0,13,6
766,train,train/27e1d29f27cfe7f88225f4660e75615e.jpg,1,0,0
767,train,train/27e6678a92ac10ed461ddc9f04bd3fcf.jpg,0,6,3
768,test,train/27ea40d58f6894394fc2990d739a8c0e.jpg,0,14,5
769,test,train/27eeacb2cf6ea95a95e0c60a914d45a3.jpg,1,0,0
770,val,train/280266b12a3ac75cac7066556997e865.jpg,0,7,3
771,train,train/281070333d103fe4a02065d7f986b062.jpg,0,6,2
772,test,train/281ea309fd2fd61c9955f9d29c88a092.jpg,0,15,6
773,train,train/28439c0a4f24e1319b22dd12b8a56a14.jpg,0,11,5
774,train,train/285c4b227a6c923d674fa58fdfdd2eca.jpg,0,7,5
775,train,train/285cdfec4d725d327266833adf3ba9d5.jpg,0,5,2
776,train,train/2860567dbd5d3f2597072e0b0e45ccd6.jpg,0,22,5
777,train,train/2866813d0d8eeae54af11160adb68731.jpg,0,9,5
778,train,train/286d4f7bc4282b7dd5fae43ee06cfb8d.jpg,0,5,3
779,train,train/28711a5bb20257be65943b9374dfb3c3.jpg,0,7,3
780,val,train/2877640e69c0276243177a341ed74742.jpg,1,0,0
781,train,train/28896771fc2f06e7fe9444b125644731.jpg,0,5,4
782,test,train/28936b1a86428a44f356135a896b8627.jpg,0,9,6
783,train,train/2895afe060760a377fea0d6c8fcbf9d1.jpg,0,6,4
784,train,train/28c18bf8fcb6c11c5fbc7c00d9f5bacc.jpg,1,0,0
785,val,train/28c8730ff1714318eeabad15e3ae5c51.jpg,0,6,2
786,train,train/28d769becacfbdeebab6d3fda7322cf7.jpg,0,19,6
787,train,train/28eb28a9feba4a3fd37327417aba1ed7.jpg,0,3,1
788,train,train/28ff3d4ede34ff71de27c9091b25fc44.jpg,0,6,3
789,test,train/292cf1b34afba18402da0662070919cf.jpg,0,7,4
790,train,train/294c1b068fb6ecfd27f5106e744ddb4b.jpg,1,0,0
791,train,train/2954986a6bc846398d3cc9bc2297ed84.jpg,0,21,7
792,train,train/2988c0540fad8e078a609d7672525d5a.jpg,1,0,0
793,train,train/299057220a9508923d271ac70bff843b.jpg,0,6,3
794,test,train/299278f67dc5e40ee4fd003595c6e8d7.jpg,0,9,4
795,train,train/2998cdc708e79055543eb95842261f57.jpg,0,8,4
796,val,train/29c96058b2c5a8222b87dcaee1730469.jpg,0,7,3
797,train,train/29cf3341c2f0195c0faddcf2e640045b.jpg,1,0,0
798,train,train/29df463304de180282f55d13d254b409.jpg,0,4,2
799,train,train/29fd996e134b7e6658edb78f41022878.jpg,0,5,2
800,train,train/2a176d08f99af402c877cde732008c46.jpg,0,8,2
801,train,train/2a180035c17769657f1d89651ff4babd.jpg,0,9,5
802,train,train/2a18e11f1134a84a141b5d2f8284112c.jpg,0,6,2
803,train,train/2a2d24f9e9397ea669cf6ec9f850c367.jpg,0,8,4
804,train,train/2a3308874776a5824f84b6ec3fee10b1.jpg,0,8,3
805,train,train/2a335bf71ad32a097557e379b6113ce9.jpg,0,6,3
806,train,train/2a364dea24600221fb6208567bda008b.jpg,0,11,4
807,val,train/2a3cc19a099f06f80007cceb75d43bf0.jpg,1,0,0
808,train,train/2a3def0aa2b27bea4235348e5d4cf345.jpg,0,12,4
809,train,train/2a5abc6af72d3329b7155f17154132f9.jpg,0,6,3
810,train,train/2a6d1ced2d75a229ea936e5f2dbbbe32.jpg,0,8,4
811,train,train/2a7a75a118e112a3b655617f77a3009a.jpg,0,7,3
812,train,train/2a7e782ce2b8c998858e184637c3e9dd.jpg,0,3,2
813,train,train/2a848e44e179f5e9b7d708835cfa5109.jpg,0,8,4
814,train,train/2a8be2bd51a3851ed0ce9c84e9a62426.jpg,0,3,2
815,train,train/2a96255deafcf2f24bf9f266e1c12633.jpg,0,9,4
816,train,train/2aae4700188dd1842bb1851d714d7f38.jpg,0,6,3
817,train,train/2ab378a7f2524b5b5a7ea85b86f0b4ee.jpg,0,8,3
818,train,train/2ad18a594cbaf3c6d6145a7775829554.jpg,0,28,4
819,train,train/2ae73f853f1f9c23c2c9e200046665d1.jpg,0,5,2
820,val,train/2aeb88a0d7394443e815a4b3e15399d4.jpg,0,5,3
821,val,train/2b0d2503cdaa8d34ad9a82cf4fdb546e.jpg,0,5,3
822,val,train/2b0fb0afde2742c14c1c967cdcb20969.jpg,0,6,4
823,train,train/2b24fc9d451749e2edfc5ff60be60192.jpg,0,11,6
824,test,train/2b49559acd55fecfe38a55ca0ed0bf68.jpg,0,5,2
825,val,train/2b4d362bb4e5eb4c37b13b9eaa1ca079.jpg,0,6,2
826,test,train/2b5284b043c6459e1e1e0a4a328cad79.jpg,0,22,6
827,train,train/2b55e75bee255de5460976f84d18b76f.jpg,1,0,0
828,test,train/2b5b141ce31a62f9b997052a3ca73128.jpg,0,6,2
829,train,train/2b658b536fb15c22f623c3d6672b64d0.jpg,0,23,5
830,train,train/2b6b881ebefa187a82a2a51ea677298c.jpg,0,6,2
831,train,train/2b6ec0aa221b1f430e8f5cb1696844dd.jpg,0,9,7
832,train,train/2b8a0c8760862e0bd6dbac062d421396.jpg,0,11,3
833,train,train/2b8cead1c95f1a83f7ea7f7b92f398e4.jpg,1,0,0
834,train,train/2b8d23b406077cd35596765abe6930c8.jpg,0,3,2
835,val,train/2ba459709d0d25824e0baf9f6d4f94e6.jpg,0,7,4
836,train,train/2ba839f1e3d3c2d8760c11ccb7e3f01c.jpg,0,6,3
837,train,train/2bac12b65fe143e0d0a4b56b320782e8.jpg,0,10,6
838,val,train/2bcbeee6ac875c40fd3adc070a35f46b.jpg,0,9,4
839,train,train/2be0cff9073424bcaf946885d1c1adf5.jpg,0,6,2
840,test,train/2be93a3c2bd9a086a39c3806e1811356.jpg,0,8,5
841,train,train/2beb474652da324c06ca0267cc903c1e.jpg,0,6,2
842,train,train/2bec7ab41bfb8b797483fb5af80ace2e.jpg,0,6,2
843,train,train/2c0ecdf04ffe35c6031fe2ae2b3a36f4.jpg,1,0,0
844,train,train/2c2551cc5f69dc282a7dea8202492a85.jpg,1,0,0
845,train,train/2c3979232fe659fb46d4ca12263e75d0.jpg,0,5,3
846,val,train/2c42c054b21c3a7ff91f13e3b43e5418.jpg,0,8,3
847,train,train/2c475d89c90a50567ba0cf5ddd62f68a.jpg,0,13,8
848,train,train/2c535167a6a1466c54bc62eb6100f577.jpg,0,3,1
849,test,train/2c5d9c4fdfc633cb9a6af8ead0c45f19.jpg,0,5,2
850,test,train/2c6c48665c4d007b795cbcb57da481bd.jpg,1,0,0
851,train,train/2c74f4196862f688266048d27224464d.jpg,0,4,2
852,test,train/2c7fbcdc37fba555a38a39db3d9e41a5.jpg,1,0,0
853,train,train/2c8015354af1a7509937c82f2979ba49.jpg,0,8,2
854,test,train/2c892bb46e4187bddce8fe179d7225dc.jpg,0,6,2
855,train,train/2c8f7823a733497e98add3125db370cf.jpg,0,13,5
856,val,train/2cb170e77545abd5b7992c83865eb690.jpg,0,3,1
857,train,train/2cb21c7b25708742a6eed6ba4a59e6eb.jpg,0,8,6
858,train,train/2cb442312ff65f3255923b38dc6dc2fa.jpg,0,8,4
859,test,train/2cb59fe7e250f3e883c884e726719115.jpg,0,5,2
860,train,train/2cd31f05e3d0a2ebdf33e7a90fdc95ac.jpg,0,3,1
861,test,train/2ce046da31101c578df3349c36f325a1.jpg,0,10,3
862,val,train/2ceaa4c6e93b4496df1831cccc3e433a.jpg,0,6,5
863,train,train/2cf24e4b4380252c4dc94a0e63bed062.jpg,0,5,3
864,train,train/2d063af5457785f5c76ae1e6c06c0037.jpg,0,15,3
865,train,train/2d13fc4ff7c24e1110fa0c5593e7c3e7.jpg,0,3,1
866,train,train/2d377f5b2bd10b8ead268046859d939a.jpg,0,8,4
867,train,train/2d4076277667dd84c623c7877ceeefff.jpg,0,4,2
868,test,train/2d40e0cc7dca11e4b2d8574532096c31.jpg,1,0,0
869,val,train/2d4a3f928bbd1cf6cec20fc617af2fa3.jpg,0,10,5
870,train,train/2d5241a2f2800671da3f56606fe86d60.jpg,1,0,0
871,val,train/2d530b729f6935d54ca504c92ffeaa3c.jpg,0,6,2
872,train,train/2d56555f99586d0c8c6e31ab33297c25.jpg,0,6,2
873,train,train/2d64ca640df9686f4d2f6152b6ca74ab.jpg,0,6,3
874,train,train/2d6c36cb32352b891ef90fb11f3215f7.jpg,0,6,3
875,val,train/2d6d1b01427ec2acbdbc2149559585fa.jpg,1,0,0
876,test,train/2d817e7d481f611ed33a74e5cba97550.jpg,0,8,4
877,train,train/2d914572fd6d5cd4b158067b5a1eda1e.jpg,0,3,1
878,train,train/2d9dbcfad0e6a4bfeae0c6fe1f780d98.jpg,0,4,3
879,val,train/2da795e38db0e7086e2479f7aaf1e631.jpg,0,5,3
880,train,train/2dae0b56a64f3708706e63711d970243.jpg,0,10,4
881,train,train/2dd5e1ec060f1389e24a4caffa6d534e.jpg,0,18,5
882,train,train/2de0585a5eea24c7e8672fcd70da26b4.jpg,0,3,1
883,train,train/2df96190b0062c04b4dad588079c4caf.jpg,0,12,4
884,train,train/2e02414c9f4b2b23a7761fe8c2b3bc93.jpg,0,4,2
885,val,train/2e14a1d545fe84fb87891640ba990781.jpg,0,8,3
886,val,train/2e1571fc9e41f68fcc84b6094d664416.jpg,0,21,7
887,train,train/2e285b95faad220e17e6cbfbe514733e.jpg,0,28,9
888,train,train/2e31b4459572dee5881ec70c7b46dcab.jpg,0,11,3
889,train,train/2e37a70ea49570b31cb4b83e5a109a7e.jpg,0,9,6
890,train,train/2e426ab34288f1f7edba1c73feb45a05.jpg,0,5,3
891,train,train/2e4419b8c1f923cff2781be045f4e0d5.jpg,1,0,0
892,test,train/2e4b0a0fb7faf81bc42b46c3247ae8ad.jpg,0,6,2
893,train,train/2e62a91d3bdb8e212af2518125eb9dbc.jpg,0,7,4
894,train,train/2e6afc683a445f6e88ab4a101618f718.jpg,0,6,5
895,train,train/2e7b51cf120ec59d369331d09bba34b8.jpg,0,14,7
896,train,train/2e846b1cde620c95fbb326a4bae3d9df.jpg,0,5,3
897,train,train/2e968b23fc1bc1150bf1943e1b53b031.jpg,1,0,0
898,train,train/2e9caf35e4c86be7006e6588b6e56985.jpg,1,0,0
899,train,train/2e9cb16d1950ad82347cade9cacedc8b.jpg,0,5,2
900,train,train/2ea80a706ffc413d3c8d8c666e869c43.jpg,1,0,0
901,val,train/2ebb05b4c603d590854c621fa4f1fd5c.jpg,0,8,5
902,val,train/2f04c078e7bb7c23addf7464f7c4e925.jpg,0,9,4
903,train,train/2f111f79e145a2062200644c1e77dbd4.jpg,0,5,2
904,train,train/2f1d0d633adb6d339736aa2bb9e2fcb7.jpg,0,6,2
905,train,train/2f3264d3c0a52bb2e280855bcfd35733.jpg,0,3,2
906,train,train/2f35a721ceb1f89cbbd33ade57b32f4e.jpg,0,11,5
907,train,train/2f3bb25eb6ae1a19b982c6ba56f725e2.jpg,0,9,3
908,train,train/2f3f84ed97b4ae346a990e843d929f9d.jpg,0,14,6
909,train,train/2f4573aa154b6ee5f4ba4dc90626f5ec.jpg,0,16,5
910,train,train/2f479f67c2228f246b889508f794b785.jpg,0,3,1
911,train,train/2f4adab67a67f3ee8322175840092fe5.jpg,0,14,4
912,train,train/2f4bc0f22545fa58a89bfa13cc083191.jpg,0,4,2
913,train,train/2f4f119515e7a3c9b76c704caf75976f.jpg,0,6,2
914,train,train/2f5a3aa315379bb01b8b4c9a1ece8e2e.jpg,0,13,6
915,val,train/2f5a677d35532e18388a9993ca166a80.jpg,0,3,2
916,train,train/2fa41afdcc3955d6ab0bdc5656caa0d1.jpg,0,4,2
917,train,train/2fa7906cc0d122c8ef0a654409b5e1d2.jpg,0,7,4
918,train,train/2fd3d0e3b5de5535994ac58f2bd175da.jpg,0,5,3
919,val,train/2fd65c3d2a4c8d35293784167c7a2348.jpg,0,3,2
920,train,train/2fdd72337c9a875cf679564355b4bef2.jpg,0,6,2
921,test,train/2ffbc003cbd77857cd7ec7a69d8f6ce8.jpg,0,3,1
922,val,train/3005e709b7711027df25c715b6ebff02.jpg,0,6,2
923,train,train/300f0557394e4f85b5704774106a2067.jpg,0,3,1
924,train,train/30174f91133f986dd4f8f95d2b2d92b2.jpg,0,8,4
925,test,train/3024b7dc8e38999c16ab20ed51c7aa2e.jpg,0,13,7
926,train,train/30303a4b9ba969bea4e676cbd4a2496c.jpg,0,10,4
927,train,train/3033cf4aadc4811b5e714fb3fe295a4e.jpg,0,7,4
928,train,train/303e0a9c848a6f2697622543d6de3364.jpg,0,8,3
929,train,train/30466896de60f54644199811cfb542f1.jpg,1,0,0
930,val,train/3052424d097d8b94d387a20248639d47.jpg,0,27,4
931,train,train/305c85dddfdddac905f288a8106ca371.jpg,0,17,3
932,train,train/305e4add9c72c91e9984305bf4e85aee.jpg,0,14,8
933,train,train/306d35d649f4fe90bec5b21eb3d8c42f.jpg,0,4,2
934,train,train/306ed332a8e21425894424f73c17b11f.jpg,0,9,4
935,train,train/30732ad387fb4f2429a6c5b965910869.jpg,0,3,1
936,train,train/3095cc822fe5a15e277499c62b74d58e.jpg,1,0,0
937,test,train/309ca3d3a6991e2a001d75f734d88099.jpg,0,3,1
938,train,train/30a08276cab4bd3ba231b2307341b987.jpg,0,12,4
939,test,train/30c105116d347c2f1107e206362dd949.jpg,0,4,2
940,val,train/30c34393c4ba548104b8a65aa2fd76bb.jpg,0,5,2
941,test,train/30cf440566432d0f579a2a10bb3f3bf3.jpg,0,10,4
942,train,train/30d01b42c2a0495ceea5873455e4c4e4.jpg,0,12,7
943,train,train/30d24189cf005a9baf02929afd518832.jpg,0,4,3
944,test,train/30d70dcb9b7a5d7e9028326954feaa35.jpg,0,8,3
945,train,train/3105bf6d00f6c2164ea9285b20692df5.jpg,0,6,2
946,train,train/310a5c5df24cacd7bfc923cf0ce2f310.jpg,0,17,6
947,val,train/310c786eccfed6cb9c04cf9e2d31a5fa.jpg,0,6,2
948,train,train/3115c1b6368f91b45f691edbd63f1a78.jpg,0,11,5
949,train,train/3116e8acc9b97d7a581ea891ae9bed80.jpg,0,4,2
950,train,train/3122e82023dd28ef2ab4595f948e0e17.jpg,0,6,2
951,test,train/3124a602cb56b2a41271a8b658410457.jpg,0,11,3
952,train,train/3126f384167edfe4650413888feb60f1.jpg,0,6,2
953,train,train/3140eff61d10b2a6f29512a73f9f8022.jpg,0,4,2
954,val,train/3143c4090b404863d57a355e61585d0b.jpg,0,6,3
955,train,train/314517b694426a160b93fcdf447fa355.jpg,0,6,4
956,train,train/3145bee8f1346fa89938289eedd7b05c.jpg,0,8,4
957,train,train/314b28b21a620ea16d0de1103157b37d.jpg,0,12,5
958,val,train/315677bd3e1ac182188b6a16490695d2.jpg,0,7,3
959,train,train/3156a168acb759ef3257ea5a5d788a91.jpg,0,3,1
960,test,train/3156b5feb62ed8cfdafef21f1f82a6c1.jpg,0,11,7
961,train,train/315749c6f7397c42913f97db8388f4c2.jpg,0,8,5
962,val,train/3167f8c1907895bbfcd0effb6b25ce5a.jpg,0,8,4
963,train,train/316b07c8233162f6c57b23d94b823ea8.jpg,0,19,7
964,train,train/316ce67a6c95d104d5864cf2f30786bc.jpg,0,12,6
965,train,train/316f325969fa2dfb24fb9706c34fa0a8.jpg,0,6,2
966,train,train/317507bb22f6c10f4f08e8666c0f6ff8.jpg,0,6,2
967,train,train/31873abb42a5af56c33d1681971d014b.jpg,0,24,3
968,train,train/31901b2d1d2eb92c235f47f498b907c0.jpg,0,5,4
969,train,train/319781be30659abddca9230f0bca5311.jpg,0,6,2
970,train,train/31a2b39d2a73f406dbef13c7cd023eb0.jpg,0,11,6
971,test,train/31ab750de5cb0c76b49d45ab1d2186a6.jpg,0,5,3
972,train,train/31b94fc39e55c2494665e6a7ffde03b1.jpg,0,3,2
973,val,train/31bdfdc7f6e09f2df77cefac8e857518.jpg,0,13,7
974,test,train/31ffa866e091965da25a408b4cc7d0db.jpg,0,8,3
975,train,train/320636f4d907fe2a72073b7b5fe33f86.jpg,0,4,2
976,test,train/320ec834b1f64d745ebb19de0cfc184d.jpg,0,8,4
977,train,train/321c111713c3ee5385db0effb54ff568.jpg,0,5,4
978,train,train/321f7e75a35ff3b3cb8a4cfb0ab266c2.jpg,1,0,0
979,train,train/322976528934fc60a595afd9a1bc656d.jpg,0,8,4
980,train,train/322c95c6c1933b38440b167705248747.jpg,1,0,0
981,train,train/323029b8a64431ac83ea6c71804f42c9.jpg,0,5,3
982,train,train/32459f62247d44d5da83192aa03400e4.jpg,0,10,4
983,val,train/324c908cb345ed14be7a468a56f1ceba.jpg,0,13,4
984,val,train/325fece9273ff0bf0ea08a42fe24626d.jpg,0,11,3
985,test,train/326f5799de625f4fddd67b9c7827bfe5.jpg,0,4,2
986,train,train/32712661995a66ff7b5193dd351ce5d3.jpg,1,0,0
987,train,train/3283c0e38a77249f38ca0c949862726a.jpg,0,6,3
988,test,train/328a03f1cf631960207c6f6f3026bdb1.jpg,0,15,7
989,val,train/328c2e4790fad49004a3bf14be3a51c6.jpg,0,12,8
990,test,train/32c05ef69ce090ebbdaa6741c21afc01.jpg,0,11,6
991,train,train/32c5e37a0c5d6cc1eb4b9d23c46dab55.jpg,0,3,1
992,train,train/32d7d0b779485be0f92e8ef0f90cccdf.jpg,1,0,0
993,val,train/32e735ff23d1c5bf5d2d1aa51937ca82.jpg,0,5,2
994,train,train/32ed4f132b9f0077a309b0d91fc944e2.jpg,0,11,4
995,train,train/32f643fbd7e99181193edf3720888743.jpg,1,0,0
996,test,train/330056253f0b74a0808722e9f38ab46b.jpg,0,5,2
997,train,train/330423a5c20c1fab3ba43d966bd6e2e5.jpg,0,10,4
998,train,train/330b3939ea1fe042ad347e8d02abc393.jpg,0,11,6
999,train,train/3312ab0661750f9899b4589eae97731a.jpg,0,15,4
1000,train,train/332f505a735ca0961e7128fc0f166a5c.jpg,0,6,2
1001,train,train/333a3070db2ef61c7b621e92d370d5c0.jpg,0,9,5
1002,train,train/333e2b073ea86a0bd0273a7a60ac0dbe.jpg,0,6,2
1003,test,train/33403064ce25caa5fda270e6158c6b03.jpg,0,6,2
1004,train,train/3349c0d8861ff59db82c4e6f1d10705a.jpg,0,17,5
1005,test,train/335c54cca869510a063780bc0fba7ede.jpg,0,5,2
1006,test,train/3362408dd6a238f4bc0660e763f37e94.jpg,0,6,3
1007,train,train/3368f56c5e66bc4f6111b5cf5d701f30.jpg,0,6,2
1008,train,train/336b63df1d774eb3f819e5405feb4fa5.jpg,0,5,2
1009,train,train/3378210c38d195ff5a7e3b612cded052.jpg,1,0,0
1010,train,train/3387caf8482024c8887d0a95b4fa0245.jpg,0,6,2
1011,train,train/33911feed1282c67d5096d50d9070592.jpg,0,12,6
1012,train,train/339bd65420300e35fa74ef9a042cb778.jpg,0,11,4
1013,test,train/33a32faebb8177b05000fd34659f0ed6.jpg,0,5,2
1014,train,train/33b032af243d6b7db06155b99964cbd2.jpg,0,4,2
1015,test,train/33bcd2002f1d92524e489a70b48aaf38.jpg,0,7,3
1016,test,train/33c856f133a5a726ffc26fe36d451518.jpg,0,5,3
1017,train,train/33cf3f2f72ca3c8480456091f6ccedfb.jpg,0,8,4
1018,train,train/33d11e9c98ade6b3937407364fd07103.jpg,0,16,5
1019,train,train/33db2b371f7527ae2cd349abe5a7c062.jpg,0,7,3
1020,val,train/343e1bdfaa62eb9f0148e3cd32aab124.jpg,0,10,6
1021,train,train/3441c644b35ade894f7a773095219d4f.jpg,0,8,4
1022,test,train/34557d39d42d74a3355d509f340cfc8a.jpg,0,16,8
1023,train,train/345639c3ba00cacecffade02ebad61ba.jpg,0,6,2
1024,train,train/345eb9bedef2fdd0d6d16380ca43005e.jpg,1,0,0
1025,train,train/3460c8020f8edd51b37ebc33f350d914.jpg,1,0,0
1026,train,train/3469b1b71a43ca0b62f45805f80231b2.jpg,0,5,2
1027,train,train/347180362348e522905047dde655b6d7.jpg,0,5,2
1028,train,train/3479c81736f275a848b74d952ebfab29.jpg,0,8,5
1029,val,train/34b63ee871b59cc84249bc3c3ec8a4bf.jpg,0,6,2
1030,train,train/34bc3d49ab74c913ee2517f5e0f4e09e.jpg,0,7,3
1031,train,train/34c1f477c3cdd534ef53de3c832f1ac4.jpg,0,13,5
1032,val,train/34c80ab45be6a7d01ee5ee230967f3e1.jpg,0,19,8
1033,train,train/34c83a38559d01f09ab25ee8ffc79511.jpg,0,7,4
1034,train,train/34df7bfc75ed0a71f5fea716bdb421f8.jpg,1,0,0
1035,train,train/34e22877dc637c756273febcdd660178.jpg,0,7,3
1036,train,train/34e635f644f6d4853776e2d74357b239.jpg,1,0,0
1037,train,train/34e730b3de639d75296d635521489b39.jpg,0,6,2
1038,val,train/34e932d09ab7cbec0edaaf188dc8a407.jpg,0,3,1
1039,train,train/34fa4687fe0cb1a46f70f407ef9c134b.jpg,0,4,2
1040,val,train/3527884ce43d577c1cc449fc0f17f646.jpg,0,9,4
1041,test,train/352ab0683046ce107942e9e477007b72.jpg,0,13,5
1042,train,train/3531c673ad643e73b007a9e9a0a2aadf.jpg,0,4,2
1043,train,train/353564207b9d09b26db607c43d99ce18.jpg,0,20,5
1044,test,train/35388720c654dc329d698234c3205892.jpg,0,6,3
1045,train,train/354bad318bdc4946fbb261867157901f.jpg,0,6,3
1046,test,train/354fc9f443af86eebc10e9b06a22481b.jpg,0,14,4
1047,train,train/355d1c27824a343cde65516686c0a425.jpg,0,5,2
1048,train,train/35666a43bb8105a07d1020d9a4839f2f.jpg,0,8,4
1049,train,train/357b22f02be38869ae859f0add02b898.jpg,0,16,5
1050,train,train/357f8f4587f096c180f701f450fffcfa.jpg,0,9,7
1051,val,train/35815525d36333e4253234cc83fd666c.jpg,1,0,0
1052,train,train/3583d368951a896ea95b498bb4efaec4.jpg,0,11,6
1053,train,train/359d3ca7c71e4d786af7380c78fea10d.jpg,0,6,2
1054,train,train/35d86694979dba2c3cade3f87924385a.jpg,0,7,3
1055,train,train/35de6aea3a75c405b780f3c1d2db38e0.jpg,0,7,3
1056,train,train/35e38672875ff60d5a131d91b4db5a6d.jpg,0,7,3
1057,train,train/3623eea22ab15bd3cc7901e3c00695de.jpg,0,10,5
1058,train,train/3633b8a8cffa248a55bab4084f4ff5e9.jpg,0,8,3
1059,test,train/363999879bc614085397f192124c23b0.jpg,0,14,5
1060,val,train/363dc405e14ed95659d88707f54730de.jpg,0,13,5
1061,val,train/36429387a098976713296f2beae8063a.jpg,0,3,1
1062,train,train/364a18cd8e445fdcb63e3692393e6854.jpg,0,9,4
1063,val,train/367134c4e20c2058bc154bfa25e22e98.jpg,0,6,2
1064,val,train/367465e5c96651ee8dac93a11fe7c0c0.jpg,0,6,2
1065,train,train/368befaff55745e30b3f200b298b2fd6.jpg,0,5,3
1066,train,train/369bf7d495f4a800910764a6f9a9a071.jpg,0,3,2
1067,test,train/36a0490889068162384a000b02d37ad4.jpg,0,11,6
1068,train,train/36cf5300d146ed2c232acd54b45f317e.jpg,0,7,2
1069,train,train/36d12290ed702e358cabe1d85657dafb.jpg,0,16,7
1070,test,train/36e495b7888099453ba79ff57a2c4334.jpg,0,9,4
1071,val,train/36f9f3166dc757f415e384e69b0a2447.jpg,0,7,3
1072,train,train/36fb4eaf5da9525924d1b4ff5bdbd52f.jpg,0,8,3
1073,test,train/36fb9803c515de8b2b44028af25662ec.jpg,0,9,4
1074,val,train/37029ba2468f77989cae221948b772ae.jpg,0,5,1
1075,train,train/37054193bd4e6a2f3ca764088913b0f0.jpg,0,10,3
1076,train,train/37111bde86ae8d81aa66f2f46f89c03b.jpg,0,3,3
1077,val,train/371b40dcd28695d56f820de513906913.jpg,0,7,3
1078,test,train/371d6f540ac601affe81e547b05c551a.jpg,0,3,1
1079,val,train/371f686aebbbe6929b4bd3b86ab58873.jpg,0,12,5
1080,train,train/37233691ba64ed88b4e05882d7e41d61.jpg,0,9,3
1081,train,train/3727a613e597811aee451370fde09c49.jpg,0,8,3
1082,val,train/372dfcb677a2d0799d2f6e14d2177f1a.jpg,1,0,0
1083,train,train/373c57c281c8b4476ee2603757fde26a.jpg,0,5,3
1084,train,train/3759c5c3b6dd31e4f79dad538500928c.jpg,0,12,6
1085,train,train/378c7f385c547e5e7dc632510939a551.jpg,1,0,0
1086,val,train/37906d71bae225a2f676c84164224140.jpg,0,4,2
1087,train,train/37969967243726a9e231291224502076.jpg,0,5,3
1088,train,train/379aef556ea6744aa51174e342fabcef.jpg,0,13,6
1089,train,train/379da637859b61609c15e1f4ed2a5e7f.jpg,0,11,3
1090,train,train/379f083410e64a2fb74761b795bd0a41.jpg,1,0,0
1091,train,train/37a64f131e20057e6649e0cf60a3efce.jpg,0,4,2
1092,val,train/37c54c4ca8994215c1ae389f1f4adfd2.jpg,0,3,1
1093,train,train/37c55613c78c7775df0514fb0c804f4a.jpg,0,12,3
1094,train,train/37d00f2fdb0521a0f3fd6c7ec458ff61.jpg,0,6,3
1095,train,train/37d313251f4a6ca33fc7e428389cb9c1.jpg,1,0,0
1096,train,train/37ec1f4e30acc60a1dd892ab9036274a.jpg,0,12,5
1097,train,train/37f7e5fce42c1b3d1acc91e9ff43fe02.jpg,0,6,2
1098,val,train/380d07a94cc4b012812119370de47192.jpg,0,3,1
1099,val,train/381e9c224c892d437f498779e349469e.jpg,0,8,5
1100,train,train/3827e2d25e931b294811ad92ae898887.jpg,0,3,2
1101,test,train/382d4d167434016c3e049eae87439759.jpg,0,5,2
1102,train,train/382fde0b4f36b498850d79b00cf5593d.jpg,0,5,2
1103,train,train/3845b3f74a2a76ef0b58310d61d03e6a.jpg,0,3,1
1104,train,train/3853062c38f4f0888baef9b1ec0a2331.jpg,0,9,5
1105,train,train/3875a7e4eb1bdb443470a1abbe93cb58.jpg,0,6,3
1106,val,train/38791e51fbea01ae3935f311e8878f1c.jpg,0,6,4
1107,train,train/389de59ab4c4dd2b0a4f94d33966b12d.jpg,0,9,5
1108,train,train/389f167c16b70e1eb1aa219fedc373b7.jpg,0,6,2
1109,train,train/38ab2d3283b496d60dc137e94d16b7c6.jpg,0,15,4
1110,train,train/38b3d1f6264e82239b563119ff33df07.jpg,0,6,2
1111,train,train/38c145abf52f301575550953e6aaa009.jpg,0,6,2
1112,test,train/38d4443729e3b217cb38e78df6694dd7.jpg,0,4,2
1113,train,train/38d59aef0ecbc73f365767bc09692283.jpg,0,11,5
1114,train,train/38d7d44f0a3b6c7129851d7ec6d9c001.jpg,1,0,0
1115,train,train/38dc1745e9aedd829a5c4989ad2f0758.jpg,0,6,3
1116,train,train/38e4156d00946746696b72f9bfa791de.jpg,0,7,3
1117,train,train/38e8d0a7c6e90bb221619d0d8836b3a8.jpg,0,6,2
1118,train,train/38e987ce7d99adc13adeebb0ca3e3182.jpg,0,6,3
1119,val,train/38ec375050f7c2bedcb4d1e1e7bb4e12.jpg,0,5,1
1120,train,train/39095bfc67751891aebabdeeb8b89f5a.jpg,0,11,4
1121,val,train/3911f0e97683eb279550e59ad3213da0.jpg,0,14,6
1122,train,train/392910e2001c7d9710d1e11f1bf4bd73.jpg,0,4,2
1123,val,train/3929f29e01d98f3666da7114c4e554ed.jpg,0,3,1
1124,train,train/393407def518a76fc2b7e8dbaeafa0ce.jpg,0,9,6
1125,test,train/393909c0d12d67fd08703d36970014e8.jpg,0,20,5
1126,train,train/39394c845e092472bfff78c26ce9feb4.jpg,0,5,2
1127,train,train/393cb25dab7a972a55af7269c046ab4e.jpg,0,4,2
1128,test,train/394138b182cad5c9af7cac9bd1649a24.jpg,0,5,2
1129,train,train/394ea2732452334954cf83c6e5b41951.jpg,0,6,2
1130,train,train/395a89a6041167d0254dc826ddfe7110.jpg,0,7,4
1131,train,train/397b7968bbdf2db72e34625ad8e874c2.jpg,0,7,3
1132,train,train/397feff0fc86964d91046470e50273e0.jpg,0,4,2
1133,train,train/398ca3c2cf798b9483dde58ef6887a31.jpg,0,3,1
1134,test,train/39a043040baac31c12db628415939f3e.jpg,0,8,2
1135,test,train/39c0cec7df2082421f852bc79cb333a1.jpg,0,9,4
1136,train,train/39e1084eccfc3b7961eb19ea7ecaa8b7.jpg,0,5,3
1137,test,train/39eaf0dbdf50b88ac6b3f02b918ac86a.jpg,0,6,3
1138,train,train/39fba09b48f252efaa54f0d093a8294d.jpg,0,7,3
1139,val,train/3a302fbbbf3364aa1a7731b59e6b98ec.jpg,0,46,5
1140,test,train/3a328d66387d59be8793ee8b4f4bdc1b.jpg,0,3,1
1141,test,train/3a334de1df19d35fd8d303df42a90468.jpg,0,3,1
1142,train,train/3a377dcc1d8747ccd388578f46c0d405.jpg,0,4,2
1143,train,train/3a57be55d3cf1302f582fb95c86e9446.jpg,0,7,4
1144,test,train/3a59363995006fd88ee83584b1e3f6e7.jpg,0,9,5
1145,train,train/3a6264c66e1ccad3f67960d50a152708.jpg,0,14,5
1146,train,train/3a813bd68c097cb009e6ef9d5f884489.jpg,0,5,2
1147,train,train/3a813d584b7e746b4baeb1e9a2002cfa.jpg,0,9,3
1148,val,train/3a9cdb601e0845a3e6b45c808fb75bc4.jpg,0,10,5
1149,train,train/3abc9bc2967d1891119ae82511e479b3.jpg,0,8,4
1150,train,train/3aefb8dc3f0615131c0dc1477b4e3133.jpg,0,9,5
1151,val,train/3af25684534b7791434f7dfff22f9550.jpg,0,10,3
1152,train,train/3b100a95644ac8ab01f261f2edd6f5e2.jpg,1,0,0
1153,train,train/3b2087f26637d64244ec11da41770aad.jpg,0,9,5
1154,val,train/3b37f8d28d0153cedc41acb8020a0a6f.jpg,0,5,3
1155,train,train/3b4323fc59f8c80fd69a6748d4d92eaa.jpg,0,7,3
1156,val,train/3b464abb85ca7ca83a105e6057afab52.jpg,0,5,2
1157,val,train/3b520a6957e4c70f34da759e82784125.jpg,0,15,6
1158,train,train/3b684bf9b1beb9744ac598bb19b6dd6f.jpg,0,8,3
1159,train,train/3b7b733541b21f511d7d5be899070488.jpg,0,7,2
1160,train,train/3b7f1edb2129713f1ddd570c48d6ace1.jpg,1,0,0
1161,test,train/3b84fad11366b42cf32c96c2d0fa84d4.jpg,0,5,3
1162,train,train/3b887c0550e9722c9b86b7c22ad09e11.jpg,0,16,5
1163,train,train/3b8e32e6bb1f8849af9fde0925b2761a.jpg,0,11,4
1164,train,train/3bb06e20b2595be65d7a95e948b2169c.jpg,0,12,4
1165,train,train/3bc2e1cb9a227c162900a57fb5acd0cf.jpg,0,9,4
1166,test,train/3bd262a356f149e12cab2c957d79fbde.jpg,0,4,2
1167,train,train/3bf462b3f48c0a1c35912a77a84f318d.jpg,0,5,4
1168,train,train/3bf8346b7d5b0743713624143004772f.jpg,0,16,7
1169,train,train/3c022a8f6192af3d7ca567e509d44801.jpg,0,6,3
1170,val,train/3c0343764fd0e6b3edb40b15740a597e.jpg,0,12,6
1171,train,train/3c2064ec0c7fbd9873601524016c9d97.jpg,0,4,2
1172,val,train/3c3050b54b5ffefafd7d144497cf04d4.jpg,0,3,1
1173,train,train/3c314b1dd87505c653cd66939582a0aa.jpg,0,8,3
1174,train,train/3c3977477c6ca3ea8a3d18ba0e4afed4.jpg,0,19,7
1175,train,train/3c4863368b0bf5c811a52e24fa2cd2d8.jpg,0,13,5
1176,train,train/3c4b09bd2eab548d9f86223ccb905deb.jpg,0,9,2
1177,train,train/3c58145fc5651bd028aaee3d5f3d6c40.jpg,0,21,6
1178,val,train/3c5e999bcc6ac19f375f201c27546de1.jpg,0,5,3
1179,train,train/3c63e58fcda26e02fdd6619515399985.jpg,0,11,6
1180,train,train/3c72da81a8c464b9a804b757363291c7.jpg,0,7,3
1181,train,train/3c7949b75bb527c91a6518e4f40fc87a.jpg,0,4,2
1182,train,train/3c7f79f9a904282f9dbe9b625216cffc.jpg,0,9,4
1183,val,train/3c98c90840a9290511ae8192107f8250.jpg,0,5,2
1184,train,train/3ca77fab496427204152c5bd079ea9ce.jpg,0,9,4
1185,val,train/3cac0eba7aff674db58e5e7d5cebe985.jpg,0,17,6
1186,train,train/3cd58e860993b9e6a8c79bfa71ec66c3.jpg,0,5,2
1187,train,train/3cd8187f824b95bd1d21945cbce7a15a.jpg,0,7,4
1188,train,train/3cdcd43f230d185be9a3ea2463f348dc.jpg,0,4,3
1189,train,train/3cdce1131cdbbbc959330bb08be55a3d.jpg,0,15,4
1190,train,train/3ce8e5fe27fc9db53129cdbdd8de89de.jpg,0,6,3
1191,val,train/3cf29ab62dd4b9866c7e055c59098d3e.jpg,0,21,7
1192,val,train/3cf65c76b376cba244af23e119d705b9.jpg,0,6,3
1193,train,train/3d100048eee5507768634d2733c59b6a.jpg,0,3,2
1194,val,train/3d10382c3359b2e799d0bc45306e146c.jpg,0,14,4
1195,train,train/3d3781571117f65ceac27dfbf2979b21.jpg,1,0,0
1196,train,train/3d4cff7ec8b3e2fe5b3f606880b45e7c.jpg,0,7,3
1197,train,train/3d51d381e84870cd453748be166fb7ce.jpg,0,10,3
1198,train,train/3d592a653c8fefc7c85a43cf64c3c0f0.jpg,0,5,3
1199,train,train/3d6be0fd234f4be9a57ea0ec00d1e6b6.jpg,0,7,4
1200,val,train/3daa0e551477dbb5c10280fd744c4087.jpg,0,5,3
1201,train,train/3dae58e1cf69a2284f2a44ded5c7405a.jpg,0,17,6
1202,test,train/3db920cfa1955efefa82e2f46d2c7519.jpg,0,10,7
1203,val,train/3dc3da07371be408d6313bd5d04bceec.jpg,1,0,0
1204,val,train/3dd04efbb7f8f0e2757e8e588350f8e0.jpg,1,0,0
1205,train,train/3ddadcb081c3779b4b569d9ec57f5208.jpg,0,8,4
1206,test,train/3ddd8b00908543e9d8a60f528452e59d.jpg,0,8,3
1207,train,train/3dead8495b3fdcdde5912953e520b303.jpg,0,9,3
1208,train,train/3df005a70ab162381374fd43655aa145.jpg,0,8,2
1209,train,train/3dfb420f4634c36fde566f04e6d69651.jpg,0,7,4
1210,train,train/3e02670c9c691dbbd7f9aaa851bb70ae.jpg,0,5,2
1211,train,train/3e2c52e066e6bc9e28a58d7f13c64296.jpg,1,0,0
1212,train,train/3e2dac4065ec2fa64f4650a95e3edfa2.jpg,0,4,2
1213,train,train/3e300793e970e7916c36a57fe350f688.jpg,1,0,0
1214,train,train/3e5c0424caa46a69a36024deb828d5de.jpg,0,4,2
1215,train,train/3e6dc1696e378ed55ea60091c620af4d.jpg,0,3,1
1216,train,train/3e79b43f7eacf45268bef2a513f7759a.jpg,0,13,3
1217,train,train/3e802de7dd2a052ff980de1ff50262ee.jpg,0,6,2
1218,train,train/3e81b168a5ed4f4419d9ef7aa61fab04.jpg,0,6,2
1219,train,train/3e81b83d1b4cd8333b3c5986419baff7.jpg,0,6,2
1220,test,train/3e8719d1ba69b36c24ad3e39a8dd83ed.jpg,0,4,2
1221,train,train/3ea334ae927f1feeaf80e59b5d937c31.jpg,0,4,2
1222,train,train/3eaab50f6e8eb3229e752d546e41979b.jpg,0,9,3
1223,train,train/3eafbfc0db1b4bfa5bfa963b6fe465a8.jpg,0,7,3
1224,val,train/3eb4d8c855c884225e771d77c18e6215.jpg,0,7,5
1225,train,train/3ed4693bf10d9e6067d6f1ef88485bb7.jpg,0,6,2
1226,train,train/3ee425093210d7bb252a277e4788f18f.jpg,0,7,3
1227,train,train/3ee674202cc0887b7b43db270ca54555.jpg,0,10,3
1228,train,train/3ee8d416f1b67797ce0495b4393b2aaf.jpg,0,5,3
1229,train,train/3ee9f520c0a31c20b9851fb79dccec09.jpg,1,0,0
1230,test,train/3ef799c210c419c0319cd2555eaa3abe.jpg,1,0,0
1231,train,train/3f0621a867476fca9f51e5eaec666aca.jpg,0,4,2
1232,train,train/3f0efef8e4a56b73d2b82e83e50c0b90.jpg,0,4,2
1233,train,train/3f1c30152e33358e5830f3b59bd0c41d.jpg,1,0,0
1234,train,train/3f2468ef0b5526f0e33834fa4e0fd85d.jpg,0,3,1
1235,val,train/3f2673ee39dc21448dcf80ed2a6f128f.jpg,0,8,4
1236,train,train/3f3acd7f9f383c01b4392b8dd8bb8f10.jpg,0,9,6
1237,train,train/3f3e0555c409d655b5c28669b2f8cf5d.jpg,0,3,1
1238,train,train/3f444025d87aeacdc84c8cc7d0bf50f6.jpg,0,6,1
1239,train,train/3f59f95dab9548ad6cbbd7eec034bd57.jpg,0,10,4
1240,train,train/3f7f3d2e14e41602ac1f5909ce5e4be0.jpg,0,9,4
1241,test,train/3fad3a7c3d91d5d5eca2c522ac7df822.jpg,0,3,1
1242,test,train/3fb03f39fb2232e19b6de537731aa5ad.jpg,1,0,0
1243,train,train/3fbf5ad0dc91fdb688ec53aceaa2bcac.jpg,1,0,0
1244,train,train/3fcd92fe8e56a1867bb6c72d87a3025d.jpg,0,6,2
1245,train,train/3fcf06bf3f3395ba65a8b648b68e98d4.jpg,0,9,4
1246,val,train/3fd0af8df0d247cb4d3c4a89fad6936d.jpg,0,5,2
1247,test,train/3fd3aa2d64f365c666ce7de3d5352226.jpg,0,6,2
1248,val,train/3fd5a48543be08bc92fbcaa0971cf50e.jpg,0,6,5
1249,val,train/3fd9727ab2ea76dac5770130661a738d.jpg,0,4,1
1250,train,train/3fe37d132711f84805405defb3673681.jpg,0,6,2
1251,test,train/3fea0b91a09533ea4c546cb1e49b8234.jpg,1,0,0
1252,val,train/3ff22a602b26d804863daaf6b7230d47.jpg,0,6,4
1253,train,train/3ffaeb3a9eb495e0a59bd62b09bdf319.jpg,0,7,3
1254,train,train/3ffb156c2d5e299fb0b69c542862f832.jpg,0,3,1
1255,val,train/4004f114ab2ecb224ac7484957b79ea4.jpg,0,17,6
1256,train,train/4010817f919544f7c1c7eef1858ce071.jpg,0,23,5
1257,val,train/4016b176eaf40d514b0559a0aeb48f21.jpg,0,10,5
1258,train,train/401aee86de220c3e1fd9baae09f6f7e4.jpg,0,11,5
1259,train,train/402499b5db5c7e4d68f3024f6a43d819.jpg,0,5,3
1260,train,train/402e634d189693e887ccd6e488a4b29d.jpg,0,15,4
1261,train,train/4032f3f1ead75a0d12137f73c6a653d8.jpg,0,6,2
1262,train,train/40365f729045dde403d39546afc573a2.jpg,0,6,2
1263,train,train/403867d85b6e84c2ffe7ada4ec656b5c.jpg,0,4,2
1264,train,train/4068af795c7cb80fec0883dab82f4fbf.jpg,0,19,6
1265,train,train/407530901f066b6b5b5d486495617fc8.jpg,0,13,6
1266,train,train/4085e7c5e44d4bc75213131a8a6aee47.jpg,0,5,3
1267,test,train/40946078a25a73b1cf8ad53d4497b4ca.jpg,0,6,2
1268,val,train/40956f021a2759da665c4497ca71ea5c.jpg,0,5,2
1269,train,train/40b51daeb48afacaaa3efca42bcaaf9c.jpg,0,9,5
1270,train,train/40b734f156870865282a367fb8e3621f.jpg,0,5,2
1271,train,train/40b9a833fd7bc494e9803286d9349ca6.jpg,1,0,0
1272,test,train/40c5bb0fb2daacf73f49b8cdfc278a27.jpg,1,0,0
1273,train,train/40e4e25dffe7079e7523117ca5579aa4.jpg,0,5,2
1274,test,train/40e919b188ff9c41cf2e3f9c37a4b808.jpg,0,3,1
1275,train,train/4113bf958daeb1b468c147801007dfc3.jpg,0,6,4
1276,train,train/4117133a86ed741c387d404a8ffe5581.jpg,0,11,4
1277,train,train/411720e11033999fe479d1c1a66819e9.jpg,0,8,4
1278,test,train/4127fa1e8bcb9931cc8b49367eecef78.jpg,0,20,6
1279,test,train/412c4d81ec9510492343169ea6fc6a68.jpg,0,13,6
1280,train,train/412fc134e3193cefce521a751c3b254f.jpg,1,0,0
1281,train,train/413010bcfa8857cbd34a99f115926686.jpg,0,4,3
1282,train,train/4134e5340d245866991f98a73310358f.jpg,0,8,3
1283,train,train/413a167473cba4db44ee7be8359d1546.jpg,1,0,0
1284,test,train/4142e0645234ffd87a9fa0b8aaa6bbb5.jpg,0,5,3
1285,test,train/414615baf78e32f3405cbcf5b742895d.jpg,0,9,4
1286,val,train/414ae85a6ec97db19ed913bde0062b11.jpg,0,15,5
1287,train,train/415f0f58066bad3d69bd5fac2c80574b.jpg,0,10,2
1288,test,train/4170940c52599e7c3bb9b4088bb3d884.jpg,0,6,3
1289,train,train/417de085be6029490ca2690608d65e57.jpg,0,10,6
1290,train,train/418f63372f9d6d1e2e37dcfb466d6740.jpg,1,0,0
1291,train,train/41981decf2f67490e917ab06a55a677c.jpg,0,5,3
1292,train,train/41a3987fef185ed06ea962df3493f57a.jpg,0,6,4
1293,train,train/41a85f4b0d6836e24334e29b3d952e76.jpg,0,3,2
1294,train,train/41bce02542a90273d79a8cc6d214170d.jpg,0,9,4
1295,train,train/41c40fd3bd0719e48290cd6f3485ca77.jpg,0,8,3
1296,train,train/41cee81dbe9886a56b6c3ee56fb23448.jpg,0,30,9
1297,train,train/41d514ff20e011d114c57e8a5058fe61.jpg,0,9,3
1298,val,train/41d642577ada2969ece3637f6c800139.jpg,0,4,2
1299,train,train/41ebb4e4b4434bb495434e6a4026c9d7.jpg,0,13,3
1300,train,train/41fb428a3813d4efe0f1031d9bff16df.jpg,0,6,2
1301,val,train/4203ea234a2b4f10be4bd90cddc64347.jpg,1,0,0
1302,val,train/420e72f8ebc531f2eaed5ee48a3203b4.jpg,0,4,3
1303,train,train/421a769663792125e8d7d05459a01efb.jpg,0,4,2
1304,train,train/42288fde1946f3c9261a97405741979c.jpg,0,4,2
1305,train,train/4230309aa0f542050321fe2be02554d7.jpg,0,7,3
1306,train,train/4248a80a016d3bb7c12544e32d97330f.jpg,1,0,0
1307,train,train/424c14b6f0a526ca2e8b4e9be9f70e03.jpg,0,4,1
1308,test,train/425a34be84f439353a9d4a2f54212e8c.jpg,0,4,2
1309,train,train/4268985caaa0bb4145dd056d5aa84b27.jpg,0,14,7
1310,train,train/427693347c93b01e186e65ddabcc01b0.jpg,0,9,6
1311,train,train/427db646765e399ae43ccd98c50effdc.jpg,0,6,5
1312,train,train/427f538105c4b3e67683731e4cb6eacf.jpg,1,0,0
1313,test,train/429ce8e289547fe54bb229c3091cedbf.jpg,0,4,3
1314,train,train/429f8dfd3cd4748c67b8395f9e8d678e.jpg,0,8,3
1315,test,train/42a0e01edabc44f812173bb07fa5bb09.jpg,0,6,2
1316,train,train/42aa1ebd4dbf93efaeb7442f6484ed00.jpg,0,10,3
1317,val,train/42c049fd05428f7d606e9da4a95a8c3b.jpg,0,12,5
1318,train,train/42d2ad470aec5b121fb71822abcecd69.jpg,0,4,2
1319,val,train/42e45c17b9e92a9108ef6f2f47804d8a.jpg,0,8,4
1320,train,train/42fba4329860d5995fea57553104907a.jpg,0,10,5
1321,train,train/43042c8224a4438b1ce2bb0695976182.jpg,0,6,2
1322,train,train/4308b795084095f21117491e3b07f2a7.jpg,0,27,6
1323,train,train/430e3d75b2b3924e82d5fcf9bec84e8b.jpg,0,15,7
1324,train,train/4334f287e7a843348a24c4dfa9718d6f.jpg,0,11,4
1325,train,train/4350258eb4d7ec91137c01233fe0a51c.jpg,0,7,3
1326,train,train/4361c97e29d8614a2b2a539beaf8aef0.jpg,0,7,4
1327,train,train/4376c4766028d6873001b6653c5b6a13.jpg,0,6,3
1328,train,train/43947f72e5d1a4998606a193af8b7a69.jpg,0,11,5
1329,val,train/43a9edf6cea5fec0b63f8a6d9e2a50d7.jpg,0,12,5
1330,train,train/43b12f96beff0400ddc04da244e69983.jpg,0,4,2
1331,train,train/43c1e275bc208f31cc3b1a6c8fda1ea7.jpg,0,7,3
1332,val,train/43cbc92d48a9318036e947277c3981fd.jpg,0,15,5
1333,val,train/43d3137e74ebd344636228e786cb91b0.jpg,0,7,3
1334,test,train/43d5a4a18c3228cf1060d24a9407036c.jpg,0,4,2
1335,train,train/43d6a61fac5fb77bbf83e0070b914c82.jpg,0,11,7
1336,train,train/43e11813c6d7bcef779a1a287edc02c4.jpg,0,6,2
1337,test,train/43e96bafa84091eec856901f949efa05.jpg,0,3,2
1338,val,train/440d5de43270006800efa1caecede2f1.jpg,0,5,3
1339,train,train/44227b3ea199ef4a06524f5c843e2608.jpg,0,11,5
1340,test,train/442c07cd30e5e5acb538377be3dd4051.jpg,0,3,1
1341,val,train/4462595f31d1a2c5aac2b3a8a49536d4.jpg,0,7,1
1342,train,train/4479ab54ba10a7609e2baaf28f04a5cb.jpg,1,0,0
1343,val,train/4492c069f7ada2a19b95a740e9af64e4.jpg,0,7,4
1344,train,train/44999de3c6dd3312011578cdbfc7116e.jpg,0,13,3
1345,train,train/44bee0141a26e62f08e6da00b0dbf165.jpg,0,6,2
1346,train,train/44ca3d27effe04ec7ac6e46ef63099b5.jpg,0,11,5
1347,train,train/44e0f233a3ade73cab164079b182bf41.jpg,0,4,3
1348,train,train/44e4be82a8acb16906b5398bc464b472.jpg,0,6,2
1349,train,train/44ff83f86f81c54ed2540ccddcc68263.jpg,0,10,6
1350,test,train/4500dc880a0978a7a1f91a0be2756806.jpg,0,6,2
1351,test,train/4524f9b0da0eb546173210ef937b583c.jpg,0,9,3
1352,train,train/4529b87e145b07c60ef3c4e3c914dc78.jpg,0,10,3
1353,test,train/45398cfbf0d0f364c24b5d4458df4c8e.jpg,0,5,3
1354,train,train/454d4b20bb55eb38f90fd51706531b9e.jpg,0,7,3
1355,test,train/4552f5fcf83d643416d9da169bfbba67.jpg,0,7,3
1356,test,train/457e53f750c2f152033022e7918cc296.jpg,0,9,5
1357,train,train/458a8766b1f96850e9f893e382058988.jpg,0,6,2
1358,train,train/458c16f2648bd04054649d10a11b9fdf.jpg,0,10,4
1359,train,train/458dac26200d54d8be49a43e001dc7da.jpg,0,4,2
1360,val,train/45be6be8ef7817787b00be04c6fd5286.jpg,1,0,0
1361,train,train/45d77bbb17ed1131a96b6fa31327a9de.jpg,0,14,8
1362,train,train/45f8fd11d471cfb910172d26f8157ee5.jpg,0,17,8
1363,train,train/45fad4fe08460cf9aec10986ba13c582.jpg,0,6,3
1364,train,train/45fe7f662e03438dcf15144ae9d74ce5.jpg,0,6,3
1365,train,train/46355182cba3399f341d1cd6474f45ac.jpg,0,5,2
1366,train,train/464c4f4d94d999777e09aca18e381926.jpg,0,5,2
1367,train,train/4652edceea12613caef68322a7fddec0.jpg,0,11,2
1368,train,train/466b5b5f21f766aecb22148002ff865a.jpg,0,3,1
1369,train,train/46b92bf299d677ff131e33dc85a5b8f2.jpg,1,0,0
1370,train,train/46ddca654164928e6c422e3e2eb24f9e.jpg,0,9,4
1371,train,train/46e487b18e0988c53bf9056bd3689a6d.jpg,0,9,2
1372,train,train/46f3ff375571079569284a232627d27c.jpg,0,4,3
1373,train,train/47062412df3d5cbfe56f5753cfc45035.jpg,0,8,3
1374,val,train/47110277377a779131d0e08d4389a503.jpg,0,11,4
1375,train,train/47188d0c91088558e62b52f1c9f06b0d.jpg,0,13,3
1376,train,train/4719de7513996807940aa3b1bbbb9610.jpg,0,3,1
1377,train,train/4726c4907566b5876c5c1fc7c5e876f1.jpg,0,10,4
1378,train,train/472b196c9371aa9d6e9d23ccf82936c2.jpg,0,5,2
1379,train,train/47322c3b3510df3e395773eca7e06dc8.jpg,0,3,2
1380,train,train/473e37c62215eca1498bf0584e59b69a.jpg,1,0,0
1381,test,train/47413ec6c79b4795ea7849cea26ece84.jpg,0,9,5
1382,train,train/474bbe6ff1f8b29f0e274dc459d95f70.jpg,1,0,0
1383,train,train/474f5063494b22e24a8a4855b080a640.jpg,0,7,5
1384,test,train/475705a8adf676e4f6d9db5296ed2b71.jpg,0,6,2
1385,val,train/4758f12fa97db882fa8b7142014cefb4.jpg,0,6,2
1386,train,train/476d64deaa4b32e9de9a508d3541f5a9.jpg,0,3,1
1387,test,train/477085017102d1d52b49984eb8b65a0c.jpg,0,4,2
1388,train,train/479f688143635e866da68da5dcd88efc.jpg,1,0,0
1389,test,train/47a50643e0ffee2204984ca1ac6bccf0.jpg,0,15,6
1390,val,train/47b5f7251d5c95b57e1fd1263587c2bb.jpg,0,5,2
1391,val,train/47c3488b2b2c3cc1fe426ba89c5ea057.jpg,0,9,3
1392,train,train/47d1e25eede8a23cc44fda5c031127d6.jpg,0,5,3
1393,train,train/47d5d77dd3faf937362a6a8c44c3df6d.jpg,0,15,6
1394,train,train/47ed17dcb2cbeec15182ed335a8b5a9e.jpg,0,8,3
1395,train,train/480fba9f814cae86968210673cab2c61.jpg,0,4,2
1396,train,train/481d58f636bb1d5b6d568e190b172a57.jpg,0,6,2
1397,test,train/4849b3d33dee7a3644c2e5d8b69ebf47.jpg,0,6,2
1398,train,train/484ac8b02e7fdf5807e95774da5f625f.jpg,0,7,3
1399,train,train/485c87f489b33281e4a49e4ac0ceded3.jpg,0,5,3
1400,train,train/485d22df0c99d17579ec2b44799ffb50.jpg,0,3,1
1401,train,train/4869a847a5271f2eeffe65ff1db8a9b1.jpg,0,5,3
1402,test,train/48774729b8921e024731f773e541d248.jpg,0,9,4
1403,train,train/4899401111bd09c261554c3b55009e08.jpg,0,6,2
1404,val,train/48a92383d627a10126b46b6bfae2bdb5.jpg,0,3,1
1405,train,train/48bb4ad46a1a86fd959ddb23e5bf3618.jpg,0,6,2
1406,train,train/48c44319fb3ad32555821ee0c74e6719.jpg,0,17,5
1407,train,train/48e1b4c86146132c1e3b514ab99050d9.jpg,0,7,5
1408,train,train/48e258ce61a71b27f93233e021024be8.jpg,0,7,3
1409,test,train/48e62136c5671259ad62877dfb5339d6.jpg,0,4,2
1410,train,train/48f3a35fcd6c76d5d0ee2d475b3f1f51.jpg,0,5,2
1411,val,train/49067626b247a6e8b9bd7e5b1d776c38.jpg,0,6,3
1412,train,train/49124d28f1789656d1da791c8f60b17a.jpg,0,5,3
1413,train,train/491c13b1c12bb702181d4795d3dd5083.jpg,1,0,0
1414,train,train/492c436c00725c4c909ec6fbc9223b92.jpg,0,28,6
1415,train,train/494ff71dc671dfe9fa10126064b9ce15.jpg,0,4,2
1416,test,train/495111db9d791a4667f35da65361aec5.jpg,0,6,4
1417,train,train/495fcdab0b3ae4e0856700741d4ff17b.jpg,0,6,3
1418,train,train/4972b3b12340e6f5b302c45ac60a1f75.jpg,0,6,1
1419,val,train/497a208d6060186f0bf3d7ebcf57fc02.jpg,0,5,3
1420,train,train/4987937425ec6478ba2f1c7549cb5369.jpg,0,8,2
1421,train,train/498ac0c4815a890629cf509446a47238.jpg,0,39,5
1422,train,train/499bf22f9d6aba3f7da0609d935c9e1d.jpg,0,17,6
1423,val,train/49c28afe8b399952b27ba05c8dd9cc04.jpg,0,6,2
1424,val,train/49c6238789bcdf8f37303fb8f70b7a9d.jpg,0,5,2
1425,train,train/49c82483ac000168b60056b1153c1afd.jpg,0,6,2
1426,train,train/49d5b90070caab91081e5e3b26b1a0f5.jpg,0,8,3
1427,train,train/49ded6fae1ab18e9200f9d9cbf26e884.jpg,0,12,5
1428,train,train/49eebefcfec20d1e94df3fe97f3464fa.jpg,0,6,3
1429,train,train/49ffdc3f7a8d0fc1f91335975ac6b44f.jpg,0,9,5
1430,train,train/4a24da485b9550c8df8b19caff945cdc.jpg,0,9,4
1431,test,train/4a2dec8f7163be64ef67f0d09056c921.jpg,0,8,4
1432,val,train/4a300e435a3290c70193efd5d89c033e.jpg,0,5,2
1433,train,train/4a46cdf01cee2a200f00daedf11576a9.jpg,0,10,3
1434,train,train/4a5732c7b9983cc84c987f27de556a9a.jpg,0,7,5
1435,train,train/4a67efd541f3149e52fc543a33abd332.jpg,1,0,0
1436,train,train/4ac56d1d9d015150191e49197b8ed15e.jpg,0,5,3
1437,train,train/4ac9c86c8538aadbcd05f36516562692.jpg,0,3,1
1438,val,train/4adeb5e5837fa7187535346c27d1afa6.jpg,0,3,1
1439,train,train/4b001bab36d94f73c1ead3ab74690dbc.jpg,0,32,6
1440,train,train/4b33db392748079f75a5250a15840b74.jpg,0,8,3
1441,train,train/4b4502be77b11e64bf31e62dc098da41.jpg,0,6,3
1442,train,train/4b56bc6d22b192f075f13231419dfcc8.jpg,0,12,5
1443,val,train/4b6420b930df7a0b2b4d64fb1be5a796.jpg,0,8,4
1444,val,train/4b6ca2a1a046bd045ea254e6550c8b5c.jpg,0,9,4
1445,train,train/4b8c24a1eaeabd898c28a92d25cc3632.jpg,0,5,3
1446,train,train/4b91d54f3170a9c8a757e6acd6c25588.jpg,0,17,8
1447,train,train/4b9ee23b2f17c3621158a9bef81cf86b.jpg,0,8,5
1448,test,train/4ba255d801f2e52fd54a67d79bd3da8a.jpg,0,6,2
1449,train,train/4ba445edf32750faf59f06cb09f1ed93.jpg,0,4,2
1450,test,train/4bb91fbeec0e58edace928f8b991cdbb.jpg,0,3,1
1451,train,train/4bbfa8505b7fbc0685c14d1003763f9e.jpg,0,6,3
1452,train,train/4bbfc3389565fc0e2617678317127940.jpg,0,3,1
1453,test,train/4bbfe3f248e318444c6628c28c2dbfae.jpg,0,5,2
1454,val,train/4bd2c3d9e7b1e62d3b55d858b5dca1a0.jpg,0,14,7
1455,val,train/4bd71829299b65b9ba7a01ce24387427.jpg,0,17,6
1456,train,train/4bdaa2947c7003aff2cd158ae9e186dc.jpg,0,6,2
1457,train,train/4bdb9e0eb858b60bb9cf97656c5d6130.jpg,0,26,6
1458,train,train/4befb68953c8c713258a3e676d3df30d.jpg,1,0,0
1459,train,train/4bfa2fa5fbcaf56ac690ad40fd74b260.jpg,1,0,0
1460,train,train/4c029c4f3deed9414b157053867709b0.jpg,0,5,2
1461,train,train/4c02da7cd2dc7415b226103114e5aaf0.jpg,0,14,3
1462,train,train/4c08ca0e2bce2f1fc972f5b0b10312c7.jpg,0,4,2
1463,val,train/4c127b111ebdba8c59de22a06ca00a7f.jpg,1,0,0
1464,train,train/4c136dc24756a39edd30f610a01029df.jpg,0,7,4
1465,train,train/4c27e9e5e1f0eccd8fbda6137e6d29d3.jpg,1,0,0
1466,train,train/4c343392ba20dd751dab3f9178bf01af.jpg,0,6,4
1467,val,train/4c4a83fb016a133dcc7a868e7eb229e7.jpg,0,7,3
1468,train,train/4c4cf43e7c8529c430c1d1295fee1784.jpg,0,14,6
1469,train,train/4c5bf28c7cdb9d7c5ac93c78bbd7bdef.jpg,0,6,4
1470,train,train/4c68b98043a1d2f7215d0db1a761bab3.jpg,0,6,4
1471,val,train/4c6b4bdeeca13b091e52dd6d674b90f8.jpg,0,4,2
1472,train,train/4c7d33b4c5bf485af4df30bb8500a002.jpg,0,5,4
1473,val,train/4c8b34b2b49560459f55016cc28a9b4e.jpg,0,6,4
1474,train,train/4ccc63ecf9efef91deef0f5849e3ad34.jpg,0,13,6
1475,train,train/4cccd244506af875fc9d2a32ad2b4b96.jpg,0,10,5
1476,train,train/4cd6ce29c3b6bab1f3f23509644cd626.jpg,1,0,0
1477,train,train/4cdc062257b3f9570bef2afe986605a8.jpg,1,0,0
1478,train,train/4ce311cd58824cdd3b6ca3e0878bb9c1.jpg,0,3,1
1479,train,train/4cf1b1d76ab89d36c71bb2c1cbd4335b.jpg,0,9,2
1480,train,train/4cfcd0c0e7dcd3236b98e3361af8b324.jpg,1,0,0
1481,train,train/4d01d09027d1d1e0513de4c8b4fc20e1.jpg,0,5,2
1482,train,train/4d0acfb4200c0153173d5d9997e6fe43.jpg,0,4,2
1483,train,train/4d314293037f079e4916231d262212d3.jpg,0,5,3
1484,train,train/4d382aae3f8589c113589533ffdb3545.jpg,1,0,0
1485,train,train/4d3a1fe62d0df7015482f6c8429ed5a8.jpg,0,6,2
1486,train,train/4d8a51ab3ebdb9b9f91c373b56b5d7f3.jpg,0,6,2
1487,val,train/4d8fb15d5bf045d6fb3809b305ce9d42.jpg,0,6,3
1488,train,train/4d911f55a3576833aa411f5718c8021e.jpg,0,9,4
1489,train,train/4da6d92e1eeeed4658aaa52ce11fe8f4.jpg,0,13,5
1490,train,train/4db4ecf3e2d32c92cf3f10c7b1643a5b.jpg,0,15,7
1491,train,train/4db77a5ffb5fa45be829a1cb9f6bc281.jpg,0,6,2
1492,train,train/4db7b12c1770b0aef3a1ea88bb95d97a.jpg,0,8,4
1493,val,train/4dba0415612e40d5f6351068afec5188.jpg,0,8,4
1494,train,train/4dc920678507b8b1f441b541c5f7d8a6.jpg,0,3,2
1495,val,train/4dd2565b70e524eeabe9a1c6ce75a3a3.jpg,0,3,1
1496,train,train/4ddc546539907c6884564c6711e6e8f6.jpg,0,4,2
1497,test,train/4de0046df0947c59999ff9fc24c8f1f8.jpg,0,9,4
1498,train,train/4de285a2425fae1e19bb809500afb721.jpg,0,8,4
1499,train,train/4df989ed5a8e07614c7121e0f57ab881.jpg,0,6,2
1500,train,train/4e05e0eb20d51d18764289ce2c240942.jpg,0,3,2
1501,train,train/4e0856fe29f4d2eecc45dcac43c39c1e.jpg,0,8,2
1502,train,train/4e1c7c8139ca923967f318edb0fec0e6.jpg,0,7,3
1503,train,train/4e29508a919faf1d425a6a8c14d7a08d.jpg,0,3,1
1504,train,train/4e39db9ee3a3fa04e219e4649581708a.jpg,0,11,5
1505,train,train/4e3a3b03cf00a9060ac139f57843a241.jpg,0,10,5
1506,train,train/4e64cec5f0f214dd6ab9eb488fe6ddb9.jpg,0,3,1
1507,test,train/4e67e6bf89bc680a13cdf9f72cf99423.jpg,0,9,4
1508,train,train/4e768f77541065c7e5465fc8e049e2d0.jpg,0,8,4
1509,train,train/4e7a534c72ee26ef1610dd6e5c94d246.jpg,0,10,6
1510,train,train/4e7fe9cc13468517b324743c8c8b7b40.jpg,0,12,7
1511,train,train/4e8ff7aae833d90a392038e0469a580b.jpg,0,6,2
1512,train,train/4ea43f30fdd925340ad598bb10028c97.jpg,0,18,5
1513,train,train/4eba4a7398dcb610dfc7bd794e52b9e4.jpg,0,5,2
1514,train,train/4ec0857964d6c66165927a14b9b7f26f.jpg,0,9,4
1515,train,train/4ec2fcd26cb91d4d33596c69c46e0816.jpg,0,8,3
1516,train,train/4ed68446e699393eee15c57b87ab6f14.jpg,1,0,0
1517,train,train/4eed7a6bb03888eade13343f141dd5c8.jpg,0,9,5
1518,train,train/4ef1312ec852f7b0da904d5c023dd763.jpg,0,4,2
1519,test,train/4ef589fee1b30a47d9955e4613cf901c.jpg,0,13,7
1520,train,train/4f15e82336d2e7505d4c9d757d6b1e68.jpg,0,7,3
1521,val,train/4f1aea7b3a7d3d3af2a5367565bc4f37.jpg,0,7,4
1522,train,train/4f3f489a6b0257782ee57deaba29b0d8.jpg,0,7,4
1523,train,train/4f3f5460ae80ab6ec1bf00b33087a828.jpg,0,20,8
1524,train,train/4f55eff35e0c162fcde67c36b159e6c2.jpg,0,13,7
1525,test,train/4f6ce4d52f883da96b68389f0c86a3f5.jpg,0,5,2
1526,train,train/4f85a3489a50abf87136c4544ce8b2ba.jpg,1,0,0
1527,train,train/4f88ef0610cf30530d9492bf9980ffdd.jpg,1,0,0
1528,val,train/4fa30afdf5d4bbfcfd9071e2a56e7a4b.jpg,0,10,6
1529,val,train/4fb8b42ce575d32e3bc864ac4b72b46f.jpg,1,0,0
1530,train,train/4fc9e9141f0c5a009cc703c2390a1206.jpg,0,7,3
1531,train,train/4fd945bbe2d065ec9f58c2e86de2e1f9.jpg,0,3,1
1532,train,train/4fea09c4066a754deae204145651ba66.jpg,0,10,3
1533,train,train/4ffd7c077cbf6ac90d95669b7cb314cc.jpg,0,12,5
1534,train,train/5020b0b92309c84c4db2b6efb0c16e98.jpg,0,5,2
1535,train,train/50297e864bd40ca2a8102013e0a899cd.jpg,0,5,4
1536,train,train/503b8d4fecc9a637a1bb1f088d66b496.jpg,1,0,0
1537,train,train/50625148e666a338a8588bd1b1e0b7f3.jpg,0,7,5
1538,train,train/50708867ca7d310f7a521c99e8404366.jpg,0,15,6
1539,train,train/50723f9ca4e3cc4b33cac5970f8c442f.jpg,0,4,2
1540,train,train/5076848df8fa698b517a34f6a8246d43.jpg,0,5,4
1541,val,train/508083b00dfef2ea10fe2aebee580990.jpg,0,20,8
1542,train,train/508c4c30d17b6c425cecaaa7121c578a.jpg,0,5,3
1543,val,train/50937a47ccac712f2dd7e750207c16ba.jpg,0,8,2
1544,train,train/50b13defc76ed84a3b775856bfda2dfb.jpg,0,8,2
1545,train,train/50d427f8dcf1ce69704b69db12d52192.jpg,0,6,2
1546,train,train/50e578a1af0cba03c513965993b9e5fa.jpg,0,4,2
1547,val,train/50f315c754b3530ac3c9bac3e96b22ac.jpg,0,10,5
1548,test,train/510de55463812cc7e80f16d523892408.jpg,0,4,4
1549,val,train/5110151fc236f15afffe7a5f8b9d7173.jpg,0,5,3
1550,train,train/511b2a7296990326bdc26ed3ca30a329.jpg,0,5,2
1551,train,train/511e8b50c9a7ecee4e1a8621f262e9ad.jpg,0,6,4
1552,train,train/51252d90beb12e47b0684e8673080ee0.jpg,0,8,3
1553,train,train/512e7a3cb8427dccc274f5425a3121dd.jpg,1,0,0
1554,train,train/513203e29fe43941076e37a945e58c36.jpg,0,3,1
1555,train,train/51422a086cffde581d437b25a71f2b20.jpg,0,7,3
1556,train,train/5156d69e540648eb952371ec5c80bc81.jpg,0,13,7
1557,train,train/515fa6a2f756494eb4b19d7248989268.jpg,0,6,2
1558,train,train/5161ae032f0552603b6de965b2bb3e09.jpg,0,11,5
1559,train,train/5164a68ca025b37b2ee9525b66c01071.jpg,0,18,8
1560,val,train/5170326726acc5b2f50c4426417f3b23.jpg,0,14,5
1561,test,train/517f3939a9628db4475c2c0ae39b2d1b.jpg,0,12,6
1562,test,train/5184bc9a54adf7c8cb707c45f21fd741.jpg,0,8,2
1563,test,train/5186303faebc722fd30549bffab17d28.jpg,1,0,0
1564,train,train/51866523926ef3d4f2e969f0c6efb13c.jpg,0,5,2
1565,train,train/51a8a2d913f12d2b39d9fe43fe27aa2d.jpg,0,4,2
1566,val,train/51a8d7259a0a6deac20b7c4979a7e847.jpg,0,6,4
1567,train,train/51b168d29879c8972aa29d9f31f4b00c.jpg,0,9,5
1568,val,train/51b32791c77b71fca56fc28f10ce770c.jpg,0,15,6
1569,train,train/51cc7892a363b3d3479c7b801f7ca53e.jpg,0,6,2
1570,train,train/51cce256c4d5b81a6b65a24cfe7b3ba2.jpg,0,11,6
1571,train,train/51d1cf3040cca32ccbfdb70b95168fbb.jpg,0,6,2
1572,train,train/51df5eca07ab2ddb3be2eeee9a52c605.jpg,0,6,3
1573,train,train/51eb9c41906d5d46d35740f53d37ab49.jpg,0,17,7
1574,train,train/520d974129f659b2ac9588b4f19bc58a.jpg,0,4,2
1575,val,train/5227d616111561c6fa23dbc07cf46929.jpg,0,6,2
1576,test,train/522dea0833b59836405679f464299eac.jpg,0,26,7
1577,test,train/52448f4ee36620bad15bf4c097c6f17e.jpg,0,11,4
1578,val,train/5260bd9fff6293f51f50232b2f0ebdcb.jpg,0,9,5
1579,train,train/52637c1cd09bb2655f4c08aaa698a270.jpg,0,11,2
1580,train,train/5268b1ff61505e50ac05fd430cc45276.jpg,0,23,8
1581,test,train/528b0f9791c96c9cb1b2e4f510223f8e.jpg,0,10,6
1582,train,train/52951d7de2485aba8ed62629eee4d254.jpg,0,3,2
1583,val,train/52979eadb9adb0c1dc9a64fa0d3c4d26.jpg,0,3,1
1584,train,train/529d855ec524ddf484434d90da0e3f4a.jpg,0,15,6
1585,val,train/52a4ee5944586edccdb0e1f25b7a9ef8.jpg,0,19,4
1586,train,train/52ad48bb3bd43f207c56972dbc29ce4e.jpg,0,8,4
1587,train,train/52c85584532b1c23d447ab91ac1787ef.jpg,0,9,3
1588,train,train/52d44d46feb0f3aa85e55476860b3ba7.jpg,0,9,3
1589,train,train/52e2c09b396b3591287d7040a9df8177.jpg,0,13,7
1590,train,train/52fe2f01573413223b1f7edee17de341.jpg,0,3,1
1591,train,train/53023065af5f5dbdc581ae1d01c707ba.jpg,0,4,2
1592,val,train/5308d2b6f06e98bd8e7c16ed6124aff1.jpg,0,19,5
1593,train,train/5318f62ea80235a9cc82ad475d79ee96.jpg,0,4,3
1594,train,train/5325bdc682cf5b460a489405dc2369f0.jpg,0,5,3
1595,test,train/53385a96b1681676153e5e8900eaac66.jpg,0,9,4
1596,train,train/534b124253b5513add03cd3c64d9b5cc.jpg,0,7,3
1597,test,train/5386660b78d301f69d170f83885aafe6.jpg,0,3,1
1598,val,train/53b1a490cd7e3a30e94014bdfd314d14.jpg,0,21,3
1599,train,train/53b894bd3ec511ae4bec7b5b47ce260a.jpg,0,10,5
1600,train,train/53be245b32ccb6e9cfd1bee68969fcd5.jpg,0,20,5
1601,train,train/53c5f82af2582e61a0d2c47c851cc246.jpg,1,0,0
1602,test,train/53ccff63f08af78b59278f65fa89ab77.jpg,0,5,2
1603,val,train/53d0c95f346e365f81fb95c5c6a6d027.jpg,0,9,5
1604,test,train/53d4fbf11ca8be107a343df37ca9eddc.jpg,0,5,2
1605,val,train/53e2a10eb9969b0e336a51d11dda17f9.jpg,0,12,5
1606,train,train/53e93d9f8cf885a55e00079256595a86.jpg,0,28,4
1607,train,train/53f24abf8ff03943c9a413462606cb39.jpg,1,0,0
1608,val,train/53f8a8327590a490890d3d2acfb08dea.jpg,0,7,3
1609,train,train/53fd81f25545667511f292625f390087.jpg,1,0,0
1610,train,train/54122627c6aeed581fde506562a73b2e.jpg,0,21,6
1611,train,train/54220e92c21a62705bf7a124f88f952b.jpg,0,4,2
1612,train,train/542f4583f097667ad5f691085f1da789.jpg,1,0,0
1613,train,train/543278633eea00a31aa950d65ad504c3.jpg,0,5,2
1614,val,train/543c0591a8706112a0e71620509a398f.jpg,0,9,4
1615,train,train/54402d9750c85f0e06e3d9464f6c2363.jpg,0,6,2
1616,train,train/5448e1c9dcfbf590e62b7e862754fbac.jpg,0,5,4
1617,train,train/5450f21b06e8ee3fcdc1375711bc28ee.jpg,0,4,2
1618,train,train/54513c2ba05c261ea2b2a87455634b1c.jpg,0,19,6
1619,train,train/54573b0df6208b2a4b53c2c9c079e1b3.jpg,1,0,0
1620,test,train/545c9dbeb94829f48598298810c03c22.jpg,0,6,2
1621,train,train/5467a3e2ca866b4295b2e73089fec5fe.jpg,0,4,2
1622,train,train/547c05d144ba6fc07c0c4bb052a3baad.jpg,0,9,3
1623,train,train/5480af204701170956ce3d98f363a3c2.jpg,0,4,2
1624,train,train/548bf08ac3fb4268aec314b42911af13.jpg,1,0,0
1625,val,train/548bf1d835906c257ca4557ca44b3e81.jpg,0,4,2
1626,train,train/54c0150631b47cb729930541e54f3deb.jpg,0,6,2
1627,train,train/54c29330c2acd1a534ee949951b7f649.jpg,1,0,0
1628,train,train/54d7976f3b2da92eafd691971f78ea2b.jpg,0,10,5
1629,train,train/54d9b89fd235a6141bc3512482e988a9.jpg,0,4,2
1630,train,train/54e6184c63c75a9695d7effc17969ad0.jpg,0,20,9
1631,train,train/54f9194379210945be0ed72fac357456.jpg,0,13,9
1632,train,train/54fa20d07ac42e467ab67a87cf8563a3.jpg,0,7,4
1633,train,train/54faa310d699dd7d3318ed5e786638ce.jpg,1,0,0
1634,train,train/550b3741c40e9beaddd7aaf69274da50.jpg,0,6,2
1635,train,train/550d073e57548eab1948b707b7a96132.jpg,0,6,2
1636,train,train/551456e08a1327bdba41297c8ebb8c6f.jpg,0,10,5
1637,train,train/55231bc4cc095392e090a72f11ef79c8.jpg,0,4,2
1638,test,train/5539e48e8091eabd708e85ae1a71a22a.jpg,0,6,2
1639,train,train/55502b1d1bf95606ecfb0abb4f1fdd98.jpg,1,0,0
1640,test,train/5562ea946b0ed8574dd20d05a001d6c4.jpg,0,10,5
1641,train,train/5578d9ba48381064e92e7c9198e1f1b4.jpg,0,9,4
1642,val,train/557e3236337cc0a98613a715ab9cde44.jpg,1,0,0
1643,train,train/55a6f35d1fc71adbb833ae726a42e46e.jpg,0,5,3
1644,train,train/55bb2808e74d4d4bfda40275268603a4.jpg,0,5,4
1645,train,train/55e39b1282cde6796b82c6b5019a1fb8.jpg,0,18,8
1646,train,train/55e45c8cf9f997e9970596503683521a.jpg,0,5,3
1647,test,train/55e6279aac033f9a68822a4f84d765fc.jpg,1,0,0
1648,train,train/55e7a17c7a91bf95becd6366d7b93640.jpg,0,6,2
1649,test,train/55f85ec5fcb63977aa18ff153842c150.jpg,0,6,2
1650,test,train/55fb526d34d6a1397c64f537883fefec.jpg,0,10,5
1651,train,train/560284e43ee691bdc27fa34135d9a743.jpg,0,7,3
1652,val,train/56148601578eca84683ee253d6f8833b.jpg,0,7,4
1653,train,train/566150c4fe08a31a5a17d9d9f6c5f21f.jpg,0,9,3
1654,train,train/566706c785a16e57c297029ba11efc2c.jpg,0,3,1
1655,train,train/5673fae597c1b5218f79eead1f413da6.jpg,0,18,9
1656,test,train/56923ac65e4a3bf6e8ec0af530c4a205.jpg,0,8,5
1657,val,train/569f16cfa1a0c9536565c78b092d098b.jpg,0,4,2
1658,train,train/56aac20ce11355082ffffb3d77bd6824.jpg,1,0,0
1659,train,train/56c3324444472cec9277a83158192c63.jpg,0,6,2
1660,train,train/56c3bbef093e2a2601cf4373aac9ff92.jpg,0,6,3
1661,val,train/56dac092c516acffda2ffac85f90e9cc.jpg,0,9,4
1662,train,train/56dd85ec693c65d811902a9054610f8b.jpg,0,16,6
1663,train,train/56e12dd250d23cb2199f1f90eb5a337f.jpg,0,21,7
1664,train,train/56fc900d3d2f8bfec66a7b5577cf2b59.jpg,0,8,5
1665,train,train/56ff7fcebb05ad791d43e5b043f7d405.jpg,0,6,2
1666,train,train/57036d99900dabe66e5294251e3f56de.jpg,0,11,4
1667,train,train/570b01357f936d484c60c80de7c74b86.jpg,1,0,0
1668,val,train/570f86fa3c8923ee5476ac1b1e7485e0.jpg,0,6,3
1669,test,train/5714aea8b5a2d9b030196646842a6d47.jpg,0,22,7
1670,test,train/5719bc77c9b616aab2202280f293699a.jpg,0,5,2
1671,train,train/571ffeb5344b749ef4e99c75b8449a86.jpg,0,11,4
1672,train,train/573b1453639e5e3e842956bbc7048547.jpg,0,16,7
1673,train,train/573ff866dcd6b3a8805c5b87c4df8ff8.jpg,0,6,3
1674,train,train/57415c4992802274b5a54930019c30f1.jpg,0,11,6
1675,test,train/575b98a9f9824d519937a776bd819cc4.jpg,0,4,2
1676,train,train/575c1973c2d617658508d18d94bc2ffa.jpg,1,0,0
1677,test,train/5766dfc49e91557e8cd4a06a406b8890.jpg,0,14,4
1678,test,train/577807f1ee94692b516b0b184b89ab35.jpg,1,0,0
1679,train,train/57850a5fb4ff1a1e8597a8bdea74759a.jpg,0,4,3
1680,val,train/5789e4266faeb45b6a483cff6b83c5d1.jpg,0,5,3
1681,train,train/578ccc9ae139b55ba1aad1a0b657b8d5.jpg,0,7,3
1682,val,train/579ceeec7e5374a80d88551c81db441a.jpg,0,9,6
1683,test,train/57a083a3936273d9308af1bb7c83791b.jpg,0,12,5
1684,test,train/57a11dff1b33a1e011eb9ccd9a2f24cc.jpg,0,7,2
1685,train,train/57b939b0fd7d156a6113a48caad65f0d.jpg,0,6,2
1686,val,train/57c9ecc9749eb1860f37a308d0b284ec.jpg,1,0,0
1687,train,train/57d537d956b0881fda614facacdd4408.jpg,0,8,4
1688,test,train/57d5e49e640aef3fae44cdac47be5ba9.jpg,0,6,3
1689,train,train/57e0f7ded402e2fac6be1f00fd7c0b19.jpg,0,8,3
1690,train,train/57e37e82484254e6826397247ac940d1.jpg,0,7,3
1691,test,train/57ea8252280fae29b410732f1f84bbae.jpg,1,0,0
1692,train,train/582b7c53ef97d1107d527bf23879353f.jpg,0,11,4
1693,train,train/5879d22d9f6aec0ba5d682bcc6131e22.jpg,0,26,6
1694,test,train/587be2890ac536488d3c32debc1c215f.jpg,1,0,0
1695,train,train/587e0e770264b37149a0c033ee33820c.jpg,0,6,2
1696,test,train/5895fa847d7ce6fbc0c1ad1ca998b613.jpg,0,12,6
1697,train,train/589b16dad117199798d05ca550dfcd5e.jpg,1,0,0
1698,train,train/58ab031cf2346b3a7b8fb32fb9ccd1c1.jpg,0,6,3
1699,train,train/58ac0fe8d8c2cf736216f42a31e89e85.jpg,0,4,3
1700,train,train/58bfe68d45f17aae1f4ffb9b5db6d6f8.jpg,1,0,0
1701,test,train/58c124b011089a70e144fcb9d8d1c178.jpg,0,4,2
1702,test,train/58c96358e94c768b0eeb723bf985d575.jpg,0,24,7
1703,train,train/58ce2d9435ef94fcf6fe4eeda8387890.jpg,0,9,3
1704,train,train/58e1820f96aa84a141c9e217c46dfe71.jpg,0,14,6
1705,test,train/58f0f69ce610c51dbecd42b9e83677c5.jpg,0,7,3
1706,train,train/58f1092e67574175f2f17b06b1f66911.jpg,0,4,2
1707,train,train/5933a74d7c042ba8801e604b79c64933.jpg,0,3,1
1708,train,train/5935605beb0f08caeb9ff4481157c520.jpg,1,0,0
1709,test,train/5936f6e1e88d80cfc8b42dd82996b7e7.jpg,0,7,3
1710,val,train/5938d1edca572c6168c83190a35b4504.jpg,0,10,5
1711,val,train/59463dec11bd9627f875e0372d9ce1e2.jpg,0,8,4
1712,test,train/5955a4d3f94e8125db08141bd25a6824.jpg,0,14,5
1713,val,train/59615049fbc2df4b0aaeb3aca6648421.jpg,0,8,3
1714,val,train/59782bef0d73440e75ec2f92b4d4e38d.jpg,0,7,3
1715,train,train/598047ea4f0c2a65a298a50f60f4c7d7.jpg,0,9,5
1716,test,train/5999e9610932a293d57fa921d4a4905c.jpg,0,6,3
1717,train,train/5999f46a39109c9af7dc63e3b580a1ba.jpg,0,7,4
1718,train,train/59a3b8e835e1468ba834b05256198d4b.jpg,0,3,1
1719,train,train/59a7447696c775e5330241645060ad1c.jpg,0,5,2
1720,train,train/59b1dc77610f1c18cf6524b476128321.jpg,0,17,7
1721,train,train/59b55e41fd67eb9e8e3811efba3c032c.jpg,0,3,1
1722,train,train/59d215990b0e15b66e129d47f1b34943.jpg,0,4,4
1723,val,train/59e13a6fecb4e883dee11ec8cbefe478.jpg,0,3,1
1724,train,train/59e1f024cb9e119964b57d942fd72e36.jpg,0,7,3
1725,test,train/5a0fbc7c40ea94bef4c8342d47c05b26.jpg,0,9,5
1726,val,train/5a41618b987898b085e2411532f7b9f7.jpg,0,8,6
1727,train,train/5a43f10c267152bdbf23851b50c1c52d.jpg,0,16,3
1728,train,train/5a58e4e711cccb78407ae86820d643d0.jpg,0,15,6
1729,train,train/5a80ba9453fa7f5833b04190e6f7dbf5.jpg,0,8,4
1730,train,train/5a8231c748478ef6be5055800a2fce17.jpg,0,7,4
1731,train,train/5a8b04bbb49b5883741d4b183182c661.jpg,1,0,0
1732,train,train/5a906d95202259b2e2ac0a2aee8f2f65.jpg,0,6,3
1733,train,train/5a9e67c8d1782a1a1068ba62dc2e34f6.jpg,1,0,0
1734,val,train/5aa1078fe0601b8d13d779ecf83badac.jpg,0,13,4
1735,train,train/5ab46f617dc0db05f4eee6def96c5d6e.jpg,0,5,2
1736,val,train/5af7ba3901d0937dea00f84257c5c8c2.jpg,1,0,0
1737,train,train/5af9cf3407df191a1c8fb59d76593d22.jpg,0,5,2
1738,train,train/5afdc4e7edfdefd26c0c8381ac79b358.jpg,1,0,0
1739,train,train/5b04f2ac084b14227afc7a8a321de6e5.jpg,0,3,1
1740,train,train/5b05df19287bc68ead3011b06492d5e9.jpg,0,14,2
1741,train,train/5b117af61738a1b97e73039969841851.jpg,0,5,3
1742,train,train/5b1670d49882cd6d4718a5bb8616b34f.jpg,0,3,2
1743,test,train/5b1ca661c257f3ab27cb8d43b7770fab.jpg,0,6,3
1744,train,train/5b21cf5288e23f7abc39fc7fecae09cd.jpg,0,7,3
1745,train,train/5b295b1def2ae7beedc752eb0fd668aa.jpg,0,10,5
1746,train,train/5b2e28bd44d10e3e10605d0d95ffba22.jpg,0,21,6
1747,train,train/5b34fd56bddef0fba0a3d88286604cbe.jpg,0,8,3
1748,train,train/5b50aaeb4070f03384ce3173afe0bdcd.jpg,0,10,3
1749,test,train/5b6ac2868f30a56ee492348f8da40211.jpg,1,0,0
1750,train,train/5b6f8c860f1ced753af1ba0f047a99ef.jpg,0,6,2
1751,train,train/5b76b8bc5004e1b673e03e1a5b335034.jpg,0,6,3
1752,train,train/5b914f255801a14edc598bbe7f480f20.jpg,0,5,2
1753,train,train/5ba3c5d4c87aeca558d9f2d452854085.jpg,0,12,6
1754,train,train/5bac140ce817cf691563067d70952e95.jpg,0,7,3
1755,val,train/5bb68aea19f6eb00d28d0e6386afecfc.jpg,0,10,4
1756,train,train/5bbac8d8d5d451761634493ddc1b7f38.jpg,0,10,7
1757,train,train/5bc0153d83e1514ca428123b264a3aa8.jpg,0,7,3
1758,test,train/5bec9b12b354f2d865db06ae323259b8.jpg,0,4,2
1759,test,train/5bf3368744630f459a499ccdccc9cdf1.jpg,0,8,4
1760,val,train/5c0e5d5565e95746f3760193c38a48bf.jpg,0,7,3
1761,train,train/5c10838d84f0c6a1bf21c375100a1e7d.jpg,0,6,5
1762,train,train/5c236bd87dff8c15d259c70b842620aa.jpg,0,11,4
1763,test,train/5c31e0c3f7beb95833196c55509dc127.jpg,0,3,1
1764,test,train/5c42e55309fada027b5bc8dc772ac88a.jpg,0,5,2
1765,val,train/5c5692c89519d119928a04d16613b55b.jpg,0,6,2
1766,train,train/5c6a7334ef6de11f55adff603734e4ea.jpg,1,0,0
1767,train,train/5c6e3e0700cff1f8d88bad0ba40076aa.jpg,0,8,5
1768,train,train/5c76b614df36384b545ed038550794c5.jpg,0,3,1
1769,train,train/5c796eb672128aa15473051998334a09.jpg,0,4,3
1770,train,train/5c87991b2ad944d1a17e2e5b6a09f156.jpg,1,0,0
1771,train,train/5ca166e3c183eed19a435a0db42d9939.jpg,0,10,5
1772,test,train/5cac2353795d14b7b45dc7f755ab4d79.jpg,0,5,2
1773,train,train/5cb875c0e27e2af51deea598506dd926.jpg,0,8,3
1774,train,train/5ccbe9cf1b033cccdd76fd99cc6ccd01.jpg,0,7,4
1775,train,train/5cefd144909538b07270bd3283d567cc.jpg,0,4,2
1776,train,train/5cf657759ffe1c8ad29c2b6938197dfc.jpg,0,6,3
1777,train,train/5d2a481a562112395f28010b079a9cf1.jpg,0,20,6
1778,train,train/5d37206ee0084505c5509d92029ee95e.jpg,0,4,2
1779,train,train/5d3d38eae35191d06fd2a0261fa74934.jpg,0,8,3
1780,train,train/5d4a7daa7e70085f6e5489fff404c1e9.jpg,1,0,0
1781,val,train/5d552285af8132602f23a7951eec8efe.jpg,0,6,4
1782,test,train/5d5a37ba110538a40cbc037126af47d3.jpg,0,11,7
1783,test,train/5d6c0df203f0e3f04467e27507029026.jpg,0,15,4
1784,test,train/5d839d09ab9417b4ea3e6e92961e0747.jpg,0,3,1
1785,train,train/5d8aad3fbe2a422089ebf41678bda3ce.jpg,0,5,3
1786,train,train/5d8c27abe7add51ed3ede20c7d091f16.jpg,0,18,6
1787,train,train/5d911ff93f3820e66d76ffe822300426.jpg,0,9,4
1788,train,train/5d915a93afa7a4d47aeb206eefba2465.jpg,0,12,3
1789,train,train/5da264775732004f1b724b660138854a.jpg,0,6,2
1790,train,train/5da459bb842baf8b844d998f5b6c996c.jpg,0,10,4
1791,test,train/5dcc50d9eb1c4959a2a0dbdf2845ffc3.jpg,1,0,0
1792,val,train/5dd28adf45035593337e0af14785f7ae.jpg,0,5,2
1793,test,train/5de91fab780d937e6cba46c4e807bb12.jpg,0,18,8
1794,train,train/5df359e160b87cd0d9f496a1e6648b1f.jpg,1,0,0
1795,train,train/5dfb216441a8b99cf5e617ba76cf164a.jpg,0,10,5
1796,val,train/5e02cde47ed2fd338141e3dcff3139b9.jpg,0,6,4
1797,test,train/5e06a5e29082d7c841672d9d5ee5173d.jpg,0,5,3
1798,train,train/5e3b89e075787f07cfccd64d9182f149.jpg,0,6,2
1799,test,train/5e3fbd3cf75a49590a141e5aa5572137.jpg,1,0,0
1800,test,train/5e679b95d1ce29e2bb0938b6b305a265.jpg,0,15,6
1801,train,train/5e7edf8a5f636b67a2a854b284360cfa.jpg,0,4,4
1802,val,train/5e808e9cbcb8cb66f3c798e9e5ea4e03.jpg,1,0,0
1803,train,train/5e81bf594edfd5481fc4a2fe942bb0a6.jpg,0,5,2
1804,train,train/5e90e76ac63c847409ad08821c7d5937.jpg,0,6,3
1805,train,train/5ea84b103e1046041d21c48a61e3fcd2.jpg,0,4,2
1806,test,train/5eaf3a8e7bc9dd931af72662081f009b.jpg,0,4,2
1807,train,train/5eb3f5cb8e18778cad831a75d0e74d95.jpg,1,0,0
1808,train,train/5ed9dc88e3fc76c9cb834ed274994ebf.jpg,0,5,2
1809,train,train/5ee7d7e6df4cda91b44134754044751c.jpg,0,11,5
1810,test,train/5f09150b3d82a8e7103c7777278389dd.jpg,0,6,3
1811,test,train/5f21557d7c24e3f023db5c6e866b5119.jpg,0,6,3
1812,train,train/5f39b234c96c89da0f9db28c873b75b1.jpg,0,11,5
1813,train,train/5f4eff3b76151906fe87be784d191a1f.jpg,0,5,3
1814,train,train/5f565b018973e7c70aad47a92a5c14ea.jpg,0,10,5
1815,test,train/5f6d317d6ef78eb1f66b9cf0f0bd8555.jpg,0,12,3
1816,train,train/5f7b80742cd833dcb52b3f2de3de412f.jpg,1,0,0
1817,test,train/5fac617f1ce097354f1a28e8fa5036e5.jpg,0,9,5
1818,train,train/5fb44599ac9e8866dc107e366467cafc.jpg,0,9,7
1819,train,train/5fbe80c51a1b3fb43bb5143803482282.jpg,0,3,1
1820,val,train/5fd4c67e23e05c603525dae871ee1077.jpg,0,3,1
1821,train,train/5fd698415fe157a7bc7fa75a52ecabc6.jpg,0,6,2
1822,train,train/5fec3c0902c51a7a230544f540e2244d.jpg,0,3,1
1823,train,train/5ff1e6bd7cb14179a70db035d3aa6ba6.jpg,0,13,4
1824,test,train/5ff1fca7e25f078c81b1e22a057dcd69.jpg,0,6,1
1825,train,train/5ff9bf9ce4a5732215ab6da888a4a510.jpg,0,5,2
1826,val,train/5ffa2d8c4717aa06a6cdec9f74e775c9.jpg,0,3,1
1827,test,train/600f30b4b9e4eab1d027065d4b0140fc.jpg,0,6,2
1828,train,train/60398630bcbf4f2fa6f5730fd9a9f4dc.jpg,0,7,4
1829,val,train/603b1ac8a6e947e4cb0992dbed44f0d9.jpg,0,5,4
1830,train,train/604340ab6423f81a91ac72182163e9a4.jpg,0,14,3
1831,val,train/604ce8a56fd0539880b17f999ad10468.jpg,1,0,0
1832,train,train/6056fe4eed40998cc745482220bd33a6.jpg,0,7,3
1833,train,train/606147f7461d5d7642f887d6b1b9d16b.jpg,0,12,5
1834,train,train/606765fe716741ebafc722890c81aaf8.jpg,0,8,5
1835,test,train/60679b51d403a3a1fc020a0a86fedd8d.jpg,0,3,1
1836,train,train/6067e2a8536a187d543ebd4fab4af731.jpg,0,5,2
1837,train,train/6072a9325dcf5318517a0696040a9dcc.jpg,0,8,6
1838,train,train/607867449f9bc95be2e163509e254752.jpg,0,3,1
1839,train,train/6081e75c58a050442a9ff3a5a2a51ffc.jpg,0,3,2
1840,train,train/609aa57eca1fce9afb86a341b7b560fc.jpg,0,5,3
1841,train,train/609eb619fc23177db779067b5cc816a7.jpg,0,8,4
1842,test,train/60ba71ee189d4892f99bdbe3fa08f98a.jpg,0,8,4
1843,train,train/60d769f30bc9d356998abeeba51fa6ff.jpg,0,5,3
1844,train,train/60e641e62376dc3cfa71299033535b40.jpg,1,0,0
1845,train,train/60ef7a89da46636e62b8351d15bff6c6.jpg,0,12,4
1846,test,train/60f2171aff3d6e13a8987e59d7a87739.jpg,0,7,3
1847,train,train/60fe9e6fc41b0e1f8be7b7b6b13db5cc.jpg,0,6,2
1848,test,train/610d69d7787f995a196a5d8ea8ed1be5.jpg,0,12,6
1849,train,train/611077472d2fc78135ad2ad32059888e.jpg,0,6,2
1850,train,train/611310e3e1ec37e73e74f1a756b3bb69.jpg,0,14,5
1851,train,train/61306376f68f499c2d6e52b56225012b.jpg,0,7,3
1852,val,train/6137da0107d18f2bc35b6814c0f00ac8.jpg,0,6,4
1853,val,train/613fd7f3a8b48248d4027c90a414ff9a.jpg,0,12,5
1854,test,train/6145c49011a33ec5d61866a3a7085f33.jpg,1,0,0
1855,train,train/614b0af08224c7163278ff78abc8bad7.jpg,0,7,5
1856,test,train/614e79f6a2879432b2af4287d954f98f.jpg,1,0,0
1857,train,train/616f7784ae537b00b14617a57b53de73.jpg,0,8,5
1858,train,train/61a02fd2f3c838c3e5daf2786bb6e54a.jpg,0,6,2
1859,val,train/61b870f53ee51305fca5b584ffaf4a8d.jpg,0,4,2
1860,train,train/61d21c0ea3c0e8904647974163dcbefe.jpg,0,5,2
1861,train,train/61d584d7b486245f3e861371fcf7da9b.jpg,0,18,4
1862,train,train/61d9e4505c1f8391ce055d3ce793a899.jpg,0,5,3
1863,train,train/61dd944679b8bfd6d5f5a84c9e7738e3.jpg,0,5,2
1864,train,train/61e0b38cea96d57adb044ac496e556ff.jpg,1,0,0
1865,train,train/61eda4cf19454682248154196d27cf07.jpg,0,7,5
1866,test,train/61f8bb57e67b95c4555d4427998c0498.jpg,0,4,2
1867,train,train/61fee17f99b29fc46130613d0e7ba7c2.jpg,1,0,0
1868,train,train/6206fcafbe92f484f03def2b5074a8a8.jpg,0,4,3
1869,train,train/62071e073320c21515baab6e5c55ddf8.jpg,0,18,6
1870,train,train/623a14228a9ea0c33a9012c02ef70487.jpg,0,14,7
1871,train,train/624fadcfe3f204dd43ce49bdce00c0f4.jpg,0,13,6
1872,train,train/6253c422540c84bc747b4426ed507452.jpg,0,5,4
1873,train,train/6257b0277b6dc697985febc707d83011.jpg,0,6,4
1874,train,train/62643c38a525c1223f3a836af96f220d.jpg,0,3,1
1875,train,train/62727c1647992609be0ff403bc2362ac.jpg,0,7,3
1876,train,train/6284e06225c1bba8f413896721002e1f.jpg,1,0,0
1877,train,train/62863bee894cbb15f96074e8da760b40.jpg,0,11,5
1878,train,train/628ab07625d7ac80f9c909b4380e75b3.jpg,0,5,2
1879,train,train/628ba9788c00a8fa5fd77992fa9f63ed.jpg,0,10,6
1880,test,train/6290796d31e7984c5bd7dac745d16bc1.jpg,1,0,0
1881,test,train/62b135c34d01b4af10c39d65939d9d43.jpg,0,7,3
1882,train,train/62b2efa946bc993544fe42785b40fcdb.jpg,0,7,3
1883,val,train/62c14fe41339b118b7fa4a0bb569f3f9.jpg,1,0,0
1884,train,train/62fad4135a04319bc5e499828b05ac70.jpg,0,5,2
1885,test,train/630bd57c91d01444795cb63e9efe8741.jpg,1,0,0
1886,test,train/6312578be73812b1634727a012980bc6.jpg,0,12,3
1887,train,train/6314692e3a4f5fc017e052dbd1cd683e.jpg,0,14,5
1888,train,train/63236a382e8f97864ea5af5d1c7a5d5a.jpg,0,3,2
1889,train,train/6324583b0c0d0428991e94d43a9d5d09.jpg,1,0,0
1890,train,train/633440744a1f7413483909dc0af84de1.jpg,0,20,7
1891,train,train/63382fd6688255077d3e61f946fa8c35.jpg,0,4,2
1892,train,train/633a915d9f92edf4edc1c4a85548201f.jpg,0,14,5
1893,train,train/63415dfe4d7eb0c122a6818e84195475.jpg,0,15,7
1894,train,train/6359437f875d6b26535d627e1c2cf31f.jpg,0,5,2
1895,train,train/6371c2201020a3f7e4c5a56f8f7a4fea.jpg,0,18,8
1896,test,train/63803ddfb3ea3bb435ff62c45ba78fde.jpg,0,6,2
1897,train,train/6398a304dcec08b7e3f31d0bdd6358a5.jpg,0,7,3
1898,train,train/639a44bdf6f3cfe5d05f96683604e758.jpg,0,11,6
1899,train,train/639e8235c7931fa2efb4f74bca333e00.jpg,1,0,0
1900,train,train/63a853b45510dfc485c9dbc998539cd1.jpg,0,5,2
1901,test,train/63ae0334ee9804a3bb06d66432fefa26.jpg,0,9,5
1902,train,train/63af905bd663fe539c2b6c3190dd222d.jpg,0,12,4
1903,train,train/63ce5324b5bcb2e4c556a6112dead354.jpg,1,0,0
1904,train,train/63cf713d392ce347a329b20e8bd4782b.jpg,0,14,6
1905,train,train/63f24af3bd9f735911958c1190306af1.jpg,0,7,6
1906,train,train/642617909307cc0ba39930495ed65a41.jpg,0,18,7
1907,train,train/6452a9e9489dadc789cb44af7d3dadab.jpg,0,6,3
1908,test,train/646728c609148567b18df0b37a9f8ec5.jpg,0,8,3
1909,train,train/648e0c26a323b1050a5d4ad9c57d6257.jpg,0,9,3
1910,train,train/649ec80ede7722141ecea3c810107176.jpg,0,5,4
1911,test,train/64a46917dfbd81f3747a1635f47f622d.jpg,0,11,4
1912,test,train/64b17a1d9119aa0a4df55d164eae856b.jpg,0,16,8
1913,train,train/64bb0c2fe03598b5b9c90ddc2f68eaeb.jpg,0,5,2
1914,train,train/64c4cafb533cc198f91e6ddbddee9a0e.jpg,0,8,2
1915,test,train/64e323f8638652f7bf813a933ebcbf07.jpg,0,3,1
1916,test,train/64f09bf84016428dd43f8984b2c303f7.jpg,1,0,0
1917,test,train/64f4fa78d723ad71e2422bc74bcd38f4.jpg,0,11,4
1918,test,train/64fbc7536c3e0b4609b471e2b8a1f54f.jpg,0,5,2
1919,train,train/64fd03319a30c50cfa302fc5457baf3f.jpg,0,6,2
1920,train,train/6503bb06d6f9dc44244a562742a16c97.jpg,0,5,3
1921,train,train/6544852e523b70450c51b767f71eb275.jpg,0,9,4
1922,train,train/654957991bdf2ede340cc5335285be5f.jpg,0,10,5
1923,test,train/65591c33ed8729b0ed1eebf4f59e418b.jpg,0,7,3
1924,train,train/65624a2cdd11858b1ebadc900859214d.jpg,0,4,3
1925,train,train/65629f1b90ec2b7ccc093f8ddfd6a992.jpg,0,3,1
1926,train,train/656744b811b1f0e3c65dd457b3cd8cd9.jpg,0,5,2
1927,train,train/6567f32646a35e8a0841790870de5c7a.jpg,0,6,2
1928,train,train/657d78347d17af866338af4f1dab0c71.jpg,0,5,2
1929,val,train/659c6031ed4b7d875e5e14662eb50bf2.jpg,0,12,6
1930,test,train/659da0929f184579263a7a070729008e.jpg,0,6,2
1931,train,train/659e8fa4b3d038c98fbfc0ab4cfcd411.jpg,0,22,6
1932,val,train/65ad4fb69f36c807fce87e66a1c6533d.jpg,0,3,1
1933,test,train/65bf4d6bc6fcf6a912ef3ec74bf9e35c.jpg,0,8,4
1934,val,train/65c9045820f5c8bb44b60cbbf5402d29.jpg,0,7,4
1935,train,train/65dfd8ef3a4201185c6fd6e9135cb20d.jpg,0,6,4
1936,train,train/65ea8c1976e3b9d6da2bd3f377a89519.jpg,0,3,1
1937,train,train/65f02d75dda093dfaf39ffaec74c5f56.jpg,0,3,2
1938,train,train/6605faf598579d666064f0a09cee2557.jpg,0,4,2
1939,val,train/660d934ad8ecf6701af7eb703e1cb4c8.jpg,0,5,4
1940,val,train/6612d7f6119514cbeda6de56571d9f84.jpg,0,6,2
1941,train,train/662fe30af3399b56c1579e95b0c6c87e.jpg,0,17,6
1942,train,train/66332eb5425bcdc6854aae970cc656b9.jpg,0,16,5
1943,train,train/66396f621903b00a1b7e1f54c8e5e8b3.jpg,0,5,2
1944,train,train/665ba9b5664d7055c1d0ac1a44ea1ea9.jpg,0,8,4
1945,train,train/6669f6481deca63ed9c421d5ac012c76.jpg,0,6,4
1946,train,train/66728ec6afc52c3ebc77242449757162.jpg,0,5,3
1947,train,train/667a27b0998f298db945ff935be9dd29.jpg,0,8,3
1948,train,train/66856d8ef0cf387346c195d4e4adcf1a.jpg,0,11,5
1949,val,train/6692df8a8c5f641eff181a2f589bfe80.jpg,0,12,5
1950,train,train/66a1a5d0239bd22d299a1e1333ed5d0b.jpg,0,13,4
1951,train,train/66a42146929520fe337cad37816f4384.jpg,0,7,4
1952,train,train/66bbea98f2c63f90d2c6e0d6792cca54.jpg,0,5,3
1953,train,train/66c03db83615b5c925b5bbdcd4a3c326.jpg,0,6,4
1954,train,train/66c570971c7df4782e3dfb9e74f0dd1e.jpg,0,6,3
1955,train,train/66ca165889a2837cc8534141b6441976.jpg,0,4,2
1956,val,train/66cc79784846f7ec74c4ced47c244b24.jpg,0,9,4
1957,train,train/66cd940a7bbf8b37c6abecc0a4004661.jpg,0,6,2
1958,train,train/66d058ae8aa6b41111cab2259989eddb.jpg,0,6,2
1959,train,train/66d28ab317b915eb7a400ad4a005ebc0.jpg,0,11,4
1960,test,train/66e2d822ac451ea21fcfa3182c56a651.jpg,0,6,3
1961,train,train/66e47c15c146fd0f6fb29adf167532ee.jpg,0,8,3
1962,train,train/66fc91228ec5c614305dd54706f73f80.jpg,0,20,8
1963,train,train/670c2ddd42c86d8502924bd453b969e4.jpg,1,0,0
1964,val,train/672ece5866dfa259ad2cede3afd0d41f.jpg,0,8,3
1965,train,train/673f5442a2c3f1b012fcb0efa77527af.jpg,0,10,7
1966,val,train/6747991aa8970e35ec44fe90b309d627.jpg,0,9,5
1967,train,train/6747f99ef0ff341a8b25787e3436db5c.jpg,1,0,0
1968,test,train/67533fa705019e473c1609ec6ed294d8.jpg,0,9,5
1969,test,train/675d4dfbc02d948b3be479815f560c2e.jpg,0,15,4
1970,test,train/675ffaef18559ad337d8abb65ee44624.jpg,0,6,4
1971,train,train/67635e3e25dcca671541a531ca2b4d0e.jpg,0,5,2
1972,train,train/678219cc34c08e4b184dbe73ef52a680.jpg,0,8,5
1973,train,train/67923e1fdac310042f5feb9f788839bf.jpg,0,11,4
1974,train,train/679bff232ad7e9f8623bcd61e7812bab.jpg,1,0,0
1975,test,train/67c83db34f74fb6203fc52f789ec3a31.jpg,0,13,8
1976,train,train/67cbbbc94027667fe9fe8fe6ea07f9a2.jpg,0,6,3
1977,train,train/67cfebc952a1751733ad336895f0d73c.jpg,0,5,3
1978,test,train/67d4cf6415b37f5a0950ac53897f3d3a.jpg,0,4,2
1979,train,train/67d6d106da8aa96f4368d7cc11624f7a.jpg,0,7,3
1980,val,train/67d78accb5656a6e435a912ca941c27e.jpg,0,12,6
1981,val,train/67e142bee76b89f0ca09bab8d7adaa2e.jpg,0,4,2
1982,val,train/67fbc13add44ab3cafafb5be3ce3cafc.jpg,1,0,0
1983,train,train/6807503ed8ab156abd8b43ee6bc4be75.jpg,0,6,2
1984,train,train/680991cadaa23df90e27c5c89941b917.jpg,0,3,1
1985,test,train/68122971781f688cce53b8700e0da080.jpg,0,3,1
1986,train,train/6818b9a73dbaf129b63a2848ac1e576f.jpg,0,12,5
1987,val,train/68194ba7f002feafff03a21625a07305.jpg,0,10,4
1988,test,train/682008cffca1751980b4010f4e82520d.jpg,0,12,4
1989,train,train/68291bf070ea8be26049e41d95b1bd25.jpg,0,6,3
1990,test,train/682b61023d547b7b92f47dfdea263775.jpg,0,13,4
1991,val,train/6833c509c10b569d6167db70b83ee5d5.jpg,0,22,8
1992,train,train/68389e585575ff6e536f3fbff8101474.jpg,0,13,6
1993,train,train/683ec9af11ca7fe33686ddce989d3768.jpg,0,3,2
1994,train,train/684626e9ab3384984e4af5ede3a0e6aa.jpg,0,3,1
1995,train,train/68626e0f21d8b844329c9cba44ff28eb.jpg,1,0,0
1996,train,train/686af368e33eea31228b8634c5947f6c.jpg,0,6,2
1997,test,train/6899d63a9d60ee219291ba61f964dbcc.jpg,1,0,0
1998,test,train/68ab5b60e34d374002405dfe7f14b7ff.jpg,0,10,4
1999,train,train/68ad460a32591dc2d5d522e9c913cad8.jpg,0,6,2
2000,val,train/68bf44155e1e9cd26c7ac566d5a02289.jpg,0,5,3
2001,test,train/68c396ded603aae07cb3027b1d2e8a90.jpg,1,0,0
2002,test,train/68d2d4cacb8e7d2b125fe18516356777.jpg,0,7,4
2003,train,train/68eb45dbf790f2f829d8c6a8690b0d25.jpg,0,12,6
2004,train,train/68f7ee667e33c638abc21bcd543ad9d5.jpg,0,15,7
2005,train,train/68fb6b382475cacea88d364da1730d34.jpg,1,0,0
2006,train,train/68fcd04c343c408db5acce03b38c2e1e.jpg,0,8,4
2007,train,train/6900482a91a538ead56b483f77bcf289.jpg,0,4,2
2008,test,train/690a74b4ebf969fbadc5ad0a1187968d.jpg,0,12,5
2009,train,train/690becc033b4b41fc20572d5f7f13359.jpg,1,0,0
2010,train,train/69264b8eef78c43726b78a6fba59d962.jpg,1,0,0
2011,train,train/693008c77b426c4afc45e990f5f07287.jpg,0,10,6
2012,train,train/6935c5330b07eb6492d228b1e1a740a5.jpg,1,0,0
2013,val,train/693a01d0401e233e4f6bd441542dc424.jpg,1,0,0
2014,test,train/696214f9b38c455d2b867484da3570d8.jpg,0,7,2
2015,train,train/6974b05fb97620ec153a9eb3200db4eb.jpg,0,9,4
2016,train,train/697c98dcc1457ad774db7b42a4e1e8b4.jpg,0,9,5
2017,train,train/698f2c03335010d2ff0a30798f8c2e08.jpg,1,0,0
2018,val,train/6993fe34fd90adcbbfe75229f5e22306.jpg,0,4,2
2019,train,train/69972b49aac9f4aea137e51984cf8691.jpg,0,12,8
2020,train,train/69a2762d9ad4e34d46a08a58596a71e9.jpg,1,0,0
2021,val,train/69a3e19744062d97e679adf184b667c2.jpg,0,3,1
2022,train,train/69a4c5a42437d7d7f8cf80a8e0402e15.jpg,0,5,2
2023,train,train/69afc1cd6a3209dfc08651a43e7628fd.jpg,0,5,2
2024,train,train/69cb46ac057f1c04cb0a582fcf2f8b96.jpg,0,6,2
2025,train,train/69e693c4c5f1f8ad419b1d2ed43c7375.jpg,0,5,3
2026,train,train/69e956035a447c4d4f4d28e13ed92dc4.jpg,0,11,7
2027,train,train/69ea3cb5de2b638097e68aa955ad1087.jpg,1,0,0
2028,val,train/6a0cf3914af765ef60fb7682f4c53cf8.jpg,0,3,1
2029,train,train/6a0da094696816e8ccc92c81602173d1.jpg,0,10,4
2030,val,train/6a2119f5509f4f9b7811ff4e7d786a62.jpg,0,7,2
2031,val,train/6a21c27cbd42e68576a134fca3c0266e.jpg,0,3,1
2032,train,train/6a226af290752e9d60405e5a5a18e90f.jpg,0,4,2
2033,train,train/6a245106cf0448251656a6a0bd6aebd5.jpg,0,6,3
2034,test,train/6a29cfd596229d4ac24ad8cbaa103c11.jpg,0,8,3
2035,train,train/6a4b3bf66d8876480d5ea698d3f9304a.jpg,0,9,5
2036,train,train/6a4f9965e83bfad45d66d4afa5d28cc5.jpg,0,9,5
2037,train,train/6a53a62b736fb59c4e2c35f99778656f.jpg,0,12,4
2038,train,train/6a5a92798a840e7b12533ada2e2816cb.jpg,0,5,2
2039,val,train/6a69a393d7beccc1043d5ee8cf0517d4.jpg,0,8,2
2040,val,train/6a6d716b650b15a1babbcd82ca95d76e.jpg,0,5,3
2041,test,train/6a731afa074fdf826107fa38023459a5.jpg,0,10,3
2042,test,train/6a770deeb23778c30bbf5dc7d00f75c4.jpg,0,10,4
2043,train,train/6a956ce4e56235dd8de081a965a36c2a.jpg,0,17,7
2044,train,train/6ab69f995bbbc0522d8819fec2cf1d3b.jpg,0,8,4
2045,val,train/6ab95c0f04cb1c61e635ba82b76df6b9.jpg,0,5,3
2046,train,train/6acc13406eda521dedfca734ddbe3e25.jpg,0,11,7
2047,test,train/6ada6149fec45a9046dbfe15e3459ec8.jpg,0,25,7
2048,val,train/6ada8f68e2f901b30feb74aaa0c32ba4.jpg,1,0,0
2049,train,train/6ae2757005410f45933298a2bd5d7f50.jpg,0,9,5
2050,val,train/6aee48100cc84e8ce9fa362fbac6113b.jpg,0,5,3
2051,train,train/6b2b72d289bf26b3aaf41548df0ab160.jpg,0,3,1
2052,train,train/6b3c9e72ced5b7a5f40029e034ab6cba.jpg,0,3,1
2053,train,train/6b49f9a611fb606933242b3409569497.jpg,0,9,4
2054,train,train/6b6f79dad019a4dee92fa35456f75a48.jpg,0,23,7
2055,test,train/6b7630266dc2abd86de6c994308a4986.jpg,0,6,2
2056,test,train/6b86fa23bbe9974e31308a8e4543b1b6.jpg,0,6,3
2057,train,train/6b8bb3a6cc110df0f2e182c1db0b4b21.jpg,0,10,5
2058,train,train/6ba7995f98e1c9c494868133536edf13.jpg,0,3,1
2059,val,train/6bb053f269fb54485e70eb65424578f3.jpg,0,5,3
2060,train,train/6bb0f4c7693b63f01ca906e712abd4e3.jpg,1,0,0
2061,val,train/6bb7769006f10cb8681b95246a90902c.jpg,0,7,3
2062,train,train/6bd56b4aa9ff512573b799ddb4c7deac.jpg,0,3,1
2063,test,train/6bfb85750420c5ee853ad5372dcfbd76.jpg,0,14,3
2064,train,train/6c07e9a9fc06aa20e54a83cded97aa7a.jpg,0,6,4
2065,train,train/6c08a98e48ba72aee1b7b62e1f28e6da.jpg,0,16,5
2066,train,train/6c28ed764e181113c90d167b3a2db3fa.jpg,0,3,1
2067,train,train/6c35a010256b29d6db4956f5bffff4a2.jpg,0,22,8
2068,train,train/6c36bf0795da73a547d0a6269c33daf6.jpg,0,3,1
2069,val,train/6c45f970e82a55ffca6f7259d82197e7.jpg,0,8,4
2070,test,train/6c4b3875e507999d883e7bda6428fa30.jpg,0,7,5
2071,train,train/6c4b78e706f33af6d0561c990df490b0.jpg,0,8,3
2072,train,train/6c52edbfaea1be8334fd862161a8f4e4.jpg,0,9,5
2073,train,train/6c6266968277d8d98717a106dfb716c3.jpg,0,9,6
2074,train,train/6c62972a4eeaf465e0461d4d74394366.jpg,0,13,5
2075,val,train/6c63a1225abbaf4be97d520df64d9125.jpg,0,9,4
2076,train,train/6c6443feb73c8113601be5a01242447d.jpg,0,6,2
2077,val,train/6c7168280c801ce96908597527695ab5.jpg,0,9,4
2078,train,train/6c7235e58f45b35fa517bb1a855f7504.jpg,0,11,5
2079,train,train/6c79f2551808438721052023e043ab4d.jpg,0,10,8
2080,train,train/6c825d5c6349fcc2a6d6af5b13e470b6.jpg,0,3,1
2081,train,train/6c8d15e1aadce8cc5dc0a4b719818a4c.jpg,0,4,2
2082,val,train/6cacb05336c1725300d12e762cca0fc8.jpg,0,7,3
2083,train,train/6cb28973ba5bf897b5c1ef88c79c47c2.jpg,1,0,0
2084,train,train/6cb76e80cd8312a6cb453b11d5ea44f8.jpg,0,6,2
2085,train,train/6cbdc71410309c03dd894fa3470f7b8d.jpg,0,6,2
2086,train,train/6cde3166d972c7b9ceff0e6099d4e374.jpg,0,10,2
2087,train,train/6ce61a39f1e1bff629566de047ab8775.jpg,0,7,5
2088,test,train/6cf076d01340d69f77857cd4708692d1.jpg,0,5,2
2089,train,train/6cf0ce690ad8348d8c44c689aed97836.jpg,0,6,2
2090,val,train/6cf0ea4eb8810156bfb48f5a7dbeffd3.jpg,0,23,7
2091,train,train/6d08a56a5d1e0918469413c81abc33bc.jpg,0,6,3
2092,train,train/6d1ae9283e8be51b5057a189f53bef03.jpg,0,5,2
2093,train,train/6d2ea40c6bdeaf8c3c7be4ae9125834e.jpg,0,9,4
2094,train,train/6d3451478ca527968706d5075d5bf0ce.jpg,0,8,3
2095,val,train/6d3cd7503968e1d95d46dccb35e6b617.jpg,0,3,1
2096,train,train/6d55788f759da917cf8b89f300764dee.jpg,0,10,4
2097,test,train/6d58e4bb28efa358fbce1c94e6b15efe.jpg,1,0,0
2098,test,train/6d5acf3f8a973a26844d617fffe72998.jpg,0,46,7
2099,train,train/6d6746496137a10dbfbb4019c47174c0.jpg,0,10,4
2100,train,train/6d80520d7518642b92a089b028407104.jpg,0,7,3
2101,train,train/6db40e2b46792eab40dfdfff3b29a760.jpg,0,3,1
2102,train,train/6db6e5b15b7497f9179ec06fb3723d5c.jpg,0,8,4
2103,test,train/6db88a54762f5e34ce31d2f43deb812d.jpg,0,6,3
2104,train,train/6dc197d0503400617170a11ab7812d73.jpg,0,11,5
2105,train,train/6dc207746578921c58e86d97b78534bd.jpg,0,8,2
2106,test,train/6dc54c273e24de333f3fdd060f74faa1.jpg,0,5,3
2107,val,train/6dd1a29dcafeb9545da50d85324bb781.jpg,0,5,3
2108,train,train/6de2efbed6b23441ab46cbcfa980e4bd.jpg,0,7,3
2109,train,train/6e004d77616aa8546ed689d9360e1080.jpg,1,0,0
2110,train,train/6e0dd61ae870e3b4f5701af4d7cb5b8b.jpg,1,0,0
2111,train,train/6e10d8c0ed42868404c04889240d3693.jpg,0,6,2
2112,train,train/6e11ca52ad7ea9add47da7eded8efe03.jpg,0,8,4
2113,val,train/6e1a6f52b179c14edd1af37ead978cb2.jpg,0,5,3
2114,train,train/6e224b4caf02b51618bda425011636f2.jpg,0,17,8
2115,train,train/6e26e1092a0297a1cbf0a867e3b90326.jpg,1,0,0
2116,train,train/6e2a38e4cc5b4cd14dba22285a5cd210.jpg,0,3,1
2117,train,train/6e2c5ac0b017ee374840d5ad3aba3629.jpg,0,8,3
2118,train,train/6e395f737d2b004443f033eb9ad7ba17.jpg,1,0,0
2119,train,train/6e3dce43de58cedd6cca477f98b6c94f.jpg,0,7,4
2120,train,train/6e4391555899c8474c4d32f42b2ba21b.jpg,0,24,6
2121,test,train/6e45dcf215f6474234248ad70fb897d1.jpg,1,0,0
2122,train,train/6e469682b53c4c558e23632c4c7e4fe5.jpg,0,13,3
2123,val,train/6e47a3c35eecd25bf915998f192b32d1.jpg,0,8,6
2124,train,train/6e48149a34ba1700f265b5e7d9fe0cd1.jpg,1,0,0
2125,val,train/6e4915e84e38de5d90efe0ecfd8f2cf6.jpg,0,29,9
2126,val,train/6e5776831430f043f18d70c93239457a.jpg,0,3,2
2127,train,train/6eae1d4353b0a57087ca071556aef1ec.jpg,1,0,0
2128,train,train/6ebee97d53199fb6126b8eeb2acc7f44.jpg,0,10,3
2129,train,train/6ece94f09d405a17472ba1cf4471e548.jpg,0,6,2
2130,train,train/6ed2ab0e4ba47734a7b2a47deff243c1.jpg,0,4,1
2131,train,train/6ed469a35361b49e04971347281bc312.jpg,0,7,3
2132,train,train/6eeead238ec804ca607534249350bcf8.jpg,0,11,5
2133,train,train/6efabbfe08d43653606d7b16c5ad264d.jpg,0,6,3
2134,train,train/6f322939176779d7af4f7c76701fa91d.jpg,0,6,2
2135,train,train/6f5f1420c9f88f1ec8b886e3700410f5.jpg,0,7,4
2136,train,train/6f79bc390fe626dd3ad6a8cb36116254.jpg,0,5,2
2137,val,train/6f81359c392e30ddea9260b22d732e69.jpg,0,11,3
2138,test,train/6f873f0a401ca124ae1e125f081b591e.jpg,1,0,0
2139,train,train/6f8d6f377c0d4ffcf13554466668be5a.jpg,0,3,2
2140,val,train/6f8e0af5fff2c4c45f6eb841a4221235.jpg,0,12,6
2141,test,train/6f9c69586ff53e488b23e7bb6b0556c5.jpg,0,6,2
2142,train,train/6fa0ca0396d8c8dba1dc037d2d882947.jpg,0,5,3
2143,train,train/6fa721dbeeea8b191be3336226a2d3e8.jpg,0,7,3
2144,test,train/6fa7dad34b96816f31cc091a0507bbdd.jpg,0,13,6
2145,train,train/6fb55d54b54b05b50913b456d1b5d0cc.jpg,0,11,7
2146,train,train/6fbeb3ec1ec16b267f98fc12cbab9b6f.jpg,0,7,2
2147,test,train/6fe8a6cb3929ebdfa1cc078b0318e363.jpg,0,19,7
2148,train,train/6feeabe1a1221a8a4da9560cc86157ed.jpg,0,8,4
2149,train,train/6ffac7a192bae8415d98c6d03ee4ee2c.jpg,0,5,2
2150,test,train/70050ec61a0f61030b7ce001eab0fefa.jpg,0,11,5
2151,train,train/7019341063506a9850df00a5bcf46efa.jpg,0,4,2
2152,train,train/7021edd61c6640c497c774e6ef61e491.jpg,0,7,3
2153,val,train/703637c0369923222e87e31bb7477b4f.jpg,0,10,6
2154,test,train/703a96532637528e3aafb5f5668186cb.jpg,0,8,4
2155,train,train/703e3e8b33821c0b0553c5d534a5419f.jpg,0,7,4
2156,train,train/7041c4545b91fb9fd032398c297fd992.jpg,0,6,3
2157,train,train/7043451da60cb89537435829965759c3.jpg,0,7,4
2158,train,train/70485d0ffe6e2b1d90b6127c5c023f18.jpg,0,17,6
2159,train,train/7052aefb2cae8274a2dedc9e21714d96.jpg,0,6,2
2160,train,train/705ac59fb56577d3db10d09dc5b3f3b3.jpg,0,3,1
2161,train,train/706e9e2d05f37843759f3e1da02f2d6c.jpg,0,9,4
2162,train,train/70822307bc21273a21e4a57632f55a0a.jpg,0,8,4
2163,train,train/708249b5f1cff1ae05f850da5fc2b625.jpg,0,10,3
2164,train,train/70bb28b860c2c597900d4a0722cf53a7.jpg,1,0,0
2165,train,train/70c57f59ed881d79ba9c1071b605c42f.jpg,1,0,0
2166,val,train/70dc4cdf5377a5daa9628a456390ed93.jpg,0,9,5
2167,train,train/70e09b0d52ed4571aa953c4d844bc5cb.jpg,0,10,5
2168,train,train/70e621d1855d992b74df22c66021b25d.jpg,0,4,2
2169,train,train/70eb6d92bf0c7e35e0d55e17d00629fa.jpg,0,4,2
2170,test,train/70f135c5319675c02b56fc5b82df7c09.jpg,0,3,1
2171,train,train/713f94c56bcf0a3622522744fb0d24d7.jpg,0,9,4
2172,test,train/714e4c788c40892e9a5500e4fde9c753.jpg,0,12,6
2173,train,train/71511f823c4664475131c1519d9bd0a8.jpg,0,6,2
2174,val,train/715278d742ca1d668e20ffab02e7fe36.jpg,0,3,1
2175,train,train/717b848dae42dc6c33d6d3a5754e690b.jpg,0,15,6
2176,train,train/719182f814fc1a742e0fbc1a751f6af7.jpg,0,8,4
2177,val,train/719962d2d347b4d5a6641074d75b78ad.jpg,0,4,2
2178,train,train/719ef3ece6314f7962ffe89cfd4cdb7f.jpg,0,3,1
2179,train,train/71a5a3f60976a7b46875a26dfd7a669e.jpg,0,6,2
2180,test,train/71ab1b7b29ed23f9c8a5ad1db0e2cbf5.jpg,0,6,2
2181,test,train/71bb412dd9f1550f447ce895f400599a.jpg,1,0,0
2182,train,train/71cfb66b2166800fae0283d2f28b0902.jpg,0,11,6
2183,val,train/71dadd60877ab8a22b3d5075c40415c0.jpg,0,4,2
2184,val,train/71ddd7f7b44aa49dafb8410e8d542ffb.jpg,0,4,2
2185,train,train/7216517a6e4daf3bd95b7b065dac16dd.jpg,0,10,5
2186,train,train/7225983eb43be7f2dcb9e75381a8f3e5.jpg,0,5,2
2187,train,train/72264a7633d9eaa863732d9d18658516.jpg,0,6,2
2188,train,train/7237fe007c5cab239011e89137eee3a7.jpg,0,10,5
2189,train,train/723a57bc840fd54341f543c2832ad6a2.jpg,0,4,2
2190,train,train/723aaeb1fd6c8333089f301b1f9620e5.jpg,0,6,2
2191,val,train/723f93a3f0e3905c498839d23b961631.jpg,0,4,2
2192,train,train/7245fcab6a98659146972d983aa01c6d.jpg,0,10,5
2193,train,train/7253800842122c9e6e95878b46008f54.jpg,0,4,3
2194,val,train/725d3455da58a90c17e5eba4b4520e97.jpg,0,9,5
2195,train,train/72a03107b8c5fffea70fb4d36ebeecb8.jpg,0,8,4
2196,train,train/72a60e1680fed635062ad42bc5df893d.jpg,0,8,4
2197,test,train/72a8690f81423e91e710088e939dd664.jpg,0,6,2
2198,train,train/72bce8eed8324b1544f1698f56a2b0ba.jpg,0,18,6
2199,test,train/72d2a32355662fd12a16420bd689bbf9.jpg,0,6,2
2200,test,train/72db011d874a7d2151f75b4f0ae679b2.jpg,0,15,6
2201,val,train/72dba276d1673ef009c04d2c8a7e3238.jpg,1,0,0
2202,train,train/7307f00233a2858176b4b8c93213d7de.jpg,0,6,3
2203,train,train/730b58517ca8b274e1b66e87c723c003.jpg,0,8,2
2204,test,train/7310cb76b0642a868c3eb66ce74e7d70.jpg,0,4,2
2205,train,train/7324c001e2512d3ea9197b0151c6c1b0.jpg,0,9,4
2206,val,train/73389cedf5cac39b292141ad966adfcb.jpg,0,10,6
2207,train,train/7339f20488fdc162a8b06c2d8c887277.jpg,0,5,3
2208,train,train/734bbd50e6a2265ae0092510852c9c24.jpg,0,18,9
2209,train,train/735023a2b17a5222636abc2784772804.jpg,0,11,6
2210,test,train/7355afc2a3a775378d54578397734408.jpg,0,5,2
2211,train,train/736548ed94e659b342a15a4b32e71a1f.jpg,0,17,5
2212,train,train/73677ea9100c2fc6b88ba7442c90bcf9.jpg,0,21,6
2213,train,train/7379ef3f7d2f47ad02a272c056215448.jpg,0,6,2
2214,train,train/73a09e14492d3c6c579a48507303431b.jpg,0,7,4
2215,val,train/73bc384e1f0ca88f3bcb2b5c6a8584f1.jpg,0,8,4
2216,train,train/73ca5ade271925fe03782a52a85f75b2.jpg,0,10,5
2217,train,train/73d406f3aaebf4b2d07e73a87ebff608.jpg,0,6,2
2218,test,train/73dcc0c151e92d0090c75815c315ba83.jpg,0,8,4
2219,train,train/73e54ffef4d7e3de197b530d4f1ae026.jpg,0,6,5
2220,val,train/7413687c59af03d7aa10a04225d1ac52.jpg,0,6,2
2221,train,train/74292e695d6b5868b89acf26363ee93e.jpg,0,14,7
2222,train,train/742d73529266f013bbbcdf0f2bf9d218.jpg,0,5,2
2223,train,train/7430af9cdc5fa56f86d71b66a837390c.jpg,0,3,1
2224,train,train/74335ad1e0f78abc3b8d9c4d3380b5be.jpg,0,5,2
2225,train,train/7433f75def4589a4eaaba2cc947af95a.jpg,1,0,0
2226,train,train/743601b5826b3d21eab4b1b90ed73bc3.jpg,0,3,1
2227,train,train/7444ecc98d1984f4e864b265857bda11.jpg,0,6,3
2228,train,train/745101df234416c1912639f9aa4816bd.jpg,1,0,0
2229,train,train/7478eac70ba86cb5e7e7a29a9acbd6e0.jpg,0,6,2
2230,train,train/747eec98df4c54df053df178cc8c2395.jpg,0,5,3
2231,train,train/7486840374f87cde690928d1b33aa97c.jpg,0,9,3
2232,train,train/74a6dc1a51dffd964baef5089fc4d1b6.jpg,0,4,3
2233,train,train/74eb8e74c7dee9e2342a43703a868387.jpg,0,6,2
2234,train,train/750371858ec902890736e5d6ee552026.jpg,0,4,2
2235,train,train/7519a77c0a9036cf63d56d53f708965a.jpg,0,4,2
2236,test,train/7520d54e60d31f2310d1eb5c77a7507a.jpg,0,3,2
2237,val,train/752836009ec557fe1f845720bc2914f4.jpg,1,0,0
2238,test,train/7540b357c67f2049cc0b8808fa2b91fc.jpg,0,3,1
2239,train,train/7541cb14619967aa42444e6327bb2f59.jpg,0,6,3
2240,train,train/754e5c9903b4b9bec894ebde02b54db8.jpg,0,7,4
2241,train,train/75692666e09ea0a3cbfcc4b36241c7c0.jpg,0,5,3
2242,val,train/756afb66aecaf0675273016e8991d8d4.jpg,0,5,2
2243,train,train/757b9dce1ec83ee0758ebbac0fc6461a.jpg,0,8,4
2244,test,train/7593231d642b5869a4974ffbc46adcab.jpg,1,0,0
2245,train,train/75b1cda9857d6c1b9f0bdb21cc42145f.jpg,0,6,3
2246,train,train/75dc0e82de7e756942ad4dcdb45c1c8d.jpg,0,9,4
2247,val,train/75de97fbdf15aa3e1927a97ff9479327.jpg,0,8,3
2248,train,train/75e726f1b8f916a9e805f1f1e326a02d.jpg,0,5,3
2249,train,train/75ecc008a5e1a7f034c309b4f3f1e64e.jpg,0,21,2
2250,test,train/75ed9329d92e12a8d1eb26cdaa0c5094.jpg,0,7,3
2251,train,train/75ffb5f8839bef4d8719d46c29c46064.jpg,0,3,1
2252,train,train/760af980f4ad1ef40a517cf7e005ea1b.jpg,1,0,0
2253,train,train/7610eb1f29002104c258f17b432e8d52.jpg,0,5,2
2254,test,train/761156f763bd414dfd2037ae413d5fe8.jpg,0,17,7
2255,train,train/76150430edf4bc123a894d8dfb55b864.jpg,0,6,4
2256,val,train/762f339322e42d419878a7b9c887553c.jpg,0,8,6
2257,train,train/76339ec8c17dbcdd117914581cee59f5.jpg,0,6,4
2258,val,train/764eeaca1e91f7410e68f3daf40de6ab.jpg,0,4,2
2259,train,train/7652b96082c47799544acbd7858b4280.jpg,0,7,4
2260,train,train/7653a1c4431f1929ae8c73588e39b8d5.jpg,0,9,4
2261,test,train/765760a9e2d3b82da72ca1ab86229b79.jpg,0,12,7
2262,val,train/7661ae717d26893100f399e76e02c438.jpg,0,4,2
2263,test,train/7664d4a022c8ca9a94c0bb8adb48209c.jpg,0,7,4
2264,val,train/768480654fabe20d0c1340a17e129808.jpg,0,11,4
2265,train,train/76890e5a55be1076e0e4367b1a2b35db.jpg,1,0,0
2266,test,train/768db39e794f0d37d296c418e50d8126.jpg,0,6,3
2267,train,train/768f286b65425e98e6d03fa3bd1c5ded.jpg,0,4,2
2268,train,train/7691599752bbacd065fc71d3b54e67d0.jpg,0,10,5
2269,train,train/76a8a1a491e23dc44e0c33654f10c632.jpg,0,6,3
2270,val,train/76b3ac42fafec422e9e25c5ae8fab603.jpg,1,0,0
2271,val,train/76b94abea3d34cdea83ca5011ccab53a.jpg,0,4,2
2272,test,train/76ba59bd6f06fc0fa1ef003da3052c00.jpg,0,4,2
2273,val,train/76c39b1acee002408cc8956065ea105e.jpg,1,0,0
2274,val,train/76daa0fd9fc0346e09cbcc7ac90c9fb1.jpg,0,10,4
2275,train,train/76f366130d836a1ae9d12749d0150eb1.jpg,0,10,3
2276,train,train/76f84c8d0216ec44b47059fa80049995.jpg,0,11,5
2277,train,train/7705b3f3b2a3a2de67e579119f53466e.jpg,0,13,4
2278,train,train/770ae639d8c1ac0846ce73d7ad5bacad.jpg,1,0,0
2279,train,train/771bad280d3f521bae62b331ea7db8f4.jpg,0,4,3
2280,train,train/771e151f13e719b549b4e3d74c4777fe.jpg,0,10,4
2281,train,train/7729fbb58b8006fe2b8305f9b2b33883.jpg,0,8,3
2282,val,train/7736d86868e78aeb6cf52f6263fe6598.jpg,0,4,2
2283,train,train/77411e67a520f43d7e819b9c21a33e2c.jpg,0,5,2
2284,test,train/77508393a893101ef38598222327703f.jpg,0,6,2
2285,train,train/776d1803d568d646b2e8d8b0648cde5a.jpg,0,15,6
2286,train,train/77721a660a5784c2b244167443f1bc26.jpg,0,10,7
2287,train,train/778592c49dc5b2bd4f4d4f415e174b5c.jpg,0,5,2
2288,train,train/778c387c2cb631286fc9927be6dc0a04.jpg,0,6,2
2289,train,train/779f3b4e5deddf8161905698bf806432.jpg,1,0,0
2290,test,train/77a86229631c04f92af02336b28db006.jpg,0,13,6
2291,train,train/77b13969911c7f66060294c6cd76f58a.jpg,0,11,4
2292,val,train/77d62e6304de7f244ac509794c99b483.jpg,0,11,4
2293,train,train/77d6928016b9ddbb311fe1653289790e.jpg,0,9,5
2294,train,train/77f4f19048695b17ba4194ae3b9bea8a.jpg,0,11,8
2295,train,train/78057413f8f7e8a3b1decc815e1f509e.jpg,0,4,2
2296,train,train/78076acd1cd80e71ff62d4fb58f047bc.jpg,0,8,4
2297,test,train/78128e6e9a6b5cf69bcc8cc1062d845b.jpg,0,5,2
2298,train,train/781337185d4b99902d0ebfd2867feab8.jpg,1,0,0
2299,train,train/783c29f5c65505ff48dca9a55a5f9f8e.jpg,0,6,2
2300,train,train/7841614f51ed3dfd1c3177a52493c56b.jpg,0,9,5
2301,val,train/7847f09e3ec0d370353104de17dc6a71.jpg,0,6,2
2302,test,train/784a4ee98cfc37a7c1ae9721bc8603ed.jpg,0,14,7
2303,train,train/787379ebcb21a9b806b71c925407e54f.jpg,0,5,2
2304,train,train/7882c56e6d4e2ec8b97556d8cfce4cf0.jpg,0,4,2
2305,train,train/789d2cadef93195598e3906ec5fab0e9.jpg,0,9,2
2306,train,train/78aa8415fbf1c792f7d7c53349d44d4f.jpg,1,0,0
2307,train,train/78ac03ab2cd9f2e9c7b081761f44f665.jpg,0,4,2
2308,train,train/78b96ab5b7fc1d75d73b3c9c747d5c96.jpg,0,8,5
2309,test,train/78d237a2c0fe8f82956cec48132c0b1e.jpg,0,6,2
2310,test,train/78dba36bdd34da385efcca7bb9ff5fde.jpg,0,5,3
2311,val,train/78e8eee238eeb6f386be08ece092167c.jpg,0,13,5
2312,train,train/78faf91d607511da380a6cc4f0a335d1.jpg,0,9,5
2313,train,train/7924fd832cdee99d93031d908aee05f7.jpg,0,3,1
2314,train,train/79318d422f9c3d533aae56a3a2db16b8.jpg,0,3,1
2315,train,train/7944aab8e3c02270d273b8b65fad7305.jpg,0,7,4
2316,val,train/7959604f5c1f6b274a0da891bc47aad8.jpg,0,5,3
2317,train,train/7962a93b582c5bc277d892f31dfc5dae.jpg,0,19,6
2318,train,train/7978725e43f1b301551e0fdbc32faef5.jpg,0,7,3
2319,train,train/7998e75d4e0f0ada2898d673c8ffecb3.jpg,1,0,0
2320,train,train/79af351d135ae05867a85d509082f530.jpg,0,3,1
2321,train,train/79b2e5ab9d3cf6375a3a1fa0386adfdc.jpg,0,7,3
2322,test,train/79bd8310bd57dfd23d33bfe5b3cc81d3.jpg,0,9,5
2323,val,train/79c5d4d7f3b2e7a5a183bfbe664c699d.jpg,0,10,4
2324,train,train/79da84eeb9599d74292b04af9078c3ef.jpg,0,3,1
2325,val,train/79e8d10895b6cd7b1fca87139719b63a.jpg,0,3,1
2326,train,train/79edf950abd9ddc4dac37e113e40da5d.jpg,1,0,0
2327,train,train/79ff39552d8204ba42c5041e7650effc.jpg,0,5,3
2328,val,train/7a0d573c9f9582d04423325d3ca146e7.jpg,0,11,3
2329,train,train/7a1d72be9ef473df66d225c53e61f77e.jpg,0,7,2
2330,train,train/7a3323fefdd4f7613e1ae2d4812c7b75.jpg,0,6,2
2331,train,train/7a350dc1bcdf2fb34fcc57f05adf9da7.jpg,0,9,4
2332,train,train/7a4bbf44262ba36208dbb20153f4569d.jpg,0,10,4
2333,test,train/7a5ed0a74ecc27101ba9cb64066cf452.jpg,0,8,3
2334,train,train/7a638d347bc64ee76ca339c799602086.jpg,0,3,1
2335,train,train/7a7b30a642d5f305ccf5f7a6f2e901e8.jpg,0,9,3
2336,train,train/7a96c5f15fb08c98d2489dc2d1ad05d9.jpg,1,0,0
2337,train,train/7a99127d0a0c6a00aad2115a6ff9e653.jpg,0,7,3
2338,val,train/7a9bbc3d02750c716fa773dcae80363b.jpg,0,6,2
2339,test,train/7ab69502906043cd72e71d1f549c7153.jpg,0,3,1
2340,train,train/7ac7db2d39f2342de386188e72cd0a72.jpg,0,5,2
2341,val,train/7acb16c6d6f5cfc41a958e0b41e25106.jpg,0,4,2
2342,train,train/7acf137fcd503834c79b7a151dd934f0.jpg,0,5,2
2343,train,train/7acffd33cfddf67f7a7a9cb705096335.jpg,0,5,2
2344,test,train/7aeae4110d509875a693b23aa17bd9ac.jpg,0,11,3
2345,train,train/7af1da4ba8580aa54a0bfce36071c8d9.jpg,0,6,5
2346,train,train/7af293bb03a398b6c01473dafb739d1e.jpg,0,12,5
2347,train,train/7af60baf02292ff2c0b2a25cc9106358.jpg,0,12,3
2348,train,train/7aff3521c214e535c920bdbd0b1a8a45.jpg,0,7,3
2349,train,train/7b0e3bc4d8d010b4f59776da578101b7.jpg,0,4,2
2350,train,train/7b30d37b73be405bfd91ed5e2d46c473.jpg,0,10,4
2351,train,train/7b3ebb99b0c19f567eb49c1bfdf4d163.jpg,0,3,1
2352,train,train/7b41dadbe305cc9f4f6068d473f73daf.jpg,0,6,2
2353,val,train/7b5d44f6dd14787142deafbe64eb3b03.jpg,0,8,4
2354,val,train/7b6a241b30dfcf7b91c6d6a63d693fd9.jpg,0,4,2
2355,train,train/7b6a38d1478375102a8396bedfbf9edf.jpg,1,0,0
2356,train,train/7b6f5c06586ee0f71a4b0b815062a5a5.jpg,0,6,3
2357,test,train/7b759182d86f6a44b377ffcfce8a3b53.jpg,0,7,3
2358,train,train/7b87ff45f630da27a103b7e587bc6fd1.jpg,0,7,4
2359,train,train/7bd506ddbe0c59432e3c3a24aa2205e1.jpg,0,4,2
2360,test,train/7bd83b3d3af0ea8150c8f2a737712db1.jpg,0,8,5
2361,train,train/7bd856b30b7129c81c6803c7f1fe23b3.jpg,0,12,6
2362,train,train/7be2d2fc4e5821cbf3f5fb7d7d3a3c8e.jpg,0,10,4
2363,val,train/7bf14801ba177b4d09cee3dd3e452973.jpg,0,3,1
2364,train,train/7c11b4c81ab766a9aa8e300ddc618084.jpg,1,0,0
2365,train,train/7c1874e73e85727a0a12139add66bfa6.jpg,1,0,0
2366,test,train/7c1add6833d5f0102b0d3619a1682a64.jpg,0,6,3
2367,train,train/7c22cee85ef4ace76782964772819043.jpg,0,6,2
2368,train,train/7c2e1c2b8ddcfaeae966c23615f01546.jpg,0,5,4
2369,train,train/7c3c78ed6e4353a39ddc2cbd6230dd54.jpg,0,6,2
2370,train,train/7c3eb59ae4e838ad4632fe96c25bcdf4.jpg,0,3,1
2371,train,train/7c3fb9bf622d400c454d0a6b39a1b484.jpg,0,5,2
2372,train,train/7c42de6dd248ce53880debab2567b521.jpg,1,0,0
2373,train,train/7c522cd5b56c3fb87c066171a88cf481.jpg,0,5,2
2374,val,train/7c53cf2eb4f08dbc905b85f144f96b45.jpg,0,4,4
2375,train,train/7c5b807ba491941d7a260bd1546b863d.jpg,1,0,0
2376,val,train/7c5f3e2c0518bba6ca3464c385d4787c.jpg,0,14,8
2377,test,train/7c6bf9b40c9b53c6b49b00c0fa1e61e5.jpg,0,11,7
2378,train,train/7c6f191b5d28bc1992e491d906f0d1a5.jpg,0,11,3
2379,train,train/7c76f17be369b75874a62917c8daa626.jpg,0,4,2
2380,train,train/7c7dce16fd7f16d1abd3a6f47e60cb9f.jpg,0,6,3
2381,train,train/7c9d52b0b094b37a3e6e520d3882f341.jpg,1,0,0
2382,train,train/7ca08fd497950fb5cbec73a62cdf8971.jpg,0,6,2
2383,val,train/7cc9b48563e197c84ec4ee8d30d5b3ce.jpg,0,17,7
2384,train,train/7ccfe0e344f6c69cf9198684f1c092b0.jpg,0,5,2
2385,train,train/7cd5b8c196d506b6a1040873bf0472f0.jpg,1,0,0
2386,test,train/7cd74b5a3c85b77c997f56cdb4995384.jpg,0,5,2
2387,train,train/7cf206f4cfa9f72eb70cd9d5d9200185.jpg,0,10,4
2388,train,train/7d084c9a42f2afea0089aa08932a6516.jpg,0,8,4
2389,train,train/7d0cc84e9002c1eb219559540c014e7a.jpg,0,14,7
2390,train,train/7d0e636b3ef2ccbb0c67b3243a1478ce.jpg,0,28,10
2391,val,train/7d0fa5708b67c2bbb2509a468df9b73b.jpg,0,6,2
2392,train,train/7d24c1ef5bcdd03fc1b01c8e6086c9d1.jpg,0,9,7
2393,train,train/7d3d289c824d3643eb22cdcde43afdf7.jpg,1,0,0
2394,test,train/7d3e79d32d233140b7e30880739a42c4.jpg,0,15,6
2395,train,train/7d3f19498c5e7a48a14376c3e170c68b.jpg,0,14,6
2396,train,train/7d48ee923365d79f033147cd5f4aafc1.jpg,0,6,1
2397,train,train/7d574e58da23077fc5c4579da786124b.jpg,0,7,2
2398,test,train/7d57de3c3c7f81da4daab6094e01e9e8.jpg,1,0,0
2399,test,train/7d5c70800f518f6584e25b2a88238a22.jpg,0,4,2
2400,train,train/7d5de314c3280fe6e89ec1e101c1539e.jpg,0,7,4
2401,train,train/7d610aae49bf4f979e16c2d8859f5f87.jpg,0,13,5
2402,train,train/7d6b2982de91c0a900396745c79f3c39.jpg,0,8,6
2403,train,train/7d746268923b15615c93334eff3a6baf.jpg,0,5,2
2404,test,train/7d97de8bdefaf9875ce1491518cc8199.jpg,0,5,2
2405,train,train/7da8cf1d4261791fbb0bae6f6bdb33ec.jpg,0,4,3
2406,train,train/7daa7e5ce05f09404b845efb87f3ea20.jpg,0,4,2
2407,train,train/7db70125d7739e6cd0c442e7b7592d4c.jpg,0,16,6
2408,train,train/7dbccd763c4ffbfd0d6b841fb5e4337a.jpg,0,6,2
2409,val,train/7dd2b5ae3d4201ccc00302c6199a8858.jpg,0,5,2
2410,train,train/7de4d79d0ed23bf080f899d09a652946.jpg,0,4,2
2411,val,train/7df5c81873c74ecc40610a1ad4eb2943.jpg,0,11,5
2412,val,train/7e038329e627ea69d841e973c82763ba.jpg,0,3,1
2413,train,train/7e16bd1b032a6695e408353dfa8499f9.jpg,0,5,3
2414,test,train/7e27268a3207b3c92b29380778076742.jpg,0,5,4
2415,train,train/7e2859fc7565a9b2701b29d682056319.jpg,0,6,3
2416,train,train/7e2b67509fa24f95e4237ed93ac683e2.jpg,0,12,5
2417,train,train/7e3f75426ef14f71c12bc517925d75e9.jpg,0,7,3
2418,train,train/7e534f2dc65f7cef4f864325433017dd.jpg,0,6,2
2419,test,train/7e6182876c0a09e96176348e2fcd712e.jpg,0,3,1
2420,test,train/7e6c0dc72fa1db4a501f7ac5f6aac040.jpg,0,8,3
2421,train,train/7e705e1d7561ee00863609c72d39aded.jpg,0,5,3
2422,val,train/7e86aee54688699519f47582c4d44bf3.jpg,0,19,5
2423,train,train/7e9efb8ee0bae7af280f5ea091f8d245.jpg,0,30,10
2424,train,train/7ea14022f825d9bd869b05c7f10831db.jpg,0,5,3
2425,test,train/7ea5d9e48085e44708b8fad8974ce953.jpg,0,5,3
2426,train,train/7eb40f6abadc14f9b9f195c674cc2fd7.jpg,0,7,3
2427,train,train/7ec4a135c83baf0142cb9d7cfc597937.jpg,0,7,3
2428,test,train/7ecd6f67f649f26c05805c8359f9e528.jpg,0,4,2
2429,test,train/7ed01df33497667609ef5a2585b5e36d.jpg,0,7,4
2430,train,train/7ed7def1a431371634f38e5113c396f2.jpg,0,5,3
2431,train,train/7eda1e28e4cee7d8016276c87b76259f.jpg,0,14,4
2432,val,train/7ee89ae8abd9f4ebe6447e05a1b4f744.jpg,0,8,3
2433,train,train/7ef087c19b4be20d077ae67763a63f63.jpg,0,6,2
2434,train,train/7f0e383a8f3c1c49b14021f834d2fa24.jpg,0,4,2
2435,train,train/7f599800cc62ee666b751303ca096f98.jpg,1,0,0
2436,val,train/7f5eab5de5307d4ae8e2a0fa99c0b41a.jpg,0,7,6
2437,train,train/7f6545a0985a090403178267ff0295a4.jpg,0,5,2
2438,val,train/7f777981e2a46b0d4f770de8def6cb78.jpg,0,3,1
2439,test,train/7f96d122bf50434dcfd3dd9b16d2c05f.jpg,0,12,4
2440,train,train/7f9a96e7377ba04fc585b805f93d5996.jpg,0,7,3
2441,train,train/7fa31ce0f6768ace9e8b25d1240feda0.jpg,0,6,3
2442,train,train/7fb4dd417196cddcbe7816c3512a2417.jpg,0,3,1
2443,train,train/7fbdcc98dcb6e88187cf7461af6d2d61.jpg,0,13,4
2444,val,train/7fccbf8d7cf537f74586ca8f1ab56fc1.jpg,0,4,2
2445,test,train/7fd3b9dfa5050c1f879046960e0cf0d7.jpg,0,3,1
2446,val,train/7fd93d9774bd704ebd2f9933d6f98df8.jpg,0,17,5
2447,val,train/7fea37717ab0bf53c7cfa2f10f24c6a0.jpg,0,3,1
2448,train,train/7feba6ffbc4f98d9d9c032a7ae477177.jpg,1,0,0
2449,val,train/7ff2bf9cde37a4224e94680ce1b7b828.jpg,1,0,0
2450,train,train/7ff5bb38db13ea89a27681c6dcf59b55.jpg,0,5,3
2451,train,train/7ffe83778375bb8229b12c2ad4570c0e.jpg,0,11,4
2452,train,train/8004676ecf95af8cee446cbcd139a938.jpg,0,9,4
2453,train,train/800a68b6e6a75b5d6e5c3160ddafe266.jpg,0,6,2
2454,val,train/8010842479cb7918eee13bc1db7fcc25.jpg,0,6,2
2455,val,train/8015e5edbf16541fef78e6f8859764e4.jpg,0,8,4
2456,test,train/80234017eb6caeada9e14d421eb0b8f8.jpg,0,5,3
2457,train,train/803179ef55f8ecf356363cf194b4ff33.jpg,0,6,2
2458,train,train/8036ddc6d564439af50497faef05eec3.jpg,0,10,4
2459,train,train/803e047ce22c14175d0631e947ed1599.jpg,0,6,3
2460,train,train/8048713c2ed48d97dd887233f24e012a.jpg,0,5,2
2461,train,train/804bcde30d36e32d9429f00bed7a388d.jpg,0,3,1
2462,test,train/804bfe2d3e6b0b8a34541a276d7cd7d6.jpg,0,3,1
2463,train,train/80566fdc49f6da7e1a3e5f69bda6d299.jpg,0,17,5
2464,train,train/80615519a6e4a619f88f76994b4a05ad.jpg,0,17,7
2465,val,train/806c20c1d5b38e2ca7941854ec66659f.jpg,0,3,1
2466,train,train/8072c8f70ffb83e6a82b01aafb25263d.jpg,0,11,5
2467,train,train/807797c8ef120370d45796ed35260d81.jpg,0,9,4
2468,train,train/8079e09258000b9f94f8318ce4d0412d.jpg,0,3,1
2469,train,train/8081c5d9aa37706f9e9d43f8e26d2ee5.jpg,0,4,2
2470,val,train/8098d1ce056318c03a3c70ccf3707945.jpg,0,10,5
2471,train,train/809fc376d2a0aeae5d8bb7f7aed6eda0.jpg,1,0,0
2472,train,train/80b4a951ab0029dbcc40fd4480fc6162.jpg,0,11,5
2473,train,train/80bc61a643d289b3c2afc3a1ad297e48.jpg,0,12,3
2474,test,train/80bd0e3e1fbd70822b77e8df2dd00ff2.jpg,0,8,4
2475,val,train/80c9acacf163bc16010749b2b946e528.jpg,0,6,2
2476,train,train/80caa435b6ab5edaff4a0a758ffaec6e.jpg,0,28,8
2477,test,train/80f2bd216bbb01b56cf50c9a85f79233.jpg,0,17,4
2478,train,train/80f636996b540968f24c909d3c1da685.jpg,0,5,4
2479,train,train/810491951571933b11959743e41a704b.jpg,0,11,5
2480,val,train/810a3894117aa4dc8d1cd1d22aa7e9de.jpg,0,6,4
2481,train,train/8111591b7fea74653fbd7e935a74cf36.jpg,0,8,3
2482,train,train/8126dc2ffbe33a6be3ea20a6f1174ff7.jpg,0,3,1
2483,train,train/812dd976fb73bfdcacdb61a6fc2bb957.jpg,0,9,3
2484,train,train/81314db8b8a964015628efa277e1d7db.jpg,0,10,3
2485,train,train/8138c0bc649a534f449cf703475528ec.jpg,0,3,1
2486,val,train/813a6d586e217397402e45009ec068e3.jpg,0,15,3
2487,train,train/813e13e8b9385cbcffc45356265f6a10.jpg,0,7,3
2488,train,train/8157a9e66791223fbb7aeac1337953c7.jpg,1,0,0
2489,train,train/816008f1b6e1fd740b3b52bb9e258377.jpg,0,12,7
2490,train,train/8169688849f800eed6dded6f1c10a352.jpg,0,9,4
2491,train,train/818796ebd40823cf964a850393882fea.jpg,0,6,2
2492,val,train/81b2b950caf9b6c1f2ba9162f3fd259b.jpg,0,8,3
2493,train,train/81b8689df47e19fee5d5a2b104a3f8b1.jpg,0,10,4
2494,val,train/81e1bdd75db3ed8260cd2a8a206107a4.jpg,0,6,3
2495,train,train/82225c7d9d9d257ff166c37a90909c8e.jpg,1,0,0
2496,train,train/8222ee980c821621f5a6cff2b212b2ff.jpg,0,10,5
2497,train,train/82240a46a3961830c1f340424fa7ce65.jpg,0,7,2
2498,train,train/822c4cfa6ccc027318abacda96617282.jpg,0,5,2
2499,train,train/82336f39711a91abff06905932f534d7.jpg,1,0,0
2500,train,train/823f25d87fd8839bf338b6d9a97722a4.jpg,0,5,3
2501,val,train/8242bf2fdc119f6272d0fa3e5b4e583a.jpg,0,6,4
2502,val,train/824920c963d82a8c0a2a593177ad5b93.jpg,0,4,2
2503,test,train/82603b0dce20d3f1495c3d02caf391cd.jpg,0,9,5
2504,train,train/82624b37dc4d0169f3fe6fd87dcb5208.jpg,0,26,7
2505,test,train/826cff99f07a59af9eca51ff161f1e08.jpg,1,0,0
2506,train,train/826ef40d8bd63f54f66cc620ad52c8e9.jpg,0,13,7
2507,train,train/828468076a2fa7c97169cfb83a117593.jpg,0,6,2
2508,val,train/82877be2465c084b0b9bc186fc7f158f.jpg,0,7,2
2509,test,train/828c239be4afbb409fc1c190360a73c9.jpg,0,5,3
2510,train,train/82c1b7407eafb2bcc73fb0dbe9d94272.jpg,0,6,2
2511,train,train/82c8e033e6fde13b0bf365370407d342.jpg,0,10,6
2512,val,train/82d5f09eac7d3abea784450255fddc78.jpg,0,15,7
2513,train,train/82dda789847403a8544ad1e6928571bf.jpg,1,0,0
2514,train,train/82f62718d5385a45eb2b328b3a90fbdd.jpg,0,10,7
2515,train,train/830d05f396b604388e2d7b68d79a6bbf.jpg,0,8,6
2516,train,train/8339682fa8a467c49ed7dc1fbaaee361.jpg,0,4,2
2517,val,train/834088205c0b6066ebacac10dc6375d5.jpg,0,5,2
2518,train,train/834f395ef75cdefe26c9d2cb3cf809b4.jpg,0,3,2
2519,train,train/835413c68fe1d065629f748ed4e67205.jpg,0,3,1
2520,train,train/8355a97b5adf6ed2baa581c37486248b.jpg,1,0,0
2521,train,train/835b1552b7be3350d697503504211aa4.jpg,0,12,5
2522,train,train/835b2647ac2c4168fd8ee19431cfb47b.jpg,0,4,2
2523,train,train/836875cb65e35b17f6bd79b04d151a39.jpg,0,10,3
2524,train,train/838752b9510e918a05149382f3b56dab.jpg,0,5,2
2525,test,train/8387e5ff12264f87c27db2863d4a9c87.jpg,0,6,2
2526,train,train/838ef4aafc8f2392dabdfbee3a6721e0.jpg,0,4,2
2527,val,train/8393e0cadb4f98d2755a71ddc72525a7.jpg,0,3,1
2528,train,train/83b7785191c812c71f06b948e5843515.jpg,0,6,2
2529,train,train/83bf2acb96d1e39c553401a9c994eff1.jpg,0,10,5
2530,train,train/83d663ac0f523bd9dd0b6234704767fd.jpg,0,9,4
2531,train,train/83e7cd905776606181931c7b695db12f.jpg,0,10,4
2532,val,train/83ead8dbc31cd2bbe0ddc8a93c071520.jpg,0,8,5
2533,val,train/83ee97a2340f95bc8cf74934b2f8fae2.jpg,0,9,4
2534,test,train/84073a6a8201f339407be82dda7e1303.jpg,0,8,5
2535,train,train/841b1864e29f7e6371b6ab16a298142b.jpg,0,3,1
2536,val,train/84293339bfff0b76aadb731526ac3dd2.jpg,0,11,4
2537,train,train/8448867ddbba0f6ee5072f8c4d633f3c.jpg,0,5,2
2538,val,train/844c1b8f13dcca48b733ed0e47504e9a.jpg,0,4,2
2539,train,train/845d1edaada5683f85efcb17937404be.jpg,0,4,2
2540,val,train/846a659d3d5f0c9bc9a7f917dea9da79.jpg,0,13,6
2541,train,train/84749e46e93f4ac01d4a8ae41bb2a179.jpg,0,6,2
2542,train,train/848a8f3f7a4d210c2ee4901b0e07369a.jpg,1,0,0
2543,train,train/848da3f12d971aec50f9e4f76eef3a1d.jpg,0,6,2
2544,train,train/84a27b87601b81cd39889ced2d489f70.jpg,0,13,7
2545,train,train/84b3b3b5c73b0798b732b4f34f84ca05.jpg,0,8,4
2546,train,train/84baca7ccea00d8087be7b834603a5db.jpg,0,4,3
2547,val,train/84c87b7beb63b5b3ac76ed9da17c7033.jpg,0,4,2
2548,train,train/84c887e039ef9c6f05eac4a7920a3bab.jpg,0,7,4
2549,val,train/84ccfc2b291a2986d20f22861de7f699.jpg,0,6,3
2550,val,train/84eb3e8b282f648bbc43c356f058f24e.jpg,0,18,6
2551,train,train/84fdc0055fe587d2095ace6ad7ffc837.jpg,0,4,2
2552,test,train/84fe5801e7bcf024bb26b7c9285e43bc.jpg,0,6,4
2553,train,train/850efce317c8306a07d00f274e8cd8eb.jpg,0,5,2
2554,test,train/852ec6a0bcb9608ffee9b3fda0867f91.jpg,0,13,6
2555,train,train/8546bf5046e18c37bdb219c26b5d13cf.jpg,1,0,0
2556,train,train/8559bb12926cbc66f8a6b40a7fd1207d.jpg,0,4,3
2557,train,train/8566d9205d59b74e1828d61c6739e15d.jpg,0,5,1
2558,train,train/8573fa95ec3defbe2dec45d85a5093a1.jpg,0,16,10
2559,train,train/857b9d89572e03adb17d0630b33709ea.jpg,0,21,8
2560,train,train/8596ba22a0324a295aa986fa60680492.jpg,0,7,5
2561,train,train/85bf2bce1d8ac45002dee50ffa3e014a.jpg,1,0,0
2562,train,train/85ce3df7831fce5801ab5b798aa79c10.jpg,0,7,3
2563,train,train/85cfc59f138f490784170dbaeb0112a7.jpg,0,15,6
2564,train,train/85d4fa5daa1c437d7c8fc07db29b98e6.jpg,0,6,2
2565,val,train/85d5ef7e1090859bf9594d55460d2026.jpg,0,3,1
2566,val,train/85e4008def6c48bf43bcf70a5d1e2273.jpg,0,5,3
2567,train,train/85e95b13040ae3e20eccac186b93e6ac.jpg,0,11,5
2568,train,train/861788e0e73283c8872552da6e6a4b7f.jpg,0,12,5
2569,test,train/8622dd9ca5c02271e81ebc135a602520.jpg,0,8,3
2570,val,train/862a7784c0c283c84f570d01bc151667.jpg,0,8,4
2571,train,train/862f0aaa5644a8a01e86ff585005a259.jpg,0,4,2
2572,val,train/863827ae84bd3b17640ce459b0022d15.jpg,1,0,0
2573,train,train/863d09f3ec5bc88cfa15138876a20ab8.jpg,0,4,3
2574,test,train/864162106b4c83be91a86d4d38595977.jpg,1,0,0
2575,train,train/8649d84b0796e9deccdd4f6bd8d4e998.jpg,0,23,8
2576,train,train/865a0a1a1781b55fa40887566aa9cd67.jpg,0,30,9
2577,train,train/865ea295fcf3442224a58a60a9190b41.jpg,0,7,3
2578,train,train/86648ae0db784e5a5c20ff8de9cc67b0.jpg,0,5,2
2579,train,train/86c1b099be1f08120cdc722e88738dc0.jpg,0,9,4
2580,test,train/86d9b86fe05cf159ca827fad05736c4d.jpg,0,5,2
2581,train,train/86dbe6128679f9c5752c1c82d040caa2.jpg,0,6,3
2582,train,train/86e9cd395b754516f0dcf8a317e30517.jpg,0,6,2
2583,train,train/86ea362edec93fb69697ad8e6920d0d7.jpg,0,14,6
2584,val,train/87072b31f1655d67bafa2705d96b876b.jpg,0,7,3
2585,train,train/8708b2d996ae54a106918d7b115ecfea.jpg,0,8,4
2586,train,train/8709819be5b46c9e0fd3405be96d3740.jpg,0,3,1
2587,train,train/870dd6c4f5ce36cd38983795253a020a.jpg,1,0,0
2588,train,train/87222168e0c854adc8d38ecf9715361f.jpg,0,5,2
2589,train,train/87263262e293c23ec2d03b174ef4ff64.jpg,0,5,2
2590,train,train/87292fd850fa8494048bbdae18312907.jpg,0,13,6
2591,val,train/872fcda56bcda425012eef3cbf6ebf95.jpg,0,13,7
2592,train,train/8751da44b525b4328e1457adab72f8e0.jpg,0,8,4
2593,train,train/87545bddfd34ccf9d27c19a482f5a409.jpg,0,5,4
2594,train,train/875ffffa457e0a0aeb8a76872e3fc6d6.jpg,1,0,0
2595,train,train/8762595001d994ee7c1734a165301a09.jpg,0,8,4
2596,test,train/87686c267f1534a0b3107cbf62b15222.jpg,0,13,4
2597,train,train/877735b744c0d327c287cdf7ffb44406.jpg,0,5,1
2598,train,train/877a53d035ddd0a518cb4c08f7f0d962.jpg,0,15,6
2599,train,train/8788745c121bcbce59873c943afa0ebd.jpg,0,13,6
2600,val,train/8794eea4b84bc93cdf786327e3e606f6.jpg,0,15,5
2601,train,train/879caa633ff0c3c5a9f2c483e757b991.jpg,0,5,2
2602,train,train/87a516c6446958f3f56cf3e4ab8a0c5f.jpg,0,11,4
2603,train,train/87a724e9ba23be348dbaf24878afa014.jpg,0,4,3
2604,train,train/87a8df2f22475c7200ebe891d0f25b88.jpg,0,14,7
2605,train,train/87c4e738629ba2dfbb78ea55247908f8.jpg,0,8,4
2606,train,train/87d6a8f38b07e64a2d2bd2e1594a44bf.jpg,0,8,3
2607,val,train/87f7997c901c0026e338e6f6d79b385f.jpg,0,16,5
2608,train,train/87fdaa98d570ac156bfaa0d863401373.jpg,1,0,0
2609,train,train/8820320f9f26502110190b10d5321949.jpg,0,8,3
2610,test,train/8829ec5d02b48e5f5349b0cde4ddb30b.jpg,0,6,3
2611,train,train/8833a7356f60fd760f6647555a4d8264.jpg,0,7,4
2612,train,train/8845010681f45c2c6f2271ac8bebdfbc.jpg,0,10,5
2613,train,train/886159a41e7589ba0d0713980591e27d.jpg,0,5,2
2614,train,train/8862ef75274d0c13bba19d7b5f2147c6.jpg,0,17,2
2615,train,train/888880bfaaf252cc1f400ff43ee21451.jpg,0,11,5
2616,train,train/88932681cc425d08e5583baeafb9dd12.jpg,0,7,3
2617,val,train/88974ca0acec2690c1e0377c4523662e.jpg,0,8,2
2618,train,train/88bf02cc510da5050a869c290d8f8565.jpg,0,10,5
2619,val,train/88e33acc19c4296385bb217cf333d8ce.jpg,0,6,4
2620,train,train/88fbcd393052bc2479237d62244d16e2.jpg,0,3,1
2621,val,train/88fec30ba54121b6e7f1081d2d608704.jpg,0,7,4
2622,train,train/8900e436ef9c73811c793b32127de1b8.jpg,0,6,3
2623,train,train/8912ff28e4b5fd0a5e101fef66dabaa5.jpg,1,0,0
2624,train,train/892e41c7ed24db564a46d384de10c99c.jpg,0,8,3
2625,train,train/8933f5b721da3ab96e2a6b7efa61fc24.jpg,0,15,4
2626,train,train/8949bd29efc31aaf1425666bf2bc6f33.jpg,0,3,1
2627,train,train/89524feaa558a7a2fbed12b38afcf61b.jpg,1,0,0
2628,train,train/897a9061820965f894abf66586bef0a5.jpg,0,11,4
2629,train,train/89857d1b7b733e1dfdea1f3298fb3a07.jpg,0,6,2
2630,train,train/898aa25e4ce627843fa8ea0607a0cfc8.jpg,0,7,3
2631,train,train/8991d0302a45f1bb372795cea3f18a75.jpg,0,4,2
2632,train,train/89bab84561df6af7b88b6a7d05254725.jpg,0,6,2
2633,val,train/89d2c2a6c42bb2bc268b8d535c4f31fa.jpg,0,7,3
2634,train,train/89e503ac5a54714d03b313b1a6fac252.jpg,0,10,5
2635,train,train/89e6ab133f587191383608ee04cea79a.jpg,0,22,7
2636,test,train/89ffa015af2b8418d8f503c0b65c75f2.jpg,1,0,0
2637,val,train/8a1194107e6ab9101402512dba498e8e.jpg,0,5,3
2638,val,train/8a454755517a41861d07dd898e6572a5.jpg,0,17,6
2639,train,train/8a482be3ab941b8b011bd9badcb6c094.jpg,0,7,4
2640,test,train/8a67f8e2673ceb7004824904b6e72055.jpg,0,10,4
2641,train,train/8a6df5f9f33f6df888f00882757209d9.jpg,0,3,1
2642,train,train/8a7ca215a9c86fb9a1352de720c182f3.jpg,0,10,4
2643,train,train/8a81e64b8258068648760ba016d0d3a6.jpg,0,14,7
2644,train,train/8a87a85a22182720d845212dfb44daef.jpg,0,6,2
2645,train,train/8a9f6de8179f600733be50c16c7b929e.jpg,0,8,3
2646,train,train/8aa01c8d1f096797b2b3f70c0e51c972.jpg,0,7,3
2647,val,train/8ab165974684980021cfd4d69d0874a5.jpg,0,10,6
2648,train,train/8ac12a69ad57ca73535e04b6cfba5edb.jpg,0,32,9
2649,train,train/8ac52862c96cc0f4a21cb3f5314b2505.jpg,0,16,7
2650,train,train/8ac9d40920ef54d20f860195073a1d2a.jpg,0,4,3
2651,val,train/8acab997bea043eb15c9aa293b095374.jpg,0,4,2
2652,train,train/8acbe4fb1e5a886042029febc6700af2.jpg,0,15,5
2653,val,train/8ad47a88ab880f982a7ca140b355f66e.jpg,1,0,0
2654,train,train/8ada567dbd73c16928ce0f7477275803.jpg,0,17,6
2655,train,train/8ae85268313b0db2f58d2193aab645c9.jpg,0,14,5
2656,train,train/8aecb4535fbfdee0217ef2f37b735c29.jpg,0,12,5
2657,train,train/8af84125f707b873c506f65de72e02e4.jpg,0,3,1
2658,train,train/8b06e353ea42754432d11673a4067336.jpg,0,5,3
2659,train,train/8b0839b2cc2d11420e6cfbc46b5f0f87.jpg,1,0,0
2660,train,train/8b09d4ec88d8372bded8547543dbbf24.jpg,0,7,3
2661,train,train/8b1beee6ae2a00d5a98483e50c7ac0f2.jpg,0,7,3
2662,train,train/8b1d99768092df4a92ed2e3e2eb962e9.jpg,0,3,1
2663,train,train/8b32bb8de86a0f89db7241a3de5eb5c2.jpg,0,7,4
2664,train,train/8b37c2ebf7f6d5b446110e75a5cf6ad1.jpg,0,4,2
2665,val,train/8b5d3109a9d587e6a27ac3b109343c5f.jpg,1,0,0
2666,train,train/8b704237f088b80ad737f48ff49d8cd9.jpg,0,10,5
2667,train,train/8b8046a319a835e4dacf1fb2449d880b.jpg,0,7,3
2668,test,train/8bb45148873379b118cca29a71c28f4e.jpg,0,8,5
2669,train,train/8bbf80bd095c75b2207ef57a277a661d.jpg,0,11,3
2670,train,train/8bc2410a31ef52ddb3e2d41cbe1ea7ff.jpg,0,6,2
2671,val,train/8be157ed11fc1bb06d77637ae7da43bc.jpg,0,12,4
2672,train,train/8be5bfabd547e1ef91f0b0b7b4d597d4.jpg,0,23,6
2673,train,train/8bf59d2126095730fe534504609bcc9d.jpg,0,5,3
2674,train,train/8c000de5f90b8dd6ed6f77923874c20e.jpg,0,7,4
2675,train,train/8c09865ee3cb674cc41dee8bca45fe5a.jpg,0,15,8
2676,test,train/8c09c35eeb8472b327cc14b1d51e118c.jpg,0,3,1
2677,train,train/8c22b37c81902d8c42fec5b9363f79bd.jpg,0,9,4
2678,test,train/8c564256945c5e76731f827d472683ff.jpg,0,5,3
2679,train,train/8c6cbbc156f7eb5d6132c937d089f014.jpg,1,0,0
2680,test,train/8c717fbd10400d0cea8af2a1f59d050b.jpg,0,3,1
2681,train,train/8c75e7cff1d266d1d4f73187d7c1bbc2.jpg,0,6,2
2682,test,train/8c9946f1106496dc13bc64cd0532c370.jpg,0,5,2
2683,train,train/8cacb3b69e1fcc845537d1e4a7c1c5ab.jpg,0,5,2
2684,train,train/8cb084ad48ad4a21e15bdb8f4567ed8f.jpg,0,10,6
2685,train,train/8cc5ee4cf5c697d98d7c85951aa4f8d7.jpg,0,7,3
2686,train,train/8cd75497ddd543845e5a151e9a3b7561.jpg,0,8,4
2687,train,train/8ce1c8d29072b068ae7c6c185213e156.jpg,0,4,2
2688,train,train/8ce28abc5f7b1e4b97eef3cf6f2cb218.jpg,1,0,0
2689,train,train/8cfb544c8ae38f85d48916e5db86c601.jpg,0,3,1
2690,train,train/8d002d924e667aded2857442587afe81.jpg,0,10,4
2691,train,train/8d09bc6c72b4f8ad8346be6c55f9f136.jpg,0,5,2
2692,test,train/8d1c24466cec1a18b96989ced1f5422d.jpg,0,7,3
2693,train,train/8d435f703d51586aa164b24e5ec3b9b0.jpg,0,9,4
2694,train,train/8d6a0dcadf3c7322e146e729f4ac4ebf.jpg,0,14,4
2695,test,train/8d71580638dabfe93678f1a7bab30bfe.jpg,0,8,3
2696,train,train/8d74ba04415b33be3134b55c868016f8.jpg,0,6,4
2697,train,train/8d8ac0cdeb07adc1805e5c986b0034c3.jpg,0,3,1
2698,train,train/8d90a34bf34f673775ffd827112142df.jpg,0,3,1
2699,train,train/8d92135190568a756e7850cec9f6577a.jpg,0,7,5
2700,train,train/8db0ec16659e5c003a6b07debf49e554.jpg,0,6,2
2701,train,train/8db8173d076bab7a3fcc6656a0b3c15a.jpg,0,5,4
2702,val,train/8dc9c4a2edfac5c6ed1b0246e435aff9.jpg,0,6,2
2703,test,train/8dcb48f8f81f5d883b1c85b7106a2378.jpg,0,5,3
2704,train,train/8dd6662d207b63fbfd51d2ccda2910cc.jpg,0,11,5
2705,train,train/8de1d1a853009572844969d046f99f6b.jpg,0,6,2
2706,train,train/8de2c306ed9fa7c44c70d249af346d9b.jpg,0,6,3
2707,train,train/8de556d9cd8d026b8eba03870cc6acba.jpg,0,8,3
2708,train,train/8df447178660d98a2efcab6323c8f658.jpg,1,0,0
2709,val,train/8dfdb16f2373ca92d484bb8ae376d7dc.jpg,0,10,4
2710,test,train/8e063eadea9a6aeb684c893c8598be3e.jpg,0,8,5
2711,train,train/8e1a18777633a830c6e5897e4dddb6f7.jpg,0,10,4
2712,train,train/8e3006f8c3906fc969d4aa9aeb31f586.jpg,0,4,2
2713,val,train/8e36ae96a199bbaea285e074edde991a.jpg,1,0,0
2714,train,train/8e3cbb3460e37bd5418cb4bc23c07af8.jpg,0,11,3
2715,train,train/8e49cc23db589bc0acd59a8841128560.jpg,0,6,4
2716,train,train/8e506a2c5a4a64624770f56bd56fe684.jpg,0,3,1
2717,train,train/8e5f9d775ab631aca970ca98d32946dc.jpg,0,9,4
2718,test,train/8e682cb1be531ca41c0e04e45c227797.jpg,0,9,4
2719,train,train/8e8108b7709b8f9f60eabe001816dbd4.jpg,0,10,4
2720,val,train/8e8605a691bd8149aad332a64fce5dcf.jpg,0,12,5
2721,test,train/8e8d8e5b84f477e17297df90008ab053.jpg,0,7,1
2722,test,train/8e8f6687544bfcd254e60e5e28b260d6.jpg,0,15,6
2723,val,train/8eb38ce22b1b5323c2dad3a92c79e1bd.jpg,0,13,6
2724,train,train/8eb496d5dd817b996672eab35e7de8f4.jpg,0,7,3
2725,train,train/8ebf23deb8ee4d7bba82aa38d3420fee.jpg,0,5,2
2726,train,train/8ed4976e3f507617cea65e8b068cbb1e.jpg,1,0,0
2727,train,train/8ef3fb1b703ffcb77d3709d45adf8695.jpg,0,11,4
2728,train,train/8ef74927dbf4b7819d546c7e1f2e002e.jpg,0,4,2
2729,train,train/8f0d77c5c2faa59b360bf71cc07f4d4e.jpg,0,9,4
2730,val,train/8f175ebdd1fb0e26809311ca829077b8.jpg,0,6,5
2731,train,train/8f186efb51af999168f501bda156eda5.jpg,0,6,3
2732,train,train/8f2dd210a995d677029f2c3d285ff80e.jpg,0,11,6
2733,train,train/8f2f0fd9dfa82786b2c02b4a2df53dc1.jpg,0,10,5
2734,val,train/8f4c737a0dbc8fc4be1e1def59ef4fa9.jpg,0,8,3
2735,test,train/8f53904e77e3c20fc28a489d9737d973.jpg,1,0,0
2736,val,train/8f572ec6313554380c112b06168aed35.jpg,0,8,3
2737,test,train/8f6709f15f4f222cf7af5bb49f73aa18.jpg,0,6,4
2738,train,train/8f752093ee546364e7a3f570c7e2041d.jpg,1,0,0
2739,train,train/8f828151dee8b12935726c711c024149.jpg,1,0,0
2740,val,train/8f98e3e6e86e573a6bd32403086b3707.jpg,0,14,8
2741,train,train/8fb5356727d6147b99fea57e012b0b64.jpg,0,8,4
2742,train,train/8fcbf4c0ba3178b938cc3c80df975fe3.jpg,0,15,7
2743,train,train/8fd4e7599250d006e579f1ffcb28b1b1.jpg,0,11,6
2744,train,train/8fd72a5ede4e6f75961080e5cfaa1b5e.jpg,0,5,2
2745,val,train/8fda45c871b6dd0ba4569d560fd49ea6.jpg,0,3,1
2746,train,train/8fdf29fa92d82675c73489bcbb4dda0a.jpg,0,7,3
2747,val,train/8fe0e719bc142d9327cb86cc28e82b03.jpg,0,10,4
2748,train,train/90014bdac9592e29646c4c358275fdfc.jpg,0,5,2
2749,train,train/900fa6baa0c15f5c96eaed57294ec6d4.jpg,0,7,5
2750,train,train/90294c2e98cf161d97c32633e5a67ab1.jpg,0,5,3
2751,train,train/902b03191f0a6bc2e7e47be16b63c38c.jpg,0,5,2
2752,train,train/902cb4d7b941c2b490c322b01314b352.jpg,0,6,4
2753,val,train/902d77e0d68673b7f8d12a3ab1483b95.jpg,0,14,6
2754,train,train/902ff31bc097877d97df0921ca238aa3.jpg,0,7,3
2755,train,train/9043e39c8e52843751e7cc9edc2c02e6.jpg,0,7,4
2756,train,train/9049aa8aa21b134a75e38dfc18facced.jpg,0,5,4
2757,test,train/904b3b12d54cf5f6f4ccccbcaffa3714.jpg,0,5,2
2758,train,train/904c10ed0347e0a4636ff9d752fad6cd.jpg,0,5,2
2759,train,train/906a43ceed5a95c81a94cc7c6ea41027.jpg,0,11,4
2760,train,train/9071e5009f5db86b4c0dd0f6280b2c7a.jpg,0,11,5
2761,test,train/9074b5859c254e4cc0d1ae9781cfcdf1.jpg,0,4,2
2762,test,train/90823fdce55e57a5c6de680ccf9ffc38.jpg,0,6,4
2763,val,train/9089facaf103cdb37adce579bd64f064.jpg,0,11,4
2764,val,train/908cff12e3ce717c4fc6cba8290b89a6.jpg,0,14,5
2765,train,train/908e8d4196bf6a2c6a4bc91d62f1e8eb.jpg,0,8,3
2766,train,train/90a27c3ac3327ddb800b2ae9bcc27ac6.jpg,0,10,4
2767,test,train/90d8e7b88a0d29d30f98e069b0e2cceb.jpg,0,10,4
2768,train,train/90f4166c777d2ecf85440797c6ee774c.jpg,0,7,4
2769,train,train/91001d4c9d10b36d04f1a7d80b100a7d.jpg,0,3,1
2770,test,train/910c99ddbefd826f8e28f0969d0d162f.jpg,0,9,4
2771,val,train/9120a0510a95b14a2554cb6cd5319f00.jpg,0,3,3
2772,train,train/912f2d1789cd50ea5251af9e7f5f6868.jpg,0,6,2
2773,test,train/9134e1c89231ce785443c0e4eac783a7.jpg,0,4,3
2774,val,train/91560db4325bf6045259caf6e908ba1f.jpg,0,3,1
2775,test,train/9163c1b53f6cef4006d0169ee3b24886.jpg,1,0,0
2776,train,train/9163f352663788a365db4685d32099b6.jpg,0,3,1
2777,train,train/9174dcffa34a6ea52cff8a626864de26.jpg,0,9,4
2778,test,train/91783a3a0b479febd50ea952f711d776.jpg,1,0,0
2779,train,train/917974e9208badd0cf8ed8f757276a1f.jpg,0,4,2
2780,val,train/917bf10b1a676986b3e548bed07c03f2.jpg,0,6,2
2781,train,train/9181d4eeda0ebc4ef8f7e2ea50ed627c.jpg,0,7,3
2782,train,train/9188790e0ad5b3a06595039d9314baad.jpg,0,11,7
2783,train,train/918eae18d789f73c80e8431e03472648.jpg,0,4,2
2784,test,train/91a12fbbe1ad5eb62cdf97edeb122280.jpg,0,20,8
2785,train,train/91b45e8d4bd5c08b849e3a1baea0270a.jpg,0,9,5
2786,train,train/91c5f8decf441bfaf7c89e7c3dd06fd9.jpg,0,16,4
2787,test,train/91c6fc1df5829cdaff5705203a351e1e.jpg,0,11,6
2788,train,train/91ce578ebdd959abb3c14b7c24711d19.jpg,1,0,0
2789,train,train/91dcbfac33b20bb82e9641211b18f53b.jpg,0,4,3
2790,train,train/91e4d6c6f6b7527f7963c2ed2f947a4a.jpg,0,5,3
2791,val,train/91e721ea0143333c5efe5dfb8ca98746.jpg,0,13,6
2792,val,train/91f1c20e4e0753f19022f919014aaa3d.jpg,0,7,3
2793,train,train/9209eb472d8c5200cbc8ad2015cbf1a2.jpg,0,6,5
2794,test,train/920cbb3a89aba24738b16fd78fc79196.jpg,0,8,4
2795,train,train/92113f2b921dcc352679d94851f4051f.jpg,0,10,7
2796,train,train/9233b2cb05dd9ae0902badc7482c5481.jpg,0,7,3
2797,train,train/923878ed8c8260135f856d361df060c9.jpg,0,3,1
2798,train,train/9246c1061217b8131ccdaea80327e24d.jpg,0,6,1
2799,train,train/924c710624ba217ea2a275babf7903a6.jpg,0,7,3
2800,test,train/924eb4734344e5808df5d15855d68178.jpg,0,16,8
2801,train,train/9255e7154b30dcddd72f1f5ae6e46470.jpg,0,21,8
2802,train,train/9259faeeda26a934fb32c74b8682e15f.jpg,0,8,3
2803,test,train/92658ab8e0bb9aa59becf54ecb0e6063.jpg,0,7,3
2804,train,train/9273bd554f5d9340a11722070a53c65b.jpg,0,5,3
2805,train,train/9278f10a8ff708a2cb687a2f0366ad74.jpg,0,9,5
2806,train,train/928076ee487f027f64e040389fc91725.jpg,0,3,1
2807,test,train/928886f988f5f5791937a0ee73ff0b25.jpg,0,3,2
2808,train,train/9291d31a52303b92e8df393034a0a367.jpg,0,5,3
2809,test,train/92928a912d1736877050c8c00c3dacdb.jpg,0,15,7
2810,train,train/929cadd9346edbd600e909ce306ebfb6.jpg,0,8,2
2811,test,train/92a7ca7a9adaf9d057f28fecec78e449.jpg,0,6,3
2812,val,train/92c4bde91acc54147a32701d24422734.jpg,0,9,3
2813,train,train/92c7afb7f1496f6f676fc6f079337fc8.jpg,0,6,2
2814,test,train/92c8ef82a9059eade4fd85c649f3b1fe.jpg,0,7,4
2815,test,train/92ddcf2c387ec3f50403371ca9997ad0.jpg,0,6,2
2816,train,train/92e484e2051dfa000b770a6ea1e0686b.jpg,0,20,7
2817,train,train/92e5d2d36ee724738906a15a54647d0e.jpg,0,10,4
2818,train,train/92e79511cf61feac9fb92f92325c0a19.jpg,0,13,4
2819,train,train/92e9e7ccc49692f0c6fa6917d7289f6f.jpg,0,23,7
2820,train,train/92ec72f76087d45365e94f60cd667002.jpg,0,6,2
2821,test,train/92fae85ed91d9465eb06594a89cf2697.jpg,1,0,0
2822,val,train/9300415e9ac5678a968ea7b751c8c8ea.jpg,0,4,2
2823,val,train/9304a2da1a0b23b779266d91a9719415.jpg,0,3,3
2824,train,train/930659d5e9eb2e7e224255e9337b9f99.jpg,0,7,2
2825,train,train/93067baae2937e61291bac49adb5308a.jpg,0,6,2
2826,train,train/9306d40fe3b77bd159c6ab92c0a306c8.jpg,0,10,2
2827,val,train/930a3d2c506f5035a1aa301b401f6fec.jpg,0,6,2
2828,train,train/930f9da548ab53f8edd16761660c683f.jpg,0,9,3
2829,train,train/9316b2ca577b760f2611b9d99bff7053.jpg,0,6,3
2830,train,train/931786165c810445eff5e832421a93c4.jpg,0,8,3
2831,train,train/931e92a65f8ec5eb009c0afa0f52e0c1.jpg,1,0,0
2832,val,train/9340b8c8362e2734af5bf9edecf6efac.jpg,0,13,5
2833,train,train/935a7deda5e549ec48293dea791b7c5a.jpg,0,9,5
2834,train,train/9369d8c9b16544b4f5c2d953f972a87c.jpg,0,6,5
2835,val,train/9378e938afe891b372d0d7a1924c7aa5.jpg,0,9,4
2836,train,train/9385f1142a0999cae18ceb73dc804bc7.jpg,0,6,3
2837,train,train/9390e4ee9fcf6bdba3b1f03d40bfd4d1.jpg,0,6,4
2838,val,train/9394d988f22d6f03b220ce1b1af919ca.jpg,0,15,7
2839,train,train/93a37385c5f53a0c3a1357f996f22555.jpg,0,10,4
2840,val,train/93abddc3fe8d832eac4e48ef666437cd.jpg,0,7,3
2841,train,train/93b19937892c90a3d062674c7c554765.jpg,0,4,2
2842,train,train/93cb971f3c5504f1362de4367f9199d1.jpg,0,4,2
2843,test,train/93d04c587467e12a828828f907adecdb.jpg,0,4,2
2844,train,train/93ed73782bc23a0ef9c426c21982d8d7.jpg,0,15,6
2845,test,train/93ef5877b678e69cf43fa16bbae50b93.jpg,0,7,2
2846,train,train/942d83991819c4e1c9f10261e7e740cf.jpg,0,4,2
2847,train,train/942df4c44fdc6ffe0111740028a25581.jpg,0,12,3
2848,train,train/943587a46ada0ee193c60a106ac61934.jpg,0,10,3
2849,test,train/9446be5a692accfa901d612a1e2a4c72.jpg,0,6,2
2850,train,train/9455d586debaa57d4e592d7a1292c977.jpg,0,6,3
2851,train,train/945b4e002f3a1cc5b5616dc54545d914.jpg,0,4,3
2852,train,train/945dcf557d9d281b55644289c53b1039.jpg,0,3,1
2853,train,train/945ebd66ed6b631a05e638ff88708e2f.jpg,0,9,4
2854,train,train/947c9697bb1023635f14e326d13c55bc.jpg,0,8,3
2855,train,train/94aacb0f4b6f837af4311cd8742bab06.jpg,0,4,2
2856,train,train/94db14c4d9cc5b73cd4ccc12e94d566a.jpg,1,0,0
2857,train,train/94de62dfe739e0d39da5c014bc72576f.jpg,0,7,3
2858,train,train/94fe218b2934a56f5c5e9dbbe7c3ab98.jpg,1,0,0
2859,train,train/951f37f1a2b9eeda8687588d6c1395f0.jpg,1,0,0
2860,train,train/952b065c0aac9ab20a9bcc051987a00f.jpg,0,8,3
2861,train,train/952b45e292277cdeec3873a510360fec.jpg,0,9,3
2862,train,train/95318747e792176f2ed657e5cf0d20a9.jpg,0,3,1
2863,train,train/95421a7356eac56ffcd4eda6ce23cfd4.jpg,0,6,2
2864,train,train/9548c30d5cd9f5051877d7070e1dc33c.jpg,0,6,2
2865,val,train/954984f75efe6890cfa45d0784a3a1e6.jpg,0,3,1
2866,train,train/9550a9bd0f5a9c89b096778dee669dfc.jpg,1,0,0
2867,train,train/955c561b6301bc98d02990faa70a5ec6.jpg,0,4,2
2868,train,train/9589df954de68262bc380d648b0184c3.jpg,0,3,1
2869,train,train/959612f16d4ab164853d66bde4ec1297.jpg,0,5,3
2870,test,train/9598f874069cca35ff56d54925d35ccb.jpg,0,12,4
2871,train,train/959cb0680fbb9779352b9e42feef7977.jpg,1,0,0
2872,train,train/959e5d96df8e3eaa7eed10f8b0b3d08c.jpg,0,11,7
2873,val,train/95b097144aebefbb161afb3acc62381b.jpg,0,6,2
2874,train,train/95b32ce2a10f57629eb63830376237ca.jpg,0,9,5
2875,train,train/95b55a69ed71d956594f754e8071f64c.jpg,1,0,0
2876,train,train/95b5b6f29ba51deea4fe7a8848a1b250.jpg,0,3,2
2877,test,train/95b9b32e68bfb95100cc300664f9aae5.jpg,0,13,6
2878,test,train/95b9f6b4e21ace0ad8ec1bbcdf93060d.jpg,0,5,2
2879,train,train/95badc82bced45380cf4275bb11d2bb9.jpg,0,3,1
2880,train,train/95bbadf9fca1ad13b442ab060935e06c.jpg,0,7,5
2881,train,train/95cd5503c91006be9f3c9991db2b3cf5.jpg,0,3,1
2882,train,train/95d26610969ba722c1b4def95637e23f.jpg,0,4,3
2883,val,train/95d3c55f3737289bc2ea761df9a0c120.jpg,0,4,2
2884,train,train/96021af52e0a14e49058189530e7cdc3.jpg,0,3,1
2885,train,train/96151d76b7654e7ee86045acfe659521.jpg,0,12,5
2886,test,train/9639e6b5d6391d119e959a65b6733c24.jpg,1,0,0
2887,train,train/963e75d60b45a08a1de456d383759167.jpg,0,6,1
2888,train,train/9644622ee77d5894827ca63b323e704b.jpg,0,5,2
2889,test,train/96486c2488f9b4755798099db0d54a18.jpg,0,20,7
2890,train,train/965d2c73cfa52a84d2f432118434037e.jpg,0,12,6
2891,train,train/966ae608783951f73244e01c1e5694d4.jpg,0,10,4
2892,train,train/96734f3235d72a018aaef6b78391df7a.jpg,0,3,3
2893,train,train/967f2ad4d9bd6d377127624161468188.jpg,0,9,4
2894,train,train/968172a174cec0c1f043932fd8a4576b.jpg,0,7,4
2895,test,train/96836e392ecca0df10f8aeac33db3c68.jpg,0,5,3
2896,train,train/96856fd17a41d64ead800f556f369cdb.jpg,0,5,2
2897,test,train/9696f133b6337e31d8961638df6d89af.jpg,1,0,0
2898,train,train/969d075666dedd66f4c1c6ad0b1e7052.jpg,0,4,2
2899,test,train/969d1591fb0b4bf7041938b6fbcfbdc8.jpg,0,10,7
2900,train,train/96bffead32cd991447d96ab59af2ec55.jpg,0,5,2
2901,train,train/96c522f25fae304c496697b220be49a6.jpg,0,3,1
2902,train,train/96e6dbf6148db615d730bdc0d5d76785.jpg,0,11,6
2903,train,train/96f334aaa1d7d9cad160e710c9965615.jpg,0,17,5
2904,test,train/96fb81c205dcedda4f036353e4f18cdb.jpg,0,10,5
2905,train,train/970dcfd176e4fdaaf9bcb511a82e3b70.jpg,0,9,4
2906,test,train/9710d919aaab2bdac30900f140de109b.jpg,0,11,4
2907,test,train/971e2965c2e5149f64be489d589dc3d0.jpg,0,5,3
2908,train,train/972b79ab9ba7e34488c4459e43241ab4.jpg,0,7,3
2909,train,train/972f8298395b49ef09c8faf6a04e22b0.jpg,0,5,2
2910,train,train/974de0b950075fe57ca6587571ff09c5.jpg,1,0,0
2911,train,train/978aac9419e5145086523be16545e55a.jpg,1,0,0
2912,train,train/97a05a3ade68254d5163547aab61f3f4.jpg,0,5,3
2913,test,train/97bd8561208807d003ff804d69348974.jpg,0,6,5
2914,val,train/97bdb0096786b6ac9b5f0901cf144084.jpg,0,4,1
2915,val,train/97bf1159c3d5a11144527bd31d2ee628.jpg,0,7,3
2916,train,train/97e5e230f793b64aba05a318d6fdf4c4.jpg,0,15,6
2917,train,train/97e953ca3bf93ddf8a9f9044cbdd8e7c.jpg,0,5,3
2918,test,train/97f48290716a3cad241bf74f3ce47143.jpg,0,5,4
2919,val,train/97fd4f6e94b84fc564ae30aec660e443.jpg,0,6,2
2920,val,train/980030eec2892fd979adc481d9675550.jpg,0,11,4
2921,train,train/9809f0d8f7d4654a2599c052a5b83dbd.jpg,0,13,4
2922,val,train/980cbaa4ca9127c95c7a24cfa7b08598.jpg,0,6,4
2923,train,train/9822d3f2c751dcc995ea4d827e63aed9.jpg,0,8,3
2924,val,train/9823c13f2412bfef40728c2f08972b03.jpg,0,8,4
2925,train,train/982f677d3e934cc99a7560f143b7eb49.jpg,0,6,3
2926,test,train/9850d20ee4d2bf722154a90ae07ddff8.jpg,0,13,7
2927,test,train/9852b93d2e984a4c427f7d14be534717.jpg,0,7,4
2928,test,train/98553a08561599e00ebcbc603e206557.jpg,0,8,4
2929,test,train/985aa6789515f5ad438d2384ed52cda9.jpg,0,18,8
2930,train,train/985be77c13eb905ee8e19a45e46ab785.jpg,0,7,3
2931,val,train/98617a2bbd11c4afa7be664889cdd6de.jpg,0,9,4
2932,train,train/986a142a1300b3401bdeda43822ceba6.jpg,0,5,2
2933,val,train/986cbf62313a140fc59925d613ed4332.jpg,0,6,2
2934,train,train/9875e42950bf3e157e96b0fc8c6f4680.jpg,0,8,4
2935,train,train/98930c53682b85b91e22c7a59cfc36fa.jpg,0,6,3
2936,test,train/98a1266e373f6b7d51677e1d5a9a8d96.jpg,0,3,1
2937,train,train/98b4edbf9b483c883f0a40c04ea61800.jpg,0,6,2
2938,val,train/98cf181303375a6b877a30af28fa3bfc.jpg,0,4,2
2939,train,train/98cfae70f256055ec24e8ba2dfd54ca6.jpg,0,6,3
2940,train,train/98d31d7df7863752c8f85cd0be34ecc5.jpg,0,5,2
2941,val,train/98d44861c84d532bcca874fcde5e5f42.jpg,0,6,2
2942,train,train/98dca7e62a4f2d47455b9a275fa75a08.jpg,0,6,5
2943,train,train/98e2d03f7e9ba87b4922b35347866fc4.jpg,0,8,4
2944,train,train/98f00bae3d65ebcebd046c12e5b27f7c.jpg,0,12,5
2945,train,train/98ffafc82ac9d3aec1d4d3957d0d9322.jpg,0,9,5
2946,train,train/993adb8e17f2726e4c9bb5cb414d9de5.jpg,0,6,3
2947,train,train/9943805f08872ab64d994fc84ff1b25d.jpg,0,16,7
2948,train,train/995533127aa50c3b1a64829055850319.jpg,0,6,4
2949,train,train/996cf9196ebda9f2b449e2ec38ac17c4.jpg,0,3,1
2950,train,train/997230116fa99fe2335a4524899ea08d.jpg,0,5,3
2951,test,train/997a190cf3302633937a80eff6c65459.jpg,0,6,5
2952,val,train/997fca43b97287e53c551c3d4753edcb.jpg,0,5,3
2953,train,train/999612f847684578b1fdcf2d9d4d4994.jpg,0,17,6
2954,train,train/99b6a685b8c3992e218834b8777e0ce1.jpg,0,4,1
2955,val,train/99bac8deff3eb3beb9479e0c080940f7.jpg,1,0,0
2956,train,train/99c5019992434f96249d79326a472b05.jpg,0,6,3
2957,test,train/99f45d9953ae4d119bdac3987dffb676.jpg,0,5,2
2958,train,train/9a080db6a1a2ceca36947cebd0367514.jpg,0,5,3
2959,train,train/9a103f2f70e89e234d5aca1a4535329b.jpg,0,6,3
2960,test,train/9a10974aa0dabf26fb1b8a7d85cafedc.jpg,0,24,7
2961,train,train/9a1781dd524b50ec31f94c184bbb6b4c.jpg,0,5,3
2962,train,train/9a1a909b3cc2641976339609258c1b04.jpg,0,6,2
2963,train,train/9a2d123a36eea730440d44f430ad2951.jpg,0,4,2
2964,test,train/9a321e5a866cee9e943cf5f3684de512.jpg,0,11,6
2965,val,train/9a3d018df521eaab6b4eec203a19970b.jpg,0,14,4
2966,train,train/9a44147b1b764d0cbd57a317bd22e48c.jpg,0,4,2
2967,test,train/9a5094b2563a1ef3ff50dc5c7ff71345.jpg,0,6,4
2968,test,train/9a51be5f7bf1078ac8972a14de31c515.jpg,0,5,1
2969,test,train/9a6377016b455cd0f2b6e64bf1af6cc7.jpg,0,4,2
2970,train,train/9a65d343df43c00deb1838098495b672.jpg,0,6,2
2971,train,train/9a6ef2893ef45236c5eb1141db74c9aa.jpg,0,6,2
2972,val,train/9a7decacad5d692b7c6b7253217fc770.jpg,0,3,1
2973,train,train/9a8dbd52534ed67ccc9144ba1b43d185.jpg,0,6,3
2974,train,train/9b00eeaa317747fe5d908526e1268393.jpg,0,4,2
2975,val,train/9b091aa027eeb034fc8fe803692028a0.jpg,0,10,3
2976,train,train/9b1034893f70d565ab25e7c3aedb3ff7.jpg,0,6,2
2977,train,train/9b12521fa480b7872a66995a796f03e5.jpg,0,8,3
2978,train,train/9b1d076abcb937c2e19f7c2e10dbcbc0.jpg,0,16,5
2979,train,train/9b1e8c3a5bce9d3c3f9e7c6394289c67.jpg,0,4,2
2980,test,train/9b294ef55b60d28d047089d91a1ca502.jpg,0,4,2
2981,train,train/9b389242ffe5059b705ee8f5aac00bd5.jpg,0,8,4
2982,val,train/9b44eddd5b59cd65d92366f27290d949.jpg,0,5,3
2983,train,train/9b962decc3b730467e74a8fbfaa0d953.jpg,0,7,5
2984,test,train/9b9c8cc2a7eb9c66f77432e677f7fdb5.jpg,0,11,3
2985,train,train/9b9f47628be6a48ddb41aec8ba39b454.jpg,0,14,8
2986,train,train/9b9fafab95a68b7dd80a22f337245a93.jpg,0,13,2
2987,val,train/9bb8bb42168a8ce95a57d818bc23b112.jpg,0,8,5
2988,test,train/9bc4efab79fda2c8d0c4fe352979d35f.jpg,1,0,0
2989,train,train/9bc7f47f5e3d9cb135278aa09a42ff3a.jpg,1,0,0
2990,val,train/9c12e58f5fd540a5b5457f9014e83479.jpg,0,4,2
2991,train,train/9c17e04426811c66677c1a9b480d1a51.jpg,0,4,3
2992,train,train/9c314e403d3e6e3ed09e79a57019f9ad.jpg,0,5,2
2993,train,train/9c3e095779134703dfd7b263d71b44f4.jpg,0,8,3
2994,train,train/9c41221ce46d36fc44d140e21c3f3da7.jpg,0,9,6
2995,test,train/9c5b6aec6d12a963522ae5b333f612d1.jpg,0,3,1
2996,val,train/9c6b55a1b4fe76943377f346658b5da5.jpg,0,4,2
2997,val,train/9c83d9f88170cd38f7bca54fe27dc48a.jpg,0,14,4
2998,train,train/9c89004f6827ca42cc151098ce8bd986.jpg,0,3,3
2999,train,train/9c9d6d92f17ef2b3145ad8743e11b194.jpg,0,6,4
3000,test,train/9c9f556eea533f066368e0f4a452bee7.jpg,0,13,7
3001,train,train/9ca2725b69db57ebc2df26a7da70affb.jpg,0,9,4
3002,val,train/9ca6f4d20348cea6a7efa90deeff2639.jpg,0,3,1
3003,train,train/9ca97574cdfcbcd1db8ba2fb76e2dd34.jpg,0,5,3
3004,train,train/9caac1a690115767b3d4f97702f571d2.jpg,0,7,4
3005,train,train/9cb5ed4b6f4a25b2ac497159f7b1b82b.jpg,0,4,2
3006,train,train/9ccdadb18e6a8c9c2459768eaaa2893b.jpg,1,0,0
3007,train,train/9ce4169ac820450d4a18f4d9d33d40f1.jpg,0,4,3
3008,train,train/9ce5d86c2dcaacd045d5f52587e41247.jpg,0,6,2
3009,train,train/9d094c16cc0afb04940a651298d12dcc.jpg,1,0,0
3010,val,train/9d25a49dcfd33a593605da5b2cecfe2b.jpg,1,0,0
3011,test,train/9d2c6d2e55ac8c64f264087ccc48187a.jpg,0,3,1
3012,train,train/9d2c9f496cedde3fe7a38080bf9b65c3.jpg,0,3,1
3013,train,train/9d366d706dc228d1721d3f16b139221f.jpg,0,6,2
3014,train,train/9d41ae882fa21638f67228ff85cb05ab.jpg,0,19,7
3015,test,train/9d42c5942895afd3391a8fb93a3991a8.jpg,1,0,0
3016,train,train/9d4654c4c7def98196c0f8f14277ec7c.jpg,0,17,4
3017,train,train/9d66132dc1a3e262df38c3ad25626a00.jpg,0,8,5
3018,train,train/9d740f84910f8b7f0bfb870f8f4ad8b1.jpg,0,10,4
3019,train,train/9d839a52c0fc61167a2f95ae6f7ee5ad.jpg,0,5,2
3020,val,train/9d8cf27d445accf16f4c577c3f05b2b3.jpg,0,7,5
3021,train,train/9d9caa9e06ec349f19f871e3fe2f343a.jpg,0,13,6
3022,train,train/9da65d59721d58bd125a4fc94b6ffec6.jpg,0,8,4
3023,train,train/9dba466530505c0992a5bb874ffc90ee.jpg,1,0,0
3024,train,train/9dc06dc651df290e2f3cd30ac1513c7e.jpg,1,0,0
3025,test,train/9dc2037ca1424465db0c4fe2972767f0.jpg,0,9,5
3026,val,train/9dda26bc7998dba2e4d8592801138fad.jpg,0,5,2
3027,train,train/9de44540163b68efbaae0d0c2b704b4a.jpg,0,4,2
3028,train,train/9def018e27028f4b11403cd6ad0d4691.jpg,0,3,1
3029,train,train/9def44a5c7f43c29e24752e03add7809.jpg,0,10,4
3030,train,train/9df340dc63bb0f9c185f2d019cd533a8.jpg,0,19,8
3031,train,train/9df823bdb8130ffcea2bee7544a0db94.jpg,0,7,3
3032,val,train/9dfc32d8ff0e7a5b65dcda7fc2899881.jpg,0,3,2
3033,train,train/9e03a12bdc2f03b99a92662e992ea810.jpg,0,6,1
3034,test,train/9e104788d948797f70790dce9067c277.jpg,0,3,3
3035,train,train/9e15afcba3bac18db3bb491b546792d4.jpg,0,5,2
3036,train,train/9e394247ba5019ad6430530f0133bb68.jpg,0,4,2
3037,train,train/9e4494bb24faf76970a1116cda4da0fc.jpg,1,0,0
3038,val,train/9e4888894ce1958ed9367866eaa9cb79.jpg,0,3,2
3039,train,train/9e4f8b07c7cfc2e3be4481e8f3507108.jpg,1,0,0
3040,train,train/9e63db3c1b443ca561e426b798096b8f.jpg,0,8,5
3041,test,train/9e6b3b14058606fadddc95950f8b8e3b.jpg,0,8,4
3042,train,train/9e886934e6ac2d1b15603e91690b97ca.jpg,0,4,2
3043,test,train/9e90a23fb8d5ce13eb766d538afcafea.jpg,0,13,4
3044,train,train/9e952e4a222f3b3e022f0e0815ce9b02.jpg,0,13,3
3045,val,train/9e9cc9d084546cb6d7f7ddba63411a81.jpg,0,17,9
3046,test,train/9ea6802588a0cf35c44631bf01f9bd7f.jpg,0,12,2
3047,train,train/9eb4fa8a29bcdd4fbede7c391589a42d.jpg,1,0,0
3048,train,train/9eb64584567f0c8e31e0dfcedd137aea.jpg,0,8,4
3049,train,train/9eba0d101f410f9cdfae46cb094ae2a6.jpg,0,11,4
3050,train,train/9ed1f91369552618456da255b02820b3.jpg,0,4,2
3051,train,train/9eeacc3c99e0b295f3e0ab1c6e8d66fd.jpg,0,4,4
3052,test,train/9ef084b09e407e4f8f00932602d1a88d.jpg,0,8,4
3053,train,train/9ef2c06481a9e65d71e6743d04217462.jpg,0,10,4
3054,train,train/9f143122da6e0f80e97ebc5c32af11ed.jpg,0,6,3
3055,test,train/9f1bdd6de55cf175cd65c01aed55ff12.jpg,0,13,5
3056,train,train/9f2360f56f61751a254678ec0adbc77d.jpg,0,9,5
3057,train,train/9f29889356a03cac6cdb9601b37b3918.jpg,0,3,1
3058,train,train/9f329a8c05ac45949b43e6626efdb8d0.jpg,0,8,5
3059,train,train/9f3b91a14738c8cb5ac655fdb40bdb9b.jpg,0,6,2
3060,val,train/9f3cd35d1e478da2bac4bf5afd1153c0.jpg,0,5,2
3061,val,train/9f79612cb768f8fa50a6cb22e4e38a2a.jpg,0,4,3
3062,val,train/9f7a76f14e777ed53606a7d6d3ef3890.jpg,0,10,4
3063,train,train/9f8ad1b404295f6c9951bcfe9e2da754.jpg,0,5,2
3064,train,train/9f99a143df8874d1e5320ebbbae6040c.jpg,1,0,0
3065,train,train/9f9ab4b3170b84ec04b006d522114f24.jpg,0,6,2
3066,train,train/9f9c6cde56f7e1b36c94f6d72fe0a2f3.jpg,0,12,3
3067,train,train/9fa07ce40365c2c37f75ba3a5486b8c6.jpg,0,12,5
3068,test,train/9fb8448d2d7ce8d93e129a16906074e3.jpg,1,0,0
3069,train,train/9fccf640c41b789bef11c3437045436d.jpg,0,3,1
3070,train,train/9fd12d311ea007b2cd5b6f0973dbc6de.jpg,0,3,1
3071,train,train/9fd7ae7f030dbd0185a3984704dcdc5d.jpg,0,4,1
3072,train,train/9fd7f8bc66d606ffee290028c4d5d1f3.jpg,0,13,3
3073,train,train/9feaa80fe5166e87af68fcab302c7ae6.jpg,1,0,0
3074,train,train/9fed2e6b4943fd575a7a91456c8c899e.jpg,0,5,2
3075,val,train/9ff3dfd4bd748b3a368d9d97e3637339.jpg,0,6,2
3076,train,train/a01c58a18c2382adada9aea189097614.jpg,0,6,2
3077,train,train/a040343977edb13d15604e5e3c125e59.jpg,0,5,4
3078,val,train/a07064273b3f1112655970e8326f25df.jpg,0,9,3
3079,train,train/a077f8b8a0f82348128918516eacff8a.jpg,0,4,2
3080,test,train/a083b9235a837f1f0171174a00ea538c.jpg,1,0,0
3081,train,train/a091c439300eaff4c79f0a82d343a369.jpg,0,6,2
3082,train,train/a0a6050fdda9f59eff1ca6a197883fcb.jpg,0,11,5
3083,train,train/a0e08352d5127c4654a6f563899fd901.jpg,0,9,5
3084,test,train/a0ed62efc8bf9e5053d18e250390b96d.jpg,0,8,5
3085,train,train/a0f0fba4ab530612f91852ff0fee4f1a.jpg,0,3,2
3086,train,train/a0f8199197edd3488950b47b3db6646b.jpg,0,12,7
3087,train,train/a1058b4368a7e3d945757f218393baf9.jpg,0,11,5
3088,val,train/a1099e200fda2e6dc8c80d691fc6e70d.jpg,0,7,4
3089,train,train/a1134e92282815efb505a93105083393.jpg,0,20,6
3090,val,train/a1375f9466915186308ef31e0766db3f.jpg,0,10,5
3091,train,train/a137951bfa9be68fec6cb6ef0a679d20.jpg,0,15,5
3092,train,train/a153495b8f21f9c8a56d3489c513d721.jpg,0,9,4
3093,test,train/a1720873fde30e8b3dab6b5157e58e70.jpg,0,6,2
3094,train,train/a18a90445d328302a6dc46ca43917e4a.jpg,0,8,4
3095,val,train/a18d88dbf60435ac196dbcdc512115c7.jpg,0,7,3
3096,test,train/a18dee563cbdaa4a85594968f8678b84.jpg,1,0,0
3097,train,train/a1af684b8e0ce8e5cd4223881451a5af.jpg,1,0,0
3098,test,train/a1c5f6de8dea1889fbe3542682a5a4c4.jpg,0,4,3
3099,train,train/a1d1cbb23e3efdbbbcfccc03e9624356.jpg,1,0,0
3100,train,train/a1df46be5ace1fcd65a304d44f83a1a6.jpg,0,5,2
3101,train,train/a1e4301af829e773b3b56870a60fa750.jpg,0,7,4
3102,train,train/a1e8167621dbbff8f8bf5714e43fd188.jpg,0,3,1
3103,train,train/a240c258ffa22652149f1e08d4237d04.jpg,0,5,2
3104,val,train/a2480b9f63cc65e052dc0b9ad19c866e.jpg,0,12,6
3105,val,train/a24f6e745dea4cfb8c3a31aa084650f7.jpg,0,6,3
3106,train,train/a2509450b933cc298fbc4f25ed31baba.jpg,0,8,4
3107,train,train/a2511b7d5a4657b9b161d7c3e69587ae.jpg,0,11,5
3108,train,train/a257e58a06d3267edc82453ae093ac97.jpg,0,11,5
3109,train,train/a2a58a1645b852dc7bf03f703940163d.jpg,0,4,2
3110,train,train/a2a8071358cf2858d45596364fd4ec85.jpg,0,8,3
3111,train,train/a2c6dd0cabc2fc70fbb1cf2dac50d11c.jpg,0,16,5
3112,train,train/a2ca3716b1e7923e5f8e0fc6f8200509.jpg,0,10,5
3113,train,train/a2ca9713ed2b4fb5632aa8647769c1a6.jpg,0,7,3
3114,train,train/a2d8804d3d08a2afb75dd9e6fbb53010.jpg,0,23,7
3115,train,train/a2de4d532410b97fe4080e096ca6010d.jpg,0,12,3
3116,test,train/a2ef60f418b8518fc372b7c333f8a5c3.jpg,0,6,3
3117,val,train/a302f45dd2d8b7b698c3ce3121cb7cfc.jpg,0,6,2
3118,train,train/a30e54c94c56cf1448eb8f3921a40e15.jpg,0,5,2
3119,test,train/a3106645d9ff642b102c1fae08356865.jpg,0,8,4
3120,train,train/a3138b15692cfedc5a35d1bf5314616e.jpg,0,20,7
3121,val,train/a31e14af6336413d69a6920a6c04fc20.jpg,0,7,3
3122,train,train/a31fef91832012791b0a749471e37159.jpg,0,4,2
3123,train,train/a330d6606525415c5e462b9e13ca8452.jpg,0,7,3
3124,train,train/a33cd2473556d2cdfd77ba3d2fa78349.jpg,0,3,2
3125,test,train/a340f6b48cac7f561fd07809cb4bed96.jpg,0,4,4
3126,val,train/a3411581087b63a70a2bdba24e55ff4e.jpg,0,15,7
3127,train,train/a36676c626033075ddd0487e29489cc2.jpg,0,6,2
3128,train,train/a3942b8f01dd54858add21b966d3986e.jpg,0,6,2
3129,train,train/a398135fec0dd0d8239d5b6d8d24454b.jpg,0,3,2
3130,val,train/a3ca1ceec50e701e7f1a5d09a7827ee4.jpg,0,4,2
3131,train,train/a3d5137d2817fa1a7497352d16b31b20.jpg,0,4,2
3132,val,train/a3dcbf04ea4cf926b6efb6ac526d5ff9.jpg,0,9,4
3133,val,train/a3ddfa552c6cd137bf46a5db89f5a2ce.jpg,0,6,3
3134,train,train/a3edf89d922032beef7cf3484ab9fe54.jpg,0,6,3
3135,train,train/a3f5ac68c8d1b1805be21f18c47fc186.jpg,0,8,3
3136,train,train/a40a4c976a48e21acd6a2cd3d71cac4f.jpg,0,6,3
3137,val,train/a43d700412de5ab25b800bd283e1baa2.jpg,0,5,2
3138,train,train/a43f966e46d3da7816d35145890ad03d.jpg,0,5,2
3139,train,train/a45407e8b1daab75a1217b65de60c29d.jpg,0,8,3
3140,val,train/a458bca92aaba1cea1793c8e1cfde5f3.jpg,0,19,6
3141,val,train/a47a8dbe0f480f7ce3abfb0b9d880afa.jpg,0,5,2
3142,train,train/a48969d2e8f19426f60949458d6fa1b8.jpg,0,3,1
3143,val,train/a48b09b94137d7500ba23cfc72c990fa.jpg,0,9,4
3144,train,train/a4a33bef990b7fac8876f44f26b06bbb.jpg,0,8,3
3145,test,train/a4ad3a5adfa6a22174acffb59997e1ee.jpg,1,0,0
3146,train,train/a4b41309551add1836dd1f0e96e7c594.jpg,0,4,3
3147,train,train/a4bc2e88a21b0cc1bb3a7b6645c739f2.jpg,1,0,0
3148,test,train/a4bf2029dfdd687dd7b4567b159a4121.jpg,0,7,3
3149,train,train/a4c71296aa5ce5ac4f5d4b244dfd0a11.jpg,0,5,2
3150,train,train/a4ce4aaed43f660e1055d6f30e4da63f.jpg,0,6,3
3151,val,train/a4e2a5e09a4a18d87207901815df0475.jpg,0,4,2
3152,test,train/a4e387b2c288194660b20ca771d16ad6.jpg,0,6,2
3153,val,train/a4eb90d17d4a800bd78648862de879fa.jpg,0,6,2
3154,train,train/a4fc9faa46af26c5fc462772d88d0af3.jpg,0,19,9
3155,train,train/a52d6fa5d0fad69daf5cfadd32115bf1.jpg,1,0,0
3156,train,train/a534ccaabf172ce675cfa296a26656de.jpg,0,7,3
3157,train,train/a537060564b5e08c80f46362deb565e8.jpg,0,19,6
3158,test,train/a54dadab8f6cc14103878d99092d2b7a.jpg,0,7,2
3159,train,train/a593d4aa6d8d9dbe2139c6c3889535eb.jpg,0,12,6
3160,train,train/a5a2a3b02ccb9c3145d553d269e4b0b8.jpg,0,8,3
3161,test,train/a5a68ae68617df1b6362ed51973e1338.jpg,0,10,4
3162,train,train/a5ac5264ecd49bbdb58c894c100eacdf.jpg,0,10,4
3163,train,train/a5ae36dfad78f8734605d73781b02f3b.jpg,0,5,2
3164,train,train/a5b4a4f3010769a3601c845983ee0826.jpg,0,8,5
3165,train,train/a5bdf59cbdda3f531f057d3c1840fef1.jpg,0,8,5
3166,train,train/a5beb1c44c49e97f1f46e5071c5c38e8.jpg,0,14,5
3167,train,train/a5c5bca04df42e9949aa48cee3ad67c7.jpg,0,13,6
3168,test,train/a5c7b10a238b041fc8d10afd9cc12569.jpg,0,8,4
3169,train,train/a5ce7ccf65c0e89f0a4f31e252d5b071.jpg,1,0,0
3170,train,train/a5dd0a76a5253cbd34b9365c78e44110.jpg,0,4,2
3171,train,train/a5dfcc60924b58142b382c753ef1c07e.jpg,1,0,0
3172,train,train/a5e363abd637698b9113973ccd5c663e.jpg,0,6,2
3173,train,train/a5e985887d6db5408eeac67bcdf771c6.jpg,0,8,3
3174,train,train/a5ef63166c0cc0acf772a7f06ef54fac.jpg,0,7,3
3175,train,train/a616c36ec79f99dfa8ec9eafaf12ecfa.jpg,0,4,2
3176,val,train/a61be8051f02ec494ed40696e988f6d1.jpg,0,5,3
3177,train,train/a62197f08a9d755712d126c4c8c93541.jpg,0,6,1
3178,train,train/a629d0f2bd9dfde3991ef4aec75e1c8e.jpg,0,13,7
3179,train,train/a6309e7373450069baaec7802ec8b244.jpg,0,5,2
3180,train,train/a6317cca482e4c5e020ab5e4c94fe921.jpg,1,0,0
3181,val,train/a63b427ef8132749b8f71c66983d3231.jpg,0,8,4
3182,train,train/a6541e2d7a4e09d6c1bdee83632bf781.jpg,0,11,4
3183,train,train/a655a71a3cddecea703e954e8e23cccc.jpg,1,0,0
3184,val,train/a657a8af7862982643a765365d051f81.jpg,0,3,1
3185,test,train/a65b19420087f574983a8adec9906c16.jpg,1,0,0
3186,train,train/a66524d3706dae7e6bb8f669cbea99d6.jpg,0,4,3
3187,train,train/a673256f7b975e11bf89dbb29f4565b9.jpg,1,0,0
3188,val,train/a673c55470f775d286249e189896c376.jpg,0,7,3
3189,test,train/a68dc259352540652c16a30b4ad4c99f.jpg,0,10,5
3190,test,train/a68ee14d5193f59a98c5ff0e150c8174.jpg,0,21,8
3191,train,train/a692a1afd469e83448d1148facc77de7.jpg,0,7,4
3192,val,train/a69592721a2c215f1c77481e0eaf8751.jpg,0,8,3
3193,train,train/a696b0fbd24620e5f86b377968175fd9.jpg,0,5,3
3194,val,train/a6a3e8472da94404496b18198004f698.jpg,0,6,3
3195,val,train/a6adbed163583ebad6e6f761611d02ef.jpg,0,5,2
3196,train,train/a6b6e002c7d2d78f98fe443c1f9af2b4.jpg,0,6,4
3197,train,train/a6bcb9f5d59588d699c5aa83cd3039c7.jpg,0,17,6
3198,test,train/a6be2e43de24f6b2d0b1f908f181cbe5.jpg,0,6,3
3199,train,train/a6dc083013ac8108bd13fbac28921290.jpg,0,3,1
3200,test,train/a6df9baa059b2fd400ee2e0149ae5b87.jpg,0,5,2
3201,train,train/a6ee1589384c418846cc3375e8f0bc45.jpg,0,5,3
3202,test,train/a6f3b580b96c7912c0c0cbc15da4c9ab.jpg,0,7,3
3203,train,train/a71462e25ea94178b2ff97939d7af7ec.jpg,0,6,2
3204,test,train/a722712967b38150cee4f85dad4230ed.jpg,0,6,3
3205,train,train/a75ffc1c7b9a233ab869e52d79cefefb.jpg,0,18,7
3206,val,train/a76703a9a5a6459ca0c4ba8407403bc0.jpg,0,4,4
3207,train,train/a76bd15bd83fe8e44ccdfd058d42d4aa.jpg,0,7,4
3208,train,train/a77b3f35ace5807fb30ea0515c60d3b6.jpg,0,4,2
3209,val,train/a77bfe2433adc567669ac27ed874b0ed.jpg,0,12,5
3210,train,train/a782b1a571da89222c8085b9fb6b1df5.jpg,0,11,4
3211,train,train/a786432eef4d2c8117ae53da8648cbce.jpg,0,6,2
3212,train,train/a78e6dc6978392015fa78795c0aea8a7.jpg,0,14,5
3213,train,train/a7911c0364a00437dc27f8db4b95980f.jpg,0,5,2
3214,train,train/a79d59f6ca2b10cf2d51ed7ecbbb8bef.jpg,0,4,2
3215,train,train/a7ae31b4052444b8f576b657b1753445.jpg,0,5,2
3216,test,train/a7b19dd41e8243e343e7a3fde69b9c3e.jpg,0,4,2
3217,val,train/a7d58a3553702199d37dd2e1279ddadf.jpg,0,5,2
3218,val,train/a7dae5a9e0ee3afd267ae9a5ebca1c11.jpg,0,6,4
3219,train,train/a7e65af70639bcbe5abc17ed529ab765.jpg,0,7,3
3220,train,train/a7eaf74178c4aca851e331b2c8503ff1.jpg,0,8,4
3221,train,train/a7edba318fa3305ec4118eb7e0091140.jpg,0,5,2
3222,train,train/a7f1d66c0930fc471b6723dec24d707f.jpg,0,6,2
3223,train,train/a8234567b95c404365745b9fb0f4859e.jpg,0,4,2
3224,train,train/a824f7f43552c3af8d846dd1cc0f0c11.jpg,0,13,7
3225,test,train/a838e79ba2e9716bc790a76f7ae1c94e.jpg,0,10,5
3226,train,train/a83a592882c4d218a715673ee31cc5fb.jpg,0,3,1
3227,train,train/a84777df727ba6ea0d556e914e83e530.jpg,0,5,3
3228,train,train/a847bdede3ab373ca4e2ab6199dc569f.jpg,0,6,4
3229,train,train/a84c5a7adea6bbde88dc2ac6747ca443.jpg,0,4,2
3230,val,train/a84fae30f42f9978cfd9fcaf91544792.jpg,1,0,0
3231,train,train/a856ceb08a968a90562df73417bdc1d8.jpg,0,4,2
3232,train,train/a8712873fe9accd992e9b306cf2d1f25.jpg,0,8,4
3233,test,train/a8750c349b5dac834473304bad0f2877.jpg,0,6,3
3234,train,train/a87dc1505bcdb64c00c84b096799bdab.jpg,0,5,4
3235,test,train/a8845638da074eb2496b1fd2dda75071.jpg,0,3,1
3236,train,train/a8887bae37bd218a89be7a6e2dc1499b.jpg,1,0,0
3237,train,train/a8ae76a6902d594f90596f039ffca026.jpg,0,7,4
3238,train,train/a8bc630e9b4f2cc1a94468143ed35428.jpg,0,6,2
3239,train,train/a8d3a6a443563d90270c2d0c790b925f.jpg,0,4,2
3240,val,train/a8d64d95235580532652f69ce634b687.jpg,0,5,2
3241,train,train/a8db71e482a4dc2e83a1f5eecd9568cc.jpg,0,6,3
3242,test,train/a8dd1496dde8d6f63316c8ec2a823b38.jpg,0,8,4
3243,test,train/a8f1ef14b75d62f292591997909c258c.jpg,0,3,1
3244,train,train/a9029c62f52fcd875b4e40d85b0d3b2a.jpg,0,9,5
3245,train,train/a90c09c0b59115253c982074694b3972.jpg,1,0,0
3246,train,train/a9109d137db24859730111a8b8c3996a.jpg,1,0,0
3247,train,train/a9141690efddf683c82a9d90af347ab1.jpg,0,6,4
3248,train,train/a914589fe6b948522475f7bf7e7b1136.jpg,0,10,4
3249,train,train/a93d6d3861a432fd2d85d8b41448daf4.jpg,0,5,2
3250,train,train/a946684583c7bf346b18e1d69d17e9cf.jpg,0,12,5
3251,train,train/a94ecf839c2405342ebcb57648444e2a.jpg,0,18,4
3252,val,train/a95d641ac8ee1a9f186cd0b8c0dca7ef.jpg,0,6,3
3253,train,train/a961a6c1687700c95124510bbffef266.jpg,0,12,6
3254,train,train/a9833de8a15ca2840b3bf23d4f6226ef.jpg,1,0,0
3255,train,train/a98bf3259fda4941663b88ff1efc7625.jpg,1,0,0
3256,train,train/a99265d8c1d5b7759b7be824d3828ae5.jpg,0,4,2
3257,val,train/a995b7251057480098c9c9d34b615b2a.jpg,0,8,4
3258,train,train/a99a720cab88405baaf789e85ce20c45.jpg,0,9,5
3259,train,train/a9a29ae5fc19afe7e720cf97be94160f.jpg,0,6,2
3260,train,train/a9a8fc1deb941099c0b729d566926d5b.jpg,0,3,1
3261,train,train/a9ab4843564feecfc052a300af02cf71.jpg,0,5,2
3262,test,train/a9ace70f0331bf293ca1fb56f40af36e.jpg,0,9,4
3263,train,train/a9b3444f50e7ab612641a6fe1e4f8cb9.jpg,0,17,5
3264,val,train/a9cc2f2d386fc3de3d20da289cdce689.jpg,0,8,5
3265,val,train/a9d588e278a7f8a681c1160a32e1673a.jpg,0,8,3
3266,train,train/a9d62204bf898b94d63107c6f51893ca.jpg,0,5,2
3267,test,train/a9ed4b5aaf129325369ebae1cfd5e321.jpg,0,11,3
3268,val,train/a9f2816d377349f221a96f46c728d36e.jpg,0,10,5
3269,train,train/aa08370eb6114a474adfd0accb6a7238.jpg,0,5,2
3270,train,train/aa0a24df022cd97cc1dff4f7ea2131cc.jpg,0,4,2
3271,train,train/aa12ea6652b3b8bea37df74e4e127e8f.jpg,0,8,3
3272,train,train/aa1ebd488f7f3cab0aa784073b0a9d70.jpg,0,7,4
3273,val,train/aa3535cb70d8142fdbdac165de546a8c.jpg,0,14,5
3274,val,train/aa4370e72e37cb955a24369f7fc9f35f.jpg,0,9,4
3275,val,train/aa7fd75c84c03f4eec5b9e0468043d68.jpg,0,8,4
3276,train,train/aa84f25fcbe7ca4ff31053a0a7de0f9a.jpg,0,6,2
3277,train,train/aa89a83d50a147e44d6dc72893f01fef.jpg,0,15,5
3278,test,train/aa91a19616d9ea16284536f902a58b92.jpg,0,4,2
3279,test,train/aa974c2b6ea5fcf05bab269a9c9d4437.jpg,0,8,3
3280,train,train/aaae825ac199f7a07b03af4622b1746e.jpg,0,3,1
3281,train,train/aab340b68fb6481774913dd75523e15e.jpg,0,6,4
3282,train,train/aabbf5ce0173007aaba2e6df836b10ea.jpg,0,15,7
3283,test,train/aabc4acd6a8f6c27828a11701675a6e7.jpg,0,14,5
3284,train,train/aac515fae9d93ada4abddab6b1118aae.jpg,1,0,0
3285,train,train/aac7be2bd0b4a2eeea474ffeac78ad13.jpg,0,17,7
3286,train,train/aacb56677ce974f054fdb59c5c39af10.jpg,0,6,3
3287,train,train/aad2e740715e926cee0a56a56efa26db.jpg,0,7,2
3288,train,train/aadca4c2d680af0c23325b0f16cedb97.jpg,1,0,0
3289,test,train/aae2387bb66db167eed5051e14ca784c.jpg,0,6,3
3290,train,train/aae2c7e023bb6b4d9df30fda884d7b15.jpg,0,5,2
3291,val,train/aae8f5574784d4343ab50b4f0cef671d.jpg,0,6,2
3292,train,train/aaef6f8db63b90e24660b8d788103ff6.jpg,0,11,6
3293,train,train/aaf7eca124ab4fd9fc5b7d842a0dfca7.jpg,0,3,2
3294,train,train/ab11a974837f5313912804939bfae79e.jpg,0,20,5
3295,train,train/ab1b8d362de0b272def82e68b7bdc718.jpg,0,3,1
3296,train,train/ab2f860cddd3f85410d8cbc3280dbdd6.jpg,0,7,3
3297,train,train/ab2fa61dbfb45bfa62491cd3240a37eb.jpg,0,5,2
3298,val,train/ab37cbf66e86936027846e53ac03e3c0.jpg,0,5,3
3299,train,train/ab39f5256d8cd84c1704757c4ae2b49c.jpg,0,8,4
3300,train,train/ab4146d29b600f971b22f88b9852ae0a.jpg,0,10,5
3301,val,train/ab51ed37f90ea78c93f1e92aa8a9d749.jpg,0,8,5
3302,train,train/ab5a33b1a98f405f60d41b563e741164.jpg,0,6,3
3303,train,train/ab659f1080296ba99ca110763beb2f72.jpg,0,11,4
3304,val,train/ab719171f74e1469b2cb50645ff6b7c7.jpg,1,0,0
3305,test,train/ab730707fed0edaf38a9b788b226b9f2.jpg,0,20,6
3306,train,train/ab7c4fd74b4be8ccb135dad2ae7de2c3.jpg,1,0,0
3307,train,train/ab8276dba30d7268b96c07a0fff9bbdb.jpg,0,14,5
3308,train,train/ab92572887da3377ccc7d68f10407b5d.jpg,0,4,2
3309,test,train/ab9d58c665c19627affd36ec20815090.jpg,0,10,5
3310,train,train/aba445ebea68177bc4f3a519ee27daff.jpg,0,8,4
3311,test,train/aba91dac22aa6142a169a002c81fb49e.jpg,0,7,3
3312,val,train/abac6c7bdaf2149035157fd02883dbcd.jpg,0,9,4
3313,val,train/abad0d103508405be6dceb70b2b3d5ec.jpg,0,5,3
3314,train,train/abb91bdaa9d02f50bde1eaa88e13afab.jpg,0,9,5
3315,train,train/abef2c15f19cc4822c9aac666cafe144.jpg,0,3,1
3316,test,train/abffa843a8032bc9d0fd85b85ee99ca3.jpg,0,17,5
3317,train,train/ac023841616ad1f665c0ce60ba5ed7b5.jpg,1,0,0
3318,train,train/ac07b01154a498c1e5bec041f620fa96.jpg,0,4,2
3319,train,train/ac0d5180cbac66eead6195728563d5e2.jpg,1,0,0
3320,train,train/ac0f6a69e78c3adae6905693914ba80f.jpg,0,7,4
3321,train,train/ac1d94eefdeeb76ee96e56b8856f7209.jpg,0,22,7
3322,train,train/ac2383f94e250feb34c72b4851cd4a11.jpg,0,6,2
3323,train,train/ac2a615b3861212f9a2ada6acd077fd9.jpg,0,8,5
3324,val,train/ac3e0af6a22d73ed96f05d43037a1e7a.jpg,0,4,2
3325,val,train/ac48248c4e0441f92f2e5b55048bf73f.jpg,0,3,1
3326,test,train/ac74ec4ce879ddfe2cb00be038821457.jpg,0,8,5
3327,val,train/ac752b0b8cc19def83152828e39ddc71.jpg,0,4,2
3328,test,train/ac77155e8aea752d32fb1448c99a533b.jpg,0,7,3
3329,train,train/ac84f263701e0d8668a47ac3e59e4e48.jpg,0,10,5
3330,train,train/ac98e2021c6cb0e87d323a712ae1276d.jpg,0,6,2
3331,val,train/acb556c64a4b230f77a02103b34afe7a.jpg,0,10,4
3332,train,train/acc6529ff7e03c2a225fd1ddb5319db8.jpg,0,9,3
3333,train,train/acc7065e73590820d1fa944488092d59.jpg,0,6,3
3334,train,train/acd377b981077dfd46028b37d3efb502.jpg,0,12,5
3335,test,train/ace398a669b2e39eb12fdd80d5e526a1.jpg,0,9,4
3336,train,train/acf300f2bafea4a7050e1189c1419c7e.jpg,0,6,2
3337,train,train/acf77cd6d5785f7f95c041f350c9d017.jpg,0,23,7
3338,train,train/acfda6253dc16e15950cbd4622395528.jpg,0,6,2
3339,train,train/ad0fa9668da66d13e4d8cdbd7d9b215c.jpg,0,11,3
3340,train,train/ad14d47f4b21f0c9d8f47c9570e6135e.jpg,0,6,2
3341,train,train/ad21e3f856bd69daf2ee8b6699bd32cf.jpg,0,6,4
3342,train,train/ad24d94862a28b03fed0deb2030a311d.jpg,0,6,2
3343,train,train/ad2a12be7e44277e041c435e8b526632.jpg,0,12,3
3344,train,train/ad52065fa03e78f1a4d5046e8434ec1f.jpg,0,7,5
3345,train,train/ad58ac84f676ff6813a5df7a0057829b.jpg,0,10,5
3346,train,train/ad59955ebf23a15362787e6407e31deb.jpg,1,0,0
3347,train,train/ad65ef4667adaa5e3bc774ad80158540.jpg,0,5,4
3348,test,train/ad6e1fe898fb41a7c76718428f7c80a9.jpg,0,7,3
3349,test,train/ad74c895feae8a322c54bbce08626812.jpg,0,9,4
3350,train,train/ad7ccd5224c39c8f0c6675044e95f185.jpg,0,9,6
3351,train,train/ad86f42123384e2441cce36347aa7d1a.jpg,0,13,7
3352,train,train/ada5ba2e729f9b4518de5a6bc31e1eca.jpg,0,8,3
3353,train,train/adaf0261d0c111e5928ba94ab6b36e2d.jpg,0,4,2
3354,train,train/adbdf73b309ebdd0b0adcbcfed6c88f7.jpg,0,3,1
3355,train,train/adc01b67d1d426c270e7d2f26bfa71ef.jpg,1,0,0
3356,train,train/adc6f4b5339f7178055838776bf49dd7.jpg,0,3,2
3357,train,train/add6e79a3c93a11bdd9a74886b480840.jpg,0,7,3
3358,train,train/adec73c9152d88ac38c830602cd8b1ad.jpg,0,3,1
3359,train,train/ae127045cca13da6dbfee11df1f08c7e.jpg,0,15,7
3360,train,train/ae2ee40dc4a0a53a87e85f1b3f9e159a.jpg,0,9,4
3361,val,train/ae3382840414ce4de46c3827674b9709.jpg,0,16,9
3362,test,train/ae36d480c2a2fc78c9ff95f4266bd059.jpg,0,8,3
3363,train,train/ae5cec1517ab3e82c5374e4c6219a17d.jpg,0,5,5
3364,train,train/ae6dd2d7f46bb9d1d2f9e4a9917dc151.jpg,0,4,2
3365,train,train/ae7e40fec9afc78a66a48232532faa07.jpg,0,6,4
3366,train,train/ae93342f946e59b019b3554610c6f760.jpg,0,6,2
3367,train,train/ae995f3866b1bd3f06dc4d713407a0be.jpg,0,6,2
3368,test,train/ae9d5b3baccd0f0f32f178b85aa868ff.jpg,0,10,5
3369,test,train/ae9d832badb7dcd02d2e8cfbcf128ce6.jpg,0,3,1
3370,train,train/aea448a9f33bf9919de6c74e0aa488e7.jpg,0,5,3
3371,train,train/aef156a41ae971bfabc47f28d1c81dc9.jpg,0,4,2
3372,train,train/aefca6fbdab82ce59b2c7cceed75d062.jpg,0,9,3
3373,train,train/af201da8a5f8354c4c3291995d5cbafd.jpg,0,6,3
3374,val,train/af274ab115b34a7c0eca41ed997fd214.jpg,0,3,2
3375,test,train/af3c3d9f70164856281f8f3444483100.jpg,0,7,3
3376,train,train/af4ab9c77eca05d706b877bb52a23303.jpg,0,3,1
3377,train,train/af4c1f381399cfac17a6e0b983261a4e.jpg,0,6,2
3378,train,train/af4f5a12b32b5d76951f3994cd7e9ad6.jpg,0,19,6
3379,train,train/af545c8cabc4dec52e5dbc7698876869.jpg,0,3,2
3380,train,train/af66878efd9bd33140109790f78ca297.jpg,0,5,2
3381,val,train/af793b61efb4ac8fba4bc62475506e23.jpg,0,16,6
3382,test,train/af7bc6de796b5a2399c962fead126547.jpg,0,4,2
3383,train,train/af9a9224cf1f0dd1bacdb95a1b8ea36b.jpg,0,16,3
3384,train,train/af9e637ceefdd477dd305fe750ff75b5.jpg,0,9,4
3385,test,train/afa4de6570c31504ba4b77978377ccc9.jpg,0,4,2
3386,test,train/afb41a2217d37b54f0427fc1c69336be.jpg,0,6,5
3387,train,train/afb6230703512afc370f236e8fe98806.jpg,0,17,6
3388,train,train/afb8601b20f73b8ca44fbb72ceb39a1a.jpg,0,9,2
3389,train,train/afb8a317a1c70191a4169cf5dd4e1da6.jpg,0,5,2
3390,test,train/afcbed04ed7232fb28279ef81f7c4bc1.jpg,0,8,4
3391,train,train/afd8ce1c8c525815a5f2709dcf072c70.jpg,1,0,0
3392,train,train/afe9c9c0bcc2c72f4fab87d9bc63cc8e.jpg,0,7,2
3393,train,train/afea04a48a160dbd7418423e6bc4f243.jpg,0,6,3
3394,train,train/aff45c4a432e02d85ff83fc3de55cbb9.jpg,0,14,4
3395,train,train/b0065509f042f4a2ac97481b6c7c0dc5.jpg,1,0,0
3396,train,train/b01037a08ba72220deddf845bfd02466.jpg,0,11,3
3397,train,train/b022e92b9271babbc6a7a734fd7b77cc.jpg,0,4,2
3398,train,train/b0262bc4aa5a47704a3c3d1cbc150bd4.jpg,0,8,2
3399,train,train/b065d3b4da92b8015b47224341661fd8.jpg,0,11,5
3400,train,train/b06c6e447980a2561175026ad10ae04d.jpg,0,7,4
3401,train,train/b08d54426c6af35ea469ecb63d047fbc.jpg,0,10,4
3402,val,train/b0a52e18d443efb28d082f0ae8e7b893.jpg,0,13,5
3403,train,train/b0bef1b57611726c4b0c636264fe5061.jpg,0,6,6
3404,train,train/b0c015954f4b80fddd0ed4d105e9e434.jpg,0,6,2
3405,train,train/b0c179bc7f39eeb0add4d6e00e51732c.jpg,0,7,3
3406,train,train/b0c31d017d7fb817457a7d9a49b03d6c.jpg,0,5,2
3407,train,train/b0cc2c92c421a86197cf135253e57e51.jpg,0,4,2
3408,test,train/b0ce7cceb5ad859254814cb3f75a33df.jpg,0,6,4
3409,train,train/b0df2d378c04b59dbd0f7c20352c35e8.jpg,0,8,4
3410,train,train/b0e76a5226cdee7e8e17b45f117d9ed5.jpg,0,10,5
3411,train,train/b0f6a0c19f3b18beda2c9197d1c4440b.jpg,0,12,6
3412,test,train/b0f70ba8840ab9c8f39f37768c97e78d.jpg,0,5,2
3413,train,train/b0f891aceeaa1e6fe1de0fd072389686.jpg,0,7,4
3414,train,train/b0ffdd76d9b722fc8720913b34d36d03.jpg,0,5,3
3415,train,train/b1061d4cdf14dd101734a129b89a85de.jpg,0,7,4
3416,val,train/b108458c4649e4bc6c85d773f45728ae.jpg,0,5,2
3417,test,train/b10952e32b77bd8acf557d7856856156.jpg,0,4,3
3418,test,train/b117813585c3d832d90eabc3cce04721.jpg,0,12,6
3419,train,train/b11960f23db725bb4ba6f6741586a5f7.jpg,0,9,6
3420,test,train/b127a6da511c3c1d544b54fc52e9c6b7.jpg,0,3,1
3421,test,train/b12b6c605dbf92119ae65310a7bc55d7.jpg,1,0,0
3422,train,train/b1317b9c87824f682908a6c503f8d39d.jpg,0,6,3
3423,test,train/b14394ca65966a3ea6e21e9b596d75da.jpg,0,3,1
3424,train,train/b154780d4c3de6dfedeb1efcb2411575.jpg,0,14,6
3425,train,train/b17dabf3bf866e22c5c9a342e2412002.jpg,0,7,3
3426,train,train/b17fa1439061ffd2a0b36e8acd83bc32.jpg,0,3,2
3427,train,train/b18121dc37e2914d7a630c3ac781c9d7.jpg,0,12,5
3428,test,train/b18616900ff4b4ec90b24128d309b546.jpg,0,6,2
3429,val,train/b19140c03d24dd602afccafbb6485930.jpg,0,5,1
3430,train,train/b192b0ddffed39cf6894a6beab870f9e.jpg,0,12,6
3431,train,train/b19ed7f40285fbd541be0bacde17fae3.jpg,0,7,4
3432,train,train/b1d44013e0b4fab1d38af22901e312c4.jpg,0,16,8
3433,train,train/b1d599b4bf50932fb66d8a9aaf41ba3e.jpg,0,5,2
3434,train,train/b1d7cd4432f36fc46d4e49f01def1cbe.jpg,1,0,0
3435,train,train/b1deab22cfb50881b47c52daa9993ab3.jpg,0,7,4
3436,train,train/b1e31fb059b5a49bb70bb4f274c56841.jpg,0,8,5
3437,train,train/b1e63a68c95bda1c50667decd3989ca0.jpg,0,7,3
3438,val,train/b1f71b5ef16dce633e4033237b761cdf.jpg,1,0,0
3439,train,train/b22bd21cfb3258bad7d934f036c34b5b.jpg,0,9,5
3440,train,train/b23548e92d78f28ac323a4609751c152.jpg,0,6,3
3441,train,train/b23ee0544bba6ed7301111820f8de415.jpg,0,5,2
3442,train,train/b2506496d79b479a6b1427288235190c.jpg,0,8,3
3443,train,train/b27c879787934c51d42095098dd313b2.jpg,0,8,4
3444,train,train/b28339816a52309160153d0e27833cef.jpg,0,15,4
3445,train,train/b29294e12f7aacc8f31ffa0f13959c3a.jpg,1,0,0
3446,train,train/b293d02e9eb0ddf6f13ae424f3aec2b1.jpg,0,3,3
3447,test,train/b29679d2251dd63917530a6eb83e0493.jpg,0,6,3
3448,train,train/b2a0d46de6a845624835477b8207cbe8.jpg,0,9,4
3449,train,train/b2a52a18d74c641353762a0c1569a695.jpg,0,6,3
3450,test,train/b2c97c1426a846ada2d815a4ecc67893.jpg,0,4,2
3451,train,train/b2ef37ed5522134cc9ec28895ed4d932.jpg,0,6,2
3452,val,train/b305ccbbf99b1f59b9a7edffd46659f1.jpg,0,17,4
3453,train,train/b311e9ad56a71aadfcd8be7009111352.jpg,0,10,5
3454,train,train/b325d5dcf507c8cce2c5de3e9afb2847.jpg,0,5,3
3455,train,train/b32a218326ec600eb1bdc3297eed2c16.jpg,0,4,4
3456,train,train/b3510302f95f75a91e0fd49e04767f02.jpg,0,8,4
3457,train,train/b355bd7207c70cdc8b499739edaaa8ab.jpg,0,3,1
3458,train,train/b3588a07ee672507c31f69109089b805.jpg,0,7,4
3459,train,train/b359c14158afff8ef7d00c59d2211ebc.jpg,1,0,0
3460,train,train/b366c0801a5f5e8f59fa76b30e67f4ae.jpg,0,5,2
3461,train,train/b37cd57257591d19366e5a6f23ceb8f6.jpg,0,6,4
3462,test,train/b37f9bfd1002374e06d03379807967db.jpg,0,5,3
3463,train,train/b39a285d468234c4934c6d5489727fa2.jpg,1,0,0
3464,train,train/b3c5bcf8d6a3059af4c048169710ffd6.jpg,0,4,2
3465,val,train/b3c7d38fa039c4550491cf77cb52bea8.jpg,0,10,6
3466,train,train/b3cc453518cf826875edcd3d5778ee87.jpg,0,9,3
3467,train,train/b3cf4f7aab7e62964dd965e768178e32.jpg,1,0,0
3468,train,train/b3d1eabc4bb5b66d92f3fae7ddb67b29.jpg,0,8,3
3469,test,train/b3f160c75b16300c0f4a89ce8814d1bc.jpg,0,9,6
3470,train,train/b3f4af84fa71fe204eb105ce430deef3.jpg,1,0,0
3471,train,train/b403b5824536defcaab0702f29c180a9.jpg,0,5,2
3472,train,train/b40a6f0ea09c4d305ef296e0d8b73cde.jpg,0,7,3
3473,train,train/b4105a81821522d6bfe3d18d9b757eb4.jpg,0,13,6
3474,train,train/b412dfe3a17da1fe404b67ec756b8a67.jpg,0,15,4
3475,test,train/b4148f125cfe78550775272f6b8c965a.jpg,0,6,4
3476,train,train/b41de357cd8bbef33ae563b6299f802c.jpg,0,3,1
3477,test,train/b41fd5f3e08360e72cc4d73a83a1b610.jpg,0,6,2
3478,train,train/b42962e103033ae66afb049d00cb477c.jpg,0,15,8
3479,train,train/b42b72d0fcbdf8b3b811fe219193e397.jpg,0,3,1
3480,train,train/b42e930c16c0166dbeae813b47bb8b07.jpg,0,11,6
3481,val,train/b440269d96e31c7f99b7fd9bcf08eda3.jpg,1,0,0
3482,train,train/b455c6067fa5e154a2c48ac187029022.jpg,0,14,6
3483,test,train/b482f72073e73cea73cc82ea02b353da.jpg,0,5,2
3484,train,train/b4872c4ae2b5733b5d0c025949d077da.jpg,0,5,3
3485,train,train/b489964b59d3f6f9070e45a02e469d8b.jpg,0,15,6
3486,train,train/b48d6f9b38b698b6ac534ec7ded5c4e8.jpg,0,17,2
3487,train,train/b493be668f28b801ecaa2278069825eb.jpg,0,8,3
3488,test,train/b4a7269d3fcbed43638a44892088ac4a.jpg,0,5,3
3489,train,train/b4b6e377eedea6b7a33ce8958d79fe71.jpg,0,14,6
3490,train,train/b4c00291b57d489dbe6665c789c6d360.jpg,0,5,2
3491,train,train/b4c6f7fd99fa215a9634736b8a0cd5d1.jpg,0,6,2
3492,train,train/b4db27f83c152fb40adc9bd6a4e742d8.jpg,0,7,3
3493,train,train/b4dd6dada2ebdf6899c21a3bc081d796.jpg,0,6,2
3494,train,train/b4ed7fedb5fd04e7a72bf8bc2f8aa91c.jpg,0,4,2
3495,train,train/b4faf90679534ac80ab9113365203dc0.jpg,0,9,6
3496,test,train/b4fc5e0bb44a19fcb308e73639746915.jpg,0,5,3
3497,train,train/b508112a2b015ec159ce926661b6b23a.jpg,1,0,0
3498,test,train/b50d4c9c23a26b4391d508a5d6a32f7a.jpg,0,4,2
3499,train,train/b527a2b66bb1c7a3c31fd9b1fe665712.jpg,0,10,3
3500,train,train/b5351b37d8d3944228ff46e9cc7139a4.jpg,1,0,0
3501,train,train/b53d1dd80e99ca6bcef9d592f65d3321.jpg,0,8,5
3502,train,train/b552fb1120a4211fd165a73ddb91e6e7.jpg,0,5,2
3503,val,train/b5585b9fe48edd5d89069a8d6ca07543.jpg,0,13,6
3504,train,train/b55a0fc49ba34ddf21e50dde0f11edca.jpg,0,9,5
3505,train,train/b5632581be1d7da89d9d01a9983c4afa.jpg,0,20,7
3506,train,train/b576400860f1e271b820f959e8b4b9b8.jpg,0,4,2
3507,train,train/b57763fed61d020d0338a35dd06a4011.jpg,0,3,1
3508,train,train/b57e21ea64ba9736e0711bdbbe53c221.jpg,0,10,4
3509,train,train/b5822471fa3aef526081f6a64d7bec2f.jpg,0,4,2
3510,train,train/b58f3853512c47b9d88eca193031b650.jpg,0,5,3
3511,train,train/b59dc05efd7fe99cc96902b2c04ad8c3.jpg,0,3,1
3512,train,train/b5a3de338d33d96e3bfa129f7a4172ca.jpg,0,3,1
3513,train,train/b5bd1410c0347b22fba82f6bb6a3a45c.jpg,0,7,4
3514,train,train/b5be61351d358e354a42633e5d853352.jpg,0,8,3
3515,train,train/b5c56a5624857bd608eeadd16a7f566b.jpg,0,13,7
3516,train,train/b5e2ebedcb69b842ee6b751e5a4991a8.jpg,0,6,2
3517,test,train/b5eb86bdfcbce8d8536e608124d0f9ed.jpg,0,6,3
3518,val,train/b5fa2fc3b3e2a3bbf93884481fb08b74.jpg,0,6,3
3519,train,train/b60cac600ed504d8cfe8a669d3e3448f.jpg,0,6,2
3520,val,train/b61e3688e902469aeda86709a31c475e.jpg,0,5,2
3521,train,train/b63468d09854f322d5e371915e5591d0.jpg,0,6,3
3522,train,train/b66bd49e532dc5b3d043aff504c5f165.jpg,0,10,5
3523,test,train/b66d58ed04096cca4e4fbb0da6e74592.jpg,0,6,2
3524,train,train/b685d041e15fd6b5ffbac258f0673518.jpg,0,8,3
3525,val,train/b691366d6d838d521c053720ef950e54.jpg,0,7,3
3526,train,train/b6acc59400a48d9306c1560daada75ba.jpg,0,6,2
3527,train,train/b6b3626c00261d525ff80435fe25eb5b.jpg,0,6,2
3528,test,train/b6bb5088976d0d3d51f3041b2172cffb.jpg,0,11,4
3529,train,train/b6c1ab12c31f8330977696c199b0592a.jpg,0,13,5
3530,val,train/b6c5be2e2facca99c47e133769a065ce.jpg,0,7,3
3531,val,train/b6d81cd3e996c836eeeadcc896afdfe4.jpg,0,12,6
3532,val,train/b6e15b40a6370f847f1cb97f73528068.jpg,0,13,4
3533,train,train/b6e87644b798ae36a29fc57cccf14f8e.jpg,0,12,5
3534,val,train/b6ec5b8679737f741fb225e79a849ac9.jpg,0,9,2
3535,val,train/b6f07c3256419d2afece328ae2f7ebc5.jpg,0,5,4
3536,train,train/b6f4abe4d21f1e44827e26f640f626bc.jpg,1,0,0
3537,test,train/b71274108d1bfb8bf7a96b8f512da72b.jpg,0,12,2
3538,train,train/b720e511bfdfb393b77a26c29fc8cd91.jpg,0,11,5
3539,test,train/b73a869bb8f8397e10c6910a0bd8072f.jpg,0,8,3
3540,train,train/b73e16e580992f545e375c2d3d6f7387.jpg,0,6,4
3541,train,train/b75075aceaa139ea4a971c652005c665.jpg,1,0,0
3542,train,train/b7531cbe38186e2d9aeb1b5de83984b3.jpg,0,17,5
3543,train,train/b75b0115ce7e890c8d3cc739cfc8c089.jpg,0,7,3
3544,val,train/b75bba1e9dfb84fe1bd84c88c638c339.jpg,0,8,4
3545,test,train/b761841b1bffc40e56e97a869f994f69.jpg,0,9,6
3546,train,train/b76cca59757045fa3cedad238c878354.jpg,0,9,3
3547,train,train/b76de23d23b7418566348c413efa1a3f.jpg,0,15,6
3548,val,train/b770403a1d0ab861f1944f8b896afcae.jpg,0,8,4
3549,val,train/b775ef55984de7ff2b12941010f9d968.jpg,0,7,4
3550,train,train/b78367d7be3c92afe88f13efcb6dcaf5.jpg,0,19,8
3551,train,train/b7837ea29dd8bd1386f09cc1474320f0.jpg,0,3,1
3552,train,train/b79e4a0140ad6e02038d6de55ab1a3fb.jpg,0,12,4
3553,train,train/b7b84cc718930bb70aa2fdcb53cfb98e.jpg,0,3,1
3554,train,train/b7cb4aab02fe2cdcf2de5b7a93f49d73.jpg,0,14,6
3555,train,train/b7cde19a331d3ba71fcb8efc361af419.jpg,0,19,8
3556,test,train/b7ce898bce636076cff5d2267500bc18.jpg,0,10,6
3557,test,train/b7d87f19a1daba2fa97a0eae0a033a9c.jpg,0,7,4
3558,train,train/b7e9e8a42a7581a9f40b67f4ed3bab72.jpg,0,15,5
3559,train,train/b80be20a79e5a7539bd00f4907b444b2.jpg,0,6,3
3560,train,train/b8202fc93f201492ab7880cb6b4c9165.jpg,0,11,5
3561,train,train/b821bbaa6723f749a915b00b94a69977.jpg,0,5,3
3562,val,train/b8322e1a06179954c5b5f5ed05083c05.jpg,1,0,0
3563,val,train/b872e348b0ba7c7259853c8312f9daa4.jpg,0,10,3
3564,train,train/b87b691b9ceeaf0c9539b2844be6e1e1.jpg,0,7,3
3565,train,train/b88d596bf6fd4664434f6525ac632f74.jpg,0,5,4
3566,train,train/b89103ceb6d47e45889eb9a21d04542c.jpg,0,4,3
3567,train,train/b8a7669b5debce390c877d087380722d.jpg,0,5,2
3568,train,train/b8b8c9ae5afd3e8d2dbd5d69fa0f9378.jpg,0,17,7
3569,train,train/b8d0602c3d243b1f833bc0e5885a0b0c.jpg,0,19,6
3570,train,train/b8d3a0bb21e3e536728b13aaea587974.jpg,0,5,2
3571,train,train/b8de83edc69e3eb2e8837f74ff988557.jpg,0,3,1
3572,train,train/b8df1b270c5447fdac022ab51540f949.jpg,0,4,2
3573,val,train/b8e264216ade48723aff628067080b04.jpg,0,4,2
3574,train,train/b8e5248b4e87c2775642f2b5c7bdbade.jpg,0,15,4
3575,train,train/b90e929709147ef63dfebf74c0cbe454.jpg,1,0,0
3576,train,train/b9174fe081e3839ed1f7c8169d85739e.jpg,0,5,2
3577,train,train/b919471290e71f53a6b9c1a672662854.jpg,0,6,2
3578,train,train/b91b76bcb6e0b005ef98719bd719b488.jpg,1,0,0
3579,train,train/b934b20d2bc6a9ad44b46aef2776268b.jpg,0,10,4
3580,train,train/b9374768fadad510f514c5b81b048881.jpg,0,6,3
3581,train,train/b948592be9abd5dcf1a570c72887c033.jpg,0,6,2
3582,val,train/b995057fed5cd441821c8a954697ea57.jpg,0,14,5
3583,test,train/b99a097e12daedcc1d269899c813db0c.jpg,0,14,8
3584,test,train/b9a2c726f8a39ea3cc841fa6d3100cc6.jpg,0,7,3
3585,train,train/b9b2a7a46b88db57379c59db58cc2228.jpg,0,12,4
3586,train,train/b9bf0f1b540eaf41cb590ee0a15fe0e7.jpg,0,10,5
3587,train,train/b9e484fa14cf5877736daa59b2ce2b24.jpg,0,12,6
3588,train,train/b9f09915187c2cc01e958da90d97ac89.jpg,0,11,4
3589,train,train/ba0d29d84db98416a0858ad30c4d41a7.jpg,0,10,5
3590,train,train/ba0ee85ac58311c7f1413a3af2f3f7c7.jpg,1,0,0
3591,train,train/ba0f97b49906ccf1bf205dd7ca108c06.jpg,0,8,5
3592,train,train/ba142c273c1f6e0fcccfeec5751351b2.jpg,0,5,3
3593,train,train/ba1795ee5daae1ed415756c3f4f21b48.jpg,0,4,2
3594,test,train/ba1d2a4e889b03f2d79aabfbf0804062.jpg,0,5,2
3595,val,train/ba301b6e6ace2f31edf20efdd78cd286.jpg,0,8,4
3596,val,train/ba4344465d9f3d34328ee5ee2e96dc61.jpg,0,7,5
3597,test,train/ba46dcb445340df33566b52d7192ab6e.jpg,0,13,6
3598,train,train/ba4a00ea7764b5ee772792a50531e9e7.jpg,0,5,3
3599,train,train/ba566bf98caaa797816d7a2ffa296d5d.jpg,0,10,4
3600,train,train/ba5e3409250a85483d6e39be759bc102.jpg,0,14,7
3601,train,train/ba665972d68d2cb8b55839ad6592961c.jpg,0,21,7
3602,train,train/ba683c0053ad11332810ecc509b6c17b.jpg,0,3,1
3603,train,train/ba68c12f2141bba79d9c29322c2c295a.jpg,0,9,5
3604,val,train/ba8c1cd9bceb450054920b79af773650.jpg,0,9,4
3605,test,train/ba8cf1b843900f3e754f6e172f62efc4.jpg,0,11,4
3606,train,train/bace601f50d2f324022ae6a9ad608123.jpg,0,8,5
3607,test,train/bad42a62c993ad12cc37da8f9a33e490.jpg,0,5,2
3608,train,train/bad57ce327ed96a0ae3e01c930f297cc.jpg,0,7,2
3609,train,train/baf56818e451ed175e7cbd7d94e01bb0.jpg,1,0,0
3610,test,train/bb315b4bc113c0506a9e24593cb06a6b.jpg,0,4,2
3611,train,train/bb39350ab564d44de74b77ad863a8ae6.jpg,0,5,2
3612,train,train/bb3d26414a85af5edf485b330607860d.jpg,0,8,4
3613,train,train/bb4c165fbbc02116fb18be5f2e21a2a5.jpg,0,3,1
3614,train,train/bb541cb8a793063968903bf3fc5b68f7.jpg,0,6,2
3615,train,train/bb60194195e9a5eaa27685d2fa688085.jpg,0,6,2
3616,train,train/bb6c5c14ec3550cf81d67c8298ea5f41.jpg,0,5,3
3617,train,train/bb72868e96a7c3c5b82dae9f1d814eec.jpg,0,4,2
3618,train,train/bb7d4479b3065e5912e328c065733504.jpg,0,10,6
3619,train,train/bb8f70bb23d06edce7b87df6f529d0b4.jpg,0,6,5
3620,test,train/bb93a8a5285c48a0797bc5216e99f861.jpg,0,5,2
3621,train,train/bb99c58b3e18ca4a52dbd27495d88216.jpg,0,11,5
3622,val,train/bb9f4f20dd8f4e5c5ab518d7f1818b1f.jpg,0,8,3
3623,val,train/bbac60d6c7695f5eeccb56cb56336f6d.jpg,0,13,7
3624,train,train/bbc8cca2bda1c6bc5b66715a12830d78.jpg,0,18,8
3625,train,train/bbcafeecae64804e1e0780b49bafd5bd.jpg,0,10,4
3626,train,train/bbe4356faa4ee427169a71d8ed020921.jpg,0,6,2
3627,train,train/bc0e94e539fcc6c3f623d6ce5db07370.jpg,0,7,3
3628,val,train/bc2be005526db7ab9d5ec6741ddee945.jpg,0,15,6
3629,train,train/bc38a48bbec6ee4e1ccb6eb453529cae.jpg,0,13,4
3630,train,train/bc7483c563cf172e46390a235cdc63b9.jpg,0,8,3
3631,test,train/bc765f1145a3390f6b231f0d05193458.jpg,0,5,3
3632,train,train/bc849fedf97c9eb2bc7707bac17329bc.jpg,0,4,3
3633,train,train/bc87c2265556912b25d36f2fef105a01.jpg,0,7,4
3634,train,train/bc87ef332a3c532a7e86893cae30e127.jpg,0,6,4
3635,train,train/bc89dfd66b1662e2aaf94bc7e1e7f630.jpg,0,5,4
3636,train,train/bcd6064c48c99c6557d0876ec2e47883.jpg,0,7,3
3637,test,train/bcdf0364c02fc489f7a8a7b94e913c5e.jpg,0,8,4
3638,val,train/bce076b117178591a7dad5ab9296ba74.jpg,1,0,0
3639,train,train/bcfe72dc85490721c3c39870e6eea3f6.jpg,0,11,4
3640,train,train/bd152be0a921cfee79bffbdbf53e84d6.jpg,0,5,3
3641,train,train/bd23539b8fb116791fe16b9854601c1a.jpg,0,9,5
3642,train,train/bd24133a5c72fdd62ad820445627b718.jpg,0,8,5
3643,train,train/bd2783f6ab7795e45ccdbd4bb96250f3.jpg,0,13,7
3644,test,train/bd3042360365944aa845f34f0aa70424.jpg,0,8,4
3645,test,train/bd3257de200124da83881b37840d3987.jpg,0,12,4
3646,test,train/bd392937baf9a09b697937d8bb607989.jpg,0,5,2
3647,train,train/bd3f8d06c2eab0bfe5428dfe3f9a1499.jpg,0,6,2
3648,train,train/bd3fa1499eba12696a695b952f9218a3.jpg,0,7,5
3649,train,train/bd3fe876153eeddad8bab49b129ea081.jpg,0,26,7
3650,train,train/bd60f56f346490b1b62e6cfd02cbe7f5.jpg,0,7,6
3651,train,train/bd6eb525438d6da1ced0ed1810857772.jpg,0,10,3
3652,train,train/bd82bfb604a82629f08b99b1c165db35.jpg,0,3,1
3653,train,train/bd931b74386e3e3f2934b1741c77d5b1.jpg,0,4,2
3654,train,train/bd94013e719d3bf243bdf5771490bb0a.jpg,0,7,3
3655,train,train/bd9a6c424edb2e622c1f4b6a59a58e91.jpg,0,6,3
3656,val,train/bda862be2d20d538b558300c97b8255c.jpg,0,7,4
3657,train,train/bdaace04fa79a60e8542a3b573288076.jpg,0,14,4
3658,train,train/bdd0bebed953f69413213d387c9717e7.jpg,0,11,6
3659,train,train/bdd7f0b920e6c5ea82526986ffb63001.jpg,0,14,5
3660,test,train/bdd8423e5deae0ae5dc7e0547887fafc.jpg,0,13,6
3661,train,train/bdda2e2d06f7d1bdc6e410a5dad455d7.jpg,0,5,2
3662,train,train/bdddb2fbd93102ff052738ae31ff7e75.jpg,0,11,3
3663,test,train/bdde108a7d024a734cdbed2952f64fe1.jpg,0,14,5
3664,train,train/bdde865328435f214633b4858d9a4d20.jpg,0,5,4
3665,val,train/bde4bfa149bc13cee2de7c2e942979e7.jpg,0,10,5
3666,train,train/bde7cb2bd708d3d928b6ad9e32038fe1.jpg,0,29,4
3667,train,train/bde911be299cef4ecbdf6c63af33cdf6.jpg,0,10,5
3668,train,train/bdeeec185619e393d3cbd8f532f95c15.jpg,0,14,6
3669,train,train/be01f8ea4bf3a231d39378be5a167bc4.jpg,0,5,2
3670,train,train/be0cc63b7335bd1fb95a2ad432209a14.jpg,0,6,2
3671,test,train/be1bb194dfb986bf7554b491852b8901.jpg,0,9,5
3672,train,train/be3bbacb9b3c148eae9549bce68bf0db.jpg,0,6,3
3673,test,train/be505971cc0f51f3cf4a5717767b42da.jpg,0,3,1
3674,test,train/be53fe5a49231f1c1be020b0bdd8561f.jpg,0,3,3
3675,train,train/be66657e907a732207237b75b7e105c4.jpg,0,6,2
3676,train,train/be6a2a69a923979c38e8e83fed53ff89.jpg,0,7,5
3677,test,train/be78bb12b31ef59665212f778a7ca895.jpg,0,4,2
3678,train,train/be85b7d55e0ef589729ef4dd6ffc38fb.jpg,0,14,6
3679,train,train/be869b141b0483aaa10e62ec407c0010.jpg,1,0,0
3680,test,train/be8747c0a1878e0230868c016a47f523.jpg,0,6,2
3681,test,train/be904250a48381ded92ee7d690cf3687.jpg,0,5,2
3682,train,train/be92ec2aee088c56d3ba79598461cb9a.jpg,0,7,3
3683,val,train/be9503d3b32da3ca2d06d6df8b1a997b.jpg,1,0,0
3684,val,train/be95363066a0f6e2d9644cc14b39d3e1.jpg,0,12,4
3685,train,train/be965185f4128002ad591b91c41e0211.jpg,0,11,5
3686,train,train/bea7018176b6d5d871fe0cb1c87a64a6.jpg,0,7,3
3687,train,train/beaa1ae511a49bd86ee5c090f91c80d7.jpg,0,16,5
3688,train,train/beb81be7f3b55d47fa70e7972c9dc9e1.jpg,1,0,0
3689,test,train/becab72d8a1f599d4a3d3650d3fffe54.jpg,0,3,1
3690,train,train/bedecebc0349e52e9afe5cc8f2e067a0.jpg,0,8,4
3691,val,train/bee427b74f77002c1a4faa71e65d5744.jpg,0,11,5
3692,val,train/bee99c179da019550328e64a55713d5e.jpg,1,0,0
3693,train,train/bf0ac90b81bd62e7444fbe3142506e3d.jpg,0,9,4
3694,train,train/bf123de5827d72ba0d0e71683bbe819d.jpg,0,9,4
3695,train,train/bf2d10fe88254cf97b08fab2e7c80232.jpg,0,12,5
3696,train,train/bf33d826094fabd938f69b3ba663f607.jpg,0,5,3
3697,train,train/bf429fed8c01a5d6014d86f2aa3385fa.jpg,0,6,4
3698,train,train/bf59a73e51a04d9e381630527339ad43.jpg,0,8,3
3699,train,train/bf5c7a815313c2d2853494cf766237b5.jpg,0,6,2
3700,train,train/bf63f10c778016ebea60f7bacf1fbec9.jpg,0,3,2
3701,train,train/bf742708d94bd9f8620db2f6f4b596f5.jpg,0,15,5
3702,train,train/bf9bba0703ec2a74740fbb891b9f6322.jpg,0,12,5
3703,train,train/bfbbb3c77f965726e05343efafb2eb86.jpg,1,0,0
3704,train,train/bfd794933b6d06cc9e840ae7b90b1cbe.jpg,1,0,0
3705,train,train/bfdd2b7d930f17b450e1d1e7ec7a57bb.jpg,0,7,3
3706,train,train/bffb5303ac64552996db400e0f7058b0.jpg,0,8,5
3707,test,train/c008cfaf7009c94d297cc2e715e81c03.jpg,0,12,2
3708,val,train/c00a2b726b1d7854efc73ef3611c7591.jpg,0,4,3
3709,test,train/c02bd11de5cf471fa502f5bebe133904.jpg,0,6,2
3710,train,train/c0440c09698f89df168dc146af067fe7.jpg,0,16,7
3711,test,train/c04ee933a8fed37ebbeb697b03356a56.jpg,0,8,3
3712,train,train/c09a2d6a72b0f14763619224335d685e.jpg,0,6,3
3713,train,train/c0a788fb3c78173e4a2a447b5fc70a93.jpg,0,3,1
3714,train,train/c0b2806d0baff57d885063624d744ac1.jpg,0,7,4
3715,test,train/c0e801c67186fc05d8bed52353b4486c.jpg,0,6,2
3716,val,train/c0f992e23de30afb875371c3630cb9af.jpg,0,7,3
3717,val,train/c12df5422711be0ed7b17a657c68fc8d.jpg,0,7,3
3718,train,train/c13533b61e97274091200c6ceab55cb7.jpg,0,4,2
3719,train,train/c14b94a6ebfb3a4b828bd71537f682c7.jpg,0,4,3
3720,val,train/c156a4adc33cd20a2ad75a07ff245b09.jpg,0,6,2
3721,train,train/c18362ca7e7d5df7a4dd8db31dfed194.jpg,0,8,5
3722,test,train/c184ac40eb6c1713f28f34582f768c5d.jpg,0,7,5
3723,train,train/c191a7c7c0e1847b1aebc8e8ef628aed.jpg,0,6,3
3724,test,train/c1b09655bffba16895cfed1be6ccdf6d.jpg,0,5,2
3725,train,train/c1b56c6b38aa09f0f32f0605deb5a240.jpg,1,0,0
3726,val,train/c1c9528727dd016bad131ff8c3863774.jpg,0,4,3
3727,val,train/c1ca66539955f94f6dbd74fb5ba7208d.jpg,0,7,2
3728,test,train/c1ef70e18d73c3fe0b0d741b1b0b59fb.jpg,0,5,4
3729,train,train/c201c69926e59f0c1dfeeeb8365ff05a.jpg,0,13,7
3730,train,train/c20ca4cd7589fa3a77578769bf82ea1b.jpg,0,7,3
3731,train,train/c21c6e6969dcd46d9441110183ade633.jpg,0,5,3
3732,train,train/c24029f31fb9ae265934082ce6b47d33.jpg,0,9,4
3733,test,train/c249e006c2f7340f6fc550ede970e0d3.jpg,0,8,4
3734,train,train/c25a87784e4a9dd01911f626cbd1faeb.jpg,0,6,3
3735,train,train/c26185210303f6c638a4ac60e635df21.jpg,0,10,4
3736,train,train/c26bb71d19d1f57200b4bf9b8bb596d9.jpg,0,8,5
3737,train,train/c2a2ce443b43b82ae5bd29d06716a44e.jpg,0,8,4
3738,train,train/c2bdc729e1623c6c142d9f4e6ed48418.jpg,0,4,2
3739,test,train/c2c54eed2dd73e20ef0e5af5a4aa1feb.jpg,0,9,3
3740,val,train/c2d4ab1622ab34e5680710a63501c8b6.jpg,0,4,4
3741,train,train/c2d843a231c6aa30c9239083bc612f7b.jpg,0,13,5
3742,val,train/c2f01c1eb7b249b706ea3f1ee549e05f.jpg,0,6,2
3743,test,train/c2f51a2b9785c772ef611db089bf528e.jpg,0,7,3
3744,train,train/c2fafca7a6e8316c8bc0a3dc400b8aba.jpg,0,7,4
3745,val,train/c32573547f924b6b663798730d915724.jpg,0,13,6
3746,train,train/c32ec722d0608e89e8d6eaeab36191b1.jpg,0,8,4
3747,train,train/c337c0c48cb14bcfac1ba739a785c2cb.jpg,0,6,2
3748,train,train/c341b3f8a0353bab2ec49147b97ce9d0.jpg,0,8,6
3749,val,train/c34e6aa7a5db3386850b830dd3c45a98.jpg,0,10,4
3750,train,train/c351e3875444070992012c35126bf41f.jpg,0,10,5
3751,train,train/c36e768eae71d51ac540131145d4c101.jpg,0,7,4
3752,train,train/c37c1b0387090f95fa7f6b38542f1d19.jpg,0,6,3
3753,train,train/c38c9a98d30027a18e88f39346987f78.jpg,0,6,2
3754,train,train/c39440999e8b3e376911ab851a7c56f6.jpg,0,8,4
3755,val,train/c394eadea89e5795c8037280492d116d.jpg,0,11,3
3756,test,train/c399b71d7f853206cdf9bfa916252b4d.jpg,0,5,2
3757,test,train/c3a7cdd9fb36706cfd3a4fdb86b65061.jpg,0,6,2
3758,test,train/c3abe21f7e07452e6760cdc2cab95296.jpg,0,25,6
3759,train,train/c3adefe651baf211a73e391f3068e916.jpg,0,7,3
3760,train,train/c3d222900b4131b148a9943db0e1bcc6.jpg,0,5,2
3761,train,train/c405835a086b2f7d7c9ef3976b69e677.jpg,0,5,3
3762,train,train/c407f9bc14eb1d87dbb961aa226a43b6.jpg,0,8,4
3763,val,train/c4135c9dce53b084dd7423af76626eb8.jpg,0,9,5
3764,val,train/c4135fa4ca67c0ae5697988741f7842d.jpg,0,3,2
3765,train,train/c413baf55bfb894ee5af02d991b452ce.jpg,0,17,4
3766,train,train/c4179d7d6f19e1b4b27460c03810f651.jpg,0,7,2
3767,test,train/c41d4f698ccccbf7068c44c8c14f4e16.jpg,0,32,8
3768,val,train/c41f9e2dd4f6b5524d93b3229085b26c.jpg,1,0,0
3769,train,train/c42997b00e59f4523788aa9fbe1f7526.jpg,0,15,9
3770,test,train/c42b5e8105ed48a96bf7273e25f2a047.jpg,0,6,3
3771,train,train/c439d7071a6929d38db1b86e577806c3.jpg,0,8,3
3772,train,train/c440f25216153cfc2bcf4af70c3d59c4.jpg,0,11,5
3773,train,train/c465dd63a0c768fac5d985c9d14c4aa8.jpg,0,8,4
3774,train,train/c47b49c8a45e467ea86c02d53936b39b.jpg,0,3,1
3775,train,train/c47b6592b70ba7c5bdb919f92f4ec07a.jpg,0,6,2
3776,train,train/c47bf1efb40dc9e8eb8975abcb539ab8.jpg,0,17,7
3777,train,train/c47d248c49d70684d8638910c126ccae.jpg,1,0,0
3778,train,train/c4a03cb1a35df1a042140fa01620995e.jpg,0,3,1
3779,train,train/c4a330dbf5845a6f53f102eb3cd771e0.jpg,0,6,2
3780,train,train/c4c1ef63bd568c89beb4ae3ab9eeb1bb.jpg,0,5,2
3781,val,train/c4c2b57389bb4eac8ce685dfe8f5b965.jpg,0,18,6
3782,test,train/c4d68aad9fdec87b76853d26744026bb.jpg,0,7,4
3783,train,train/c4e6dda386e88a2c9164f19024359f45.jpg,0,6,2
3784,train,train/c4e8d9bb21040cbe94f1763856bfcfe2.jpg,0,3,1
3785,train,train/c4f7b110380be6bee542f5c26c78f36d.jpg,0,7,4
3786,train,train/c5010a72f3e20e9b59d7bb991d3c633b.jpg,0,5,3
3787,train,train/c50bb66530634bfac9d5487a607e8211.jpg,0,4,2
3788,train,train/c516ff097d60479f58a797cefad2c80f.jpg,0,11,5
3789,train,train/c5326a0f289b91e4fe88b86d5b00a7bd.jpg,0,9,4
3790,val,train/c53c9441ef4e5df63d8dfb34a983900e.jpg,0,6,2
3791,train,train/c55486a359cc99e2d1518ceba3020967.jpg,0,9,5
3792,test,train/c57e2790b60c949160c90679c711066a.jpg,0,5,2
3793,train,train/c58bc096aa929d9645f0a15a62771893.jpg,0,15,5
3794,train,train/c599c619d44a05ed87854caa6977fd18.jpg,0,9,5
3795,train,train/c5a45ede0cbd270bf54e8a5e7fd27813.jpg,0,11,7
3796,train,train/c5aa9d492605510ce5fc2403df57cd6a.jpg,0,4,4
3797,train,train/c5ad7caaee32f3d5647a993ab299b1c1.jpg,0,22,8
3798,train,train/c5ae256b23f9336ac61c393b3d1607b3.jpg,0,6,2
3799,train,train/c5b761d0fefbe5b1c05822a4df670c09.jpg,1,0,0
3800,val,train/c5beeca4042003ebfeac1f3a786dbe6a.jpg,0,6,3
3801,train,train/c5c36ce7f8adbd045bfe59a325eeae47.jpg,0,6,2
3802,train,train/c5d6ea0776a448a0e43bb1f1638044cd.jpg,0,6,2
3803,train,train/c5dfd21f7ffbb5183cb8a2b7874de381.jpg,0,7,4
3804,train,train/c5eb5f71bfa01fe274e5f6a19f6006ed.jpg,0,5,2
3805,train,train/c5f612ff593f8d5568d3b5d5594d96d4.jpg,0,7,5
3806,train,train/c60b87f681462b74b5cc58bc78f5b99e.jpg,0,6,4
3807,train,train/c619a784636c085eb798f98a5ba1102d.jpg,0,7,4
3808,test,train/c6221295778a330b5b3fa85e719ee9e8.jpg,0,4,2
3809,train,train/c629819adb86c5d0cfd7d454a64d508a.jpg,0,4,2
3810,train,train/c65efe41cef6390d70796a2947dbcc91.jpg,0,9,4
3811,train,train/c67b6e145e57b4fbd4db367f114bd879.jpg,0,3,1
3812,test,train/c6821f9488fa1827726c54dbf5c862b8.jpg,0,16,3
3813,test,train/c683b3808de205ecfd3d3e09f4de44a2.jpg,0,5,3
3814,train,train/c699f16ba0b86f474390da9515bcad7a.jpg,0,42,8
3815,train,train/c69c8b15929c66d8756acc34fe456713.jpg,0,7,3
3816,train,train/c6a67dc0d36b5e231b4a1789d00be3d9.jpg,0,5,4
3817,train,train/c6ad29cb15e0476259fdf56305b286d4.jpg,0,4,2
3818,test,train/c6ada34016e7fdffbba5cbccc996e395.jpg,1,0,0
3819,test,train/c6ae45cbd57420cf4937b9f9299a5667.jpg,1,0,0
3820,train,train/c6c19cc8f966c6353e663a4e299d9a39.jpg,0,35,7
3821,train,train/c6de0bd21c84a2c1eac1b869e79e7ffd.jpg,0,6,2
3822,train,train/c6e432dd2d937af0c6c404f59e82524b.jpg,0,21,7
3823,train,train/c6f36808b0208f5011ecb1ea21aef1b3.jpg,0,6,3
3824,train,train/c6fe78d03c9d12783f3451ad237351f4.jpg,1,0,0
3825,train,train/c70dce909198abf8b39a7e0d41c9a895.jpg,0,6,4
3826,val,train/c71ce6345cf70b23ab481a2d66e9c288.jpg,0,10,4
3827,train,train/c723c6ffb2f746dff02c9538c6c593f4.jpg,0,12,5
3828,train,train/c74b6a0a59b10d81e57158890803fae4.jpg,0,4,2
3829,train,train/c74b97e75097396e9f159c80d5a4a268.jpg,0,6,2
3830,train,train/c7544daad44cfaa27e274b88dce60c46.jpg,0,4,2
3831,train,train/c75d652b2cd934bb797a9a02c6aec8ee.jpg,0,9,3
3832,train,train/c75f825862144dbdff940d9c4ecccde8.jpg,0,5,3
3833,train,train/c7629ae7a638c5892d90c49fd90401f0.jpg,1,0,0
3834,val,train/c772fcde08c1e9cb49ab6c11b8fe6e42.jpg,0,13,6
3835,train,train/c78a429b728a3b35c6e4b4a560dee407.jpg,1,0,0
3836,train,train/c797ab3749e39389929f6b188eee412e.jpg,0,8,4
3837,train,train/c79916dc9b5b70cbd4138366358976a2.jpg,1,0,0
3838,train,train/c7afdce95181c731e79f72d4ad6d4447.jpg,0,5,3
3839,test,train/c7ce99e81ceea73f99d919b38d8df460.jpg,0,10,7
3840,test,train/c7d940c13f1be3feeb46adb7e8206de9.jpg,0,13,3
3841,test,train/c7dfac0ca6b7382d2d51a92ebdf6169e.jpg,0,4,2
3842,test,train/c7e5ddae40ae657e6dd89aba0e113a66.jpg,0,6,2
3843,val,train/c7ea6667211c1999c15af0e228a6e040.jpg,0,5,2
3844,train,train/c80fe973b34b764cf37e43efb755c0b8.jpg,0,6,3
3845,test,train/c818320ffaaa28c866549769e23a3b1d.jpg,0,7,3
3846,train,train/c8205cbdfff77ee90770156c3075a38f.jpg,0,10,3
3847,train,train/c82a4c022beafccbd3bb2d1e8a50a0ee.jpg,0,4,2
3848,train,train/c837c5bfbeedca68690f51b2e07aaabd.jpg,1,0,0
3849,val,train/c854dff7593a38e6e7a83330ff32ac86.jpg,0,4,2
3850,train,train/c85587ddf15dbf7ab134208647cb9856.jpg,0,12,6
3851,test,train/c855e2fc7a8fea601a568f546e466d4b.jpg,1,0,0
3852,train,train/c8634131ee43469be8f4f75ab4595b10.jpg,0,15,6
3853,train,train/c8772752985ad53b7c0214c4c954dd01.jpg,0,5,2
3854,train,train/c87a39abf714b710d0539e246739d783.jpg,0,12,4
3855,train,train/c88c3cfbb6ed6198f4e13b5e4dda7f5b.jpg,0,4,3
3856,train,train/c8a24a5d72c93b72685287c27e0d4623.jpg,0,8,5
3857,train,train/c8a56cc3c310b1619ec6559afab11089.jpg,0,5,3
3858,train,train/c8a782d151fc7bc3305ec970901b7bfe.jpg,0,8,5
3859,test,train/c8cd4cf2230684b7185aa05d0cefe6b6.jpg,0,3,1
3860,train,train/c8cef7f9bbed9e8303371f940dcfc495.jpg,0,9,5
3861,test,train/c8e9aaf309d856f9a7275115fef4a423.jpg,0,6,2
3862,val,train/c8f305c30eccf48e12cf024df3d24e26.jpg,0,5,2
3863,test,train/c8f75e6529a051827b8b7952a3e65f5b.jpg,0,5,4
3864,train,train/c8f9493ed65b68adb82000cb7ca7baf3.jpg,0,7,4
3865,train,train/c8fe4972b001dfc2e11a06c800da0d6a.jpg,0,3,1
3866,val,train/c9178abde9d3400103cf7f925bc38782.jpg,0,9,5
3867,train,train/c918bc36b064c7fb97f95503181a4d60.jpg,0,5,3
3868,val,train/c922a445f08f22058a4a979c5de23586.jpg,1,0,0
3869,train,train/c925e4d4be7a67db1cda23c93f9414ec.jpg,0,4,2
3870,train,train/c92a0bd2d3c781a82946934351821e9a.jpg,0,13,4
3871,val,train/c9380a132776f6d999ed5a72a1212bcf.jpg,0,14,7
3872,train,train/c93d43336ef6d28348794b5ced1886a4.jpg,0,8,4
3873,val,train/c978cdb3275ab78fe11929e145dedab2.jpg,0,14,6
3874,train,train/c989d46402b855ed7f825b7e6e4c17b2.jpg,0,12,5
3875,val,train/c996a67b615c29ae24418c918bd44c69.jpg,0,17,6
3876,val,train/c9c761e1d3bf899273a06ca2e24610ef.jpg,0,5,3
3877,val,train/c9e29220b5d0f9cfdb250f0872648a89.jpg,0,6,3
3878,val,train/ca06e2f4999e77fe76003a86b64a0710.jpg,0,8,6
3879,train,train/ca1f29978ccbee874f58148f4148e278.jpg,0,3,1
3880,train,train/ca2367e34e80cf17deb67602a24e4920.jpg,0,11,6
3881,train,train/ca23e139746a14d9de312dc7271d84e4.jpg,0,7,3
3882,train,train/ca2a64d3c50654de6327f3880bbc17d3.jpg,0,13,3
3883,train,train/ca300a7c90492a6f03220a3f9efe7c4e.jpg,0,5,3
3884,train,train/ca3e09e7614df68776156e7388fa5edb.jpg,0,3,1
3885,train,train/ca45eff411274d3a20007bfbc5b68bc1.jpg,0,7,4
3886,train,train/ca51a918dfb1408e97204c7dbf8a6f39.jpg,0,3,2
3887,train,train/ca527d7c532ec5810f5b73ab2ff7170a.jpg,1,0,0
3888,train,train/ca6ad3f597ed0079bf27187e72855c15.jpg,0,8,3
3889,train,train/ca6c1531a83f8ee89916ed934f8d4847.jpg,0,17,6
3890,train,train/ca72b54e1dc0ba04d64631ccd30acb9d.jpg,0,8,3
3891,val,train/ca96c5f3611278776d1f6027bbd41005.jpg,0,6,2
3892,train,train/cad7f3b0b26e674d67eb5a735c0a9bbe.jpg,0,9,3
3893,train,train/cad8e7e5f5034a50d4b1ebb30db533c5.jpg,0,4,3
3894,val,train/caf1b7af2b0caf57a7ae5d23b5dd2aba.jpg,0,7,3
3895,train,train/cb0165cbc17f5d8d0fc4deab637aa2ae.jpg,0,12,4
3896,train,train/cb206cb073c2685558a0ef6dece16fa7.jpg,0,5,2
3897,train,train/cb8fd53c4498aa62dd48c184beb050bd.jpg,0,5,2
3898,train,train/cb9658d61c84a99ba31665f40cb0788d.jpg,0,5,4
3899,train,train/cb9cfff99f0aa6a0e618e2310a68f186.jpg,0,10,4
3900,train,train/cbae689446b034eb2204751c65e08af2.jpg,0,7,3
3901,test,train/cbc971fb918adb51914a165519ba121a.jpg,0,6,2
3902,train,train/cbcb95889f621abbd2e9b46220267c98.jpg,1,0,0
3903,train,train/cbfe3d59be5549fee6a56e73fc8b2803.jpg,0,6,4
3904,train,train/cc47c14b9aa97e08fad1925a6dc1efee.jpg,0,6,3
3905,test,train/cc5ca13d504354fc7c1e75bf2ca9857b.jpg,0,4,2
3906,train,train/cc625b64cd45864eb85bdf4446e813a4.jpg,0,8,3
3907,train,train/cc6fc3c91c3d9061b11b65f8257a2ad0.jpg,0,11,4
3908,train,train/cc9a84f1f3942ceb845c5f174e5b70cd.jpg,0,15,7
3909,test,train/cc9b6ee01a01702434ad789eef9432fb.jpg,1,0,0
3910,train,train/cca122e46a24a6ccfeba9ade9f7b933c.jpg,0,9,2
3911,train,train/cca5fa8df1efa35b42580fc781efadb7.jpg,0,12,4
3912,train,train/ccce794d56a43641c1bb3d6b0253e794.jpg,0,6,3
3913,train,train/ccd403a2a0b24d9d67ebf996e03224d3.jpg,0,6,2
3914,val,train/cce1682c4fbfc0f04fb84136651a3813.jpg,0,11,4
3915,train,train/ccff375f4139cef65b98385224cfc810.jpg,0,5,2
3916,test,train/cd1290a0b49dd799d0c77475b1953868.jpg,0,5,2
3917,train,train/cd1a6e3e5352f7b0dd5f596f29b74390.jpg,0,7,3
3918,train,train/cd2ca6c232cc1c107ad1249579b457be.jpg,0,8,3
3919,train,train/cd33be932bca447f6bf5b83b03018806.jpg,0,12,3
3920,train,train/cd42d4220f19d14291f1cf7c2a194f07.jpg,0,7,3
3921,test,train/cd49c1e8e2c3e37a4dc3325c986a609f.jpg,0,4,2
3922,test,train/cd61bab9751a2dc321165c975901bb23.jpg,0,8,3
3923,train,train/cd857b26125043e9eee272433187f3a6.jpg,0,7,2
3924,train,train/cd92b5a85b85e254d101eb7b1deed668.jpg,0,7,4
3925,train,train/cdad4eefae33e95d6fb7e6422cf84758.jpg,0,4,2
3926,train,train/cdbd07a6e9e17958d4cafd4278872806.jpg,0,14,6
3927,train,train/cdc44f8510ed779fade14a506d2bbd8c.jpg,1,0,0
3928,train,train/cdc9449b58f831981f7df30de936077d.jpg,0,7,4
3929,val,train/cde07682ce7758568b5a3701eee9f46a.jpg,0,12,5
3930,train,train/cde438e260e3b75a814cd3519a2c28b5.jpg,0,8,4
3931,train,train/cde6b59dc5447237fd9f9b264567a653.jpg,0,7,3
3932,train,train/cdeda235172891a9886537799cd57d76.jpg,0,8,4
3933,train,train/cdee8199f2b74923889994f67789dae8.jpg,0,7,3
3934,train,train/cdf9f0eb45572fe32a1c66db5755fc20.jpg,0,3,1
3935,train,train/cdfac35a0800774db5fe8a6354df64ef.jpg,0,6,4
3936,train,train/cdfb27f0268e0803530e4511ed89b0c1.jpg,0,6,2
3937,val,train/ce05e2dfd28685a861263561a123fb05.jpg,0,5,3
3938,val,train/ce0a7268695e0f82d7350f8646ea8c86.jpg,0,5,2
3939,train,train/ce124e4ecf1e643ca350bbc75e7f8658.jpg,0,7,3
3940,train,train/ce1809b48b0ba6519f6f7b3a01155173.jpg,0,7,4
3941,test,train/ce229a03f797a78f5c482af89d78c988.jpg,0,5,3
3942,train,train/ce2445abc396911bace06d962bf9b6e6.jpg,0,8,5
3943,train,train/ce2c5376b597eb067395da4c7f9960aa.jpg,0,20,7
3944,train,train/ce2c97cafc1a2ef349e996e91abd554a.jpg,0,19,8
3945,test,train/ce371ba7a1fb344e711357b2a55c8754.jpg,0,9,6
3946,test,train/ce4e8ead795a19444e7b9dc1c27cfb66.jpg,0,4,2
3947,test,train/ce51a9ef3a4afc873a483972c2264c2f.jpg,0,18,9
3948,train,train/ce5d79a7cdd6e58c3c4e858abf9c4101.jpg,0,3,1
3949,train,train/ce5e76544b8c1d0ec34783b0f1bc471d.jpg,0,31,5
3950,train,train/ce6877e88fc20990497099e6196b6ae4.jpg,0,4,2
3951,train,train/ce99128124dc2e9cb8795a06342c00a2.jpg,0,3,1
3952,val,train/cea1568b0614b071775567674391519d.jpg,0,6,4
3953,train,train/ceae25112f71e514cb5772484f9434f7.jpg,0,6,2
3954,train,train/ceb5e06ea1a66fedab43e8bdb51890eb.jpg,0,4,2
3955,train,train/cefc63f9ff49d9da82c49144f05a13cd.jpg,0,3,2
3956,train,train/cefc99738c5307f12d9104f31ff2c1c4.jpg,0,15,4
3957,train,train/cf32a2bc41deeb7436a36bcc4ff324fb.jpg,0,10,7
3958,train,train/cf3f071a229e2d4433abcb38c4b35cac.jpg,0,21,5
3959,train,train/cf412a6f906091434c19ffd30f2df9b6.jpg,0,18,7
3960,train,train/cf4d4dc28551c17c0d33d0326d4a201b.jpg,0,5,2
3961,train,train/cf5594b365507845c417b03b93107877.jpg,0,3,1
3962,train,train/cf62220b6647aa19043a9bd46a04f61a.jpg,0,6,2
3963,train,train/cf7b4c06372d21a1d7dc81dcd6757dfe.jpg,0,11,5
3964,train,train/cf95785b8e8bf924e9cf0b51faef41aa.jpg,0,10,6
3965,train,train/cf959acfa91add68f9f4b35aca1abbce.jpg,0,5,2
3966,train,train/cfb0f1134227a67c3c30809e424fba01.jpg,0,7,3
3967,val,train/cfbac484f94686cd93d564487d9e5a8a.jpg,0,4,2
3968,train,train/cfcd11e1470297208eb39c9e82d6618a.jpg,0,5,3
3969,train,train/cfd708bfc4b35a7a4d6aabde5c0799ae.jpg,1,0,0
3970,train,train/cfe3e67ca5f8235d64e51416a26e70cc.jpg,0,8,3
3971,train,train/cff98ac92877ed0954dad4fefb125d1e.jpg,0,21,7
3972,train,train/cffa67149b86b1359623d25f061a2063.jpg,0,18,4
3973,test,train/d0043062cebce85f2487407bc033d405.jpg,0,14,9
3974,train,train/d00773ee4a01cc570b35d2f86a22d961.jpg,0,7,3
3975,train,train/d015e02257639b55b196e26820e10081.jpg,0,11,7
3976,val,train/d0252f72f9db197d04d2f59c8f77f908.jpg,0,13,3
3977,val,train/d04d4c8e2d4a4338994e37f3eec158ca.jpg,0,14,5
3978,train,train/d04f6328a4f309158aabe9818ab3e2eb.jpg,0,4,2
3979,train,train/d055c6563b7d1059b2488cd239aa328e.jpg,0,16,6
3980,train,train/d058b141769a9791bb2547c44f08c79e.jpg,0,7,3
3981,train,train/d0698d11e0b9d2f343888948f5fccb83.jpg,0,6,3
3982,val,train/d06c3bda18d5dc7ff656faf4358615a4.jpg,0,6,4
3983,train,train/d07557904cbe57fc1bdebac1e8aeefa1.jpg,0,14,4
3984,train,train/d07da8a9b93d7c684264ec8be14c0fe7.jpg,1,0,0
3985,test,train/d087fb5597b73624c84203ca9633a2c1.jpg,0,4,2
3986,train,train/d088c22989ec259a26d64efe51eb276d.jpg,0,6,2
3987,train,train/d08fe6d0819f1ca56bc29422f8d8a408.jpg,1,0,0
3988,val,train/d09d12dab1ee691049e51dfd69722a09.jpg,0,4,1
3989,train,train/d0a8b798569ce701b96f52058e99e5f4.jpg,0,3,1
3990,train,train/d0d9778108b9059fd91572f77ed96e51.jpg,1,0,0
3991,val,train/d0e7b36dd1975188809340a634301e87.jpg,0,6,3
3992,train,train/d0ea942db524a895c4bc433e03c3cd3a.jpg,0,17,6
3993,train,train/d0f5c4ab003b51700ba82fab2eeef905.jpg,0,5,2
3994,train,train/d106ec9b305178f3da060efe3191499a.jpg,0,39,4
3995,train,train/d10befbaf9fa291ed319f7118515a20c.jpg,0,5,3
3996,val,train/d1192634c95b9018fe25890bf74d45ab.jpg,1,0,0
3997,train,train/d11b2ce53ce195af06de80a5076f8126.jpg,0,10,4
3998,train,train/d13883c248f9a28b6f50e3ac77ccb756.jpg,0,3,1
3999,test,train/d142a0fed8a258c8093a0e0e9c4e48ce.jpg,0,5,2
4000,train,train/d14f7d9469a5cdf6a60feea8f190f38d.jpg,0,7,4
4001,val,train/d15440be54e5314679b36d0e7c9c0da1.jpg,0,8,4
4002,test,train/d15e6278a65dfc72e8a437c5836ba4a6.jpg,0,6,2
4003,test,train/d1605d4007fbbdbec96acce4a834d10b.jpg,0,7,3
4004,test,train/d16b67fee07971da41a3d08707ccd864.jpg,0,4,3
4005,train,train/d16f5fd6c9f2c17efe75b084d527c2a5.jpg,0,6,3
4006,train,train/d1713f5cf5838c1592e5f712b5d4928e.jpg,0,6,5
4007,train,train/d1840dda98dafc76f201fa30bda3ef94.jpg,0,6,3
4008,val,train/d189ad84aa78fffbb5bea14f1c230e54.jpg,0,16,6
4009,train,train/d18baf80b9c942af3688e9ddeb3dd18b.jpg,0,5,4
4010,train,train/d19b822e1f1cb392d172d1ee4fa73005.jpg,0,4,2
4011,train,train/d1ae8f8c681cf7e9ad6fc1f8ab02dc3a.jpg,0,13,5
4012,train,train/d1bb581de986967b12d4ee6a064d70e8.jpg,0,4,1
4013,train,train/d1bcef094e9b8c86c70192220b8e1648.jpg,0,6,4
4014,val,train/d1dbddfd0d130d400e81deeef783007a.jpg,0,20,7
4015,test,train/d1ded9f78544969878049b01149d0dd2.jpg,0,8,4
4016,train,train/d1dfd6ac02ac34ebaf9788ec9b2de1f3.jpg,0,10,3
4017,val,train/d1e95f585e1094cb8ddf94c1d97a4d1a.jpg,0,16,5
4018,train,train/d1eb013c56b49d88034915dbee6c5f68.jpg,0,8,5
4019,val,train/d1ee146b55af8b9cd84ec605a9aa36bd.jpg,1,0,0
4020,train,train/d20563eda118661e39a855fa825539fe.jpg,0,6,3
4021,train,train/d211355c013edb6306146222ebb2082f.jpg,0,10,4
4022,train,train/d23024cde82d22b8e1cf899c3c0207c7.jpg,0,6,2
4023,train,train/d2305891b7a1433e06323ea610d47884.jpg,0,7,5
4024,train,train/d23be2fc84b61c8250b0047619c34f1a.jpg,0,4,2
4025,train,train/d23f3e07cbc9ef75f47407eccac43d73.jpg,0,5,2
4026,train,train/d252062152a9c144706233c2a544c711.jpg,0,11,5
4027,train,train/d25885006314439d3d359c94d1ea63e9.jpg,0,3,1
4028,test,train/d260497f6120426c51399f5f846c16b6.jpg,0,6,2
4029,train,train/d280f2ad03ad22e2fdcdcd0d26869e47.jpg,0,7,3
4030,train,train/d28436f3bcb1f8a129b35a812d5c8cfb.jpg,0,11,7
4031,train,train/d28f1f4fdbb37d98f802678fc174ff21.jpg,1,0,0
4032,train,train/d29e22e5ef93b44aef8810130ef9acca.jpg,0,6,2
4033,train,train/d2ba8e95f185391a08f009c8e2a9ca12.jpg,0,7,3
4034,train,train/d2bc15eab8150cfcbcd9364c20c7297d.jpg,0,8,5
4035,test,train/d2de60c06501603f1d4842fa71808636.jpg,0,10,5
4036,train,train/d2e80d6cae14b72a824f1ac625d23472.jpg,0,8,3
4037,train,train/d2ee971a8b41f013def83648617b43cc.jpg,0,12,4
4038,train,train/d3013a1bf9748593f9a413cf4f067d7f.jpg,0,4,2
4039,train,train/d312cdd620b130479bfea6128e47b2c4.jpg,0,21,7
4040,train,train/d32509da6cdeed96643392245b6ab8e8.jpg,1,0,0
4041,val,train/d32677062d9b64918b27c648d2da50d1.jpg,1,0,0
4042,train,train/d33e30f362a5e816c72f2d2e81b810bd.jpg,0,6,2
4043,test,train/d3627a59bdf97f89094cbcee823ba057.jpg,1,0,0
4044,train,train/d3637a1935a905b3c326af31389cb846.jpg,0,11,4
4045,test,train/d3780a0c70b4737cd12874433023c40a.jpg,0,8,5
4046,val,train/d3823d24855b6ef03c188e962948b4b9.jpg,0,12,3
4047,train,train/d382f7b5c1608ed890527962c60eda05.jpg,0,6,2
4048,val,train/d39514e0a4ab55df4e5f6e0426aa8fed.jpg,1,0,0
4049,train,train/d3b82f17d58da80f02e2b0812606cee2.jpg,0,12,5
4050,val,train/d3dfd38de2eecc6492fa8101d8245b76.jpg,0,11,3
4051,train,train/d3e275e681d082bcc003336b8355b2f2.jpg,0,4,2
4052,train,train/d3e2d6c3f0b85c65e3bd7561b2ece66a.jpg,0,4,2
4053,train,train/d3ef9ae515fb3cd3565e2c9875b3e0aa.jpg,0,14,4
4054,train,train/d3fcec7cbaa93e9e4845724118cae73c.jpg,0,4,2
4055,test,train/d414a0d3435dd64628dd3b72e6ecd6be.jpg,1,0,0
4056,train,train/d42c8cdbeea7094d8a3e4899742cdda0.jpg,1,0,0
4057,val,train/d433568de3111a8536c18e27eff73a47.jpg,0,22,7
4058,train,train/d4368452d937230208748ce2c819b971.jpg,0,6,2
4059,train,train/d43960df26db044d6b9caa7e4ec2ac08.jpg,1,0,0
4060,test,train/d439808cf55114c97c3b244c54e5ab34.jpg,1,0,0
4061,train,train/d43c6680c56521ab6aafd6babf8bd7c6.jpg,0,8,5
4062,val,train/d44766bf0eb902fbc1848f418417c45f.jpg,0,4,2
4063,train,train/d44b907ffbef18483e074eac9a4783dc.jpg,1,0,0
4064,train,train/d44deb5774617d3e89893bae3994489f.jpg,0,8,3
4065,test,train/d45374a1b323c34b8418b36b819783e3.jpg,0,7,5
4066,train,train/d45c88116610fd72a56688d29bf2771d.jpg,0,4,3
4067,test,train/d46fcfc88827c952da48421ecdac7e30.jpg,0,10,4
4068,train,train/d47bdbcba4b30efdc224e8d6ab79f647.jpg,0,7,4
4069,train,train/d47efdd2527ed1646f31bec6dcbbcdc1.jpg,0,9,5
4070,train,train/d4a201049322f6130e8ee837c22ed803.jpg,0,4,2
4071,train,train/d4a67043b09bca469a46c16b763c0391.jpg,0,9,4
4072,val,train/d4a8a32d495cd0d49ec8ad2eee3afa3e.jpg,1,0,0
4073,val,train/d4b3527d37d04d52eef04650b7c45c1d.jpg,0,6,3
4074,test,train/d4b495a674f603616f7f418f41e4e0bf.jpg,0,6,2
4075,train,train/d4bcbefefd480d4362d7d373a23e8729.jpg,0,19,7
4076,train,train/d4dcc6b21675250fcf6697b8b1b65e5d.jpg,0,3,1
4077,train,train/d4e8665286a7fd59bcd408868c247a5d.jpg,0,6,3
4078,test,train/d513454347dd168afa0b6bb6c328a2ee.jpg,0,4,2
4079,train,train/d5203efda6708309bae1c60534f16192.jpg,0,6,4
4080,test,train/d52590d27ebd08d17277ef794e31337f.jpg,0,3,2
4081,train,train/d530ec3596a3e7e7dd73fbe369178c07.jpg,0,5,2
4082,train,train/d5331c5488785e73b81760e5418a192d.jpg,0,22,5
4083,train,train/d547ff1995b2b5cd7904cb0052857dd1.jpg,0,6,3
4084,train,train/d54f205e3f01d2ead98f02fc1bd4c164.jpg,0,14,5
4085,train,train/d558629d10923b5a498508ac4b65f7d2.jpg,1,0,0
4086,train,train/d55bf1212f45e38da405d8bde20f6a7d.jpg,0,3,1
4087,train,train/d56ea789585115ee47580ed320a8532e.jpg,0,7,3
4088,train,train/d56fd281ce49dd0ed4dfcf1d72ca78d0.jpg,0,6,4
4089,train,train/d571f85ab9434bcb8bc11bd175453c96.jpg,0,7,4
4090,train,train/d5802f146ff1cde67791855f2b531420.jpg,0,5,2
4091,train,train/d59d5dcc1601a29509f91dab5f8550bc.jpg,0,23,8
4092,train,train/d59e8b41b1b2b15cd6a7ae3ec6882781.jpg,1,0,0
4093,train,train/d5a6b16e6de1f5f21a7a549a84af463f.jpg,0,6,3
4094,train,train/d5adeb5f9d36c06c466a45acfb35d4d8.jpg,0,4,3
4095,train,train/d5b2a2c4177eb355dd3c0bfacbfd39bd.jpg,0,10,6
4096,train,train/d5d504bb44506c3d2b96fc68b085305b.jpg,0,3,1
4097,train,train/d5e37f977eb0774ed01dda67ba31adb2.jpg,0,8,5
4098,train,train/d5eaa2c2ae8e05956394f24470224843.jpg,0,3,2
4099,val,train/d5f6e4ac57771303fe96ac40b177a28d.jpg,0,13,5
4100,train,train/d5fd5c2233862d3d73a5e4f7b57be280.jpg,0,17,7
4101,test,train/d60002856387ce505f27d4a6dd8d2bec.jpg,0,11,5
4102,train,train/d60854afebf749f87a8c95a07cb30d48.jpg,0,15,6
4103,train,train/d60fdd6237c71b741d10c85895723d16.jpg,0,9,4
4104,train,train/d617b24dad98aa3b1f2d645828095355.jpg,0,10,6
4105,train,train/d61eb45d47ad48020286203b1f1362f8.jpg,0,6,2
4106,train,train/d625684a437d0b9f622fec5329c6d7af.jpg,0,7,4
4107,train,train/d630459c8036ef43b0fdb55625289101.jpg,1,0,0
4108,train,train/d6352ccc0bf75017b99820231822ab6b.jpg,0,5,3
4109,train,train/d647ae4618fc943d965b25c3aab3fb4c.jpg,0,9,5
4110,train,train/d653c05dad30d8c04fa23fdac2572ab6.jpg,0,14,5
4111,train,train/d6569366db7f18f343963d9119307f89.jpg,0,8,5
4112,train,train/d6599d989c75982e68a7f277ddf170ff.jpg,1,0,0
4113,val,train/d65e8ebeaf0add8c9491ba9d8b35931e.jpg,0,11,6
4114,train,train/d661504676709e84d3075bb96462e7a5.jpg,1,0,0
4115,train,train/d6b38dc0d4cb99ead6ff30cc999f17ca.jpg,0,6,4
4116,train,train/d6d2896d8c4e3cf8b74fc981e7218678.jpg,0,7,3
4117,test,train/d6d95f11e158dafc5fe2955b81192f51.jpg,0,10,5
4118,test,train/d700828f067b24ac9bc70bc8bbee1bea.jpg,0,6,4
4119,test,train/d7049d549349da79c6fce9744a52e470.jpg,0,20,6
4120,train,train/d70837c881f01f8c51afe9616879de50.jpg,0,17,7
4121,train,train/d70e8f6924ff1e80d6b008965df94e08.jpg,0,12,5
4122,train,train/d7112ac1c4800858be0b871cb50c3c18.jpg,0,7,3
4123,val,train/d7163e05dad88864eb0111956c16eb66.jpg,0,7,3
4124,train,train/d7210d8d2f377ab74e46acfb4a158e79.jpg,0,20,6
4125,test,train/d7242fc163c07f6d286ed049914d962e.jpg,0,19,5
4126,train,train/d73add6550804e3da302f96e50e463af.jpg,1,0,0
4127,train,train/d742a4e61899a7a7408754397737a3ea.jpg,0,6,2
4128,train,train/d746a3f16ed61bfebbdfab1b9086e3aa.jpg,0,6,2
4129,train,train/d74aa13b3bc96f254461e842232dbfce.jpg,0,9,3
4130,train,train/d7509ae432cae9e7062e1e78582e64d5.jpg,0,6,2
4131,train,train/d75471409759c988b3380b9a675fd12c.jpg,0,8,3
4132,train,train/d754c0b8f318f683355ec2b11954abb4.jpg,0,18,7
4133,train,train/d77ef79ee4580a65dcb1e0e26b91d017.jpg,0,10,4
4134,val,train/d786442ae2ad8b9bec49fece2659d564.jpg,0,3,2
4135,val,train/d79068eb77a5aa51eb57904fbfce1720.jpg,0,5,3
4136,train,train/d791f10dbcb0ab7c0c34dafd2fdf8b08.jpg,0,13,6
4137,train,train/d79e29f792f1225d45994d75d624f8d1.jpg,0,5,2
4138,train,train/d7a418b9be0b9981e1a5e81f97e70690.jpg,0,16,6
4139,test,train/d7aea6f37597df566725da73655edcc2.jpg,0,20,7
4140,train,train/d7b69078f953c292ffe719e864f53b21.jpg,1,0,0
4141,val,train/d7bbb290f6691900ee45ea1ed1d5787f.jpg,0,9,5
4142,train,train/d7c148eb16f56462447f7f9c78ce390d.jpg,0,6,4
4143,test,train/d7c8b14cc4c55e569c6bb92637b27595.jpg,0,5,2
4144,train,train/d7d10dd5db989860a2758763e97edc05.jpg,0,8,4
4145,val,train/d7d4917de30bc1fe416ca55703dfae65.jpg,0,6,3
4146,val,train/d7d4e27e5a9b3752fddcf5c6080026d5.jpg,0,5,3
4147,val,train/d7d7a197eb6dae4936fc641168a7abe8.jpg,0,4,2
4148,train,train/d7eafe6a9ffafc052512cac5aa378efb.jpg,0,9,6
4149,test,train/d7eda97fb8a4ab94a7c0dfd1d3d1c17e.jpg,0,3,1
4150,train,train/d7fab14d2d4bb9d001b64f4fb59cee80.jpg,1,0,0
4151,train,train/d80e04e5a52a954fcc1004a53f2ef4a5.jpg,0,3,1
4152,test,train/d8220f2e082dae72b6db9b8a86637695.jpg,0,9,5
4153,train,train/d8275cd2eabf34a7f7bf22bdd838bc70.jpg,0,40,7
4154,train,train/d84454d6b6109ee5d68a81e49a45cb4f.jpg,0,6,2
4155,train,train/d846ef7992c9efb128ba7e3c25fa6a64.jpg,0,6,4
4156,train,train/d86ef0cf8f2fe8de11926a45bbce5379.jpg,0,13,5
4157,val,train/d876777df161eb8f02cc9e134916f104.jpg,0,5,2
4158,train,train/d8863e2fc68e2bb33caa4c05bdbbd363.jpg,0,6,3
4159,train,train/d888fbee05acda2b655ba4136c1958fa.jpg,1,0,0
4160,train,train/d8a3fe9536afba5813aa8025506c810a.jpg,1,0,0
4161,val,train/d8b297c773294eb23707c0a7f693c5fc.jpg,0,12,7
4162,train,train/d8b75d2a0acb6e0fa20ef05300b7e006.jpg,0,8,4
4163,train,train/d8bed8c7cbb164f7e8dcc5708ef41f7b.jpg,0,20,6
4164,train,train/d8d73dcf93b13ff0bd2f11639abd0003.jpg,0,18,5
4165,train,train/d8dbee83116aef5c27b78b8b6aa53170.jpg,0,7,3
4166,train,train/d8df1cd5564e9a9f4d72b17049d5d79e.jpg,1,0,0
4167,train,train/d8ecc4a091d838d9a615f100a907d5ec.jpg,0,10,4
4168,train,train/d905cbadc9456dc3ad054496c5fa9289.jpg,0,5,3
4169,train,train/d91079b185012d745fb4c1aa0e04d3b9.jpg,0,4,4
4170,train,train/d914b535b048cf5f93363556b0c2b16e.jpg,0,8,3
4171,train,train/d91b584f369006155e911a1dce5261da.jpg,0,7,3
4172,train,train/d9245845860a540560404f47bcda1716.jpg,0,3,1
4173,train,train/d925309691e7929d905eaa42f081833f.jpg,1,0,0
4174,train,train/d926d49104e258332d45e8afb02dd575.jpg,0,7,4
4175,val,train/d93676d54152dd6a7a78cdf2659171d8.jpg,0,12,6
4176,test,train/d936f8115e8be8a46c5933decd3b6b94.jpg,0,15,6
4177,train,train/d9486490c0d42c5e7060a64f5d0176d4.jpg,0,3,1
4178,train,train/d94b4e689299d6eb3cc8f5ac772d759b.jpg,0,14,8
4179,train,train/d95da4b845c9eee6dbf93b1c27bd4dad.jpg,1,0,0
4180,train,train/d9910b0b179e65a23b33b1ec0a8b4bb4.jpg,1,0,0
4181,train,train/d997f71818df03dd9ba8d4214dcf1856.jpg,1,0,0
4182,train,train/d99ee7158fccfc6add49cd6b8389fb55.jpg,0,10,4
4183,val,train/d9a6b1f6a4175eaee343eef3c1134928.jpg,0,4,2
4184,train,train/d9ca6a56d878b6c9f46571e35afb725d.jpg,0,7,4
4185,test,train/d9d272d8282ba9ce1ce1065f45cd0456.jpg,0,6,2
4186,train,train/d9e1d3236f81f2cbdbe29bb94b7d45e2.jpg,0,6,2
4187,train,train/d9f6c5f7623550374aff527ad8ba6ccd.jpg,0,12,3
4188,train,train/da0364cb98ded8ccbdea0d70fc8fa38c.jpg,0,18,7
4189,train,train/da080bbceada7f806710be3c22f34c48.jpg,1,0,0
4190,train,train/da1f25221a05f7b1852b8191f89aca1f.jpg,0,12,3
4191,train,train/da1f5d4d40b9a1b9e5c3f4adf092e68c.jpg,0,6,2
4192,train,train/da43f621e092ce20c96b5f4efcc2ea43.jpg,0,19,4
4193,train,train/da4cfaa6343960e89066e60b678bbbd7.jpg,0,9,2
4194,train,train/da4f74aa1442d910174204f6dfb0d074.jpg,0,4,2
4195,train,train/da6434d2962b74259909abfdf93d4e6c.jpg,0,5,2
4196,train,train/da648f4e3bf110e8c31b0fd1859c19c2.jpg,0,3,2
4197,train,train/da668869900c862ce12bd06fde5feb8d.jpg,0,14,4
4198,train,train/da7182a1b541864c1687329689b3c438.jpg,0,6,2
4199,val,train/da7ba2750699edc297c106c314963f15.jpg,0,4,2
4200,test,train/da80aff78196208d9395ced4a9f0d485.jpg,0,3,2
4201,train,train/da8a1f7ff197b044c9080c8ad34b1df2.jpg,0,15,4
4202,train,train/da922b5ee573e770260d4f6c849a17a5.jpg,0,5,4
4203,test,train/da95c308ecf6b869be4930aa124c0d7e.jpg,0,12,4
4204,train,train/da9778a74d1eb6016acd497948eae1d1.jpg,0,6,4
4205,val,train/da996e211b26bd509d3ca7136c1e9435.jpg,0,6,2
4206,val,train/daa2bf07bac956d6742ac7fda965cf99.jpg,0,9,5
4207,val,train/daa38c68b720696d6d0c59fe690dc2a5.jpg,1,0,0
4208,test,train/dab8bef96e96c74e44e44b513760086b.jpg,0,16,6
4209,train,train/dad083d8150288db33157fde49ab35f9.jpg,0,10,4
4210,val,train/dadb809c6e432781996add21a4543cd3.jpg,0,5,2
4211,test,train/dadf619a987c90a4f2c250ae26ed2041.jpg,0,7,3
4212,val,train/dafe6d3ffe818409176b801fc4798881.jpg,0,9,4
4213,train,train/db0409f17482d968dc350ae12a91d913.jpg,0,14,3
4214,train,train/db14c5746cc1525384f3865b4a20c7b2.jpg,0,4,2
4215,train,train/db169d0be36123bd55b866d6aa73983b.jpg,0,15,6
4216,train,train/db1942c4b69ecc90ff870f987b7c5284.jpg,0,6,3
4217,val,train/db30e6a7a66927f57bf3cbfd440e377a.jpg,0,5,2
4218,test,train/db33ef6234c141325aa449789c23d869.jpg,0,7,3
4219,val,train/db3e54a9097fc39788693da5bbcef8cf.jpg,0,8,5
4220,train,train/db458f41a65184d55c82cdbee65ed10b.jpg,0,8,3
4221,train,train/db462203729870bda6162307e7d2f319.jpg,0,7,3
4222,train,train/db49c96665f4fe0ff5f4420578e2f185.jpg,0,3,3
4223,test,train/db56d92cb8648d1bd80eff002eefdbf7.jpg,0,23,4
4224,train,train/db57f6b752f8f5485e04d8fe8877ab90.jpg,0,3,1
4225,train,train/db65300cb20b50abb1e3b30f908ef3e0.jpg,0,4,2
4226,test,train/db724caf57a7adc90648a092e9fa2395.jpg,0,8,2
4227,train,train/db7da50ba329b52f6779db53689c289f.jpg,0,3,1
4228,test,train/db8cef631031c241d7eea067c09fde94.jpg,0,8,3
4229,train,train/db8d818bc4047e5c02af17c31bb78009.jpg,0,14,5
4230,train,train/dba73ad098671788c3ed72fc9b07bdd3.jpg,0,5,2
4231,train,train/dbca1fb4fbbfbd6032a9764f3e922ad3.jpg,0,5,3
4232,train,train/dbcfcf58619fc013b719b680aa71b91b.jpg,0,5,3
4233,train,train/dbd95448052d2fd61f31da0c52f05845.jpg,1,0,0
4234,train,train/dc0fcb0e8d98ec8065bee19fb06670df.jpg,0,3,2
4235,test,train/dc16611b33711249ce1605b2d7148bc0.jpg,0,5,5
4236,train,train/dc249d912181102a5875015b61b92d70.jpg,0,4,2
4237,train,train/dc31ce81fcf53c987f2c8ddcb8c162d4.jpg,0,6,4
4238,train,train/dc3d3675ea30a5f3885dcc1b258a6a2e.jpg,0,16,6
4239,train,train/dc4d73c10876b27e063b584d49eea496.jpg,0,7,3
4240,train,train/dc50912f4b027506434b409550322d6c.jpg,1,0,0
4241,train,train/dc67d031d4eba63b63da5e8da9ca965d.jpg,1,0,0
4242,train,train/dc7d6c6fa1fdde25e0aa64a1f6fd594a.jpg,0,19,6
4243,train,train/dc822ebcbb0cb4879d794f0f1bc3638d.jpg,1,0,0
4244,train,train/dc8aa159b1b1bfe781235fb843de2e78.jpg,0,10,5
4245,train,train/dcb081bb5e1dac41000e96fc37c8c322.jpg,0,10,7
4246,test,train/dcbe7cd300844e5e702e7dd68a54794c.jpg,0,4,2
4247,test,train/dcc6c3c2c149299292afc9004774505d.jpg,0,10,4
4248,train,train/dd0d24793fa18a607a734a0d66d0d760.jpg,0,5,2
4249,train,train/dd1ec1034edd4e6b9696ea5cbeca6168.jpg,0,4,3
4250,test,train/dd229e11cb18d836618643df8129b2c4.jpg,0,5,2
4251,test,train/dd2fcc4feaa9544f3691e1db071e7e8b.jpg,0,10,4
4252,test,train/dd375650caabb420aff92ee4a5d833df.jpg,1,0,0
4253,train,train/dd736e1b1729796f6212e55b7fef44b7.jpg,0,11,4
4254,train,train/dd83b3e293e8801c9fb167c53f96e2b6.jpg,0,25,6
4255,train,train/dd8944d0fd8028eae388491f0d0ed3e1.jpg,0,5,3
4256,train,train/dd915e69c819b34a0cd6a9120289e8e6.jpg,0,6,2
4257,train,train/ddb599239817420d3cc38fd0eb881c8a.jpg,0,7,3
4258,train,train/ddc2e81bc04195f7f72109ee5873a2fb.jpg,0,6,2
4259,test,train/ddc38d560476be1d8fc06f8867c0277b.jpg,0,7,3
4260,train,train/ddc78bd83fc1feb6823701c803bc7f9a.jpg,1,0,0
4261,train,train/ddcd8866dd04a1b1e87bbcf3ab9c6760.jpg,0,9,7
4262,test,train/ddeb40737928ae87d4f71257d5b29c3d.jpg,0,4,2
4263,train,train/ddec878b93cd18918c2b81bca339a5e9.jpg,0,18,5
4264,train,train/ddf1ec27c68bb40da0bebdff2dd95175.jpg,0,11,6
4265,train,train/ddf85fd2c17b59964206fd00d8a71917.jpg,0,7,3
4266,train,train/ddfc9d530d66058f1dcec6b2685bc254.jpg,0,5,2
4267,train,train/ddfe291fa3e2d21ce8681a2e9e4b300a.jpg,0,6,3
4268,test,train/ddff143851d1399b550480a41b4c6fe2.jpg,0,23,8
4269,train,train/de029bf544556d1fe712ee43f2614c5c.jpg,0,6,2
4270,train,train/de15c0fca6c7441dd089122ad074a7f3.jpg,0,5,3
4271,train,train/de20b8c80c04bd2dbe0782fb21738588.jpg,0,10,4
4272,train,train/de45e56d725f9c1e2d3dec69587b2682.jpg,0,6,3
4273,train,train/de4917c51024b4f810868d211e4f4d40.jpg,0,4,2
4274,train,train/de4ab903cee751d979e2a7c14f51500f.jpg,0,9,4
4275,train,train/de6783eb70869268dbd796a1d27de7a8.jpg,0,3,1
4276,train,train/de6d6efd88431d3253198106bb070471.jpg,1,0,0
4277,train,train/de6e41835b9455151e4e6bed43e31244.jpg,0,6,2
4278,train,train/de6e8f086381d773cb6290df0d6a7eb9.jpg,0,5,2
4279,train,train/de7c0acddd7ed5fb90f5f5e12458235b.jpg,0,4,3
4280,train,train/de7de41f2a0c21dc5fa8c1b3e05f469d.jpg,0,10,4
4281,train,train/de8c78afea91064bd977bb7092b99a63.jpg,1,0,0
4282,train,train/deb4afdb821024fd5dfedaddbd7800d3.jpg,0,5,2
4283,train,train/debcc0c8e3b22dd08b85037c91da1df7.jpg,0,7,5
4284,train,train/deca3ba844d501eb3ea145dc15c2cfb0.jpg,0,6,2
4285,train,train/ded121c1fb2afcda23e7eb5aefa7daa0.jpg,0,7,3
4286,test,train/def03f80d3b78a52a6f9af13565343ff.jpg,0,16,6
4287,val,train/def6b60a136b880ef5733241781a803d.jpg,0,5,2
4288,train,train/deffec9fbce51979a23bc9932988c78f.jpg,0,7,2
4289,train,train/df079ba565294d4e0abd85356d2fdfe4.jpg,0,4,2
4290,train,train/df1ba068fad70f8cfa474ee67004067c.jpg,0,10,4
4291,test,train/df2e21b90ce0510ed66e161136cf60ad.jpg,0,30,7
4292,train,train/df4cdf26c36cbf365fc95d261e1d3bcc.jpg,0,9,5
4293,train,train/df5aa1123fb533c8865b8eaf0bb9c5c8.jpg,1,0,0
4294,train,train/df91d818a193e328405cf8a86ed530bb.jpg,1,0,0
4295,train,train/dfb2b9c6d978d65bf5b78728f744c830.jpg,0,6,5
4296,train,train/dfb91e05ce090dbd08177c0b4531dae3.jpg,0,5,2
4297,train,train/dfb9686c9e1146bd8ff746390ad0ab0e.jpg,0,9,5
4298,test,train/dfc7293d19f545e0de7e67dfb7772653.jpg,0,4,3
4299,train,train/dfd523a5991fc852654bf1235c6282c6.jpg,0,39,5
4300,train,train/dff0b05ec36121a537d59148ac0443ca.jpg,0,5,2
4301,train,train/dff6766d2464bfe77de7f6f19edbf51a.jpg,0,8,5
4302,train,train/e027dbf13a085669fcae603111c049df.jpg,0,3,1
4303,train,train/e034d4e19f562e61b29533f222ec9600.jpg,0,11,3
4304,train,train/e038a02993359e092b4b3432064c2ffb.jpg,1,0,0
4305,train,train/e04c58b55093d601257c9017dbba66e0.jpg,0,5,3
4306,train,train/e04fc8c293aab8b63db7576e123a7d84.jpg,0,12,5
4307,train,train/e07b71d8648f36747632a87acc3f2e21.jpg,0,4,2
4308,train,train/e0a078144e3167316fa44673aa5e3aab.jpg,0,18,5
4309,test,train/e0a7f7a788eedf388b90bf00bd4e39df.jpg,0,18,5
4310,train,train/e0a868625cea9a6ebbec8788070ae098.jpg,0,3,1
4311,val,train/e0ad8549835ae5a3208c03ce618e79a0.jpg,0,14,6
4312,train,train/e0c85d5a6ff74851b3b1ebdfceca5f48.jpg,0,17,3
4313,test,train/e0c8a1f0f9ecb4748b67876c19af37ed.jpg,0,7,4
4314,train,train/e0da968a8b88e3ad9cb42b9e7973bc6d.jpg,0,3,1
4315,train,train/e102c995058060f394b532a81bc21011.jpg,0,10,3
4316,train,train/e17d969fef9169c3460a0817d60da54b.jpg,0,4,2
4317,train,train/e18a100e84aefa9da53dc8cc2fd4f22c.jpg,0,11,5
4318,train,train/e19c99b75b9523210bfaf40406df82f3.jpg,0,5,2
4319,val,train/e1a4353d3e747a7150cb06cac73f4d6f.jpg,0,4,2
4320,train,train/e1a4dd4c30b1757eafb095021def4d63.jpg,0,11,5
4321,train,train/e1ba0e65d55cff798f5253a5bc108fd7.jpg,0,5,3
4322,train,train/e1c76d9a72b804e14b4f93f3e23f1fa8.jpg,0,9,4
4323,train,train/e1c7cdc2d2faec46612191158a77a38a.jpg,0,13,7
4324,train,train/e1c88be08dcb3f9baca7cb67c77fbcf9.jpg,1,0,0
4325,train,train/e1d60fa0e8a70ed91147dd06a6561e29.jpg,0,3,2
4326,train,train/e1d60fdb0e8b11d6198093e11afb562b.jpg,0,7,3
4327,train,train/e1e596163010acb347ac7fa1a48d8d9c.jpg,0,15,7
4328,val,train/e1e74a1b970197d2b8a236f4ddd8f3d5.jpg,1,0,0
4329,test,train/e1eb9553f694d0eba82535625d70186c.jpg,0,5,2
4330,val,train/e231c613316a725fb7f844b9390fa024.jpg,0,9,3
4331,val,train/e2321f70d075c658946e167356ef516c.jpg,0,11,6
4332,train,train/e23431ed927b6459935d0d5457ca8604.jpg,0,7,4
4333,train,train/e2375b4b6839b3783d0918a689eecfd0.jpg,0,4,3
4334,train,train/e238991c30a0138640205bd05314f400.jpg,0,6,2
4335,train,train/e2390bb5d4c550b82277f815a8e5fe9b.jpg,0,9,5
4336,test,train/e2441e5b3cbecdd27c65aea20353cc1d.jpg,0,4,2
4337,train,train/e24bb429606e5f412625957e627a6fa3.jpg,1,0,0
4338,train,train/e2516771535cd2d3550541b91d8b1233.jpg,0,15,6
4339,train,train/e25910b3bb83c9fbe7601dfaa4032e55.jpg,0,8,5
4340,train,train/e25d75e8e6b0327356d1566d324ecfcb.jpg,0,4,2
4341,train,train/e26ef831acab997d0ebbd38bd2773ae0.jpg,0,5,2
4342,train,train/e2729583d1f9bbee7c2f1a9f3e483936.jpg,0,7,3
4343,test,train/e282be557a81566f8ccc78271c7f2ff2.jpg,0,3,1
4344,test,train/e295e1f2ce1695b80db68a73c6042d99.jpg,0,6,4
4345,train,train/e29eceb0a991c17d07de2fe27a8ddf44.jpg,0,10,4
4346,train,train/e2aac840e7e6f54e6fe0003c60c51c57.jpg,0,21,6
4347,train,train/e2b6dcfadc876caf1673923ee3cedf7d.jpg,0,5,3
4348,train,train/e2ba061bc18b521f763050516e70f87c.jpg,0,4,2
4349,train,train/e2c9d3576bec9857de53e8bfedc30e69.jpg,0,6,2
4350,train,train/e2cdf4955f581cb30a0e92f006125307.jpg,0,6,2
4351,train,train/e2d9292329797abcf80d3a8887a75fff.jpg,1,0,0
4352,train,train/e2ddc073ae97138d841b53076baf0b33.jpg,0,6,3
4353,train,train/e2de831b92a2dc7237d2b1885ee4bb9c.jpg,0,10,3
4354,val,train/e2ec7fc4c6f718c7da540ee96d64b724.jpg,0,26,7
4355,train,train/e2edea962c97f3290638096b4f27465f.jpg,1,0,0
4356,train,train/e2f74cb96fb90ec20839f4ff497c007f.jpg,0,12,7
4357,train,train/e307273033fdd5b7e870836a890d1b56.jpg,0,6,1
4358,train,train/e312a8c1788a0b47d0ce8c1321a912f9.jpg,0,19,5
4359,train,train/e31be972e181987a8600a8700c1ebe88.jpg,0,48,8
4360,train,train/e32bf14c4f6930efc80bfd4f4147ac0f.jpg,1,0,0
4361,test,train/e33ce975b5a636df54a8a1f592410b0c.jpg,0,6,4
4362,val,train/e34c8c01586e531b57fe7e67f9d846e9.jpg,0,5,3
4363,train,train/e3769a9e37c159ac96c5d2f155d1826c.jpg,1,0,0
4364,test,train/e38bb22eeeb25ec645b19e81883b5759.jpg,0,8,3
4365,train,train/e3a37326d6d7c5c35e6f84cfbb8187ca.jpg,0,8,3
4366,val,train/e3b834778550579c140f46805b019e78.jpg,0,5,3
4367,val,train/e3b9fe4e47c5650cf87c2e556fb7a1f4.jpg,0,4,2
4368,train,train/e3c5ff1eb0d55039f3bbc3c4875543c3.jpg,0,18,4
4369,train,train/e3c9c54cbd1ca5e2dfec4d5f95c1fb65.jpg,0,6,2
4370,train,train/e3cc7ffdbe05d3b7b1696c8a2a61a61c.jpg,0,7,4
4371,val,train/e3d5edcf6b873d7738cd50ccaf6182ef.jpg,0,4,3
4372,train,train/e3d67e87b9ad31a5795719d97990f3a3.jpg,0,9,5
4373,train,train/e3e49b19db364999dc94c01cdc185c1e.jpg,0,6,2
4374,train,train/e3e8b186331c3acb1b9f82b1f2cbe56d.jpg,0,12,6
4375,val,train/e436d21e957755c5a52edcdbd3d700b0.jpg,0,6,2
4376,train,train/e443471026e11f9cdf418dca3f35017f.jpg,0,3,2
4377,train,train/e44c4522979ee8d8b50977b9af91db58.jpg,1,0,0
4378,train,train/e45bf032d966f8d3e6fdd0f03a7fdec4.jpg,0,14,5
4379,train,train/e4980f36744d9a8e0dbb26bb97ccbda9.jpg,0,6,2
4380,val,train/e4a528876744e3a37158645935028c57.jpg,0,5,3
4381,train,train/e4a73f3555433a101aa6f6a0ca5006ff.jpg,0,6,3
4382,train,train/e4ac7ebc707ed34608338b58d0917e94.jpg,0,6,2
4383,test,train/e4b3710c1d18a0fe70a8eb0bfc5de2cc.jpg,0,6,3
4384,val,train/e4b4d6910f4be64483f87b1325ce7fe3.jpg,0,22,6
4385,train,train/e4be367babe3680af9278fa53a5f6224.jpg,0,14,6
4386,train,train/e4d552e0ccc55cd65ed27729e1be30d5.jpg,1,0,0
4387,train,train/e4d919ecede4ac171b4815ba0863f2f7.jpg,0,15,8
4388,train,train/e4dec9c7cb04e431f5c3b41430030184.jpg,1,0,0
4389,test,train/e4e6a45ca9bfadf6a01e7e451539441a.jpg,0,13,4
4390,test,train/e4ef5698e1570bed158879d7b5ab20f7.jpg,0,4,2
4391,train,train/e4fe775718f2633a8989f20e06612f01.jpg,0,14,7
4392,train,train/e50abd173f7b744b87b84cd7a2d17a79.jpg,0,7,3
4393,train,train/e521b0e2fca887f754c05d26a9783103.jpg,0,4,2
4394,train,train/e521dced7f05cc201fd9e6e30f145dae.jpg,0,7,3
4395,test,train/e529c5465cafd94ee9a3b38f7267523a.jpg,0,3,1
4396,train,train/e531672ae6083e717cbe83d7fc71ddda.jpg,0,9,4
4397,train,train/e53aa24d4f2f17891ca8a6e8dfc0d8e8.jpg,1,0,0
4398,train,train/e553a378133c655abbda6a0b64b3077e.jpg,0,11,4
4399,test,train/e559048794d171b368b3570107840037.jpg,0,12,6
4400,train,train/e56080a93578380082f934120565c181.jpg,0,10,5
4401,val,train/e563c35ddd67c5124a6787e474dfa319.jpg,1,0,0
4402,train,train/e583b6c45b5622f1e714f57521a22a30.jpg,0,18,6
4403,test,train/e58d508f7915d3ada6edb4d88dc1f5f7.jpg,0,5,2
4404,train,train/e5a6825407439b31e234e69989ccd542.jpg,0,6,3
4405,test,train/e5c03ed2c3823410a7a9571117c776ad.jpg,0,3,1
4406,train,train/e5c83f02dfe7265bb10020c2fc7b487a.jpg,0,7,3
4407,test,train/e5cdc84592cc075cd953fc65fc57f573.jpg,0,4,2
4408,train,train/e5d63ef8a922c6775c51ce9b511235b9.jpg,0,10,6
4409,test,train/e60ce67640c934d4fb3bcac5b334983d.jpg,0,9,3
4410,train,train/e613a63ea3e1262cd599a32571d11c2e.jpg,0,3,1
4411,train,train/e62c07fde352cc658af3f989fe0b546f.jpg,0,27,3
4412,train,train/e62c2f1897582761b9a5dbc7dbb1a930.jpg,0,4,3
4413,train,train/e6399a4d1b7a12a9a4c2fcbdc91ea41d.jpg,0,8,2
4414,test,train/e645d9985d6afaacf2722b9c82b2c9c5.jpg,0,4,2
4415,train,train/e64adf704d7234993a79be4637514d0b.jpg,0,4,3
4416,train,train/e652b2cebae0a6c74e292b3112d29e6e.jpg,0,16,5
4417,train,train/e65784ed3ae371e991d3362ab0eb8a35.jpg,0,6,2
4418,train,train/e674608b3b3609bdf9a5c8017ddcacba.jpg,0,9,5
4419,test,train/e67e4cab40626c54b8fc20ce6e9e4273.jpg,0,6,3
4420,train,train/e67e91b27935a01b738eaa01ede863fd.jpg,0,15,8
4421,train,train/e68532fbad2aa9d9fee2900c341c8c6b.jpg,0,9,3
4422,val,train/e685922feb4f7e397cd47ac418342071.jpg,0,3,1
4423,train,train/e6883a6ffa058ed027ac1626175b5aff.jpg,0,7,3
4424,test,train/e694841193437bcb89ad2c1acbf95f79.jpg,0,11,5
4425,val,train/e6a08696962a275ee2dd46d9ae1c6150.jpg,0,7,4
4426,train,train/e6a9b0eb532d8aab0ce29b787d81614b.jpg,0,14,8
4427,val,train/e6b4c5c08d6767a47e348b79bf9ab2d2.jpg,0,8,4
4428,test,train/e6d737cf8600e9b07168c04ca7541980.jpg,1,0,0
4429,train,train/e6dcfd8e8ebe5462b3a6e344384826ba.jpg,0,6,2
4430,train,train/e6df9b3fba3fb8745fe06fe9fb84ecfe.jpg,0,12,4
4431,train,train/e6e114b28a55ec3e9ecac74c55167fef.jpg,1,0,0
4432,train,train/e6e11fcf16e269d36b9496612d7ca537.jpg,0,6,2
4433,test,train/e6e1f33532a2f3f93d17d2be963cd122.jpg,0,14,5
4434,val,train/e6fe1659a6cacb4f2ea6ef651481e0ba.jpg,0,8,5
4435,train,train/e7136e97a466963b452941e91b6330fe.jpg,0,9,4
4436,train,train/e719b0f794aebc789651fbd91ade8a05.jpg,0,12,8
4437,train,train/e722a8f83ef80b62f5b6d73828e1f760.jpg,0,11,3
4438,train,train/e724ee60258fda4c7f15e0f8d757ee2c.jpg,0,5,2
4439,train,train/e7375b4dfc336c7b166b688f72d86b34.jpg,0,11,5
4440,test,train/e746ee7a622d991a0c02b55efe234fb9.jpg,1,0,0
4441,test,train/e74856412eeed254480c9d2f78d001d5.jpg,0,4,2
4442,train,train/e74b1c3bddcee3e007b6851bd8ff8174.jpg,0,5,2
4443,train,train/e75fdf059e59a1560645965b64f51cd2.jpg,0,8,3
4444,train,train/e76af44f2856bf89d69d00d43536cf8c.jpg,0,12,4
4445,train,train/e76c69a0601a1f3f059a762b7fb0614e.jpg,0,9,4
4446,train,train/e7a50b38b3dd034c219fad4c10986fe7.jpg,0,5,2
4447,train,train/e7a58f5647d24fc877f9cb3d051792e2.jpg,0,20,6
4448,train,train/e7a911ddb90533a589331cae6aaf82b2.jpg,0,4,2
4449,val,train/e7ae00eef602436f48a44b36dc79b383.jpg,0,7,3
4450,train,train/e7af557ff6a1782400710d2c8ddb2568.jpg,0,7,4
4451,train,train/e7c0727f49a3d279143ed21b382ac1c4.jpg,0,6,2
4452,train,train/e7c2c01276add5f38a01ceeec66b7f22.jpg,0,5,2
4453,test,train/e7dad9b7047a87bb31b871d98c648d13.jpg,0,13,3
4454,train,train/e7dec1ffda66e9a315335afa8e961205.jpg,1,0,0
4455,train,train/e7e8948818352b4d800dfac9a8999300.jpg,0,6,3
4456,test,train/e7ea94b2fec95a7461b10a7f3eea2897.jpg,0,6,2
4457,val,train/e7ee695015acda8604f34f0da3849efb.jpg,0,10,5
4458,train,train/e82620b01bbc77792885029d3cd0d8ae.jpg,0,7,2
4459,val,train/e82cedee4afa9651a7bd0d57a23280f2.jpg,0,13,6
4460,train,train/e85487c53c27918cb638090cc8f16730.jpg,0,6,2
4461,train,train/e857debbed22981f3fce009cac3031db.jpg,0,3,1
4462,test,train/e86cde1dbe7a082d03b9c38b400e4c67.jpg,0,6,3
4463,train,train/e88010a078a87a4c1cc42cf761e2c72a.jpg,0,9,3
4464,test,train/e88addf3e1354820d8b1a4b42083188c.jpg,0,13,3
4465,train,train/e895c0a84cf6c38ffee0cfd5be9849fd.jpg,0,10,5
4466,val,train/e8acde7bd3c521671dae97d0a75cdde0.jpg,0,9,5
4467,test,train/e8cccc190246b1950b4eaa9433f295f3.jpg,0,5,2
4468,train,train/e8d9fffe6ef4c59d01e8e64cf5c7466c.jpg,0,12,5
4469,train,train/e8e6ff19c3be05a4ccfb20abc4202d52.jpg,0,12,4
4470,train,train/e9269d70abec8d90f4790c6afaa4a924.jpg,0,6,4
4471,test,train/e9278ee61a8a275650baf02c600c382e.jpg,0,3,1
4472,train,train/e9581123b6819b2cd1bcf6ed35481520.jpg,0,20,7
4473,train,train/e96d18f0d425aaedc12782dc33aec7a4.jpg,0,17,5
4474,train,train/e988f84d11f5903f930dd67fa55ce628.jpg,0,20,6
4475,train,train/e98a76eaefca34840133986ed53cd210.jpg,1,0,0
4476,val,train/e991a1b8b7d4d863205850ceb863343a.jpg,0,4,3
4477,train,train/e9954e6e3b2d0c5bf990a519c0ba5abe.jpg,0,24,9
4478,val,train/e9986131c41216ce7900ddfe19e38ed6.jpg,0,6,2
4479,val,train/e99ba43b91cf30a1df2c4c4adfe7c3b1.jpg,0,5,2
4480,val,train/e9af0316eb1e082f0b2fac36ecf9a6c6.jpg,0,9,4
4481,train,train/e9bbeb5248b591a86ff636b9f0b68549.jpg,1,0,0
4482,train,train/e9c0a723726efbed9a1d43d4db015ff3.jpg,0,10,5
4483,train,train/e9dffce64ee5dd73e861bd8c407c65cb.jpg,0,5,4
4484,train,train/e9e1a8854e0bec89e37445f9cbf7bb95.jpg,0,5,3
4485,train,train/ea00fab3726550241cd51c2750892d36.jpg,0,10,6
4486,val,train/ea0ab2737896670ca5d52dd4b10285ab.jpg,0,20,4
4487,train,train/ea14c8ae2edae2b343920df92bfce974.jpg,0,7,3
4488,train,train/ea18aab66eff5e0e540553178f9cad4d.jpg,0,16,4
4489,test,train/ea4fd210b0300b23ee63f0b8352390be.jpg,0,4,3
4490,val,train/ea56b3455c844f324b8c9323ebf2ddb2.jpg,1,0,0
4491,train,train/ea61f0761446db10c6286a6e333af0e2.jpg,0,4,2
4492,val,train/ea970ed46ada798de375a4be51f701c9.jpg,1,0,0
4493,train,train/ea97fdc2b0bf64e712a784849efbab79.jpg,0,5,2
4494,val,train/ea99ac7087780248ca58449abd57f377.jpg,0,7,3
4495,val,train/eaa4b09922cfd1c4130787403173e93a.jpg,0,14,6
4496,train,train/eaa5aa491942a0bbc9a161ed3f08c2b5.jpg,0,8,4
4497,train,train/eaa6f57c9cb05f5c4586a5249019001a.jpg,0,6,3
4498,val,train/eaaa04823e2280d1cb8cb5b52952d7ad.jpg,0,6,3
4499,train,train/eaacad7a533d8c301172386cefc0b0f8.jpg,0,6,2
4500,val,train/eab0be019f53390dbbb3225e86506c09.jpg,1,0,0
4501,train,train/eab57c526a617da691b80234ed8ee9d9.jpg,0,6,5
4502,train,train/eabf04158953bb71ac4e934f4e28d160.jpg,0,18,5
4503,train,train/eabff4780c183c33d17681a21f1356b4.jpg,0,4,3
4504,train,train/eacc53e9f724bd51a38d76306e6db8d2.jpg,0,11,4
4505,train,train/eae9d1efd139bba5e4acbb3333eff429.jpg,0,3,1
4506,test,train/eaef6aa0bc70059db2c376b924d29ba2.jpg,0,4,2
4507,val,train/eb0c86ba705f5dfebc0d3b4d59d2dcab.jpg,0,12,5
4508,val,train/eb268b0b19f47cf268626dafc1d6f45f.jpg,0,6,2
4509,train,train/eb319a3149253e25a32a6f2926cf67b2.jpg,0,11,2
4510,test,train/eb331754f1d31043109a9cc9aa968ab6.jpg,0,6,2
4511,train,train/eb384402d0dee9dc9818a0b65681bf67.jpg,0,5,4
4512,train,train/eb38f65822271c1130b1c25cebe98f90.jpg,0,6,2
4513,train,train/eb3f408d6ce7818e66b775cbed9b53b1.jpg,0,4,2
4514,train,train/eb504655d27862892ea7c99c352d5aad.jpg,0,12,6
4515,train,train/eb6c714df22142229464c6b83e47d7d6.jpg,0,12,6
4516,train,train/eb72e2bb09327ca57b150dab46677e1f.jpg,0,8,6
4517,train,train/eb76c1606548e4410a5fa74b70ebe5c9.jpg,0,8,4
4518,val,train/eb9b834aa6ef13e715d55dac9beb0bb7.jpg,0,6,2
4519,val,train/eb9e22a9dbb15c3a9b957945351e651d.jpg,0,7,3
4520,test,train/ebb0f756621fb2c6dcfa2b82d4fc8ed8.jpg,0,7,4
4521,train,train/ebcf699a8c42843567184fb71f33160c.jpg,1,0,0
4522,train,train/ebe4ab991ab3c0551a697e34f5e83b36.jpg,0,14,6
4523,train,train/ebf4ffbcf6de699bf9deab70f0dee8ff.jpg,0,6,3
4524,train,train/ebfa9ce8a25b09fee878068fd7cd9212.jpg,0,5,4
4525,val,train/ec0b1ecd417bf735801bf2b971ab61ed.jpg,0,4,2
4526,train,train/ec0d8eda3ff0b4fe8d3a7a7b795fed21.jpg,0,5,2
4527,train,train/ec513a0af055499f1b188cc6a9175ee1.jpg,0,10,5
4528,train,train/ec6ec12533b8495bb7344d8895dd4f05.jpg,0,29,4
4529,train,train/ec7572df0f93d21860c5dc1147d1393b.jpg,0,6,3
4530,val,train/ec9927d1322b9c33ad265903e06ee108.jpg,0,4,3
4531,test,train/eca27ff9495044fbcd347ee51a8f1187.jpg,0,19,9
4532,train,train/ecadf9a1eca2152b13f18d3a0b8bfba4.jpg,0,4,3
4533,val,train/ecae6af88e3b859c906e9b149a422b3f.jpg,0,6,3
4534,val,train/ecb9c0dda8a3ec89624e780ac054d2e0.jpg,0,5,2
4535,train,train/ecce24df48ffadc82e635c279a18c622.jpg,0,6,3
4536,train,train/ecd11f0b7b55d7d0515fb569cbcc39d8.jpg,0,12,6
4537,train,train/ecd1275cbffcd530452e2b20dd070b4e.jpg,0,13,6
4538,train,train/ecda8c2d80adc70ee958fcb0361c3286.jpg,0,6,3
4539,train,train/ecdaa71066f64d1f0592799186135925.jpg,0,8,3
4540,val,train/ecef71a87df9aee5cca62966f95d9f26.jpg,0,6,2
4541,train,train/ecf36a90601939ea964925fce1f0cc41.jpg,0,8,5
4542,val,train/ecf474d5d4f65d7a3e23370a68b8c6a0.jpg,0,46,5
4543,val,train/ecf9eb0e92ca13ace0ac71331f964371.jpg,0,12,3
4544,val,train/ed06295915b52f5fcc88e158ab0c7100.jpg,1,0,0
4545,test,train/ed12402a2b76cda47517d5073b35eb9a.jpg,0,4,2
4546,train,train/ed1a545ab109f23cd065a5e5e512df1a.jpg,0,14,7
4547,train,train/ed427a3b0eb541083e0d2d6c2ae2ac31.jpg,0,3,1
4548,train,train/ed4efe30ae54fe3f57904eb7d738fd99.jpg,0,6,2
4549,train,train/ed5a8bb58eb699827e3d05b535f28933.jpg,0,3,1
4550,train,train/ed68ca5f01252d51a5f07c8fc9835898.jpg,0,7,3
4551,train,train/ed696103132aee457b0e11ce0d7b7d27.jpg,0,9,4
4552,train,train/ed6b8aafbebda034d02fb57cbe7a2439.jpg,0,4,2
4553,train,train/ed6f20cff422347c954f41eac82fac8b.jpg,0,10,4
4554,test,train/ed89af5c7c30f2c96b4cd8a5402748ae.jpg,0,6,2
4555,test,train/ed9f5c40c389c115089e5a8f15e162b0.jpg,0,12,2
4556,train,train/eda23140c7a820d76c89bc994768888d.jpg,1,0,0
4557,train,train/edb4d2772dc7746b93dc0d7e181a25ef.jpg,0,6,4
4558,train,train/edb61d8f85f46f6da703ab9730bf35b1.jpg,0,3,2
4559,train,train/edb67efb2fbf3647dbf9c4daec79da3f.jpg,0,3,1
4560,train,train/edbb3284303d5df669dc8bd73ea38358.jpg,0,13,3
4561,train,train/edc6ab1b2233143d011edf7706c32b6c.jpg,0,14,3
4562,train,train/ede3e4041468a91f1a8027aeaa10e540.jpg,0,8,2
4563,train,train/ede72bdbae3f743b8febe5433c49d126.jpg,0,5,4
4564,train,train/edec03d88f6da9a7dcd76772432d9c23.jpg,0,4,2
4565,train,train/edeef2dceeafd6d5ebe67880f2f9162c.jpg,0,8,5
4566,train,train/ee1abdde3a0e65f9e0b832dfdbbea5de.jpg,1,0,0
4567,train,train/ee1ce355f6de728da4c7a40715b16826.jpg,0,12,6
4568,val,train/ee253aab2bfa090c01a596a449159233.jpg,0,12,4
4569,train,train/ee387adc8e34dcbb696539dcbb626a9d.jpg,0,21,4
4570,train,train/ee3b2a3399a40af7703ce312d43df635.jpg,0,8,4
4571,train,train/ee47fd39217a0d25550cb6b9badd3ee2.jpg,0,19,5
4572,val,train/ee530c9de44ad59a5467104a429ded64.jpg,0,6,3
4573,train,train/ee53128143074612b8b482d5450aaef2.jpg,0,7,3
4574,train,train/ee6c07d4bebff60ce328cd0e59d39305.jpg,0,5,2
4575,val,train/ee7cc34733914fd5924eb5d75a27fba3.jpg,0,5,3
4576,test,train/ee87cffb47722b3161ea80a75fa307a4.jpg,0,11,4
4577,test,train/ee9e445e316c60e028de2486e3f459df.jpg,0,14,5
4578,train,train/eea2d38f25bbee2095457fff9b8b2200.jpg,1,0,0
4579,train,train/eea459fdf4b72989a21ac94125a64f0e.jpg,0,4,2
4580,train,train/eebb4b0a4472b69b72b1004b5b4bfcaa.jpg,0,6,2
4581,train,train/eebe67275df5f83998a5fe7c147c81cc.jpg,1,0,0
4582,train,train/eec404a6f4d2db9c179dbe4549de4fdb.jpg,1,0,0
4583,train,train/eedb247767ce38e4dd2498c5dd56dc11.jpg,0,10,4
4584,val,train/eee88aa055892224d0fa0518f304996b.jpg,0,3,1
4585,train,train/eeee9953810eee9388b3a0c5a4ad4ef6.jpg,0,8,5
4586,train,train/eef3fe7c5ff44ffe54fc80c27365343e.jpg,0,5,2
4587,train,train/eefb68d818bf732e1cda9be83b641a19.jpg,0,7,4
4588,train,train/ef063a93b1392dc44be6a968b8e32838.jpg,0,6,2
4589,train,train/ef0b10e9d207fa0ff2f4e2f59a590970.jpg,0,6,3
4590,train,train/ef0c1fe356460c25e02dd26a6013e895.jpg,0,6,3
4591,test,train/ef2e25ee2c102a3b20052b4a3770f0d8.jpg,0,8,3
4592,val,train/ef3216f8485fe691d819f831ea07e9ce.jpg,0,5,2
4593,train,train/ef3577342a00289f6fccf26d6b61c7ac.jpg,0,3,1
4594,train,train/ef50301bda56ee37e33b99fde2be8c7f.jpg,0,11,6
4595,train,train/ef52e83e7d040c6fcb278fa3ee8ad35a.jpg,0,4,2
4596,val,train/ef58076f0eec194a3f303b469ac081de.jpg,0,5,3
4597,train,train/ef63342a9d28339d09338c16573066c6.jpg,0,4,2
4598,train,train/ef725f99c37d1a779747e5f592a620fb.jpg,0,6,3
4599,train,train/ef85cda3a115da5e7399342ac986d489.jpg,0,9,5
4600,train,train/ef8abdca805f7af833aecafaddbf818e.jpg,0,4,2
4601,train,train/ef8c3f4f4d6b6d278abdbc8077051629.jpg,0,7,3
4602,train,train/ef9ba80e23c77ad5c619e74bfbdffd8b.jpg,0,11,4
4603,train,train/ef9d2c00f3825adfdc8a574600d156d3.jpg,1,0,0
4604,train,train/efb4c40bcdca8c2e5100a9febf5fbd4b.jpg,0,9,5
4605,train,train/efb838879b6ee5f7d44b56ff592d83a4.jpg,1,0,0
4606,val,train/efbc06ce023ce45d33b8473672773aef.jpg,0,9,6
4607,train,train/efc7bc78ce88e95191fdab525f974c24.jpg,0,11,7
4608,train,train/efd841b9897ceb215d30cff8e1fb85b4.jpg,0,6,4
4609,test,train/effc4dc50dd44a151333e9c7dc1ff73e.jpg,0,5,2
4610,test,train/f0105dcab1f42815442e5a2b0247eb21.jpg,0,5,2
4611,train,train/f0267345c2bb297314f8c9db2b33ffb2.jpg,0,4,2
4612,train,train/f034b173fe81cebbf8ba0b793c3d3eb1.jpg,0,7,4
4613,train,train/f04b3db35749d0bb959a9dbb8e5858c9.jpg,0,6,2
4614,test,train/f06d2ac151719fe4d2cf5546a9dbb734.jpg,0,6,3
4615,train,train/f0840d1476c8b326484642d6422d756f.jpg,0,5,2
4616,train,train/f086d97c1eeccba6e2a4e28560b7cd6c.jpg,0,3,1
4617,train,train/f09ec49805bd445b71404666a53d4a8e.jpg,0,6,2
4618,train,train/f09f740821c6160878d713149db4adf6.jpg,0,7,5
4619,val,train/f0adf7b51f3c26e565e1977c4b6c235a.jpg,1,0,0
4620,train,train/f0b7c809436fc5f445098da06308cebc.jpg,0,4,4
4621,train,train/f0c719e77a94983d22ad4a1e96e37f34.jpg,0,10,6
4622,test,train/f0dea85c5527d47a3b7f4227813f0b95.jpg,0,6,4
4623,test,train/f10143e3eb341eac01909c339a5cf01f.jpg,0,8,3
4624,train,train/f13e10ca4f8d95667e05156f2f51d095.jpg,0,9,6
4625,train,train/f1a45afaee0efd07fef17057f3942464.jpg,0,5,2
4626,train,train/f1a700126451c58e895df07f90c8b1ee.jpg,0,3,1
4627,train,train/f1b743ce8d76f083d3e87da80f1dd522.jpg,0,10,5
4628,train,train/f1ba5da6f133d329f7ab9bb241fc0b7b.jpg,0,5,4
4629,val,train/f1be25d4ee46f32d585fd6c809c92329.jpg,0,6,2
4630,train,train/f1c4779f16c3ebad57ecb73dcf2a2c1d.jpg,0,10,7
4631,train,train/f1d1e5089e66fc256f08e621b5dcc9bf.jpg,0,31,8
4632,train,train/f1da5e509f8a55be3ac43a1b0034ca77.jpg,0,4,2
4633,train,train/f1e4056384e1926c3ae33882e0dc00cb.jpg,0,15,6
4634,train,train/f1ece4212015e746f3d90a95feb17546.jpg,0,3,1
4635,test,train/f1ed2d380bf23214b0522e753035545c.jpg,0,9,4
4636,train,train/f233f426d24061d9584932e52bfdbd49.jpg,0,25,9
4637,val,train/f23603293e7a6bb7166cd493d2da2f77.jpg,1,0,0
4638,train,train/f244d8f6b541d370470f56b8f6ebcb3b.jpg,0,12,5
4639,val,train/f2495f8fc8e1640e7ca9383966aa9f5f.jpg,0,9,5
4640,train,train/f24f5cb1232f59b8688e655a48127b43.jpg,0,8,3
4641,test,train/f25a910b0e75a30296bb0350b2a648bd.jpg,0,5,2
4642,test,train/f26e0a7663ac71c9253c155ffdb4b0e4.jpg,0,6,2
4643,val,train/f289d19e4b47b6f38bc2dca65d2d40bd.jpg,0,10,6
4644,train,train/f29df9890df1e30033396c8f220a9f14.jpg,0,11,4
4645,train,train/f2c0995bf613672b13eb82ee09b1547b.jpg,0,22,6
4646,train,train/f2ca613f1200588a3f8c44e2516db4bc.jpg,0,5,2
4647,test,train/f2e56bf4b304000674dde626b3335ca7.jpg,0,14,6
4648,train,train/f2ea94fbd14e7946114152b0a11d6ade.jpg,0,3,1
4649,train,train/f2ee561a5779269382bf01c07da84f91.jpg,0,4,2
4650,train,train/f2f1cf0ebcbc9348fba2dcd55f6e8c91.jpg,0,10,4
4651,train,train/f2f8d46d9438459a795b19be73738cbb.jpg,0,4,2
4652,train,train/f31dd0e07a6342b11cb64cbc8af90835.jpg,0,7,2
4653,train,train/f32ab457c492c30221d3a89fe7c6b25a.jpg,0,5,3
4654,train,train/f32fbc404c68b727c5bf14bca3ec7b5e.jpg,0,21,9
4655,val,train/f332f8f1673ac8dbf2d755540520a511.jpg,0,8,3
4656,test,train/f33741a2c2ffaa247cea27ba87e6f4d9.jpg,0,8,2
4657,train,train/f33c818324f7631eec51571396df362d.jpg,0,6,2
4658,train,train/f345c9caf6c388069ca35fcc4bb52001.jpg,0,8,3
4659,val,train/f347a8de5e60079db066c440949b8395.jpg,0,9,5
4660,train,train/f351e56a857e49f1e5c12b0fbd43db98.jpg,0,12,4
4661,train,train/f356caa9aae421a22704f79e158e4321.jpg,0,5,3
4662,train,train/f369ab97b45fdd8ac73e51af003ae854.jpg,1,0,0
4663,train,train/f36cb2ce4ae7b6e960550542a99a9bff.jpg,0,4,2
4664,train,train/f3741f47791eca3ad54e01f9c36188a1.jpg,0,13,6
4665,train,train/f38455688ba4360b502d7c512295953e.jpg,0,8,2
4666,train,train/f3a84940a5a63947852fd915062fed1d.jpg,1,0,0
4667,train,train/f3ae85dcad0b8befecc06e496f3c4263.jpg,0,12,3
4668,train,train/f3b2d71af1014019e7639088a255e13f.jpg,0,10,4
4669,train,train/f3bdfeef73cd67f5583466d3df2829df.jpg,0,5,2
4670,train,train/f3d513a22e62ef6dae79d398cd1462e8.jpg,0,7,3
4671,test,train/f3dc45b4e1efdaf51bc35ab371110877.jpg,0,9,4
4672,train,train/f3e804892343e3b12e2542939d9101a6.jpg,0,7,3
4673,train,train/f3fc4e540d940916de69e6a7e928cead.jpg,0,14,6
4674,train,train/f40c08b38fce6f2b77c6019d34521357.jpg,0,26,6
4675,val,train/f41016cc32c5ed986f15e4d6169c1c2f.jpg,0,6,2
4676,train,train/f41ccbeeaa2f48cbb13110e15c20a538.jpg,0,8,5
4677,val,train/f42000d2ffb02c74c696fba7678c51a6.jpg,0,6,4
4678,train,train/f4283460f9f2e254b8b048ce635f1276.jpg,0,7,4
4679,val,train/f458843968166ba8c5af491035ce1651.jpg,1,0,0
4680,train,train/f490b0ddc0cd7f3789c13e1764dfe51a.jpg,0,6,2
4681,train,train/f491935369d316678118cd07d5646de6.jpg,0,13,7
4682,test,train/f4976db55ec34ca21f36c218993ea7a2.jpg,1,0,0
4683,val,train/f499a3f9610865b8be4ff7c7ac5214cf.jpg,0,8,4
4684,train,train/f4b8c5c84f200ee9e9faba45bb2b0baa.jpg,0,4,2
4685,train,train/f4c12a07224893104dec25b926db33a1.jpg,0,9,4
4686,train,train/f4c97bfedbc71ab64cf312ea2962971e.jpg,0,10,5
4687,test,train/f4d7a04f379295bb190b0c95567f7e0a.jpg,0,6,2
4688,train,train/f4d7d5de6fbfafb222c389fb23251e80.jpg,0,12,6
4689,train,train/f4da0959856bcdd4b91e0c6949b109e3.jpg,0,4,2
4690,test,train/f4de2c4362a04f072fa06a8440bc7473.jpg,0,7,3
4691,train,train/f50d5b9d7f65680d066371d14fcda875.jpg,0,3,1
4692,val,train/f51434ef988e30a05f8b0986814d9485.jpg,0,20,7
4693,train,train/f51c1a48919f8b36116ed4aa799dcb23.jpg,0,13,6
4694,train,train/f52c1bf308db55a73521eb1a048b1c92.jpg,0,5,3
4695,train,train/f52ec4da5edc58fc2f93c00316c38fe7.jpg,1,0,0
4696,train,train/f53abed5f97de8473a4a09bd9742282c.jpg,0,8,3
4697,train,train/f53c45bd444bfa9796ac5ce5489136c7.jpg,0,6,2
4698,train,train/f55ce69d04d99c8f5e01df3c6838c8ee.jpg,0,5,2
4699,train,train/f5647785cac236ffe0ec3287f9f6aa84.jpg,0,4,4
4700,train,train/f57a452f52edaaaf43d41c78f1f73181.jpg,0,7,2
4701,train,train/f5824499552ae516c70308416344eb91.jpg,0,8,4
4702,train,train/f58508942604632676c1df2639e18010.jpg,0,8,3
4703,train,train/f58e50c4d7e818b02f28e52fd6f2a9f2.jpg,0,5,2
4704,train,train/f58ecf974a05d2f5ece85aa9393cf9d6.jpg,0,17,7
4705,test,train/f591f6e017545ab779d1e88735340128.jpg,0,17,8
4706,train,train/f59ccb89d776a68b79292bef810333ac.jpg,0,17,8
4707,train,train/f5aaeb372cca52343b1dd12027904bc2.jpg,0,4,2
4708,train,train/f5b2547ee619395f63368aab8996f2fb.jpg,0,5,3
4709,test,train/f5d78a935a1360644d9583fbdef0552e.jpg,0,6,2
4710,train,train/f5de538719c1a637e84474ea30a4e515.jpg,0,4,2
4711,train,train/f5e6b0ff23298eff87b65789ee32959e.jpg,0,7,4
4712,train,train/f5eb3e7e9ee9c4d08377de30251a94e2.jpg,0,9,6
4713,test,train/f5f1591393eb38f422ba01ece830b176.jpg,0,6,2
4714,test,train/f5f8866773cc80861a7f5c30502d0fbb.jpg,0,9,5
4715,train,train/f608bb02a0b91160b07fb867bbec84ad.jpg,0,10,5
4716,train,train/f60cef429e2b47fd330fbfcfd3ec3a31.jpg,0,6,3
4717,train,train/f6178657260dafbe0088bf3bb12e95fd.jpg,1,0,0
4718,train,train/f61ac5d1e80c2332240594868a6da019.jpg,0,9,4
4719,val,train/f62a549cbf9dedb3a5990a691bd7c27a.jpg,0,8,5
4720,train,train/f62c4b2e9c78abcf338d9226c55b7e1e.jpg,0,5,2
4721,train,train/f62e254cf73362e117599c99791f706f.jpg,0,8,4
4722,train,train/f6349590bcca0313c865a6658b41cde4.jpg,0,7,3
4723,train,train/f635b5ecbb18bd0b90c881dd055fb089.jpg,0,9,3
4724,val,train/f6689a5d04b19e0750f5128f629b5d39.jpg,0,8,4
4725,train,train/f673d781efd8b4830ce480735fdcac8d.jpg,0,3,1
4726,train,train/f680a42a3444d3739c5552face67bf18.jpg,0,8,3
4727,train,train/f68b31e44bfe5252ca65f6bc22152e61.jpg,0,4,2
4728,train,train/f69a67703fe0e5e5bd9535025fbff414.jpg,0,8,4
4729,test,train/f6e59f1f95016d13f75bad536b8e2af5.jpg,0,8,3
4730,train,train/f6ea8fd5566a3776bec64ec816a0eb31.jpg,1,0,0
4731,train,train/f6fc6f200924da874ae95664661e67aa.jpg,0,12,6
4732,train,train/f70157a4a06e9ba3da6fae2fc48fb4e9.jpg,0,3,2
4733,train,train/f730c80ec55bf2f6b80001ec0686f245.jpg,0,5,3
4734,train,train/f736d35657c19d752b94cb194d9ed59a.jpg,0,9,4
4735,train,train/f769eea17a2e7678f481f386c3c6261c.jpg,0,9,5
4736,test,train/f774dada729622b4f5e2e1c352169d77.jpg,1,0,0
4737,train,train/f77548b76082f9b45c05764493005039.jpg,0,9,3
4738,train,train/f7793fee61ea241a3fc07b927e4914f6.jpg,0,6,3
4739,train,train/f78a273e30b5cd8a2d580fa4959c8433.jpg,0,6,4
4740,train,train/f78a44efd6e19fe5e6f71247a4d97126.jpg,0,5,3
4741,train,train/f78e1c855e003640a3d79723f16f5f1e.jpg,0,4,2
4742,test,train/f791a58edd0f0080354090193069373d.jpg,0,7,2
4743,test,train/f7987e0db0dcf873c778b099ebd9bf1a.jpg,0,9,4
4744,train,train/f7a56f47ad3ca3e1a06fd41bba7a3b03.jpg,0,7,5
4745,train,train/f7b1e8842f18b17265754367a8d92ee6.jpg,0,7,3
4746,train,train/f7b3fa818839a04913e45fa796203462.jpg,0,31,7
4747,train,train/f7c4b8ffe5e3c01d6dd0165c9e3ad64f.jpg,0,5,2
4748,val,train/f7cca0874f0a8fdfdcb8952ec15c2e24.jpg,0,9,4
4749,train,train/f7dd175ca0962155ec39311b997a5288.jpg,0,6,5
4750,val,train/f7f461c0aaa21762f7e9e7e1e7b24dc9.jpg,0,6,3
4751,train,train/f7fd31cb67b22bf95cc94d909b6dd2e3.jpg,0,4,3
4752,test,train/f8418a411444f8ea00f9b3affe70a758.jpg,0,11,7
4753,val,train/f853be3a4ec02063d6e9c0279c8cb559.jpg,0,6,3
4754,train,train/f866dffa083b0a1b8e5c09a47a2d55f2.jpg,0,5,2
4755,train,train/f87d4c4e7d55bc2cbd44e80bf51f8bc6.jpg,0,6,2
4756,train,train/f887788825f5004145c4b29efa89fbc6.jpg,1,0,0
4757,val,train/f89143595274fa6016f6eec550442af9.jpg,0,6,1
4758,train,train/f89667b79d3858d6064f49b5fb203800.jpg,0,5,4
4759,train,train/f8c4ffc718ece871a52ab5f63b04b41c.jpg,0,5,3
4760,train,train/f8dbc59e1e501220fa867a6d68d93641.jpg,0,10,7
4761,train,train/f8dee4ee7a507e4e1f6a2b951e63f3d0.jpg,0,4,2
4762,train,train/f8e34b28f4fa0c030e1d55b1190990f1.jpg,0,8,5
4763,train,train/f8e4280d43baa3b536d1ed937672ff93.jpg,0,5,2
4764,train,train/f8f1d67dcbeb7badd781e2a0f30e020e.jpg,0,3,1
4765,train,train/f8f3bf0d3d08f814e2764470681998a4.jpg,0,3,1
4766,train,train/f9004576db9e423ddce7bc64608e2aed.jpg,0,9,3
4767,train,train/f90442f2620175fa21b6afeda865df11.jpg,0,29,4
4768,train,train/f908ceca3f24d487d583b5530b127013.jpg,0,8,4
4769,test,train/f9132773a02cfa4cb24f617627155948.jpg,0,3,1
4770,train,train/f9192d70b8ae33af5fa02c6764e7457c.jpg,0,4,3
4771,train,train/f94fc1f4e263bf33a9b1e9c4027a474f.jpg,0,3,2
4772,val,train/f95dd68c2ff46436c6819c3788ac01d3.jpg,0,6,1
4773,train,train/f97b35befd831df48967fda3cef13c12.jpg,0,5,3
4774,train,train/f9849624906b15585f9f7f998b34193c.jpg,0,4,2
4775,train,train/f99c888cfe3ec332780b60b44134f681.jpg,0,8,4
4776,train,train/f9a0f4bd4bb3553af6e939362bbba5d6.jpg,0,8,4
4777,train,train/f9b6143fdadf3e46bc016548719a4371.jpg,0,7,4
4778,train,train/f9ba2d912ef79893510ff58bafa70558.jpg,0,13,5
4779,train,train/f9c6b63c9379c69451d44dc64fbcc814.jpg,0,4,2
4780,val,train/f9d48a25ddad7cb044c500cb7266455a.jpg,0,6,2
4781,train,train/f9dda1a40ac162af4e9fbc6027ed5375.jpg,0,6,2
4782,train,train/f9e2672a5b9363b4df480c9b8b773379.jpg,0,8,4
4783,train,train/f9e33b36ae582d27a5426d7e0692d128.jpg,1,0,0
4784,val,train/f9e6958221cb9c50deaf7ce3e78b6bf4.jpg,1,0,0
4785,train,train/f9e722d2706d42998afff41568223a01.jpg,0,9,3
4786,train,train/f9f7feefb4bac748ff7ad313e4a78906.jpg,0,9,5
4787,train,train/f9fea79e8c324d21c93ca0271b84e24e.jpg,0,6,2
4788,test,train/fa109c087e46fe1ea27e48ce6d154d2f.jpg,0,52,4
4789,val,train/fa1d691e369b258e948303634d83b2f6.jpg,0,9,4
4790,train,train/fa1ffc0e890d0d6fa472f8abb1590b88.jpg,1,0,0
4791,train,train/fa3b6b158acb587e7cfac000b3737a39.jpg,0,12,4
4792,train,train/fa4c38b3c5e53e1e84bd0923f2d8e480.jpg,0,9,5
4793,test,train/fa5f06ba5deade163b028b37cfe68901.jpg,0,17,5
4794,train,train/fa6cfad334f4061af968f0896319bdf4.jpg,0,8,4
4795,val,train/fa7b469e21cf7a4e7afe9f17cf721259.jpg,0,7,5
4796,train,train/fa7d454b6cb43448ed5a8da49df6ce05.jpg,0,12,5
4797,train,train/fa8115db4830d2b29eccf4f133341a7c.jpg,0,9,5
4798,val,train/fa8a4206a96b99a55f7e8c84a1ec5892.jpg,1,0,0
4799,val,train/fa93ce20869f64a1d44d6b8b3d962061.jpg,0,8,3
4800,train,train/fa9cd1a78a6d2d8d6e918a8c4125faf4.jpg,0,9,4
4801,train,train/fad39dc356aaa2da58470c6daaba8112.jpg,0,7,3
4802,test,train/fae3d9c7c5d474bb9cac8ac1c8912688.jpg,0,6,2
4803,train,train/faf2eeb7b3818ff5941115c3f9b6070e.jpg,0,7,3
4804,train,train/fb14e1b207e0ee66ed2e3179323091a8.jpg,1,0,0
4805,train,train/fb159c22e0b94e4f00fab42d40efb584.jpg,0,7,4
4806,train,train/fb16b22a22ab5aa31e8de22118a8183c.jpg,0,8,3
4807,train,train/fb2b28e4c2d24f22d4f67804eef69ecf.jpg,0,17,5
4808,test,train/fb31baa6cb3084cb283c11ee81c32f22.jpg,0,31,8
4809,train,train/fb4db65bf21dfd88e154ab703136c69b.jpg,0,6,3
4810,val,train/fb511731a1fc742451a090891ebaa0ce.jpg,0,5,3
4811,train,train/fb60c3083ec018a8bc953b6af2d39151.jpg,0,4,2
4812,train,train/fb65f00dc9ea6fe17670ad9564e41db5.jpg,0,7,2
4813,train,train/fb8e11c6b2886b2d41b379e0598669b9.jpg,0,20,8
4814,train,train/fb8f8632ea2bb7e136adee05a286105d.jpg,0,5,3
4815,train,train/fb9212a34ae58d0a54a4880a80da1174.jpg,0,5,2
4816,train,train/fb929e0efd696fe0f54902da5e7ec57a.jpg,0,15,6
4817,val,train/fb986f9e81efde615e0364b35efdb377.jpg,0,26,7
4818,train,train/fba40b4a066903eaccbf80e168617e69.jpg,0,7,3
4819,train,train/fbace720f1e0ffcf06aa08e8b6e8131d.jpg,0,5,2
4820,train,train/fbadbb00720fcc1385e05adaca2502e1.jpg,0,3,1
4821,train,train/fbbc76c4db97f2f7caa7926655f13d32.jpg,0,15,5
4822,test,train/fbc1bf59ac6832df4802bd8a473d26f4.jpg,0,3,1
4823,train,train/fbd4d82ec1018ef94b0b4baf2589a6a2.jpg,0,6,2
4824,train,train/fbd7d287fcf514d7c8c1d8b08eee47c6.jpg,0,4,2
4825,train,train/fbda3ef47493765e3d705185bf5c9538.jpg,0,6,4
4826,train,train/fbe11df20d8794421a72b14fdc3aa593.jpg,0,4,2
4827,train,train/fbfa7706ae60ef2f3f18211269a8d2ac.jpg,0,13,7
4828,train,train/fc206ae1d3ef8a63e90642dba9f75e4a.jpg,0,11,4
4829,train,train/fc217b20fc08dbe61924444274fb1c92.jpg,0,6,2
4830,test,train/fc24ad13f52fb8b4135f5a18a982a1cf.jpg,0,12,4
4831,val,train/fc34c8cc6321cfc97ec35783a5daa937.jpg,0,15,6
4832,val,train/fc40fa29a65f935b15a3763a83d11a15.jpg,0,3,1
4833,train,train/fc4363ebce3a4aaa7c7d8c4796221c16.jpg,1,0,0
4834,train,train/fc47195078badf33f2575c3f0db648ab.jpg,0,3,1
4835,train,train/fc50039c45fdb6c9224bfff5ba4e64b3.jpg,0,24,7
4836,val,train/fc63f0bc1c17a196a1985672fe91d660.jpg,1,0,0
4837,train,train/fc7a5aa2e71f3a9cd2ee1a871303239e.jpg,0,6,4
4838,train,train/fc7daec18e1ea6a01e908775052d3e7b.jpg,0,4,2
4839,train,train/fc89fd328df2a724d19d1cb78fb97f3c.jpg,0,4,2
4840,train,train/fc8c4737d8852af905ef96b5ca0daef9.jpg,0,6,2
4841,train,train/fc9792581d7190c4b20c3e436e2d91bb.jpg,1,0,0
4842,val,train/fc979a294242406c565414d75dd68f9f.jpg,0,9,2
4843,train,train/fcbe95aa17720d5caa68e24f4f664040.jpg,0,3,1
4844,test,train/fce81c9b7b2d0f705e8c3a19d6197784.jpg,0,3,1
4845,test,train/fcf343f7991ed6cddae630502922296e.jpg,0,3,2
4846,train,train/fcf451b16c4dd6fe2f066ad3d471cbdd.jpg,0,5,2
4847,train,train/fd0101d5a41b3c0a8743502692690bdb.jpg,1,0,0
4848,train,train/fd079817727211a09fd6b0415463f23d.jpg,0,4,3
4849,train,train/fd1bd078f5f30ad02ed984c94077bbdb.jpg,0,15,7
4850,train,train/fd23b01b59784498154c9ee6b60dab4a.jpg,0,7,3
4851,train,train/fd277568d5778bed67a80aabd4c2e297.jpg,0,7,3
4852,train,train/fd2892a3069f461f8a47e714b9b7f755.jpg,1,0,0
4853,train,train/fd6d801a9b661fd0abe97e5c37567c2b.jpg,0,9,3
4854,train,train/fd709b976ae14089b17bea48208573d8.jpg,0,14,8
4855,train,train/fd80612e19d0c248b8477125cba4a350.jpg,0,4,2
4856,train,train/fd810298e165ef0b9a88bb25fda7a34b.jpg,0,13,4
4857,train,train/fd984c0e930169a20e6a2d02e1dab204.jpg,0,5,3
4858,test,train/fda13aa356913d7c5530897288978420.jpg,0,11,6
4859,train,train/fda942e02952bbbe30fb7525fdf408ea.jpg,0,6,2
4860,train,train/fdbf6600541e76b3b009a11cae0f91c3.jpg,0,7,3
4861,train,train/fdc0e4eaee26a9dd7bec404df5428612.jpg,1,0,0
4862,train,train/fdcbaf21dccc1202812b5233b960de0b.jpg,0,9,3
4863,train,train/fdcdbc6befee8ab9553039895835bad8.jpg,0,9,5
4864,test,train/fdd323a08a8d9890c938351d465108b6.jpg,0,13,4
4865,test,train/fdd529400be877bedaf4f2df9176cedf.jpg,0,10,5
4866,train,train/fdf40431c67d1e10a8d9ff3c0060b1fa.jpg,0,3,1
4867,train,train/fe48b59fe20a779d3a6a32d7a22e4b8b.jpg,0,5,2
4868,train,train/fe620114981e611e4e92f017dafc254f.jpg,0,8,6
4869,val,train/fe712042bd989a581a931a300fee1203.jpg,0,3,2
4870,train,train/fe8d72ce0411fb11e5b254e149634fad.jpg,0,4,2
4871,train,train/fe90142bc4523ef5e2413ba94415e037.jpg,0,17,5
4872,train,train/fe9ae553a2fa76cba207ebd4b9b0cddb.jpg,0,12,4
4873,test,train/fe9e2c89c75a48f88d5d7274ff939b31.jpg,0,14,7
4874,val,train/feb24760f15f661154ccc371571ceb4b.jpg,0,7,3
4875,train,train/fec797e0e4b2eff050372800790c01e8.jpg,0,7,4
4876,train,train/fee46e386a84e134836e01d0b9a38154.jpg,0,6,3
4877,val,train/fee7f5490aee6eb6626adb30d2509868.jpg,0,4,2
4878,train,train/fef3e36fbec340a6ef785936fb8859c6.jpg,0,7,4
4879,train,train/ff00fd8abeb1fb6646fc3943f802cb8d.jpg,0,3,1
4880,train,train/ff0191df898268978f2c29231450fd66.jpg,0,5,2
4881,val,train/ff0b6f6423f910a910be0c5729424e58.jpg,0,4,2
4882,val,train/ff177d5fef1586b58fc89b1bf9cc5095.jpg,1,0,0
4883,train,train/ff2659c5a80afab12bf10c8644341a2b.jpg,0,7,3
4884,test,train/ff335f1c7745c6184a5732cc5a01092d.jpg,0,5,3
4885,train,train/ff45df5e7c2a2724c532d13eba7cde2f.jpg,0,7,3
4886,train,train/ff4cd09578f32d803e5996a4a2ec29b2.jpg,0,6,3
4887,test,train/ff60d1425ffd67d12aa61e3eb3b45040.jpg,0,15,7
4888,train,train/ff612a13f0bf475515259b986735c4e4.jpg,1,0,0
4889,train,train/ff6b2b10b8f2350ab09d8690c9c83154.jpg,0,4,2
4890,train,train/ff924bcbd38f123aec723aa7040d7e43.jpg,0,23,6
4891,train,train/ffb5d0b005261ed350f7a08c06613a34.jpg,0,6,2
4892,train,train/ffceb71a80efba3b83c88e11f4b9694b.jpg,0,5,2
4893,train,train/ffe6f9fe648a7ec29a50feb92d6c15a4.jpg,0,5,3
4894,train,train/ffeffc54594debf3716d6fcd2402a99f.jpg,0,3,1
